Datetime,BTC-USD,ETH-USD
2026-01-10 00:01:00+00:00,90509.2109375,3082.780029296875
2026-01-10 00:02:00+00:00,90518.796875,3083.208740234375
2026-01-10 00:03:00+00:00,90527.921875,3083.725830078125
2026-01-10 00:04:00+00:00,90524.9609375,3084.44189453125
2026-01-10 00:05:00+00:00,90537.453125,3085.06494140625
2026-01-10 00:06:00+00:00,90532.515625,3085.077392578125
2026-01-10 00:07:00+00:00,90550.453125,3084.686279296875
2026-01-10 00:08:00+00:00,90556.859375,3084.82958984375
2026-01-10 00:09:00+00:00,90560.8125,3085.359375
2026-01-10 00:11:00+00:00,90534.7265625,3084.364501953125
2026-01-10 00:13:00+00:00,90530.8359375,3084.5009765625
2026-01-10 00:14:00+00:00,90489.7109375,3082.71142578125
2026-01-10 00:15:00+00:00,90457.875,3081.171875
2026-01-10 00:16:00+00:00,90447.4296875,3080.5146484375
2026-01-10 00:17:00+00:00,90447.921875,3080.55322265625
2026-01-10 00:18:00+00:00,90439.7890625,3079.888671875
2026-01-10 00:19:00+00:00,90431.4609375,3080.279296875
2026-01-10 00:21:00+00:00,90434.1484375,3080.199462890625
2026-01-10 00:22:00+00:00,90417.703125,3079.32666015625
2026-01-10 00:23:00+00:00,90427.4765625,3080.205322265625
2026-01-10 00:25:00+00:00,90442.09375,3080.64013671875
2026-01-10 00:26:00+00:00,90447.328125,3080.558837890625
2026-01-10 00:29:00+00:00,90464.203125,3082.521728515625
2026-01-10 00:30:00+00:00,90485.25,3083.166015625
2026-01-10 00:31:00+00:00,90496.375,3083.70751953125
2026-01-10 00:33:00+00:00,90509.7265625,3084.0341796875
2026-01-10 00:35:00+00:00,90537.1796875,3084.633056640625
2026-01-10 00:36:00+00:00,90516.71875,3083.964111328125
2026-01-10 00:37:00+00:00,90508.6171875,3083.279296875
2026-01-10 00:38:00+00:00,90508.234375,3082.657470703125
2026-01-10 00:39:00+00:00,90517.1015625,3082.90283203125
2026-01-10 00:41:00+00:00,90528.921875,3083.407958984375
2026-01-10 00:42:00+00:00,90512.2421875,3082.786376953125
2026-01-10 00:43:00+00:00,90500.609375,3082.4384765625
2026-01-10 00:44:00+00:00,90484.7578125,3081.436279296875
2026-01-10 00:45:00+00:00,90493.71875,3081.570068359375
2026-01-10 00:47:00+00:00,90461.109375,3080.521728515625
2026-01-10 00:49:00+00:00,90476.875,3080.794921875
2026-01-10 00:51:00+00:00,90451.2421875,3080.060791015625
2026-01-10 00:53:00+00:00,90453.578125,3079.948486328125
2026-01-10 00:54:00+00:00,90449.9296875,3079.889892578125
2026-01-10 00:55:00+00:00,90443.3515625,3079.63427734375
2026-01-10 00:57:00+00:00,90444.5703125,3078.4833984375
2026-01-10 00:58:00+00:00,90454.1015625,3078.47705078125
2026-01-10 00:59:00+00:00,90477.046875,3079.271240234375
2026-01-10 01:01:00+00:00,90471.671875,3079.459716796875
2026-01-10 01:02:00+00:00,90479.15625,3079.908935546875
2026-01-10 01:03:00+00:00,90483.5,3079.9970703125
2026-01-10 01:04:00+00:00,90484.3203125,3079.70654296875
2026-01-10 01:05:00+00:00,90484.21875,3079.872802734375
2026-01-10 01:06:00+00:00,90497.9453125,3081.032958984375
2026-01-10 01:07:00+00:00,90524.6953125,3082.577880859375
2026-01-10 01:09:00+00:00,90488.4140625,3081.983642578125
2026-01-10 01:11:00+00:00,90494.8671875,3081.438232421875
2026-01-10 01:12:00+00:00,90469.7421875,3080.3798828125
2026-01-10 01:13:00+00:00,90482.640625,3081.2490234375
2026-01-10 01:14:00+00:00,90497.390625,3081.938720703125
2026-01-10 01:15:00+00:00,90513.3828125,3082.856201171875
2026-01-10 01:16:00+00:00,90528.3359375,3083.297119140625
2026-01-10 01:17:00+00:00,90535.171875,3083.690185546875
2026-01-10 01:18:00+00:00,90548.578125,3084.149169921875
2026-01-10 01:19:00+00:00,90544.5234375,3084.2451171875
2026-01-10 01:21:00+00:00,90517.2578125,3083.001953125
2026-01-10 01:22:00+00:00,90545.84375,3084.53125
2026-01-10 01:23:00+00:00,90496.125,3083.482177734375
2026-01-10 01:25:00+00:00,90504.0234375,3083.589111328125
2026-01-10 01:26:00+00:00,90528.6640625,3084.689208984375
2026-01-10 01:27:00+00:00,90532.4296875,3085.269775390625
2026-01-10 01:28:00+00:00,90525.1328125,3084.557373046875
2026-01-10 01:29:00+00:00,90533.5390625,3084.855224609375
2026-01-10 01:30:00+00:00,90535.8671875,3085.129150390625
2026-01-10 01:31:00+00:00,90546.640625,3085.2802734375
2026-01-10 01:33:00+00:00,90555.9453125,3085.513916015625
2026-01-10 01:34:00+00:00,90553.359375,3085.622802734375
2026-01-10 01:35:00+00:00,90548.828125,3085.3701171875
2026-01-10 01:37:00+00:00,90550.96875,3085.43798828125
2026-01-10 01:38:00+00:00,90562.546875,3085.5478515625
2026-01-10 01:39:00+00:00,90577.96875,3086.017822265625
2026-01-10 01:40:00+00:00,90572.6171875,3085.69921875
2026-01-10 01:41:00+00:00,90572.6796875,3085.5751953125
2026-01-10 01:42:00+00:00,90574.8984375,3085.4794921875
2026-01-10 01:43:00+00:00,90585.3671875,3085.56103515625
2026-01-10 01:45:00+00:00,90586.9453125,3085.558837890625
2026-01-10 01:47:00+00:00,90600.359375,3086.3720703125
2026-01-10 01:48:00+00:00,90601.7734375,3086.49072265625
2026-01-10 01:49:00+00:00,90596.015625,3086.527099609375
2026-01-10 01:50:00+00:00,90601.7421875,3086.598388671875
2026-01-10 01:51:00+00:00,90594.484375,3086.447998046875
2026-01-10 01:53:00+00:00,90550.515625,3084.267333984375
2026-01-10 01:54:00+00:00,90542.7109375,3083.894775390625
2026-01-10 01:55:00+00:00,90550.390625,3084.5771484375
2026-01-10 01:57:00+00:00,90553.09375,3085.188232421875
2026-01-10 01:58:00+00:00,90567.203125,3085.787841796875
2026-01-10 02:00:00+00:00,90560.3515625,3085.759033203125
2026-01-10 02:01:00+00:00,90567.90625,3085.826416015625
2026-01-10 02:02:00+00:00,90579.9375,3086.106201171875
2026-01-10 02:03:00+00:00,90604.8828125,3086.89404296875
2026-01-10 02:04:00+00:00,90605.8828125,3086.968994140625
2026-01-10 02:05:00+00:00,90600.3359375,3087.067138671875
2026-01-10 02:06:00+00:00,90590.6484375,3086.922607421875
2026-01-10 02:07:00+00:00,90593.6640625,3086.87646484375
2026-01-10 02:08:00+00:00,90594.2109375,3086.767333984375
2026-01-10 02:10:00+00:00,90591.9296875,3086.548828125
2026-01-10 02:12:00+00:00,90589.734375,3086.3212890625
2026-01-10 02:13:00+00:00,90598.828125,3086.77392578125
2026-01-10 02:15:00+00:00,90611.0234375,3087.333251953125
2026-01-10 02:16:00+00:00,90595.96875,3086.611572265625
2026-01-10 02:17:00+00:00,90592.234375,3086.429931640625
2026-01-10 02:18:00+00:00,90590.9921875,3086.5263671875
2026-01-10 02:19:00+00:00,90601.6015625,3087.369384765625
2026-01-10 02:21:00+00:00,90587.46875,3087.1298828125
2026-01-10 02:22:00+00:00,90595.21875,3087.43701171875
2026-01-10 02:23:00+00:00,90623.0,3089.040283203125
2026-01-10 02:25:00+00:00,90615.578125,3087.71923828125
2026-01-10 02:27:00+00:00,90618.8828125,3087.29541015625
2026-01-10 02:28:00+00:00,90616.40625,3087.172119140625
2026-01-10 02:29:00+00:00,90615.4453125,3087.037841796875
2026-01-10 02:31:00+00:00,90655.21875,3086.76904296875
2026-01-10 02:33:00+00:00,90632.1171875,3085.330810546875
2026-01-10 02:34:00+00:00,90628.8828125,3085.370361328125
2026-01-10 02:35:00+00:00,90623.6171875,3084.53076171875
2026-01-10 02:36:00+00:00,90610.3671875,3084.241455078125
2026-01-10 02:37:00+00:00,90604.984375,3082.953125
2026-01-10 02:38:00+00:00,90559.703125,3081.24072265625
2026-01-10 02:39:00+00:00,90537.9765625,3080.364013671875
2026-01-10 02:40:00+00:00,90531.0078125,3080.31591796875
2026-01-10 02:41:00+00:00,90524.2109375,3081.0400390625
2026-01-10 02:42:00+00:00,90496.2890625,3079.91455078125
2026-01-10 02:43:00+00:00,90479.7578125,3079.551025390625
2026-01-10 02:45:00+00:00,90483.25,3079.518310546875
2026-01-10 02:46:00+00:00,90484.1171875,3080.365966796875
2026-01-10 02:48:00+00:00,90511.7265625,3081.497314453125
2026-01-10 02:49:00+00:00,90522.8359375,3081.7900390625
2026-01-10 02:51:00+00:00,90539.4375,3082.50048828125
2026-01-10 02:52:00+00:00,90534.03125,3082.2880859375
2026-01-10 02:53:00+00:00,90530.2734375,3082.34814453125
2026-01-10 02:54:00+00:00,90528.1796875,3082.57568359375
2026-01-10 02:55:00+00:00,90532.6875,3082.6611328125
2026-01-10 02:56:00+00:00,90533.359375,3082.67138671875
2026-01-10 02:57:00+00:00,90552.5703125,3083.271484375
2026-01-10 02:58:00+00:00,90526.0078125,3082.49462890625
2026-01-10 02:59:00+00:00,90543.375,3083.209228515625
2026-01-10 03:01:00+00:00,90556.75,3083.565185546875
2026-01-10 03:02:00+00:00,90549.53125,3083.066650390625
2026-01-10 03:03:00+00:00,90552.2421875,3083.36376953125
2026-01-10 03:04:00+00:00,90552.2421875,3083.36376953125
2026-01-10 03:05:00+00:00,90539.28125,3081.407958984375
2026-01-10 03:06:00+00:00,90537.3125,3081.223388671875
2026-01-10 03:07:00+00:00,90505.28125,3078.991455078125
2026-01-10 03:09:00+00:00,90430.21875,3076.9638671875
2026-01-10 03:11:00+00:00,90436.5234375,3076.924072265625
2026-01-10 03:12:00+00:00,90467.5703125,3078.247802734375
2026-01-10 03:13:00+00:00,90467.9609375,3078.469970703125
2026-01-10 03:14:00+00:00,90457.2890625,3077.206298828125
2026-01-10 03:16:00+00:00,90463.9921875,3077.672607421875
2026-01-10 03:17:00+00:00,90473.4140625,3078.374755859375
2026-01-10 03:18:00+00:00,90477.7578125,3078.424072265625
2026-01-10 03:19:00+00:00,90490.359375,3079.385986328125
2026-01-10 03:21:00+00:00,90491.875,3080.5654296875
2026-01-10 03:23:00+00:00,90497.5078125,3080.76806640625
2026-01-10 03:24:00+00:00,90498.8515625,3080.938232421875
2026-01-10 03:25:00+00:00,90503.4765625,3082.5439453125
2026-01-10 03:27:00+00:00,90517.4765625,3083.01708984375
2026-01-10 03:28:00+00:00,90517.2109375,3083.113525390625
2026-01-10 03:29:00+00:00,90511.15625,3082.933349609375
2026-01-10 03:30:00+00:00,90513.171875,3083.08642578125
2026-01-10 03:31:00+00:00,90515.7421875,3083.318359375
2026-01-10 03:33:00+00:00,90494.890625,3081.584716796875
2026-01-10 03:34:00+00:00,90503.3984375,3081.745849609375
2026-01-10 03:35:00+00:00,90504.25,3081.591552734375
2026-01-10 03:36:00+00:00,90497.1953125,3081.085693359375
2026-01-10 03:37:00+00:00,90493.5234375,3081.187255859375
2026-01-10 03:38:00+00:00,90500.78125,3081.520263671875
2026-01-10 03:39:00+00:00,90495.8359375,3081.1240234375
2026-01-10 03:40:00+00:00,90495.21875,3081.3291015625
2026-01-10 03:41:00+00:00,90501.640625,3081.77783203125
2026-01-10 03:42:00+00:00,90503.828125,3082.1865234375
2026-01-10 03:43:00+00:00,90506.296875,3082.2734375
2026-01-10 03:45:00+00:00,90474.5859375,3081.003173828125
2026-01-10 03:47:00+00:00,90477.8359375,3081.631591796875
2026-01-10 03:48:00+00:00,90469.9921875,3081.46435546875
2026-01-10 03:49:00+00:00,90470.28125,3081.70068359375
2026-01-10 03:50:00+00:00,90492.28125,3082.548828125
2026-01-10 03:51:00+00:00,90493.984375,3082.801513671875
2026-01-10 03:52:00+00:00,90486.28125,3082.618896484375
2026-01-10 03:53:00+00:00,90492.2265625,3083.006103515625
2026-01-10 03:54:00+00:00,90489.59375,3083.0908203125
2026-01-10 03:55:00+00:00,90505.171875,3083.25146484375
2026-01-10 03:57:00+00:00,90509.9765625,3083.280029296875
2026-01-10 03:58:00+00:00,90507.671875,3083.36474609375
2026-01-10 04:00:00+00:00,90512.125,3082.56982421875
2026-01-10 04:01:00+00:00,90513.9609375,3081.9248046875
2026-01-10 04:02:00+00:00,90514.7734375,3083.052490234375
2026-01-10 04:04:00+00:00,90489.203125,3080.62158203125
2026-01-10 04:05:00+00:00,90485.8046875,3080.572509765625
2026-01-10 04:06:00+00:00,90471.875,3079.8662109375
2026-01-10 04:07:00+00:00,90431.328125,3078.384521484375
2026-01-10 04:09:00+00:00,90412.7578125,3077.825439453125
2026-01-10 04:11:00+00:00,90424.9296875,3079.284912109375
2026-01-10 04:12:00+00:00,90399.4296875,3078.462890625
2026-01-10 04:13:00+00:00,90401.609375,3078.4775390625
2026-01-10 04:14:00+00:00,90405.75,3078.751220703125
2026-01-10 04:15:00+00:00,90403.4921875,3078.685546875
2026-01-10 04:16:00+00:00,90403.7265625,3078.815185546875
2026-01-10 04:17:00+00:00,90398.1953125,3078.0712890625
2026-01-10 04:18:00+00:00,90395.6015625,3078.194091796875
2026-01-10 04:19:00+00:00,90399.7421875,3078.183349609375
2026-01-10 04:20:00+00:00,90402.7890625,3078.072265625
2026-01-10 04:22:00+00:00,90412.3125,3078.512939453125
2026-01-10 04:23:00+00:00,90420.4609375,3078.68505859375
2026-01-10 04:25:00+00:00,90421.8359375,3078.852783203125
2026-01-10 04:26:00+00:00,90411.125,3078.074951171875
2026-01-10 04:27:00+00:00,90410.2421875,3078.07763671875
2026-01-10 04:28:00+00:00,90403.609375,3078.068603515625
2026-01-10 04:29:00+00:00,90406.2265625,3078.207763671875
2026-01-10 04:30:00+00:00,90406.3671875,3078.461181640625
2026-01-10 04:31:00+00:00,90415.734375,3079.13623046875
2026-01-10 04:33:00+00:00,90422.234375,3079.902099609375
2026-01-10 04:34:00+00:00,90403.0546875,3079.03173828125
2026-01-10 04:35:00+00:00,90410.703125,3079.69091796875
2026-01-10 04:37:00+00:00,90400.015625,3079.317138671875
2026-01-10 04:38:00+00:00,90389.84375,3079.052490234375
2026-01-10 04:39:00+00:00,90363.4296875,3078.376953125
2026-01-10 04:40:00+00:00,90354.828125,3078.40576171875
2026-01-10 04:41:00+00:00,90361.0234375,3078.9013671875
2026-01-10 04:42:00+00:00,90371.1953125,3079.348876953125
2026-01-10 04:43:00+00:00,90376.6484375,3079.607177734375
2026-01-10 04:45:00+00:00,90389.3359375,3080.099365234375
2026-01-10 04:46:00+00:00,90394.40625,3080.11279296875
2026-01-10 04:47:00+00:00,90393.5625,3080.148193359375
2026-01-10 04:48:00+00:00,90385.1015625,3079.83740234375
2026-01-10 04:49:00+00:00,90384.3359375,3079.594482421875
2026-01-10 04:50:00+00:00,90383.9296875,3079.778076171875
2026-01-10 04:51:00+00:00,90400.0859375,3080.5634765625
2026-01-10 04:52:00+00:00,90400.0859375,3080.5634765625
2026-01-10 04:53:00+00:00,90360.234375,3079.915771484375
2026-01-10 04:54:00+00:00,90358.5234375,3079.837646484375
2026-01-10 04:55:00+00:00,90351.5546875,3079.6318359375
2026-01-10 04:57:00+00:00,90311.09375,3077.862548828125
2026-01-10 04:58:00+00:00,90330.953125,3077.072265625
2026-01-10 04:59:00+00:00,90326.484375,3076.19921875
2026-01-10 05:01:00+00:00,90344.859375,3077.48095703125
2026-01-10 05:02:00+00:00,90347.421875,3077.138427734375
2026-01-10 05:03:00+00:00,90323.4453125,3076.203857421875
2026-01-10 05:04:00+00:00,90314.5078125,3075.899658203125
2026-01-10 05:05:00+00:00,90317.21875,3076.15185546875
2026-01-10 05:06:00+00:00,90331.1015625,3076.599853515625
2026-01-10 05:07:00+00:00,90337.6328125,3077.34716796875
2026-01-10 05:08:00+00:00,90369.796875,3078.52734375
2026-01-10 05:09:00+00:00,90370.9140625,3078.462646484375
2026-01-10 05:10:00+00:00,90367.4609375,3079.124755859375
2026-01-10 05:11:00+00:00,90392.3125,3079.646484375
2026-01-10 05:12:00+00:00,90385.3125,3080.645263671875
2026-01-10 05:13:00+00:00,90394.953125,3079.710693359375
2026-01-10 05:14:00+00:00,90395.84375,3080.0830078125
2026-01-10 05:15:00+00:00,90406.7578125,3079.97119140625
2026-01-10 05:16:00+00:00,90407.9375,3080.1474609375
2026-01-10 05:17:00+00:00,90414.859375,3080.390625
2026-01-10 05:18:00+00:00,90412.7734375,3080.319580078125
2026-01-10 05:19:00+00:00,90412.34375,3079.905517578125
2026-01-10 05:20:00+00:00,90408.359375,3079.83056640625
2026-01-10 05:22:00+00:00,90428.15625,3080.232421875
2026-01-10 05:23:00+00:00,90410.765625,3079.465576171875
2026-01-10 05:25:00+00:00,90414.71875,3079.694091796875
2026-01-10 05:26:00+00:00,90433.2265625,3080.010009765625
2026-01-10 05:27:00+00:00,90429.2890625,3080.111328125
2026-01-10 05:28:00+00:00,90435.328125,3080.144287109375
2026-01-10 05:29:00+00:00,90434.2109375,3080.008056640625
2026-01-10 05:30:00+00:00,90447.234375,3080.357666015625
2026-01-10 05:31:00+00:00,90448.8671875,3080.745361328125
2026-01-10 05:33:00+00:00,90420.8125,3080.160888671875
2026-01-10 05:35:00+00:00,90417.28125,3080.01318359375
2026-01-10 05:36:00+00:00,90417.6015625,3080.504638671875
2026-01-10 05:37:00+00:00,90412.90625,3080.828125
2026-01-10 05:38:00+00:00,90426.09375,3081.14208984375
2026-01-10 05:39:00+00:00,90442.484375,3081.59765625
2026-01-10 05:41:00+00:00,90476.7890625,3083.084716796875
2026-01-10 05:42:00+00:00,90487.671875,3083.05517578125
2026-01-10 05:43:00+00:00,90482.140625,3083.05224609375
2026-01-10 05:45:00+00:00,90480.4921875,3082.809326171875
2026-01-10 05:46:00+00:00,90485.0,3082.868896484375
2026-01-10 05:47:00+00:00,90480.0390625,3082.84912109375
2026-01-10 05:49:00+00:00,90481.546875,3083.216064453125
2026-01-10 05:50:00+00:00,90483.2421875,3083.225830078125
2026-01-10 05:52:00+00:00,90482.25,3082.810791015625
2026-01-10 05:53:00+00:00,90484.1171875,3082.869140625
2026-01-10 05:54:00+00:00,90476.2421875,3082.50146484375
2026-01-10 05:55:00+00:00,90477.703125,3082.548583984375
2026-01-10 05:57:00+00:00,90493.0625,3083.150146484375
2026-01-10 05:58:00+00:00,90484.0546875,3083.096923828125
2026-01-10 06:00:00+00:00,90474.2734375,3082.54248046875
2026-01-10 06:01:00+00:00,90477.375,3082.618408203125
2026-01-10 06:02:00+00:00,90477.5234375,3082.599853515625
2026-01-10 06:03:00+00:00,90477.078125,3082.6337890625
2026-01-10 06:04:00+00:00,90476.6640625,3082.633056640625
2026-01-10 06:05:00+00:00,90477.8125,3082.646484375
2026-01-10 06:06:00+00:00,90469.09375,3082.749267578125
2026-01-10 06:07:00+00:00,90475.6484375,3082.92578125
2026-01-10 06:08:00+00:00,90467.03125,3082.989501953125
2026-01-10 06:09:00+00:00,90470.1171875,3083.13671875
2026-01-10 06:11:00+00:00,90471.046875,3083.394287109375
2026-01-10 06:12:00+00:00,90462.4453125,3083.370849609375
2026-01-10 06:13:00+00:00,90463.484375,3083.463623046875
2026-01-10 06:14:00+00:00,90459.625,3083.369873046875
2026-01-10 06:16:00+00:00,90452.65625,3083.1494140625
2026-01-10 06:17:00+00:00,90448.7734375,3082.65625
2026-01-10 06:18:00+00:00,90417.4609375,3081.93017578125
2026-01-10 06:19:00+00:00,90419.0859375,3081.94580078125
2026-01-10 06:20:00+00:00,90370.75,3080.3095703125
2026-01-10 06:22:00+00:00,90358.4765625,3080.08251953125
2026-01-10 06:23:00+00:00,90352.6171875,3079.850830078125
2026-01-10 06:24:00+00:00,90366.6796875,3080.140380859375
2026-01-10 06:25:00+00:00,90360.4453125,3080.043701171875
2026-01-10 06:26:00+00:00,90386.828125,3080.9716796875
2026-01-10 06:27:00+00:00,90400.1875,3081.225341796875
2026-01-10 06:28:00+00:00,90403.6875,3081.534423828125
2026-01-10 06:29:00+00:00,90404.953125,3081.56982421875
2026-01-10 06:30:00+00:00,90411.9296875,3082.23828125
2026-01-10 06:31:00+00:00,90421.609375,3083.04052734375
2026-01-10 06:33:00+00:00,90402.9375,3082.57275390625
2026-01-10 06:34:00+00:00,90406.640625,3082.720703125
2026-01-10 06:36:00+00:00,90428.3359375,3083.279296875
2026-01-10 06:37:00+00:00,90424.8359375,3083.28955078125
2026-01-10 06:38:00+00:00,90417.984375,3083.6181640625
2026-01-10 06:39:00+00:00,90419.2109375,3083.58984375
2026-01-10 06:40:00+00:00,90426.2890625,3083.56005859375
2026-01-10 06:41:00+00:00,90419.0078125,3083.42724609375
2026-01-10 06:42:00+00:00,90422.5703125,3083.478759765625
2026-01-10 06:43:00+00:00,90418.3984375,3082.925537109375
2026-01-10 06:45:00+00:00,90415.5546875,3083.17138671875
2026-01-10 06:46:00+00:00,90419.7734375,3083.387451171875
2026-01-10 06:48:00+00:00,90419.2265625,3083.69775390625
2026-01-10 06:49:00+00:00,90419.2109375,3083.693359375
2026-01-10 06:50:00+00:00,90413.515625,3083.53369140625
2026-01-10 06:52:00+00:00,90422.8984375,3083.932373046875
2026-01-10 06:53:00+00:00,90426.6796875,3083.968017578125
2026-01-10 06:54:00+00:00,90422.8359375,3083.813720703125
2026-01-10 06:55:00+00:00,90422.109375,3083.7412109375
2026-01-10 06:56:00+00:00,90398.3984375,3083.133056640625
2026-01-10 06:58:00+00:00,90383.640625,3083.2138671875
2026-01-10 07:00:00+00:00,90377.0703125,3083.251708984375
2026-01-10 07:01:00+00:00,90374.875,3083.18603515625
2026-01-10 07:02:00+00:00,90389.1328125,3083.470703125
2026-01-10 07:04:00+00:00,90415.8359375,3084.436279296875
2026-01-10 07:05:00+00:00,90419.0078125,3084.522216796875
2026-01-10 07:06:00+00:00,90423.15625,3084.59375
2026-01-10 07:07:00+00:00,90444.25,3085.4404296875
2026-01-10 07:08:00+00:00,90427.3125,3085.152099609375
2026-01-10 07:09:00+00:00,90418.6328125,3084.5595703125
2026-01-10 07:10:00+00:00,90422.8671875,3084.717529296875
2026-01-10 07:11:00+00:00,90432.578125,3085.60595703125
2026-01-10 07:13:00+00:00,90474.390625,3088.72021484375
2026-01-10 07:14:00+00:00,90474.890625,3088.40478515625
2026-01-10 07:15:00+00:00,90477.4375,3087.94677734375
2026-01-10 07:16:00+00:00,90476.96875,3087.676025390625
2026-01-10 07:17:00+00:00,90473.1640625,3087.439208984375
2026-01-10 07:18:00+00:00,90466.0546875,3087.19775390625
2026-01-10 07:19:00+00:00,90446.9453125,3086.5888671875
2026-01-10 07:21:00+00:00,90444.28125,3086.49951171875
2026-01-10 07:22:00+00:00,90444.3515625,3086.444091796875
2026-01-10 07:23:00+00:00,90446.09375,3086.1845703125
2026-01-10 07:24:00+00:00,90438.3359375,3086.17041015625
2026-01-10 07:25:00+00:00,90451.0234375,3086.981201171875
2026-01-10 07:26:00+00:00,90444.71875,3086.75341796875
2026-01-10 07:27:00+00:00,90450.6328125,3086.739013671875
2026-01-10 07:28:00+00:00,90452.3984375,3086.5029296875
2026-01-10 07:29:00+00:00,90459.3984375,3086.62646484375
2026-01-10 07:31:00+00:00,90480.4140625,3087.8427734375
2026-01-10 07:32:00+00:00,90471.421875,3087.09912109375
2026-01-10 07:33:00+00:00,90475.09375,3087.11962890625
2026-01-10 07:35:00+00:00,90519.390625,3088.119384765625
2026-01-10 07:36:00+00:00,90502.8203125,3087.295654296875
2026-01-10 07:37:00+00:00,90518.1875,3087.88623046875
2026-01-10 07:38:00+00:00,90533.390625,3088.0849609375
2026-01-10 07:39:00+00:00,90546.71875,3088.216064453125
2026-01-10 07:40:00+00:00,90529.9921875,3087.630126953125
2026-01-10 07:41:00+00:00,90493.9765625,3086.379150390625
2026-01-10 07:42:00+00:00,90491.0234375,3086.100341796875
2026-01-10 07:43:00+00:00,90479.0859375,3085.840576171875
2026-01-10 07:44:00+00:00,90481.890625,3085.951416015625
2026-01-10 07:45:00+00:00,90483.921875,3086.0361328125
2026-01-10 07:47:00+00:00,90488.2421875,3086.558837890625
2026-01-10 07:48:00+00:00,90502.0390625,3086.992431640625
2026-01-10 07:49:00+00:00,90500.4609375,3087.10009765625
2026-01-10 07:50:00+00:00,90500.9140625,3087.039794921875
2026-01-10 07:52:00+00:00,90510.1484375,3087.41796875
2026-01-10 07:53:00+00:00,90512.671875,3087.460693359375
2026-01-10 07:54:00+00:00,90509.5390625,3087.311767578125
2026-01-10 07:55:00+00:00,90518.3984375,3087.36083984375
2026-01-10 07:56:00+00:00,90530.9140625,3088.043701171875
2026-01-10 07:58:00+00:00,90534.09375,3088.40087890625
2026-01-10 07:59:00+00:00,90537.1953125,3088.394775390625
2026-01-10 08:01:00+00:00,90546.8046875,3088.72119140625
2026-01-10 08:02:00+00:00,90541.8984375,3088.341064453125
2026-01-10 08:03:00+00:00,90537.796875,3087.892333984375
2026-01-10 08:04:00+00:00,90546.65625,3087.892578125
2026-01-10 08:05:00+00:00,90577.0234375,3088.498291015625
2026-01-10 08:06:00+00:00,90614.96875,3088.520751953125
2026-01-10 08:07:00+00:00,90599.1328125,3088.255126953125
2026-01-10 08:08:00+00:00,90566.3125,3087.1083984375
2026-01-10 08:09:00+00:00,90547.40625,3086.969970703125
2026-01-10 08:10:00+00:00,90523.46875,3086.49755859375
2026-01-10 08:11:00+00:00,90551.1953125,3086.76416015625
2026-01-10 08:13:00+00:00,90559.1953125,3086.791748046875
2026-01-10 08:14:00+00:00,90578.3671875,3086.365478515625
2026-01-10 08:15:00+00:00,90580.4140625,3086.52734375
2026-01-10 08:16:00+00:00,90583.984375,3086.622802734375
2026-01-10 08:17:00+00:00,90567.640625,3086.240234375
2026-01-10 08:18:00+00:00,90529.5546875,3085.181396484375
2026-01-10 08:19:00+00:00,90521.1484375,3085.545166015625
2026-01-10 08:20:00+00:00,90499.1171875,3085.170166015625
2026-01-10 08:22:00+00:00,90522.3203125,3085.802734375
2026-01-10 08:24:00+00:00,90561.109375,3085.98828125
2026-01-10 08:25:00+00:00,90560.6875,3085.79248046875
2026-01-10 08:26:00+00:00,90548.421875,3085.33056640625
2026-01-10 08:28:00+00:00,90551.8671875,3085.81396484375
2026-01-10 08:29:00+00:00,90560.0625,3085.904296875
2026-01-10 08:30:00+00:00,90566.8359375,3085.347900390625
2026-01-10 08:31:00+00:00,90556.8125,3085.26953125
2026-01-10 08:33:00+00:00,90543.03125,3084.86474609375
2026-01-10 08:34:00+00:00,90520.9765625,3083.4326171875
2026-01-10 08:35:00+00:00,90523.734375,3084.149658203125
2026-01-10 08:36:00+00:00,90522.9140625,3084.076416015625
2026-01-10 08:37:00+00:00,90524.828125,3083.949462890625
2026-01-10 08:38:00+00:00,90529.0,3084.200927734375
2026-01-10 08:40:00+00:00,90535.5625,3084.8271484375
2026-01-10 08:41:00+00:00,90535.140625,3084.584228515625
2026-01-10 08:42:00+00:00,90529.6328125,3084.547119140625
2026-01-10 08:43:00+00:00,90536.7109375,3084.835693359375
2026-01-10 08:45:00+00:00,90519.3515625,3084.81640625
2026-01-10 08:46:00+00:00,90520.8671875,3084.98193359375
2026-01-10 08:48:00+00:00,90513.2421875,3084.716064453125
2026-01-10 08:49:00+00:00,90508.3828125,3084.579345703125
2026-01-10 08:50:00+00:00,90509.703125,3084.638916015625
2026-01-10 08:52:00+00:00,90515.1640625,3084.86474609375
2026-01-10 08:53:00+00:00,90520.5703125,3085.090576171875
2026-01-10 08:54:00+00:00,90527.9296875,3085.352294921875
2026-01-10 08:55:00+00:00,90530.15625,3085.305419921875
2026-01-10 08:57:00+00:00,90523.03125,3085.37841796875
2026-01-10 08:58:00+00:00,90529.859375,3085.5458984375
2026-01-10 08:59:00+00:00,90531.078125,3085.568603515625
2026-01-10 09:01:00+00:00,90539.90625,3085.885009765625
2026-01-10 09:02:00+00:00,90556.2890625,3086.726806640625
2026-01-10 09:03:00+00:00,90553.3671875,3086.888916015625
2026-01-10 09:04:00+00:00,90526.078125,3085.859619140625
2026-01-10 09:05:00+00:00,90523.5234375,3086.392578125
2026-01-10 09:06:00+00:00,90555.9453125,3086.339111328125
2026-01-10 09:07:00+00:00,90580.171875,3086.885498046875
2026-01-10 09:08:00+00:00,90559.1640625,3086.2578125
2026-01-10 09:09:00+00:00,90562.0546875,3086.38818359375
2026-01-10 09:11:00+00:00,90526.3984375,3085.690673828125
2026-01-10 09:12:00+00:00,90524.890625,3085.5390625
2026-01-10 09:13:00+00:00,90524.0703125,3085.51611328125
2026-01-10 09:14:00+00:00,90524.40625,3085.4609375
2026-01-10 09:15:00+00:00,90528.5625,3085.5908203125
2026-01-10 09:16:00+00:00,90521.890625,3085.806396484375
2026-01-10 09:17:00+00:00,90527.78125,3085.8701171875
2026-01-10 09:18:00+00:00,90524.171875,3085.982177734375
2026-01-10 09:19:00+00:00,90530.9609375,3086.22412109375
2026-01-10 09:21:00+00:00,90536.46875,3086.75634765625
2026-01-10 09:23:00+00:00,90541.921875,3086.85888671875
2026-01-10 09:24:00+00:00,90552.484375,3087.033447265625
2026-01-10 09:25:00+00:00,90552.3515625,3087.1328125
2026-01-10 09:26:00+00:00,90565.8359375,3088.384765625
2026-01-10 09:27:00+00:00,90564.25,3088.206787109375
2026-01-10 09:28:00+00:00,90561.0859375,3088.043701171875
2026-01-10 09:29:00+00:00,90553.390625,3087.739501953125
2026-01-10 09:30:00+00:00,90553.1328125,3087.797119140625
2026-01-10 09:31:00+00:00,90554.078125,3087.769775390625
2026-01-10 09:33:00+00:00,90549.7421875,3087.72705078125
2026-01-10 09:35:00+00:00,90514.4375,3087.192138671875
2026-01-10 09:36:00+00:00,90523.6171875,3087.184814453125
2026-01-10 09:37:00+00:00,90521.8046875,3087.165771484375
2026-01-10 09:38:00+00:00,90545.234375,3087.7197265625
2026-01-10 09:39:00+00:00,90586.2421875,3088.958740234375
2026-01-10 09:40:00+00:00,90587.5625,3088.632568359375
2026-01-10 09:41:00+00:00,90601.5859375,3088.551025390625
2026-01-10 09:42:00+00:00,90577.0625,3088.541259765625
2026-01-10 09:43:00+00:00,90553.1328125,3088.61572265625
2026-01-10 09:44:00+00:00,90546.328125,3088.794921875
2026-01-10 09:45:00+00:00,90559.7890625,3088.984130859375
2026-01-10 09:46:00+00:00,90565.65625,3089.553466796875
2026-01-10 09:48:00+00:00,90621.734375,3093.62841796875
2026-01-10 09:49:00+00:00,90602.7265625,3092.19189453125
2026-01-10 09:51:00+00:00,90597.046875,3091.2001953125
2026-01-10 09:52:00+00:00,90589.015625,3090.819091796875
2026-01-10 09:53:00+00:00,90593.3828125,3091.119873046875
2026-01-10 09:54:00+00:00,90599.8125,3090.99267578125
2026-01-10 09:55:00+00:00,90610.28125,3091.924072265625
2026-01-10 09:57:00+00:00,90619.484375,3091.516845703125
2026-01-10 09:58:00+00:00,90619.6796875,3091.5908203125
2026-01-10 09:59:00+00:00,90616.21875,3091.360595703125
2026-01-10 10:00:00+00:00,90629.5703125,3091.818603515625
2026-01-10 10:01:00+00:00,90624.9140625,3092.0859375
2026-01-10 10:02:00+00:00,90622.734375,3091.73046875
2026-01-10 10:03:00+00:00,90607.75,3091.53125
2026-01-10 10:04:00+00:00,90622.8828125,3092.22412109375
2026-01-10 10:05:00+00:00,90646.828125,3092.944091796875
2026-01-10 10:06:00+00:00,90624.4453125,3092.50537109375
2026-01-10 10:07:00+00:00,90613.5078125,3092.06640625
2026-01-10 10:08:00+00:00,90625.6875,3092.776123046875
2026-01-10 10:09:00+00:00,90628.578125,3092.880126953125
2026-01-10 10:10:00+00:00,90639.1171875,3093.52197265625
2026-01-10 10:12:00+00:00,90621.6484375,3092.848876953125
2026-01-10 10:13:00+00:00,90627.546875,3092.96337890625
2026-01-10 10:14:00+00:00,90623.2421875,3092.822998046875
2026-01-10 10:16:00+00:00,90655.3203125,3093.787109375
2026-01-10 10:17:00+00:00,90659.984375,3094.29345703125
2026-01-10 10:18:00+00:00,90658.1953125,3094.23583984375
2026-01-10 10:19:00+00:00,90644.0703125,3093.809326171875
2026-01-10 10:21:00+00:00,90645.453125,3094.304443359375
2026-01-10 10:22:00+00:00,90647.359375,3094.5283203125
2026-01-10 10:23:00+00:00,90628.234375,3093.705078125
2026-01-10 10:25:00+00:00,90616.171875,3092.634521484375
2026-01-10 10:26:00+00:00,90619.8984375,3092.643798828125
2026-01-10 10:28:00+00:00,90605.5390625,3091.19189453125
2026-01-10 10:29:00+00:00,90623.3671875,3091.587646484375
2026-01-10 10:30:00+00:00,90631.8046875,3091.60498046875
2026-01-10 10:31:00+00:00,90634.890625,3091.650390625
2026-01-10 10:33:00+00:00,90634.15625,3090.76416015625
2026-01-10 10:34:00+00:00,90634.078125,3091.012451171875
2026-01-10 10:36:00+00:00,90647.5234375,3091.205322265625
2026-01-10 10:37:00+00:00,90645.703125,3091.541259765625
2026-01-10 10:38:00+00:00,90648.390625,3091.72705078125
2026-01-10 10:39:00+00:00,90652.890625,3091.783203125
2026-01-10 10:40:00+00:00,90644.4375,3092.05029296875
2026-01-10 10:41:00+00:00,90650.2109375,3092.36181640625
2026-01-10 10:42:00+00:00,90680.421875,3093.956787109375
2026-01-10 10:43:00+00:00,90712.703125,3095.341552734375
2026-01-10 10:45:00+00:00,90674.46875,3094.12255859375
2026-01-10 10:46:00+00:00,90686.15625,3094.31640625
2026-01-10 10:47:00+00:00,90703.296875,3094.88671875
2026-01-10 10:48:00+00:00,90706.734375,3095.41015625
2026-01-10 10:49:00+00:00,90694.828125,3095.4130859375
2026-01-10 10:50:00+00:00,90689.296875,3095.443359375
2026-01-10 10:51:00+00:00,90705.96875,3096.84033203125
2026-01-10 10:52:00+00:00,90684.46875,3095.767578125
2026-01-10 10:53:00+00:00,90692.8203125,3095.811279296875
2026-01-10 10:54:00+00:00,90690.8046875,3095.191162109375
2026-01-10 10:55:00+00:00,90691.1796875,3095.16259765625
2026-01-10 10:57:00+00:00,90687.0,3095.3349609375
2026-01-10 10:58:00+00:00,90696.1328125,3095.6259765625
2026-01-10 10:59:00+00:00,90685.1875,3095.50634765625
2026-01-10 11:01:00+00:00,90703.625,3098.706787109375
2026-01-10 11:02:00+00:00,90699.3515625,3097.68408203125
2026-01-10 11:03:00+00:00,90692.125,3097.173583984375
2026-01-10 11:04:00+00:00,90674.71875,3097.353759765625
2026-01-10 11:05:00+00:00,90659.78125,3096.6103515625
2026-01-10 11:06:00+00:00,90643.28125,3095.603271484375
2026-01-10 11:07:00+00:00,90637.3671875,3095.300537109375
2026-01-10 11:08:00+00:00,90637.3671875,3095.300537109375
2026-01-10 11:09:00+00:00,90637.890625,3095.154052734375
2026-01-10 11:11:00+00:00,90655.2734375,3095.9375
2026-01-10 11:12:00+00:00,90659.453125,3096.1064453125
2026-01-10 11:13:00+00:00,90658.5390625,3095.63134765625
2026-01-10 11:14:00+00:00,90662.3359375,3095.797607421875
2026-01-10 11:15:00+00:00,90663.609375,3095.93798828125
2026-01-10 11:16:00+00:00,90663.9765625,3095.95849609375
2026-01-10 11:17:00+00:00,90668.28125,3096.033203125
2026-01-10 11:18:00+00:00,90669.9140625,3096.1259765625
2026-01-10 11:19:00+00:00,90661.5546875,3094.17041015625
2026-01-10 11:21:00+00:00,90659.078125,3093.9169921875
2026-01-10 11:22:00+00:00,90663.9140625,3094.009765625
2026-01-10 11:23:00+00:00,90674.9921875,3094.728271484375
2026-01-10 11:25:00+00:00,90667.25,3094.07958984375
2026-01-10 11:26:00+00:00,90667.484375,3093.88427734375
2026-01-10 11:27:00+00:00,90666.9296875,3094.26513671875
2026-01-10 11:28:00+00:00,90659.640625,3094.041748046875
2026-01-10 11:29:00+00:00,90657.9375,3093.86669921875
2026-01-10 11:31:00+00:00,90666.6796875,3094.389404296875
2026-01-10 11:33:00+00:00,90671.859375,3094.641845703125
2026-01-10 11:34:00+00:00,90674.4296875,3094.71142578125
2026-01-10 11:35:00+00:00,90677.71875,3094.05419921875
2026-01-10 11:37:00+00:00,90673.6953125,3092.631103515625
2026-01-10 11:38:00+00:00,90671.671875,3092.7626953125
2026-01-10 11:39:00+00:00,90675.4296875,3092.9267578125
2026-01-10 11:40:00+00:00,90673.2890625,3092.74365234375
2026-01-10 11:41:00+00:00,90680.828125,3092.76025390625
2026-01-10 11:42:00+00:00,90674.234375,3092.71630859375
2026-01-10 11:43:00+00:00,90674.0703125,3092.49609375
2026-01-10 11:44:00+00:00,90671.484375,3092.657470703125
2026-01-10 11:46:00+00:00,90636.328125,3092.373291015625
2026-01-10 11:47:00+00:00,90637.9609375,3092.392333984375
2026-01-10 11:48:00+00:00,90630.0859375,3092.06494140625
2026-01-10 11:49:00+00:00,90605.4453125,3091.669921875
2026-01-10 11:50:00+00:00,90600.5703125,3091.44580078125
2026-01-10 11:52:00+00:00,90613.9765625,3091.918212890625
2026-01-10 11:53:00+00:00,90617.5234375,3091.977783203125
2026-01-10 11:54:00+00:00,90604.390625,3091.60205078125
2026-01-10 11:55:00+00:00,90597.0,3091.532470703125
2026-01-10 11:56:00+00:00,90603.3671875,3091.486572265625
2026-01-10 11:57:00+00:00,90601.2578125,3091.797607421875
2026-01-10 11:58:00+00:00,90613.6875,3092.33349609375
2026-01-10 11:59:00+00:00,90610.2734375,3092.845947265625
2026-01-10 12:00:00+00:00,90606.9765625,3092.6796875
2026-01-10 12:01:00+00:00,90609.7734375,3093.464111328125
2026-01-10 12:02:00+00:00,90617.8671875,3094.0546875
2026-01-10 12:03:00+00:00,90609.0703125,3093.744140625
2026-01-10 12:04:00+00:00,90607.0703125,3094.035400390625
2026-01-10 12:05:00+00:00,90606.7109375,3094.360595703125
2026-01-10 12:06:00+00:00,90627.7421875,3094.653564453125
2026-01-10 12:07:00+00:00,90641.78125,3095.08251953125
2026-01-10 12:08:00+00:00,90634.3515625,3094.85693359375
2026-01-10 12:09:00+00:00,90636.1484375,3094.83935546875
2026-01-10 12:10:00+00:00,90635.4609375,3094.6708984375
2026-01-10 12:12:00+00:00,90632.4453125,3094.74462890625
2026-01-10 12:13:00+00:00,90621.0625,3094.634765625
2026-01-10 12:14:00+00:00,90624.75,3094.97509765625
2026-01-10 12:15:00+00:00,90628.40625,3095.134521484375
2026-01-10 12:16:00+00:00,90635.0078125,3095.267822265625
2026-01-10 12:17:00+00:00,90646.0390625,3096.240478515625
2026-01-10 12:18:00+00:00,90656.5390625,3098.868408203125
2026-01-10 12:19:00+00:00,90654.90625,3098.067138671875
2026-01-10 12:20:00+00:00,90636.390625,3097.00048828125
2026-01-10 12:21:00+00:00,90659.484375,3096.8740234375
2026-01-10 12:22:00+00:00,90639.75,3095.8671875
2026-01-10 12:23:00+00:00,90634.359375,3095.6142578125
2026-01-10 12:24:00+00:00,90648.8984375,3094.628662109375
2026-01-10 12:25:00+00:00,90639.8125,3093.90673828125
2026-01-10 12:26:00+00:00,90632.0390625,3093.707275390625
2026-01-10 12:27:00+00:00,90634.90625,3093.76416015625
2026-01-10 12:28:00+00:00,90620.359375,3093.286376953125
2026-01-10 12:29:00+00:00,90612.9765625,3093.2646484375
2026-01-10 12:30:00+00:00,90605.4296875,3093.14208984375
2026-01-10 12:31:00+00:00,90601.6953125,3092.817138671875
2026-01-10 12:33:00+00:00,90572.5234375,3091.934326171875
2026-01-10 12:34:00+00:00,90542.9140625,3090.095703125
2026-01-10 12:35:00+00:00,90549.8359375,3091.392333984375
2026-01-10 12:36:00+00:00,90571.875,3092.91162109375
2026-01-10 12:37:00+00:00,90585.8984375,3093.10546875
2026-01-10 12:38:00+00:00,90584.59375,3092.941162109375
2026-01-10 12:39:00+00:00,90593.2578125,3093.02880859375
2026-01-10 12:40:00+00:00,90586.0859375,3092.668212890625
2026-01-10 12:41:00+00:00,90585.4375,3092.77392578125
2026-01-10 12:42:00+00:00,90593.109375,3092.909912109375
2026-01-10 12:43:00+00:00,90590.578125,3092.914794921875
2026-01-10 12:44:00+00:00,90591.9296875,3092.8544921875
2026-01-10 12:46:00+00:00,90590.796875,3093.115478515625
2026-01-10 12:48:00+00:00,90600.3046875,3093.360107421875
2026-01-10 12:49:00+00:00,90619.7421875,3093.898193359375
2026-01-10 12:51:00+00:00,90610.640625,3094.59423828125
2026-01-10 12:52:00+00:00,90598.796875,3094.069580078125
2026-01-10 12:53:00+00:00,90594.5390625,3093.766845703125
2026-01-10 12:54:00+00:00,90594.5390625,3093.766845703125
2026-01-10 12:55:00+00:00,90614.9375,3094.63330078125
2026-01-10 12:57:00+00:00,90601.390625,3094.404541015625
2026-01-10 12:58:00+00:00,90604.453125,3094.686279296875
2026-01-10 12:59:00+00:00,90598.2890625,3094.68115234375
2026-01-10 13:01:00+00:00,90607.6171875,3094.93115234375
2026-01-10 13:02:00+00:00,90606.265625,3094.98291015625
2026-01-10 13:03:00+00:00,90602.625,3094.976806640625
2026-01-10 13:04:00+00:00,90590.8203125,3094.2060546875
2026-01-10 13:05:00+00:00,90590.609375,3094.172607421875
2026-01-10 13:06:00+00:00,90592.640625,3094.12353515625
2026-01-10 13:07:00+00:00,90593.4140625,3094.20703125
2026-01-10 13:08:00+00:00,90591.6875,3094.253662109375
2026-01-10 13:09:00+00:00,90614.328125,3094.40185546875
2026-01-10 13:10:00+00:00,90625.8828125,3094.78662109375
2026-01-10 13:12:00+00:00,90613.7890625,3094.4775390625
2026-01-10 13:13:00+00:00,90589.8828125,3093.685791015625
2026-01-10 13:14:00+00:00,90586.90625,3093.44873046875
2026-01-10 13:15:00+00:00,90593.0625,3093.28369140625
2026-01-10 13:16:00+00:00,90590.7890625,3093.1357421875
2026-01-10 13:17:00+00:00,90593.78125,3093.310302734375
2026-01-10 13:18:00+00:00,90593.203125,3093.335205078125
2026-01-10 13:19:00+00:00,90589.75,3093.45556640625
2026-01-10 13:20:00+00:00,90621.40625,3094.3974609375
2026-01-10 13:22:00+00:00,90615.15625,3094.078369140625
2026-01-10 13:23:00+00:00,90613.3046875,3093.89404296875
2026-01-10 13:24:00+00:00,90615.0859375,3093.6748046875
2026-01-10 13:25:00+00:00,90610.5078125,3093.23876953125
2026-01-10 13:26:00+00:00,90600.0546875,3092.701904296875
2026-01-10 13:27:00+00:00,90604.578125,3092.918212890625
2026-01-10 13:28:00+00:00,90600.0703125,3092.663818359375
2026-01-10 13:29:00+00:00,90608.703125,3092.56591796875
2026-01-10 13:30:00+00:00,90603.1796875,3092.54931640625
2026-01-10 13:31:00+00:00,90601.2109375,3092.583984375
2026-01-10 13:32:00+00:00,90606.8984375,3093.244873046875
2026-01-10 13:34:00+00:00,90606.015625,3093.346923828125
2026-01-10 13:35:00+00:00,90608.5390625,3093.446533203125
2026-01-10 13:36:00+00:00,90602.484375,3093.14208984375
2026-01-10 13:37:00+00:00,90592.3203125,3092.873779296875
2026-01-10 13:38:00+00:00,90604.8125,3093.42041015625
2026-01-10 13:39:00+00:00,90608.28125,3093.4931640625
2026-01-10 13:40:00+00:00,90606.3203125,3093.450927734375
2026-01-10 13:42:00+00:00,90601.65625,3093.662841796875
2026-01-10 13:43:00+00:00,90605.9765625,3094.107177734375
2026-01-10 13:44:00+00:00,90600.734375,3093.8095703125
2026-01-10 13:46:00+00:00,90610.0078125,3093.960205078125
2026-01-10 13:47:00+00:00,90603.453125,3093.70068359375
2026-01-10 13:48:00+00:00,90600.8046875,3093.524169921875
2026-01-10 13:49:00+00:00,90602.4453125,3093.6259765625
2026-01-10 13:50:00+00:00,90596.640625,3093.345458984375
2026-01-10 13:52:00+00:00,90575.78125,3092.7646484375
2026-01-10 13:53:00+00:00,90573.1328125,3092.75390625
2026-01-10 13:54:00+00:00,90559.7890625,3092.7275390625
2026-01-10 13:55:00+00:00,90528.2890625,3091.200927734375
2026-01-10 13:57:00+00:00,90540.75,3091.708740234375
2026-01-10 13:58:00+00:00,90529.5546875,3091.191162109375
2026-01-10 13:59:00+00:00,90526.546875,3090.42333984375
2026-01-10 14:00:00+00:00,90532.0546875,3090.82421875
2026-01-10 14:01:00+00:00,90530.6875,3090.67919921875
2026-01-10 14:02:00+00:00,90533.3203125,3090.570556640625
2026-01-10 14:03:00+00:00,90531.0703125,3090.3876953125
2026-01-10 14:04:00+00:00,90533.859375,3090.66259765625
2026-01-10 14:05:00+00:00,90535.8125,3090.635498046875
2026-01-10 14:06:00+00:00,90535.3515625,3090.3955078125
2026-01-10 14:07:00+00:00,90537.21875,3090.0556640625
2026-01-10 14:08:00+00:00,90539.046875,3090.430419921875
2026-01-10 14:10:00+00:00,90546.828125,3090.8017578125
2026-01-10 14:12:00+00:00,90460.1953125,3086.5419921875
2026-01-10 14:13:00+00:00,90426.2734375,3086.70849609375
2026-01-10 14:14:00+00:00,90462.8203125,3089.028564453125
2026-01-10 14:15:00+00:00,90479.3046875,3089.7529296875
2026-01-10 14:16:00+00:00,90482.6796875,3089.897216796875
2026-01-10 14:17:00+00:00,90466.890625,3088.964599609375
2026-01-10 14:18:00+00:00,90471.34375,3089.0498046875
2026-01-10 14:19:00+00:00,90512.046875,3090.7626953125
2026-01-10 14:21:00+00:00,90522.859375,3091.705810546875
2026-01-10 14:22:00+00:00,90516.59375,3091.694580078125
2026-01-10 14:23:00+00:00,90516.125,3092.050048828125
2026-01-10 14:24:00+00:00,90522.671875,3092.134033203125
2026-01-10 14:25:00+00:00,90508.765625,3091.32666015625
2026-01-10 14:26:00+00:00,90522.5390625,3092.158203125
2026-01-10 14:27:00+00:00,90507.125,3091.218017578125
2026-01-10 14:28:00+00:00,90508.046875,3091.038330078125
2026-01-10 14:29:00+00:00,90501.5546875,3090.777099609375
2026-01-10 14:30:00+00:00,90499.234375,3090.69091796875
2026-01-10 14:31:00+00:00,90489.5625,3090.091796875
2026-01-10 14:33:00+00:00,90457.421875,3088.351318359375
2026-01-10 14:34:00+00:00,90452.3359375,3088.006103515625
2026-01-10 14:35:00+00:00,90459.203125,3087.801025390625
2026-01-10 14:37:00+00:00,90473.8125,3088.130615234375
2026-01-10 14:38:00+00:00,90465.90625,3088.099609375
2026-01-10 14:39:00+00:00,90466.6640625,3088.43896484375
2026-01-10 14:40:00+00:00,90454.828125,3088.1474609375
2026-01-10 14:41:00+00:00,90453.40625,3088.271240234375
2026-01-10 14:42:00+00:00,90451.5859375,3088.098388671875
2026-01-10 14:43:00+00:00,90448.140625,3087.942138671875
2026-01-10 14:45:00+00:00,90439.171875,3087.559814453125
2026-01-10 14:46:00+00:00,90461.4765625,3088.3447265625
2026-01-10 14:48:00+00:00,90451.03125,3087.791015625
2026-01-10 14:49:00+00:00,90461.5625,3087.5029296875
2026-01-10 14:50:00+00:00,90457.9296875,3087.49609375
2026-01-10 14:52:00+00:00,90455.1015625,3087.2802734375
2026-01-10 14:53:00+00:00,90456.4375,3087.2490234375
2026-01-10 14:54:00+00:00,90454.140625,3087.14990234375
2026-01-10 14:55:00+00:00,90456.359375,3087.46826171875
2026-01-10 14:56:00+00:00,90457.625,3087.40234375
2026-01-10 14:58:00+00:00,90454.875,3087.556396484375
2026-01-10 14:59:00+00:00,90456.796875,3087.784912109375
2026-01-10 15:00:00+00:00,90463.6875,3087.66455078125
2026-01-10 15:01:00+00:00,90458.40625,3087.792724609375
2026-01-10 15:03:00+00:00,90499.703125,3089.906494140625
2026-01-10 15:04:00+00:00,90498.578125,3089.688720703125
2026-01-10 15:06:00+00:00,90502.4140625,3089.82861328125
2026-01-10 15:07:00+00:00,90507.046875,3090.0537109375
2026-01-10 15:09:00+00:00,90498.6171875,3089.288330078125
2026-01-10 15:11:00+00:00,90508.1328125,3090.183349609375
2026-01-10 15:12:00+00:00,90508.1328125,3090.183349609375
2026-01-10 15:13:00+00:00,90513.125,3090.7060546875
2026-01-10 15:14:00+00:00,90512.609375,3090.581787109375
2026-01-10 15:15:00+00:00,90515.078125,3090.5537109375
2026-01-10 15:16:00+00:00,90521.28125,3090.349853515625
2026-01-10 15:17:00+00:00,90508.9453125,3089.89013671875
2026-01-10 15:18:00+00:00,90517.5390625,3090.452392578125
2026-01-10 15:19:00+00:00,90517.625,3090.661376953125
2026-01-10 15:21:00+00:00,90492.6015625,3089.94580078125
2026-01-10 15:22:00+00:00,90472.6328125,3089.759765625
2026-01-10 15:23:00+00:00,90472.3046875,3090.050537109375
2026-01-10 15:24:00+00:00,90462.8359375,3089.943115234375
2026-01-10 15:25:00+00:00,90466.453125,3089.943115234375
2026-01-10 15:27:00+00:00,90465.4140625,3088.822998046875
2026-01-10 15:28:00+00:00,90476.1484375,3089.10107421875
2026-01-10 15:29:00+00:00,90477.7890625,3089.166015625
2026-01-10 15:30:00+00:00,90480.421875,3089.280517578125
2026-01-10 15:31:00+00:00,90479.984375,3089.15283203125
2026-01-10 15:33:00+00:00,90479.6484375,3089.0517578125
2026-01-10 15:34:00+00:00,90506.6796875,3090.1806640625
2026-01-10 15:36:00+00:00,90506.4765625,3090.39892578125
2026-01-10 15:37:00+00:00,90501.375,3090.0615234375
2026-01-10 15:38:00+00:00,90501.421875,3090.16259765625
2026-01-10 15:39:00+00:00,90509.3359375,3090.7197265625
2026-01-10 15:40:00+00:00,90517.3828125,3090.940185546875
2026-01-10 15:41:00+00:00,90520.6015625,3091.4248046875
2026-01-10 15:42:00+00:00,90510.546875,3091.275390625
2026-01-10 15:43:00+00:00,90521.3515625,3091.867431640625
2026-01-10 15:45:00+00:00,90519.890625,3091.57421875
2026-01-10 15:48:00+00:00,90503.8203125,3090.541259765625
2026-01-10 15:49:00+00:00,90515.46875,3091.04345703125
2026-01-10 15:50:00+00:00,90523.359375,3091.420654296875
2026-01-10 15:51:00+00:00,90520.7578125,3091.162841796875
2026-01-10 15:52:00+00:00,90524.859375,3091.14404296875
2026-01-10 15:53:00+00:00,90533.4140625,3091.571533203125
2026-01-10 15:54:00+00:00,90540.4765625,3091.790771484375
2026-01-10 15:55:00+00:00,90547.828125,3091.8837890625
2026-01-10 15:57:00+00:00,90541.6015625,3091.6416015625
2026-01-10 15:58:00+00:00,90543.0546875,3091.57421875
2026-01-10 16:00:00+00:00,90541.8203125,3091.71142578125
2026-01-10 16:01:00+00:00,90533.390625,3091.188720703125
2026-01-10 16:02:00+00:00,90537.5625,3091.334228515625
2026-01-10 16:03:00+00:00,90551.234375,3091.603271484375
2026-01-10 16:04:00+00:00,90561.9453125,3091.761474609375
2026-01-10 16:05:00+00:00,90564.421875,3091.7392578125
2026-01-10 16:06:00+00:00,90568.34375,3091.70458984375
2026-01-10 16:07:00+00:00,90567.59375,3091.65869140625
2026-01-10 16:08:00+00:00,90572.6875,3091.795654296875
2026-01-10 16:09:00+00:00,90586.4609375,3092.606689453125
2026-01-10 16:11:00+00:00,90593.2421875,3092.906982421875
2026-01-10 16:12:00+00:00,90597.1328125,3092.6337890625
2026-01-10 16:13:00+00:00,90579.8359375,3091.873046875
2026-01-10 16:14:00+00:00,90565.859375,3091.270263671875
2026-01-10 16:15:00+00:00,90560.03125,3090.923828125
2026-01-10 16:16:00+00:00,90538.5,3090.25634765625
2026-01-10 16:17:00+00:00,90504.1484375,3089.546875
2026-01-10 16:18:00+00:00,90508.828125,3088.9892578125
2026-01-10 16:19:00+00:00,90501.2265625,3088.61083984375
2026-01-10 16:21:00+00:00,90503.2421875,3088.8193359375
2026-01-10 16:23:00+00:00,90515.90625,3089.763427734375
2026-01-10 16:24:00+00:00,90519.515625,3089.89306640625
2026-01-10 16:25:00+00:00,90518.8125,3089.852294921875
2026-01-10 16:26:00+00:00,90517.3671875,3090.04736328125
2026-01-10 16:27:00+00:00,90524.703125,3090.4482421875
2026-01-10 16:28:00+00:00,90527.0703125,3090.34228515625
2026-01-10 16:29:00+00:00,90528.03125,3090.43359375
2026-01-10 16:30:00+00:00,90528.0546875,3090.35595703125
2026-01-10 16:31:00+00:00,90521.6171875,3090.4267578125
2026-01-10 16:33:00+00:00,90507.6953125,3090.945556640625
2026-01-10 16:34:00+00:00,90515.453125,3090.8779296875
2026-01-10 16:36:00+00:00,90522.9140625,3091.159912109375
2026-01-10 16:37:00+00:00,90531.484375,3091.2451171875
2026-01-10 16:38:00+00:00,90542.7421875,3091.4658203125
2026-01-10 16:39:00+00:00,90551.2265625,3092.089111328125
2026-01-10 16:40:00+00:00,90557.1484375,3091.908935546875
2026-01-10 16:41:00+00:00,90564.765625,3091.719482421875
2026-01-10 16:42:00+00:00,90577.2578125,3092.30419921875
2026-01-10 16:43:00+00:00,90574.5546875,3092.27099609375
2026-01-10 16:45:00+00:00,90578.6953125,3092.386962890625
2026-01-10 16:46:00+00:00,90575.5078125,3092.41552734375
2026-01-10 16:47:00+00:00,90573.8046875,3092.134033203125
2026-01-10 16:48:00+00:00,90577.8515625,3092.330322265625
2026-01-10 16:49:00+00:00,90576.609375,3092.110107421875
2026-01-10 16:50:00+00:00,90572.09375,3091.910400390625
2026-01-10 16:51:00+00:00,90561.2890625,3091.4482421875
2026-01-10 16:52:00+00:00,90560.21875,3091.171875
2026-01-10 16:53:00+00:00,90561.890625,3091.153564453125
2026-01-10 16:54:00+00:00,90558.515625,3091.259033203125
2026-01-10 16:55:00+00:00,90556.5,3091.32373046875
2026-01-10 16:57:00+00:00,90556.7109375,3091.459716796875
2026-01-10 16:58:00+00:00,90555.3984375,3091.350830078125
2026-01-10 16:59:00+00:00,90555.0390625,3091.415771484375
2026-01-10 17:00:00+00:00,90554.9375,3091.499755859375
2026-01-10 17:01:00+00:00,90563.5625,3091.722412109375
2026-01-10 17:02:00+00:00,90581.015625,3092.123291015625
2026-01-10 17:03:00+00:00,90576.7890625,3092.2734375
2026-01-10 17:04:00+00:00,90577.171875,3092.24609375
2026-01-10 17:05:00+00:00,90577.296875,3092.459716796875
2026-01-10 17:06:00+00:00,90575.96875,3092.218994140625
2026-01-10 17:07:00+00:00,90577.609375,3092.73388671875
2026-01-10 17:08:00+00:00,90575.3359375,3092.775146484375
2026-01-10 17:09:00+00:00,90577.3515625,3092.888671875
2026-01-10 17:10:00+00:00,90581.640625,3092.89111328125
2026-01-10 17:12:00+00:00,90585.0,3092.992919921875
2026-01-10 17:13:00+00:00,90583.5234375,3092.990478515625
2026-01-10 17:14:00+00:00,90585.0703125,3092.994873046875
2026-01-10 17:15:00+00:00,90588.4765625,3094.39599609375
2026-01-10 17:16:00+00:00,90592.15625,3094.4912109375
2026-01-10 17:17:00+00:00,90589.1015625,3094.275634765625
2026-01-10 17:18:00+00:00,90591.5078125,3094.340087890625
2026-01-10 17:19:00+00:00,90594.0078125,3094.541259765625
2026-01-10 17:21:00+00:00,90609.640625,3094.59326171875
2026-01-10 17:22:00+00:00,90612.3671875,3094.58447265625
2026-01-10 17:23:00+00:00,90613.9921875,3094.34423828125
2026-01-10 17:24:00+00:00,90611.2265625,3094.0810546875
2026-01-10 17:25:00+00:00,90616.703125,3094.25341796875
2026-01-10 17:26:00+00:00,90615.90625,3094.400390625
2026-01-10 17:27:00+00:00,90615.8203125,3094.135986328125
2026-01-10 17:28:00+00:00,90616.1796875,3094.0439453125
2026-01-10 17:29:00+00:00,90623.078125,3093.854736328125
2026-01-10 17:30:00+00:00,90621.3671875,3093.799072265625
2026-01-10 17:31:00+00:00,90621.1484375,3093.8203125
2026-01-10 17:33:00+00:00,90584.953125,3093.136474609375
2026-01-10 17:35:00+00:00,90585.8046875,3093.062255859375
2026-01-10 17:36:00+00:00,90575.21875,3092.811767578125
2026-01-10 17:37:00+00:00,90570.4609375,3092.846435546875
2026-01-10 17:38:00+00:00,90569.75,3092.933837890625
2026-01-10 17:39:00+00:00,90566.046875,3092.87841796875
2026-01-10 17:40:00+00:00,90560.984375,3092.821044921875
2026-01-10 17:41:00+00:00,90549.7421875,3092.85302734375
2026-01-10 17:42:00+00:00,90549.5078125,3092.6923828125
2026-01-10 17:43:00+00:00,90547.890625,3092.70263671875
2026-01-10 17:45:00+00:00,90548.390625,3092.6171875
2026-01-10 17:47:00+00:00,90509.34375,3091.73974609375
2026-01-10 17:48:00+00:00,90483.796875,3091.77734375
2026-01-10 17:49:00+00:00,90487.4921875,3091.61181640625
2026-01-10 17:50:00+00:00,90489.5859375,3091.61572265625
2026-01-10 17:51:00+00:00,90486.8046875,3091.401123046875
2026-01-10 17:52:00+00:00,90473.828125,3090.73095703125
2026-01-10 17:53:00+00:00,90458.1015625,3090.37548828125
2026-01-10 17:54:00+00:00,90491.921875,3092.064697265625
2026-01-10 17:55:00+00:00,90473.046875,3090.712158203125
2026-01-10 17:57:00+00:00,90459.765625,3089.871337890625
2026-01-10 17:58:00+00:00,90439.9375,3089.364990234375
2026-01-10 17:59:00+00:00,90428.203125,3088.100830078125
2026-01-10 18:00:00+00:00,90431.8359375,3088.80224609375
2026-01-10 18:01:00+00:00,90451.625,3089.799072265625
2026-01-10 18:02:00+00:00,90452.2109375,3089.624267578125
2026-01-10 18:03:00+00:00,90455.953125,3089.80029296875
2026-01-10 18:04:00+00:00,90456.1640625,3089.555419921875
2026-01-10 18:05:00+00:00,90446.0390625,3088.737548828125
2026-01-10 18:06:00+00:00,90444.484375,3088.2568359375
2026-01-10 18:07:00+00:00,90417.953125,3088.041259765625
2026-01-10 18:08:00+00:00,90421.9765625,3088.255126953125
2026-01-10 18:09:00+00:00,90422.4765625,3088.433837890625
2026-01-10 18:10:00+00:00,90416.0078125,3088.342041015625
2026-01-10 18:12:00+00:00,90412.1328125,3087.312744140625
2026-01-10 18:13:00+00:00,90412.1875,3087.41943359375
2026-01-10 18:14:00+00:00,90413.8125,3087.782958984375
2026-01-10 18:15:00+00:00,90410.6171875,3087.8173828125
2026-01-10 18:16:00+00:00,90430.515625,3088.414306640625
2026-01-10 18:17:00+00:00,90412.234375,3087.85888671875
2026-01-10 18:18:00+00:00,90421.640625,3087.970458984375
2026-01-10 18:19:00+00:00,90423.4140625,3088.2373046875
2026-01-10 18:21:00+00:00,90436.9375,3089.2275390625
2026-01-10 18:22:00+00:00,90431.9453125,3089.150634765625
2026-01-10 18:23:00+00:00,90435.609375,3089.277587890625
2026-01-10 18:24:00+00:00,90437.171875,3089.332763671875
2026-01-10 18:25:00+00:00,90433.8828125,3089.17041015625
2026-01-10 18:26:00+00:00,90427.5234375,3089.024169921875
2026-01-10 18:27:00+00:00,90427.40625,3088.7373046875
2026-01-10 18:28:00+00:00,90430.3671875,3088.74072265625
2026-01-10 18:29:00+00:00,90429.3515625,3088.8837890625
2026-01-10 18:30:00+00:00,90465.3984375,3089.720458984375
2026-01-10 18:31:00+00:00,90466.1015625,3089.75634765625
2026-01-10 18:33:00+00:00,90469.7578125,3089.836669921875
2026-01-10 18:34:00+00:00,90454.65625,3088.592041015625
2026-01-10 18:36:00+00:00,90455.9375,3089.20361328125
2026-01-10 18:37:00+00:00,90457.203125,3089.251708984375
2026-01-10 18:38:00+00:00,90461.9921875,3089.315185546875
2026-01-10 18:39:00+00:00,90459.0703125,3089.278076171875
2026-01-10 18:40:00+00:00,90458.4921875,3089.289306640625
2026-01-10 18:41:00+00:00,90463.625,3089.3427734375
2026-01-10 18:42:00+00:00,90466.1875,3089.443359375
2026-01-10 18:43:00+00:00,90465.1953125,3089.36083984375
2026-01-10 18:45:00+00:00,90469.6640625,3089.32861328125
2026-01-10 18:46:00+00:00,90470.28125,3089.39404296875
2026-01-10 18:47:00+00:00,90468.859375,3089.17626953125
2026-01-10 18:48:00+00:00,90464.15625,3088.95166015625
2026-01-10 18:49:00+00:00,90463.7890625,3088.9619140625
2026-01-10 18:50:00+00:00,90462.7265625,3089.026611328125
2026-01-10 18:51:00+00:00,90460.828125,3088.9072265625
2026-01-10 18:52:00+00:00,90457.375,3088.697998046875
2026-01-10 18:53:00+00:00,90465.03125,3088.388671875
2026-01-10 18:54:00+00:00,90463.3984375,3087.9970703125
2026-01-10 18:55:00+00:00,90461.578125,3088.0986328125
2026-01-10 18:57:00+00:00,90469.4375,3088.629638671875
2026-01-10 18:59:00+00:00,90476.0625,3088.772216796875
2026-01-10 19:00:00+00:00,90469.3203125,3088.660400390625
2026-01-10 19:01:00+00:00,90475.2890625,3088.878662109375
2026-01-10 19:02:00+00:00,90471.4453125,3088.74169921875
2026-01-10 19:03:00+00:00,90474.9375,3088.839599609375
2026-01-10 19:04:00+00:00,90474.8671875,3088.8291015625
2026-01-10 19:05:00+00:00,90478.3046875,3089.013671875
2026-01-10 19:06:00+00:00,90478.015625,3088.98681640625
2026-01-10 19:07:00+00:00,90477.4765625,3089.79931640625
2026-01-10 19:09:00+00:00,90478.59375,3089.275390625
2026-01-10 19:10:00+00:00,90466.71875,3088.5458984375
2026-01-10 19:12:00+00:00,90461.0234375,3088.62841796875
2026-01-10 19:13:00+00:00,90464.5625,3088.83203125
2026-01-10 19:15:00+00:00,90459.53125,3088.957763671875
2026-01-10 19:16:00+00:00,90458.8125,3088.628662109375
2026-01-10 19:17:00+00:00,90456.4375,3088.57763671875
2026-01-10 19:18:00+00:00,90456.8515625,3088.574462890625
2026-01-10 19:19:00+00:00,90461.9765625,3088.345703125
2026-01-10 19:21:00+00:00,90475.0625,3088.70654296875
2026-01-10 19:22:00+00:00,90476.3359375,3088.593017578125
2026-01-10 19:23:00+00:00,90474.828125,3088.588623046875
2026-01-10 19:24:00+00:00,90472.09375,3088.1025390625
2026-01-10 19:25:00+00:00,90475.2421875,3088.23095703125
2026-01-10 19:26:00+00:00,90475.515625,3088.063232421875
2026-01-10 19:27:00+00:00,90477.3046875,3087.9521484375
2026-01-10 19:28:00+00:00,90476.6015625,3087.884521484375
2026-01-10 19:29:00+00:00,90479.8359375,3087.98583984375
2026-01-10 19:30:00+00:00,90478.9921875,3087.88330078125
2026-01-10 19:31:00+00:00,90485.53125,3087.880859375
2026-01-10 19:33:00+00:00,90489.0390625,3087.86474609375
2026-01-10 19:35:00+00:00,90492.2890625,3087.31298828125
2026-01-10 19:36:00+00:00,90494.2265625,3087.29736328125
2026-01-10 19:37:00+00:00,90491.40625,3087.087890625
2026-01-10 19:38:00+00:00,90494.0234375,3087.28125
2026-01-10 19:39:00+00:00,90504.046875,3088.0166015625
2026-01-10 19:40:00+00:00,90510.546875,3088.02001953125
2026-01-10 19:42:00+00:00,90508.4296875,3087.991943359375
2026-01-10 19:45:00+00:00,90508.1953125,3088.27783203125
2026-01-10 19:46:00+00:00,90504.0546875,3087.913330078125
2026-01-10 19:47:00+00:00,90494.65625,3087.590576171875
2026-01-10 19:48:00+00:00,90492.2734375,3087.447021484375
2026-01-10 19:49:00+00:00,90493.203125,3087.604736328125
2026-01-10 19:50:00+00:00,90494.9921875,3087.673828125
2026-01-10 19:51:00+00:00,90495.265625,3087.66015625
2026-01-10 19:52:00+00:00,90498.015625,3087.59375
2026-01-10 19:53:00+00:00,90498.7265625,3087.644775390625
2026-01-10 19:54:00+00:00,90500.328125,3087.583251953125
2026-01-10 19:55:00+00:00,90505.9296875,3087.67529296875
2026-01-10 19:57:00+00:00,90503.3203125,3087.625
2026-01-10 19:58:00+00:00,90507.0390625,3087.744140625
2026-01-10 20:00:00+00:00,90507.8671875,3088.13818359375
2026-01-10 20:01:00+00:00,90515.0390625,3088.696533203125
2026-01-10 20:02:00+00:00,90507.921875,3087.6103515625
2026-01-10 20:03:00+00:00,90504.1484375,3087.421142578125
2026-01-10 20:04:00+00:00,90503.0,3087.472412109375
2026-01-10 20:05:00+00:00,90506.3203125,3087.552001953125
2026-01-10 20:06:00+00:00,90509.7734375,3087.652587890625
2026-01-10 20:07:00+00:00,90511.6328125,3087.810791015625
2026-01-10 20:08:00+00:00,90517.421875,3088.446044921875
2026-01-10 20:09:00+00:00,90516.8203125,3088.207275390625
2026-01-10 20:10:00+00:00,90516.3125,3088.10693359375
2026-01-10 20:11:00+00:00,90525.2421875,3088.43896484375
2026-01-10 20:13:00+00:00,90524.6953125,3088.550537109375
2026-01-10 20:14:00+00:00,90526.9375,3088.42431640625
2026-01-10 20:15:00+00:00,90531.1796875,3088.55126953125
2026-01-10 20:16:00+00:00,90531.5078125,3088.4873046875
2026-01-10 20:17:00+00:00,90528.2734375,3088.406494140625
2026-01-10 20:18:00+00:00,90525.3515625,3088.0712890625
2026-01-10 20:19:00+00:00,90519.84375,3088.051025390625
2026-01-10 20:20:00+00:00,90518.5,3087.989501953125
2026-01-10 20:21:00+00:00,90520.921875,3087.993408203125
2026-01-10 20:23:00+00:00,90521.5546875,3087.675537109375
2026-01-10 20:24:00+00:00,90522.703125,3087.728759765625
2026-01-10 20:25:00+00:00,90522.4921875,3087.716064453125
2026-01-10 20:26:00+00:00,90522.8125,3087.83984375
2026-01-10 20:27:00+00:00,90523.5078125,3087.74560546875
2026-01-10 20:28:00+00:00,90518.453125,3087.427734375
2026-01-10 20:29:00+00:00,90517.9765625,3087.40234375
2026-01-10 20:30:00+00:00,90519.5859375,3087.584716796875
2026-01-10 20:31:00+00:00,90519.5703125,3087.536865234375
2026-01-10 20:33:00+00:00,90518.9375,3087.945068359375
2026-01-10 20:34:00+00:00,90513.1953125,3088.5234375
2026-01-10 20:35:00+00:00,90477.390625,3086.11572265625
2026-01-10 20:36:00+00:00,90481.4609375,3086.181396484375
2026-01-10 20:37:00+00:00,90479.25,3085.953857421875
2026-01-10 20:38:00+00:00,90479.7890625,3085.9541015625
2026-01-10 20:39:00+00:00,90480.4453125,3085.98583984375
2026-01-10 20:40:00+00:00,90478.1875,3085.87255859375
2026-01-10 20:41:00+00:00,90470.1875,3085.61328125
2026-01-10 20:42:00+00:00,90464.9140625,3085.748291015625
2026-01-10 20:43:00+00:00,90467.078125,3085.741943359375
2026-01-10 20:45:00+00:00,90461.5390625,3085.195068359375
2026-01-10 20:46:00+00:00,90459.3671875,3085.17138671875
2026-01-10 20:47:00+00:00,90455.96875,3084.916259765625
2026-01-10 20:48:00+00:00,90457.109375,3084.959716796875
2026-01-10 20:49:00+00:00,90458.7890625,3085.126220703125
2026-01-10 20:50:00+00:00,90456.0390625,3085.13037109375
2026-01-10 20:51:00+00:00,90453.5,3085.21044921875
2026-01-10 20:52:00+00:00,90468.390625,3086.24560546875
2026-01-10 20:53:00+00:00,90461.3984375,3086.31640625
2026-01-10 20:54:00+00:00,90460.265625,3086.01220703125
2026-01-10 20:55:00+00:00,90458.40625,3085.81591796875
2026-01-10 20:57:00+00:00,90447.25,3085.584228515625
2026-01-10 20:58:00+00:00,90446.2890625,3085.47705078125
2026-01-10 20:59:00+00:00,90448.4609375,3085.600830078125
2026-01-10 21:00:00+00:00,90450.328125,3085.529541015625
2026-01-10 21:01:00+00:00,90446.75,3085.254150390625
2026-01-10 21:02:00+00:00,90442.875,3085.337646484375
2026-01-10 21:03:00+00:00,90437.765625,3085.014892578125
2026-01-10 21:04:00+00:00,90429.3984375,3085.07080078125
2026-01-10 21:05:00+00:00,90441.546875,3085.590087890625
2026-01-10 21:06:00+00:00,90406.84375,3083.951171875
2026-01-10 21:07:00+00:00,90404.0625,3084.236328125
2026-01-10 21:08:00+00:00,90406.515625,3083.795166015625
2026-01-10 21:09:00+00:00,90384.8671875,3082.031494140625
2026-01-10 21:10:00+00:00,90386.3125,3082.30517578125
2026-01-10 21:11:00+00:00,90395.0,3083.306396484375
2026-01-10 21:12:00+00:00,90404.9765625,3083.3759765625
2026-01-10 21:13:00+00:00,90410.2421875,3083.4443359375
2026-01-10 21:14:00+00:00,90407.125,3083.654296875
2026-01-10 21:15:00+00:00,90401.4453125,3083.487060546875
2026-01-10 21:16:00+00:00,90408.0859375,3083.428466796875
2026-01-10 21:17:00+00:00,90402.0703125,3083.962158203125
2026-01-10 21:18:00+00:00,90403.125,3084.07373046875
2026-01-10 21:19:00+00:00,90399.8203125,3083.702880859375
2026-01-10 21:20:00+00:00,90398.140625,3083.711181640625
2026-01-10 21:22:00+00:00,90406.75,3083.778076171875
2026-01-10 21:23:00+00:00,90419.4921875,3084.31201171875
2026-01-10 21:24:00+00:00,90435.25,3084.8623046875
2026-01-10 21:25:00+00:00,90450.0859375,3085.6416015625
2026-01-10 21:26:00+00:00,90451.75,3085.656982421875
2026-01-10 21:27:00+00:00,90454.9609375,3085.65625
2026-01-10 21:28:00+00:00,90455.4765625,3085.672119140625
2026-01-10 21:29:00+00:00,90454.515625,3085.468017578125
2026-01-10 21:30:00+00:00,90446.53125,3085.55712890625
2026-01-10 21:31:00+00:00,90444.375,3085.43505859375
2026-01-10 21:32:00+00:00,90451.140625,3085.58642578125
2026-01-10 21:34:00+00:00,90426.1953125,3085.139404296875
2026-01-10 21:36:00+00:00,90428.34375,3085.386962890625
2026-01-10 21:37:00+00:00,90426.78125,3085.126953125
2026-01-10 21:38:00+00:00,90415.234375,3084.0576171875
2026-01-10 21:39:00+00:00,90404.984375,3083.200927734375
2026-01-10 21:40:00+00:00,90403.5859375,3083.285400390625
2026-01-10 21:41:00+00:00,90405.28125,3083.470458984375
2026-01-10 21:42:00+00:00,90417.9609375,3083.912353515625
2026-01-10 21:43:00+00:00,90420.8046875,3083.481689453125
2026-01-10 21:44:00+00:00,90422.4921875,3083.587158203125
2026-01-10 21:46:00+00:00,90413.5625,3083.099365234375
2026-01-10 21:47:00+00:00,90413.2265625,3082.892822265625
2026-01-10 21:48:00+00:00,90397.1171875,3082.12744140625
2026-01-10 21:49:00+00:00,90397.0234375,3082.229248046875
2026-01-10 21:50:00+00:00,90391.1328125,3082.24169921875
2026-01-10 21:51:00+00:00,90389.90625,3082.174072265625
2026-01-10 21:52:00+00:00,90389.59375,3082.167724609375
2026-01-10 21:53:00+00:00,90394.1953125,3082.1640625
2026-01-10 21:54:00+00:00,90386.0234375,3082.088623046875
2026-01-10 21:55:00+00:00,90387.9609375,3082.1708984375
2026-01-10 21:57:00+00:00,90384.46875,3081.97802734375
2026-01-10 21:58:00+00:00,90388.6484375,3081.973388671875
2026-01-10 21:59:00+00:00,90386.5546875,3081.755859375
2026-01-10 22:00:00+00:00,90386.4296875,3081.741943359375
2026-01-10 22:01:00+00:00,90386.3828125,3081.642578125
2026-01-10 22:02:00+00:00,90385.4921875,3081.54248046875
2026-01-10 22:03:00+00:00,90387.4375,3081.727783203125
2026-01-10 22:04:00+00:00,90383.71875,3081.51806640625
2026-01-10 22:05:00+00:00,90356.015625,3080.38623046875
2026-01-10 22:06:00+00:00,90350.1953125,3080.446533203125
2026-01-10 22:07:00+00:00,90320.359375,3079.8642578125
2026-01-10 22:08:00+00:00,90326.0390625,3079.576904296875
2026-01-10 22:09:00+00:00,90323.453125,3080.04052734375
2026-01-10 22:10:00+00:00,90292.0703125,3079.8408203125
2026-01-10 22:11:00+00:00,90305.3828125,3080.033935546875
2026-01-10 22:12:00+00:00,90333.8203125,3080.778564453125
2026-01-10 22:13:00+00:00,90336.65625,3081.329345703125
2026-01-10 22:14:00+00:00,90287.2734375,3078.335205078125
2026-01-10 22:15:00+00:00,90289.1015625,3078.16845703125
2026-01-10 22:16:00+00:00,90293.3046875,3077.332275390625
2026-01-10 22:17:00+00:00,90288.4140625,3075.20068359375
2026-01-10 22:18:00+00:00,90315.0234375,3076.82080078125
2026-01-10 22:19:00+00:00,90319.15625,3077.693115234375
2026-01-10 22:20:00+00:00,90316.7890625,3077.420654296875
2026-01-10 22:21:00+00:00,90310.5546875,3077.03076171875
2026-01-10 22:22:00+00:00,90317.0546875,3076.7373046875
2026-01-10 22:24:00+00:00,90311.59375,3075.90283203125
2026-01-10 22:25:00+00:00,90309.8046875,3075.8837890625
2026-01-10 22:27:00+00:00,90340.90625,3076.87353515625
2026-01-10 22:28:00+00:00,90348.3203125,3076.7578125
2026-01-10 22:29:00+00:00,90349.21875,3076.8857421875
2026-01-10 22:30:00+00:00,90357.9765625,3078.26806640625
2026-01-10 22:31:00+00:00,90387.0703125,3079.33154296875
2026-01-10 22:33:00+00:00,90420.984375,3082.4765625
2026-01-10 22:34:00+00:00,90428.9140625,3082.62548828125
2026-01-10 22:35:00+00:00,90430.875,3083.69140625
2026-01-10 22:36:00+00:00,90427.9140625,3083.353759765625
2026-01-10 22:37:00+00:00,90428.765625,3083.2021484375
2026-01-10 22:38:00+00:00,90428.90625,3083.215576171875
2026-01-10 22:39:00+00:00,90441.5546875,3084.354248046875
2026-01-10 22:40:00+00:00,90438.046875,3084.30615234375
2026-01-10 22:41:00+00:00,90444.671875,3084.265625
2026-01-10 22:42:00+00:00,90439.984375,3082.9755859375
2026-01-10 22:43:00+00:00,90442.4921875,3083.060546875
2026-01-10 22:45:00+00:00,90467.5703125,3084.041748046875
2026-01-10 22:46:00+00:00,90435.1171875,3082.9150390625
2026-01-10 22:47:00+00:00,90394.21875,3080.6376953125
2026-01-10 22:48:00+00:00,90401.8828125,3080.664306640625
2026-01-10 22:49:00+00:00,90392.453125,3080.94873046875
2026-01-10 22:50:00+00:00,90380.921875,3080.561279296875
2026-01-10 22:51:00+00:00,90370.2265625,3080.781005859375
2026-01-10 22:52:00+00:00,90368.203125,3080.4423828125
2026-01-10 22:53:00+00:00,90361.375,3078.9296875
2026-01-10 22:54:00+00:00,90361.1171875,3078.668212890625
2026-01-10 22:55:00+00:00,90353.8984375,3077.91845703125
2026-01-10 22:57:00+00:00,90342.703125,3077.851318359375
2026-01-10 22:58:00+00:00,90350.296875,3077.731689453125
2026-01-10 22:59:00+00:00,90341.5703125,3077.60107421875
2026-01-10 23:00:00+00:00,90322.4296875,3076.957275390625
2026-01-10 23:02:00+00:00,90312.875,3076.897216796875
2026-01-10 23:03:00+00:00,90330.203125,3076.873046875
2026-01-10 23:04:00+00:00,90381.0625,3078.85009765625
2026-01-10 23:05:00+00:00,90386.34375,3079.2392578125
2026-01-10 23:06:00+00:00,90377.359375,3078.29345703125
2026-01-10 23:07:00+00:00,90373.859375,3078.372314453125
2026-01-10 23:08:00+00:00,90384.65625,3078.933349609375
2026-01-10 23:09:00+00:00,90406.9453125,3079.6640625
2026-01-10 23:10:00+00:00,90395.8359375,3080.7099609375
2026-01-10 23:11:00+00:00,90398.2734375,3081.28076171875
2026-01-10 23:12:00+00:00,90401.390625,3081.29736328125
2026-01-10 23:13:00+00:00,90397.765625,3081.208984375
2026-01-10 23:15:00+00:00,90394.8515625,3080.5009765625
2026-01-10 23:17:00+00:00,90410.125,3081.176025390625
2026-01-10 23:18:00+00:00,90403.6171875,3080.98583984375
2026-01-10 23:20:00+00:00,90392.8828125,3080.487060546875
2026-01-10 23:21:00+00:00,90403.34375,3080.9208984375
2026-01-10 23:22:00+00:00,90400.8359375,3081.098876953125
2026-01-10 23:23:00+00:00,90401.1015625,3081.5732421875
2026-01-10 23:24:00+00:00,90399.3515625,3081.6953125
2026-01-10 23:25:00+00:00,90398.9453125,3081.3583984375
2026-01-10 23:27:00+00:00,90406.328125,3081.271728515625
2026-01-10 23:28:00+00:00,90404.8046875,3081.457275390625
2026-01-10 23:29:00+00:00,90425.71875,3082.567626953125
2026-01-10 23:30:00+00:00,90414.359375,3082.35888671875
2026-01-10 23:31:00+00:00,90411.1953125,3082.42333984375
2026-01-10 23:33:00+00:00,90414.7109375,3082.817138671875
2026-01-10 23:34:00+00:00,90432.3828125,3083.312744140625
2026-01-10 23:35:00+00:00,90439.6171875,3083.817138671875
2026-01-10 23:36:00+00:00,90420.296875,3082.758544921875
2026-01-10 23:37:00+00:00,90415.0859375,3082.30810546875
2026-01-10 23:38:00+00:00,90407.8359375,3081.41943359375
2026-01-10 23:39:00+00:00,90404.71875,3081.72216796875
2026-01-10 23:40:00+00:00,90392.8515625,3081.712158203125
2026-01-10 23:41:00+00:00,90388.078125,3081.672119140625
2026-01-10 23:42:00+00:00,90409.53125,3082.475830078125
2026-01-10 23:43:00+00:00,90408.390625,3083.20263671875
2026-01-10 23:45:00+00:00,90400.8671875,3083.1279296875
2026-01-10 23:46:00+00:00,90390.1640625,3082.47998046875
2026-01-10 23:47:00+00:00,90396.28125,3082.837646484375
2026-01-10 23:48:00+00:00,90419.0,3083.7587890625
2026-01-10 23:49:00+00:00,90422.9453125,3083.810546875
2026-01-10 23:50:00+00:00,90428.2578125,3083.934814453125
2026-01-10 23:51:00+00:00,90445.953125,3084.269287109375
2026-01-10 23:52:00+00:00,90442.7578125,3084.3486328125
2026-01-10 23:53:00+00:00,90435.7890625,3083.662841796875
2026-01-10 23:54:00+00:00,90435.71875,3084.084228515625
2026-01-10 23:55:00+00:00,90439.34375,3083.815673828125
2026-01-10 23:57:00+00:00,90377.0390625,3081.44775390625
2026-01-10 23:58:00+00:00,90385.9140625,3082.257568359375
2026-01-11 00:00:00+00:00,90385.625,3082.353271484375
2026-01-11 00:01:00+00:00,90376.8671875,3081.2041015625
2026-01-11 00:02:00+00:00,90379.8671875,3081.414794921875
2026-01-11 00:03:00+00:00,90378.7734375,3082.022216796875
2026-01-11 00:05:00+00:00,90344.6171875,3080.98681640625
2026-01-11 00:06:00+00:00,90340.34375,3080.976318359375
2026-01-11 00:07:00+00:00,90344.9765625,3081.30517578125
2026-01-11 00:09:00+00:00,90344.4453125,3082.00830078125
2026-01-11 00:10:00+00:00,90340.71875,3081.601806640625
2026-01-11 00:11:00+00:00,90340.1640625,3081.8017578125
2026-01-11 00:12:00+00:00,90333.6484375,3081.8974609375
2026-01-11 00:13:00+00:00,90354.3046875,3082.876953125
2026-01-11 00:14:00+00:00,90383.5078125,3083.286865234375
2026-01-11 00:15:00+00:00,90379.4140625,3083.275634765625
2026-01-11 00:16:00+00:00,90395.34375,3084.0224609375
2026-01-11 00:17:00+00:00,90407.78125,3084.6171875
2026-01-11 00:18:00+00:00,90454.4296875,3084.57080078125
2026-01-11 00:19:00+00:00,90454.9375,3084.815185546875
2026-01-11 00:21:00+00:00,90459.8125,3084.620361328125
2026-01-11 00:22:00+00:00,90464.140625,3084.598388671875
2026-01-11 00:23:00+00:00,90455.6328125,3084.4150390625
2026-01-11 00:24:00+00:00,90455.171875,3084.3408203125
2026-01-11 00:25:00+00:00,90477.703125,3085.68115234375
2026-01-11 00:27:00+00:00,90482.84375,3086.465087890625
2026-01-11 00:28:00+00:00,90471.5,3086.0244140625
2026-01-11 00:29:00+00:00,90475.4375,3086.20263671875
2026-01-11 00:30:00+00:00,90475.4375,3086.20263671875
2026-01-11 00:31:00+00:00,90466.1484375,3086.6455078125
2026-01-11 00:33:00+00:00,90460.453125,3085.976318359375
2026-01-11 00:34:00+00:00,90459.6171875,3085.79052734375
2026-01-11 00:35:00+00:00,90463.2890625,3086.00439453125
2026-01-11 00:36:00+00:00,90459.015625,3085.724853515625
2026-01-11 00:37:00+00:00,90460.8359375,3085.6982421875
2026-01-11 00:38:00+00:00,90436.359375,3084.84130859375
2026-01-11 00:39:00+00:00,90434.953125,3084.587646484375
2026-01-11 00:41:00+00:00,90456.6328125,3085.33935546875
2026-01-11 00:42:00+00:00,90445.4609375,3084.666259765625
2026-01-11 00:43:00+00:00,90442.6796875,3084.61279296875
2026-01-11 00:45:00+00:00,90441.3671875,3084.081787109375
2026-01-11 00:46:00+00:00,90439.6171875,3084.100830078125
2026-01-11 00:47:00+00:00,90458.4140625,3084.998046875
2026-01-11 00:48:00+00:00,90475.9296875,3085.816650390625
2026-01-11 00:49:00+00:00,90489.6171875,3086.200439453125
2026-01-11 00:50:00+00:00,90496.21875,3086.1806640625
2026-01-11 00:51:00+00:00,90496.3125,3086.31982421875
2026-01-11 00:52:00+00:00,90501.1953125,3086.629150390625
2026-01-11 00:53:00+00:00,90486.828125,3086.29443359375
2026-01-11 00:54:00+00:00,90508.4296875,3087.383544921875
2026-01-11 00:55:00+00:00,90505.9921875,3087.75634765625
2026-01-11 00:57:00+00:00,90510.921875,3088.274169921875
2026-01-11 00:58:00+00:00,90508.484375,3087.62353515625
2026-01-11 00:59:00+00:00,90509.6875,3087.770751953125
2026-01-11 01:00:00+00:00,90513.6875,3087.833251953125
2026-01-11 01:01:00+00:00,90506.21875,3087.685546875
2026-01-11 01:02:00+00:00,90503.765625,3087.693115234375
2026-01-11 01:03:00+00:00,90510.6953125,3087.85693359375
2026-01-11 01:04:00+00:00,90512.5078125,3087.72216796875
2026-01-11 01:05:00+00:00,90523.3046875,3088.0654296875
2026-01-11 01:06:00+00:00,90525.859375,3088.427490234375
2026-01-11 01:07:00+00:00,90530.3671875,3088.39501953125
2026-01-11 01:09:00+00:00,90535.484375,3088.77978515625
2026-01-11 01:10:00+00:00,90539.046875,3088.880615234375
2026-01-11 01:11:00+00:00,90525.390625,3088.1201171875
2026-01-11 01:12:00+00:00,90520.8828125,3087.788330078125
2026-01-11 01:13:00+00:00,90506.90625,3087.090576171875
2026-01-11 01:14:00+00:00,90506.34375,3087.139404296875
2026-01-11 01:15:00+00:00,90509.421875,3087.249267578125
2026-01-11 01:16:00+00:00,90520.546875,3087.747314453125
2026-01-11 01:17:00+00:00,90524.3671875,3087.8369140625
2026-01-11 01:18:00+00:00,90521.84375,3087.771728515625
2026-01-11 01:19:00+00:00,90518.8984375,3087.718505859375
2026-01-11 01:21:00+00:00,90524.015625,3088.3056640625
2026-01-11 01:22:00+00:00,90522.46875,3088.630615234375
2026-01-11 01:23:00+00:00,90520.71875,3088.555419921875
2026-01-11 01:24:00+00:00,90482.8671875,3087.524658203125
2026-01-11 01:25:00+00:00,90456.53125,3085.72607421875
2026-01-11 01:26:00+00:00,90469.09375,3086.479736328125
2026-01-11 01:28:00+00:00,90473.6328125,3087.377685546875
2026-01-11 01:29:00+00:00,90464.421875,3087.822509765625
2026-01-11 01:30:00+00:00,90465.40625,3087.90771484375
2026-01-11 01:31:00+00:00,90480.5625,3088.0478515625
2026-01-11 01:33:00+00:00,90471.4296875,3086.411865234375
2026-01-11 01:34:00+00:00,90454.703125,3086.220703125
2026-01-11 01:35:00+00:00,90460.1328125,3086.52099609375
2026-01-11 01:37:00+00:00,90431.78125,3085.668701171875
2026-01-11 01:38:00+00:00,90443.3359375,3085.94287109375
2026-01-11 01:39:00+00:00,90459.9296875,3086.501220703125
2026-01-11 01:41:00+00:00,90456.6875,3086.940673828125
2026-01-11 01:42:00+00:00,90453.828125,3087.164794921875
2026-01-11 01:43:00+00:00,90468.4765625,3087.802490234375
2026-01-11 01:45:00+00:00,90473.2265625,3088.25390625
2026-01-11 01:46:00+00:00,90469.71875,3088.636474609375
2026-01-11 01:48:00+00:00,90485.5390625,3089.559814453125
2026-01-11 01:49:00+00:00,90494.7734375,3090.11279296875
2026-01-11 01:50:00+00:00,90484.1953125,3089.74072265625
2026-01-11 01:51:00+00:00,90488.3125,3090.06494140625
2026-01-11 01:52:00+00:00,90491.984375,3090.45751953125
2026-01-11 01:53:00+00:00,90486.09375,3090.31005859375
2026-01-11 01:54:00+00:00,90497.5078125,3090.417724609375
2026-01-11 01:55:00+00:00,90500.5625,3090.184814453125
2026-01-11 01:57:00+00:00,90490.6953125,3090.302001953125
2026-01-11 01:59:00+00:00,90509.9609375,3090.596435546875
2026-01-11 02:01:00+00:00,90513.203125,3090.78564453125
2026-01-11 02:02:00+00:00,90508.796875,3091.09716796875
2026-01-11 02:03:00+00:00,90512.625,3091.155517578125
2026-01-11 02:04:00+00:00,90517.7421875,3091.09912109375
2026-01-11 02:05:00+00:00,90517.0234375,3090.861572265625
2026-01-11 02:06:00+00:00,90526.5625,3090.55322265625
2026-01-11 02:07:00+00:00,90505.4765625,3089.542236328125
2026-01-11 02:08:00+00:00,90505.4609375,3089.752197265625
2026-01-11 02:09:00+00:00,90507.2890625,3089.6328125
2026-01-11 02:10:00+00:00,90522.1015625,3090.026611328125
2026-01-11 02:11:00+00:00,90540.2421875,3090.91455078125
2026-01-11 02:13:00+00:00,90568.3203125,3091.99365234375
2026-01-11 02:14:00+00:00,90569.890625,3092.194091796875
2026-01-11 02:16:00+00:00,90582.4375,3092.559814453125
2026-01-11 02:17:00+00:00,90577.828125,3092.443603515625
2026-01-11 02:18:00+00:00,90572.3515625,3092.805908203125
2026-01-11 02:19:00+00:00,90574.796875,3092.843505859375
2026-01-11 02:21:00+00:00,90575.3515625,3093.229736328125
2026-01-11 02:22:00+00:00,90568.7265625,3092.475341796875
2026-01-11 02:23:00+00:00,90531.3671875,3090.844482421875
2026-01-11 02:24:00+00:00,90546.3359375,3091.089111328125
2026-01-11 02:25:00+00:00,90547.8515625,3090.966064453125
2026-01-11 02:26:00+00:00,90552.3046875,3091.301025390625
2026-01-11 02:27:00+00:00,90557.328125,3091.2646484375
2026-01-11 02:28:00+00:00,90555.3515625,3091.18017578125
2026-01-11 02:29:00+00:00,90555.921875,3091.19140625
2026-01-11 02:30:00+00:00,90554.75,3091.06201171875
2026-01-11 02:31:00+00:00,90549.15625,3090.932373046875
2026-01-11 02:33:00+00:00,90558.390625,3090.7099609375
2026-01-11 02:34:00+00:00,90524.75,3089.454345703125
2026-01-11 02:35:00+00:00,90528.0234375,3089.296142578125
2026-01-11 02:37:00+00:00,90535.703125,3089.45947265625
2026-01-11 02:38:00+00:00,90531.7890625,3089.3203125
2026-01-11 02:39:00+00:00,90531.5625,3089.318115234375
2026-01-11 02:40:00+00:00,90544.0625,3089.66015625
2026-01-11 02:41:00+00:00,90555.5625,3090.07666015625
2026-01-11 02:42:00+00:00,90563.421875,3090.03515625
2026-01-11 02:43:00+00:00,90557.2421875,3089.739501953125
2026-01-11 02:45:00+00:00,90570.0703125,3090.21142578125
2026-01-11 02:46:00+00:00,90570.8671875,3089.957763671875
2026-01-11 02:47:00+00:00,90580.34375,3090.41162109375
2026-01-11 02:48:00+00:00,90583.9921875,3090.4716796875
2026-01-11 02:49:00+00:00,90579.2734375,3090.405029296875
2026-01-11 02:50:00+00:00,90601.640625,3091.312744140625
2026-01-11 02:51:00+00:00,90592.46875,3090.544677734375
2026-01-11 02:52:00+00:00,90599.75,3090.73291015625
2026-01-11 02:53:00+00:00,90589.90625,3089.8349609375
2026-01-11 02:54:00+00:00,90585.3515625,3089.28076171875
2026-01-11 02:55:00+00:00,90589.7265625,3088.636474609375
2026-01-11 02:57:00+00:00,90582.984375,3089.56787109375
2026-01-11 02:58:00+00:00,90579.0625,3089.362548828125
2026-01-11 02:59:00+00:00,90579.109375,3089.2177734375
2026-01-11 03:00:00+00:00,90577.6171875,3088.9443359375
2026-01-11 03:01:00+00:00,90579.2890625,3088.9931640625
2026-01-11 03:02:00+00:00,90577.2109375,3089.052001953125
2026-01-11 03:03:00+00:00,90578.40625,3089.087890625
2026-01-11 03:04:00+00:00,90568.53125,3088.8916015625
2026-01-11 03:05:00+00:00,90570.421875,3089.0419921875
2026-01-11 03:06:00+00:00,90557.265625,3088.613525390625
2026-01-11 03:07:00+00:00,90550.8046875,3088.889404296875
2026-01-11 03:09:00+00:00,90543.0078125,3089.41015625
2026-01-11 03:10:00+00:00,90541.8671875,3089.311767578125
2026-01-11 03:11:00+00:00,90532.78125,3089.196044921875
2026-01-11 03:13:00+00:00,90536.375,3089.669189453125
2026-01-11 03:14:00+00:00,90532.8046875,3089.439453125
2026-01-11 03:15:00+00:00,90535.6640625,3089.635009765625
2026-01-11 03:16:00+00:00,90531.0703125,3089.787109375
2026-01-11 03:17:00+00:00,90523.5625,3089.738525390625
2026-01-11 03:18:00+00:00,90547.3984375,3090.33837890625
2026-01-11 03:19:00+00:00,90555.0390625,3090.607666015625
2026-01-11 03:21:00+00:00,90574.546875,3091.2841796875
2026-01-11 03:22:00+00:00,90585.453125,3091.7177734375
2026-01-11 03:23:00+00:00,90601.546875,3092.04931640625
2026-01-11 03:25:00+00:00,90597.0,3090.968505859375
2026-01-11 03:26:00+00:00,90607.9296875,3091.58056640625
2026-01-11 03:27:00+00:00,90599.46875,3091.28369140625
2026-01-11 03:28:00+00:00,90598.203125,3091.1728515625
2026-01-11 03:30:00+00:00,90591.0078125,3090.95751953125
2026-01-11 03:31:00+00:00,90594.2890625,3090.916259765625
2026-01-11 03:33:00+00:00,90577.03125,3090.5869140625
2026-01-11 03:34:00+00:00,90581.8828125,3090.843505859375
2026-01-11 03:35:00+00:00,90589.15625,3091.1591796875
2026-01-11 03:36:00+00:00,90587.328125,3091.1904296875
2026-01-11 03:37:00+00:00,90588.8359375,3091.414794921875
2026-01-11 03:38:00+00:00,90591.578125,3091.401123046875
2026-01-11 03:39:00+00:00,90589.3828125,3091.403076171875
2026-01-11 03:40:00+00:00,90585.8515625,3091.390380859375
2026-01-11 03:41:00+00:00,90588.5703125,3091.648681640625
2026-01-11 03:42:00+00:00,90588.5625,3091.660400390625
2026-01-11 03:43:00+00:00,90588.171875,3091.83251953125
2026-01-11 03:45:00+00:00,90584.8828125,3092.059814453125
2026-01-11 03:46:00+00:00,90590.046875,3092.563720703125
2026-01-11 03:47:00+00:00,90587.9609375,3092.759765625
2026-01-11 03:48:00+00:00,90585.3671875,3092.962646484375
2026-01-11 03:49:00+00:00,90590.0546875,3093.07666015625
2026-01-11 03:50:00+00:00,90593.546875,3093.179931640625
2026-01-11 03:51:00+00:00,90592.859375,3093.143310546875
2026-01-11 03:52:00+00:00,90598.734375,3093.131591796875
2026-01-11 03:53:00+00:00,90601.59375,3093.17236328125
2026-01-11 03:54:00+00:00,90607.1328125,3092.84521484375
2026-01-11 03:55:00+00:00,90605.515625,3092.794921875
2026-01-11 03:57:00+00:00,90608.71875,3092.9052734375
2026-01-11 03:58:00+00:00,90613.8359375,3092.934814453125
2026-01-11 03:59:00+00:00,90617.046875,3093.1064453125
2026-01-11 04:00:00+00:00,90613.515625,3092.894775390625
2026-01-11 04:01:00+00:00,90605.4921875,3092.856689453125
2026-01-11 04:02:00+00:00,90607.1875,3092.909912109375
2026-01-11 04:03:00+00:00,90610.4765625,3092.87109375
2026-01-11 04:04:00+00:00,90609.6796875,3092.651611328125
2026-01-11 04:05:00+00:00,90611.8828125,3092.57177734375
2026-01-11 04:06:00+00:00,90603.0859375,3092.29541015625
2026-01-11 04:07:00+00:00,90599.4765625,3092.69677734375
2026-01-11 04:08:00+00:00,90611.21875,3093.883056640625
2026-01-11 04:09:00+00:00,90611.390625,3093.90625
2026-01-11 04:10:00+00:00,90609.625,3093.9404296875
2026-01-11 04:11:00+00:00,90606.828125,3093.785888671875
2026-01-11 04:12:00+00:00,90609.3203125,3093.749267578125
2026-01-11 04:13:00+00:00,90580.953125,3092.21044921875
2026-01-11 04:14:00+00:00,90597.28125,3092.274169921875
2026-01-11 04:15:00+00:00,90600.046875,3092.155029296875
2026-01-11 04:16:00+00:00,90619.0625,3092.96826171875
2026-01-11 04:17:00+00:00,90627.296875,3092.989013671875
2026-01-11 04:18:00+00:00,90624.84375,3092.76953125
2026-01-11 04:19:00+00:00,90613.484375,3092.53271484375
2026-01-11 04:20:00+00:00,90599.8203125,3092.178466796875
2026-01-11 04:22:00+00:00,90585.1171875,3091.18212890625
2026-01-11 04:23:00+00:00,90590.3671875,3091.614501953125
2026-01-11 04:24:00+00:00,90588.484375,3091.51708984375
2026-01-11 04:25:00+00:00,90589.6171875,3091.604248046875
2026-01-11 04:26:00+00:00,90586.6171875,3091.4921875
2026-01-11 04:27:00+00:00,90587.515625,3091.4697265625
2026-01-11 04:28:00+00:00,90591.3984375,3091.43359375
2026-01-11 04:29:00+00:00,90589.453125,3091.574462890625
2026-01-11 04:30:00+00:00,90588.6875,3091.541748046875
2026-01-11 04:31:00+00:00,90599.484375,3091.76416015625
2026-01-11 04:33:00+00:00,90596.2734375,3091.863525390625
2026-01-11 04:34:00+00:00,90619.6171875,3092.582763671875
2026-01-11 04:35:00+00:00,90631.0078125,3092.779541015625
2026-01-11 04:37:00+00:00,90656.15625,3094.494140625
2026-01-11 04:38:00+00:00,90647.5625,3093.7412109375
2026-01-11 04:39:00+00:00,90653.875,3093.933349609375
2026-01-11 04:41:00+00:00,90642.0390625,3092.405517578125
2026-01-11 04:42:00+00:00,90649.53125,3092.58154296875
2026-01-11 04:43:00+00:00,90646.453125,3092.17041015625
2026-01-11 04:45:00+00:00,90637.4453125,3091.662109375
2026-01-11 04:46:00+00:00,90638.40625,3091.950927734375
2026-01-11 04:47:00+00:00,90642.875,3092.043701171875
2026-01-11 04:48:00+00:00,90642.65625,3092.082275390625
2026-01-11 04:49:00+00:00,90646.78125,3092.259521484375
2026-01-11 04:50:00+00:00,90648.1484375,3092.332763671875
2026-01-11 04:51:00+00:00,90646.5234375,3092.305908203125
2026-01-11 04:52:00+00:00,90646.8984375,3092.324462890625
2026-01-11 04:53:00+00:00,90651.96875,3093.054931640625
2026-01-11 04:54:00+00:00,90648.34375,3093.217041015625
2026-01-11 04:55:00+00:00,90649.65625,3092.96044921875
2026-01-11 04:57:00+00:00,90650.6875,3093.16552734375
2026-01-11 04:58:00+00:00,90652.234375,3093.169677734375
2026-01-11 04:59:00+00:00,90662.78125,3093.810791015625
2026-01-11 05:00:00+00:00,90674.28125,3094.057373046875
2026-01-11 05:01:00+00:00,90671.4296875,3093.92138671875
2026-01-11 05:02:00+00:00,90668.515625,3093.792724609375
2026-01-11 05:03:00+00:00,90673.1015625,3094.049072265625
2026-01-11 05:04:00+00:00,90669.5390625,3093.90234375
2026-01-11 05:05:00+00:00,90664.75,3093.7275390625
2026-01-11 05:06:00+00:00,90668.8828125,3094.123046875
2026-01-11 05:07:00+00:00,90668.03125,3094.119140625
2026-01-11 05:09:00+00:00,90670.7578125,3094.2880859375
2026-01-11 05:10:00+00:00,90666.4140625,3094.34375
2026-01-11 05:11:00+00:00,90662.3046875,3094.29931640625
2026-01-11 05:12:00+00:00,90664.9375,3094.719970703125
2026-01-11 05:13:00+00:00,90664.421875,3094.666015625
2026-01-11 05:14:00+00:00,90662.53125,3094.3564453125
2026-01-11 05:15:00+00:00,90670.234375,3094.458740234375
2026-01-11 05:16:00+00:00,90660.71875,3093.779541015625
2026-01-11 05:17:00+00:00,90662.4609375,3093.8212890625
2026-01-11 05:18:00+00:00,90663.671875,3093.759765625
2026-01-11 05:19:00+00:00,90652.046875,3093.683349609375
2026-01-11 05:20:00+00:00,90652.8515625,3093.702880859375
2026-01-11 05:21:00+00:00,90641.7109375,3093.550048828125
2026-01-11 05:22:00+00:00,90635.40625,3093.347900390625
2026-01-11 05:23:00+00:00,90634.8046875,3093.22119140625
2026-01-11 05:24:00+00:00,90626.71875,3092.802001953125
2026-01-11 05:25:00+00:00,90630.8125,3093.0126953125
2026-01-11 05:26:00+00:00,90641.4140625,3093.388916015625
2026-01-11 05:28:00+00:00,90639.3828125,3093.3134765625
2026-01-11 05:29:00+00:00,90641.375,3093.42529296875
2026-01-11 05:30:00+00:00,90641.859375,3093.356201171875
2026-01-11 05:31:00+00:00,90644.3203125,3093.467041015625
2026-01-11 05:33:00+00:00,90661.8125,3094.15234375
2026-01-11 05:34:00+00:00,90661.90625,3093.921875
2026-01-11 05:35:00+00:00,90664.2421875,3094.197265625
2026-01-11 05:37:00+00:00,90665.3671875,3094.187744140625
2026-01-11 05:38:00+00:00,90654.640625,3093.99072265625
2026-01-11 05:39:00+00:00,90657.4296875,3094.1669921875
2026-01-11 05:40:00+00:00,90680.046875,3094.93701171875
2026-01-11 05:41:00+00:00,90680.1875,3094.868896484375
2026-01-11 05:42:00+00:00,90684.5390625,3094.870361328125
2026-01-11 05:43:00+00:00,90686.21875,3094.93408203125
2026-01-11 05:44:00+00:00,90680.9140625,3094.8193359375
2026-01-11 05:45:00+00:00,90701.8515625,3095.89501953125
2026-01-11 05:47:00+00:00,90712.734375,3096.941650390625
2026-01-11 05:48:00+00:00,90716.96875,3097.163818359375
2026-01-11 05:49:00+00:00,90709.6484375,3096.94970703125
2026-01-11 05:50:00+00:00,90699.90625,3096.529541015625
2026-01-11 05:51:00+00:00,90695.6171875,3096.358642578125
2026-01-11 05:53:00+00:00,90663.5625,3094.8251953125
2026-01-11 05:54:00+00:00,90652.203125,3094.45654296875
2026-01-11 05:55:00+00:00,90655.9296875,3094.70654296875
2026-01-11 05:56:00+00:00,90643.2109375,3094.636962890625
2026-01-11 05:58:00+00:00,90643.7734375,3094.95166015625
2026-01-11 05:59:00+00:00,90644.2890625,3094.983642578125
2026-01-11 06:00:00+00:00,90650.0,3095.27978515625
2026-01-11 06:01:00+00:00,90654.8671875,3095.79443359375
2026-01-11 06:02:00+00:00,90656.4921875,3095.512939453125
2026-01-11 06:03:00+00:00,90657.2890625,3095.432373046875
2026-01-11 06:04:00+00:00,90665.0,3095.6611328125
2026-01-11 06:05:00+00:00,90682.7109375,3096.357666015625
2026-01-11 06:06:00+00:00,90668.78125,3095.898681640625
2026-01-11 06:07:00+00:00,90669.9765625,3094.71533203125
2026-01-11 06:08:00+00:00,90665.03125,3095.447265625
2026-01-11 06:09:00+00:00,90669.3828125,3095.474365234375
2026-01-11 06:10:00+00:00,90672.25,3096.146240234375
2026-01-11 06:11:00+00:00,90673.5859375,3096.4111328125
2026-01-11 06:12:00+00:00,90669.2578125,3095.814208984375
2026-01-11 06:13:00+00:00,90671.5546875,3095.9453125
2026-01-11 06:14:00+00:00,90672.0625,3095.784423828125
2026-01-11 06:15:00+00:00,90670.3515625,3095.874267578125
2026-01-11 06:16:00+00:00,90672.1328125,3095.62353515625
2026-01-11 06:17:00+00:00,90672.046875,3095.59033203125
2026-01-11 06:18:00+00:00,90673.25,3095.611572265625
2026-01-11 06:19:00+00:00,90663.8359375,3094.260009765625
2026-01-11 06:20:00+00:00,90590.21875,3089.664306640625
2026-01-11 06:21:00+00:00,90552.78125,3088.59033203125
2026-01-11 06:23:00+00:00,90506.7265625,3088.146728515625
2026-01-11 06:25:00+00:00,90530.6640625,3089.100341796875
2026-01-11 06:26:00+00:00,90529.34375,3088.89306640625
2026-01-11 06:28:00+00:00,90551.6015625,3089.66259765625
2026-01-11 06:29:00+00:00,90549.515625,3089.6513671875
2026-01-11 06:31:00+00:00,90547.2890625,3089.819091796875
2026-01-11 06:33:00+00:00,90543.2109375,3089.019287109375
2026-01-11 06:34:00+00:00,90547.828125,3089.008544921875
2026-01-11 06:35:00+00:00,90549.53125,3089.052001953125
2026-01-11 06:36:00+00:00,90546.6171875,3088.720458984375
2026-01-11 06:37:00+00:00,90545.15625,3088.7607421875
2026-01-11 06:38:00+00:00,90552.2109375,3089.095947265625
2026-01-11 06:39:00+00:00,90547.7578125,3089.193115234375
2026-01-11 06:40:00+00:00,90545.6953125,3089.28125
2026-01-11 06:41:00+00:00,90548.9375,3089.3876953125
2026-01-11 06:42:00+00:00,90548.2734375,3089.395751953125
2026-01-11 06:43:00+00:00,90552.046875,3089.664306640625
2026-01-11 06:45:00+00:00,90558.484375,3090.03955078125
2026-01-11 06:46:00+00:00,90573.7578125,3090.536865234375
2026-01-11 06:47:00+00:00,90563.4609375,3090.478515625
2026-01-11 06:48:00+00:00,90564.703125,3090.64208984375
2026-01-11 06:49:00+00:00,90568.15625,3090.731689453125
2026-01-11 06:50:00+00:00,90563.75,3090.636474609375
2026-01-11 06:51:00+00:00,90558.015625,3090.53857421875
2026-01-11 06:52:00+00:00,90556.546875,3091.0146484375
2026-01-11 06:53:00+00:00,90567.296875,3091.293701171875
2026-01-11 06:54:00+00:00,90597.6328125,3092.168701171875
2026-01-11 06:55:00+00:00,90615.046875,3092.955810546875
2026-01-11 06:57:00+00:00,90629.4921875,3093.180419921875
2026-01-11 06:58:00+00:00,90628.0234375,3093.32568359375
2026-01-11 06:59:00+00:00,90632.9921875,3093.713134765625
2026-01-11 07:00:00+00:00,90634.09375,3093.711181640625
2026-01-11 07:01:00+00:00,90632.265625,3094.214599609375
2026-01-11 07:02:00+00:00,90626.640625,3093.94287109375
2026-01-11 07:03:00+00:00,90629.6640625,3094.40283203125
2026-01-11 07:04:00+00:00,90623.71875,3094.375732421875
2026-01-11 07:05:00+00:00,90630.9765625,3094.574462890625
2026-01-11 07:06:00+00:00,90617.90625,3094.284423828125
2026-01-11 07:07:00+00:00,90608.5859375,3093.79736328125
2026-01-11 07:08:00+00:00,90611.09375,3093.845947265625
2026-01-11 07:09:00+00:00,90613.390625,3093.7099609375
2026-01-11 07:10:00+00:00,90601.2109375,3093.33203125
2026-01-11 07:11:00+00:00,90590.0390625,3091.74951171875
2026-01-11 07:13:00+00:00,90574.4609375,3091.402099609375
2026-01-11 07:14:00+00:00,90576.21875,3091.46142578125
2026-01-11 07:15:00+00:00,90574.1015625,3091.40966796875
2026-01-11 07:16:00+00:00,90584.1640625,3091.8251953125
2026-01-11 07:17:00+00:00,90581.03125,3091.8115234375
2026-01-11 07:18:00+00:00,90576.765625,3091.725341796875
2026-01-11 07:19:00+00:00,90564.6796875,3091.13232421875
2026-01-11 07:20:00+00:00,90564.0546875,3091.289306640625
2026-01-11 07:21:00+00:00,90570.390625,3091.546142578125
2026-01-11 07:22:00+00:00,90573.9453125,3091.5244140625
2026-01-11 07:23:00+00:00,90577.3359375,3090.898193359375
2026-01-11 07:24:00+00:00,90599.6015625,3091.2490234375
2026-01-11 07:25:00+00:00,90616.46875,3092.17333984375
2026-01-11 07:26:00+00:00,90630.875,3092.428955078125
2026-01-11 07:28:00+00:00,90625.7265625,3091.824951171875
2026-01-11 07:29:00+00:00,90614.671875,3090.89111328125
2026-01-11 07:30:00+00:00,90614.359375,3091.357421875
2026-01-11 07:31:00+00:00,90614.109375,3091.376953125
2026-01-11 07:32:00+00:00,90612.4453125,3091.201416015625
2026-01-11 07:33:00+00:00,90619.6015625,3090.9755859375
2026-01-11 07:35:00+00:00,90622.421875,3091.101318359375
2026-01-11 07:36:00+00:00,90617.515625,3090.224609375
2026-01-11 07:37:00+00:00,90612.84375,3090.409912109375
2026-01-11 07:38:00+00:00,90598.0,3089.389404296875
2026-01-11 07:39:00+00:00,90589.3359375,3088.972900390625
2026-01-11 07:40:00+00:00,90592.890625,3089.359619140625
2026-01-11 07:41:00+00:00,90589.3984375,3089.412109375
2026-01-11 07:42:00+00:00,90599.2734375,3090.201171875
2026-01-11 07:43:00+00:00,90597.203125,3090.16162109375
2026-01-11 07:45:00+00:00,90588.6875,3090.48583984375
2026-01-11 07:46:00+00:00,90589.3828125,3090.438720703125
2026-01-11 07:47:00+00:00,90586.9375,3090.50732421875
2026-01-11 07:48:00+00:00,90584.1875,3090.395751953125
2026-01-11 07:49:00+00:00,90588.0546875,3090.420166015625
2026-01-11 07:50:00+00:00,90583.8671875,3090.48681640625
2026-01-11 07:51:00+00:00,90591.9609375,3090.36181640625
2026-01-11 07:52:00+00:00,90592.5078125,3090.399169921875
2026-01-11 07:53:00+00:00,90590.6015625,3090.27001953125
2026-01-11 07:55:00+00:00,90591.1484375,3090.27197265625
2026-01-11 07:57:00+00:00,90589.78125,3090.59423828125
2026-01-11 07:58:00+00:00,90587.9296875,3090.77783203125
2026-01-11 07:59:00+00:00,90589.421875,3090.9921875
2026-01-11 08:01:00+00:00,90597.4375,3091.345458984375
2026-01-11 08:02:00+00:00,90600.1796875,3091.252685546875
2026-01-11 08:03:00+00:00,90601.6640625,3091.270263671875
2026-01-11 08:04:00+00:00,90607.5703125,3091.4814453125
2026-01-11 08:05:00+00:00,90585.34375,3090.600341796875
2026-01-11 08:06:00+00:00,90571.234375,3089.848388671875
2026-01-11 08:07:00+00:00,90526.984375,3089.4306640625
2026-01-11 08:08:00+00:00,90526.84375,3089.3271484375
2026-01-11 08:09:00+00:00,90546.015625,3090.26416015625
2026-01-11 08:10:00+00:00,90544.6484375,3090.416748046875
2026-01-11 08:11:00+00:00,90544.9921875,3090.4052734375
2026-01-11 08:12:00+00:00,90548.7890625,3090.704833984375
2026-01-11 08:13:00+00:00,90567.3671875,3090.963623046875
2026-01-11 08:14:00+00:00,90565.1171875,3090.98974609375
2026-01-11 08:15:00+00:00,90550.6171875,3090.97607421875
2026-01-11 08:16:00+00:00,90574.1484375,3091.712890625
2026-01-11 08:17:00+00:00,90567.9609375,3092.625
2026-01-11 08:18:00+00:00,90575.6953125,3092.744384765625
2026-01-11 08:19:00+00:00,90579.5625,3092.849853515625
2026-01-11 08:22:00+00:00,90577.1328125,3093.062744140625
2026-01-11 08:23:00+00:00,90587.140625,3093.17138671875
2026-01-11 08:24:00+00:00,90600.21875,3093.209716796875
2026-01-11 08:25:00+00:00,90602.1171875,3093.303955078125
2026-01-11 08:26:00+00:00,90601.96875,3093.662353515625
2026-01-11 08:27:00+00:00,90596.5390625,3093.32861328125
2026-01-11 08:28:00+00:00,90594.4609375,3093.262939453125
2026-01-11 08:29:00+00:00,90595.4453125,3093.21630859375
2026-01-11 08:31:00+00:00,90609.640625,3093.85986328125
2026-01-11 08:33:00+00:00,90635.3671875,3094.104736328125
2026-01-11 08:34:00+00:00,90630.15625,3093.93310546875
2026-01-11 08:35:00+00:00,90633.859375,3094.803466796875
2026-01-11 08:37:00+00:00,90664.046875,3095.900634765625
2026-01-11 08:38:00+00:00,90671.4296875,3096.377685546875
2026-01-11 08:39:00+00:00,90666.59375,3096.464111328125
2026-01-11 08:40:00+00:00,90626.015625,3095.549560546875
2026-01-11 08:41:00+00:00,90569.484375,3094.408203125
2026-01-11 08:42:00+00:00,90596.640625,3096.054443359375
2026-01-11 08:43:00+00:00,90594.921875,3095.958984375
2026-01-11 08:44:00+00:00,90608.0625,3096.081787109375
2026-01-11 08:45:00+00:00,90604.3046875,3096.199462890625
2026-01-11 08:46:00+00:00,90595.6171875,3095.7392578125
2026-01-11 08:47:00+00:00,90589.203125,3095.48046875
2026-01-11 08:48:00+00:00,90586.6796875,3095.259521484375
2026-01-11 08:49:00+00:00,90587.828125,3095.222412109375
2026-01-11 08:50:00+00:00,90598.3984375,3095.714599609375
2026-01-11 08:51:00+00:00,90588.3984375,3095.732421875
2026-01-11 08:52:00+00:00,90586.8828125,3095.716552734375
2026-01-11 08:53:00+00:00,90591.96875,3095.756591796875
2026-01-11 08:54:00+00:00,90589.4453125,3095.6435546875
2026-01-11 08:55:00+00:00,90590.046875,3095.62744140625
2026-01-11 08:57:00+00:00,90683.984375,3102.738037109375
2026-01-11 08:58:00+00:00,90671.1015625,3100.581787109375
2026-01-11 08:59:00+00:00,90668.0546875,3099.843994140625
2026-01-11 09:00:00+00:00,90667.6640625,3099.545654296875
2026-01-11 09:01:00+00:00,90671.09375,3099.31787109375
2026-01-11 09:02:00+00:00,90668.78125,3099.9501953125
2026-01-11 09:03:00+00:00,90669.75,3100.014404296875
2026-01-11 09:04:00+00:00,90668.3671875,3099.934814453125
2026-01-11 09:05:00+00:00,90670.3671875,3100.210205078125
2026-01-11 09:06:00+00:00,90669.9765625,3100.205810546875
2026-01-11 09:07:00+00:00,90672.8515625,3100.19482421875
2026-01-11 09:08:00+00:00,90672.765625,3099.6484375
2026-01-11 09:09:00+00:00,90667.34375,3099.3388671875
2026-01-11 09:10:00+00:00,90673.9609375,3099.486572265625
2026-01-11 09:11:00+00:00,90673.1796875,3099.688720703125
2026-01-11 09:13:00+00:00,90670.75,3099.8447265625
2026-01-11 09:14:00+00:00,90669.421875,3099.759033203125
2026-01-11 09:15:00+00:00,90649.640625,3099.4873046875
2026-01-11 09:16:00+00:00,90652.2421875,3099.46630859375
2026-01-11 09:17:00+00:00,90667.5859375,3099.87841796875
2026-01-11 09:18:00+00:00,90661.828125,3099.699951171875
2026-01-11 09:19:00+00:00,90669.9375,3099.971435546875
2026-01-11 09:20:00+00:00,90662.5703125,3099.875732421875
2026-01-11 09:21:00+00:00,90674.1640625,3100.266357421875
2026-01-11 09:22:00+00:00,90683.7734375,3100.886962890625
2026-01-11 09:23:00+00:00,90672.7578125,3101.240966796875
2026-01-11 09:26:00+00:00,90663.234375,3101.663330078125
2026-01-11 09:27:00+00:00,90644.578125,3101.138671875
2026-01-11 09:28:00+00:00,90640.0703125,3101.286865234375
2026-01-11 09:29:00+00:00,90639.5703125,3101.27587890625
2026-01-11 09:30:00+00:00,90638.78125,3101.4287109375
2026-01-11 09:31:00+00:00,90630.5078125,3102.013916015625
2026-01-11 09:33:00+00:00,90631.390625,3101.887939453125
2026-01-11 09:34:00+00:00,90630.515625,3102.419189453125
2026-01-11 09:35:00+00:00,90627.6640625,3102.229248046875
2026-01-11 09:36:00+00:00,90610.078125,3099.829345703125
2026-01-11 09:37:00+00:00,90604.6328125,3098.675048828125
2026-01-11 09:38:00+00:00,90588.3984375,3098.0361328125
2026-01-11 09:39:00+00:00,90586.9296875,3097.611328125
2026-01-11 09:40:00+00:00,90576.5,3097.269287109375
2026-01-11 09:41:00+00:00,90581.1953125,3097.3486328125
2026-01-11 09:42:00+00:00,90568.484375,3097.218017578125
2026-01-11 09:43:00+00:00,90582.4296875,3097.870361328125
2026-01-11 09:45:00+00:00,90609.3671875,3098.081298828125
2026-01-11 09:46:00+00:00,90627.9375,3098.311767578125
2026-01-11 09:47:00+00:00,90624.015625,3098.283935546875
2026-01-11 09:48:00+00:00,90636.359375,3098.480224609375
2026-01-11 09:49:00+00:00,90652.265625,3098.69384765625
2026-01-11 09:50:00+00:00,90663.25,3099.839111328125
2026-01-11 09:51:00+00:00,90621.140625,3099.482177734375
2026-01-11 09:52:00+00:00,90634.8515625,3100.651611328125
2026-01-11 09:53:00+00:00,90630.5234375,3100.625
2026-01-11 09:54:00+00:00,90627.9453125,3100.716064453125
2026-01-11 09:55:00+00:00,90631.7890625,3100.88818359375
2026-01-11 09:57:00+00:00,90626.3359375,3100.224365234375
2026-01-11 09:58:00+00:00,90623.921875,3100.671630859375
2026-01-11 10:01:00+00:00,90624.6015625,3100.620361328125
2026-01-11 10:02:00+00:00,90630.6328125,3101.176025390625
2026-01-11 10:03:00+00:00,90615.0234375,3101.033935546875
2026-01-11 10:04:00+00:00,90623.7734375,3100.670654296875
2026-01-11 10:05:00+00:00,90600.703125,3099.488037109375
2026-01-11 10:06:00+00:00,90602.59375,3099.075927734375
2026-01-11 10:07:00+00:00,90576.0625,3098.596923828125
2026-01-11 10:08:00+00:00,90579.984375,3098.881591796875
2026-01-11 10:09:00+00:00,90573.7578125,3099.55517578125
2026-01-11 10:11:00+00:00,90587.6640625,3101.45263671875
2026-01-11 10:12:00+00:00,90592.1328125,3101.801025390625
2026-01-11 10:13:00+00:00,90598.2421875,3102.269287109375
2026-01-11 10:14:00+00:00,90599.734375,3102.614501953125
2026-01-11 10:15:00+00:00,90620.7421875,3103.75244140625
2026-01-11 10:16:00+00:00,90601.140625,3102.799072265625
2026-01-11 10:17:00+00:00,90601.421875,3102.988037109375
2026-01-11 10:18:00+00:00,90594.734375,3102.92236328125
2026-01-11 10:19:00+00:00,90593.75,3102.812744140625
2026-01-11 10:20:00+00:00,90594.8828125,3102.927490234375
2026-01-11 10:22:00+00:00,90590.5625,3102.677734375
2026-01-11 10:23:00+00:00,90595.765625,3102.869384765625
2026-01-11 10:25:00+00:00,90588.3828125,3102.155029296875
2026-01-11 10:26:00+00:00,90591.296875,3101.51416015625
2026-01-11 10:28:00+00:00,90587.8984375,3100.742431640625
2026-01-11 10:29:00+00:00,90591.3828125,3101.0908203125
2026-01-11 10:30:00+00:00,90591.953125,3101.698974609375
2026-01-11 10:31:00+00:00,90598.3125,3101.757568359375
2026-01-11 10:33:00+00:00,90593.265625,3101.273193359375
2026-01-11 10:35:00+00:00,90591.6640625,3102.333984375
2026-01-11 10:36:00+00:00,90598.4609375,3102.8876953125
2026-01-11 10:37:00+00:00,90597.15625,3102.993408203125
2026-01-11 10:38:00+00:00,90595.5078125,3103.16650390625
2026-01-11 10:39:00+00:00,90602.90625,3103.09765625
2026-01-11 10:40:00+00:00,90594.5234375,3102.727783203125
2026-01-11 10:41:00+00:00,90606.3125,3103.215087890625
2026-01-11 10:42:00+00:00,90606.640625,3103.26025390625
2026-01-11 10:43:00+00:00,90614.09375,3103.103271484375
2026-01-11 10:44:00+00:00,90603.3125,3103.0322265625
2026-01-11 10:46:00+00:00,90577.84375,3101.60791015625
2026-01-11 10:47:00+00:00,90581.8359375,3101.77197265625
2026-01-11 10:48:00+00:00,90581.8359375,3101.77197265625
2026-01-11 10:49:00+00:00,90578.609375,3101.169677734375
2026-01-11 10:50:00+00:00,90581.421875,3100.994873046875
2026-01-11 10:51:00+00:00,90588.2890625,3101.75927734375
2026-01-11 10:52:00+00:00,90603.7890625,3103.216796875
2026-01-11 10:53:00+00:00,90615.9765625,3103.2275390625
2026-01-11 10:54:00+00:00,90611.546875,3102.681396484375
2026-01-11 10:55:00+00:00,90608.8359375,3102.632568359375
2026-01-11 10:57:00+00:00,90611.140625,3102.983642578125
2026-01-11 10:58:00+00:00,90612.6484375,3102.952880859375
2026-01-11 10:59:00+00:00,90614.265625,3103.22216796875
2026-01-11 11:00:00+00:00,90610.6328125,3103.33203125
2026-01-11 11:01:00+00:00,90605.875,3103.212646484375
2026-01-11 11:02:00+00:00,90605.1484375,3103.356689453125
2026-01-11 11:03:00+00:00,90604.234375,3103.389892578125
2026-01-11 11:05:00+00:00,90598.1953125,3102.68505859375
2026-01-11 11:06:00+00:00,90589.6328125,3102.22900390625
2026-01-11 11:07:00+00:00,90594.3671875,3102.2001953125
2026-01-11 11:08:00+00:00,90590.3515625,3101.791259765625
2026-01-11 11:10:00+00:00,90576.5625,3100.561767578125
2026-01-11 11:12:00+00:00,90590.6640625,3100.81298828125
2026-01-11 11:13:00+00:00,90591.921875,3100.88916015625
2026-01-11 11:14:00+00:00,90582.09375,3100.425048828125
2026-01-11 11:15:00+00:00,90574.984375,3100.23046875
2026-01-11 11:16:00+00:00,90581.9609375,3100.02880859375
2026-01-11 11:17:00+00:00,90586.0546875,3100.101806640625
2026-01-11 11:18:00+00:00,90586.234375,3100.24755859375
2026-01-11 11:19:00+00:00,90579.1796875,3099.9599609375
2026-01-11 11:20:00+00:00,90576.046875,3100.390869140625
2026-01-11 11:22:00+00:00,90578.6015625,3100.532470703125
2026-01-11 11:24:00+00:00,90581.484375,3100.5830078125
2026-01-11 11:25:00+00:00,90581.6015625,3100.2119140625
2026-01-11 11:26:00+00:00,90585.890625,3100.377685546875
2026-01-11 11:27:00+00:00,90581.71875,3100.250244140625
2026-01-11 11:28:00+00:00,90599.9296875,3101.3798828125
2026-01-11 11:29:00+00:00,90593.8671875,3101.50732421875
2026-01-11 11:30:00+00:00,90593.125,3101.776611328125
2026-01-11 11:31:00+00:00,90599.3359375,3102.323974609375
2026-01-11 11:32:00+00:00,90614.734375,3103.17578125
2026-01-11 11:33:00+00:00,90622.703125,3103.303955078125
2026-01-11 11:36:00+00:00,90626.09375,3103.26611328125
2026-01-11 11:37:00+00:00,90620.65625,3103.051025390625
2026-01-11 11:38:00+00:00,90620.890625,3103.21044921875
2026-01-11 11:39:00+00:00,90613.0078125,3103.16455078125
2026-01-11 11:40:00+00:00,90625.6171875,3103.2998046875
2026-01-11 11:41:00+00:00,90617.484375,3102.997802734375
2026-01-11 11:42:00+00:00,90619.4375,3103.083984375
2026-01-11 11:43:00+00:00,90622.0078125,3103.097412109375
2026-01-11 11:44:00+00:00,90626.9609375,3103.322509765625
2026-01-11 11:46:00+00:00,90602.8828125,3102.63427734375
2026-01-11 11:47:00+00:00,90605.8125,3102.247314453125
2026-01-11 11:48:00+00:00,90598.7265625,3102.03857421875
2026-01-11 11:49:00+00:00,90600.4453125,3102.162353515625
2026-01-11 11:50:00+00:00,90599.8984375,3102.054931640625
2026-01-11 11:51:00+00:00,90598.21875,3102.0068359375
2026-01-11 11:52:00+00:00,90597.7578125,3102.03955078125
2026-01-11 11:53:00+00:00,90597.109375,3101.56689453125
2026-01-11 11:54:00+00:00,90599.5390625,3101.392578125
2026-01-11 11:55:00+00:00,90604.5390625,3101.387939453125
2026-01-11 11:57:00+00:00,90603.4609375,3101.29443359375
2026-01-11 11:58:00+00:00,90604.4375,3101.306396484375
2026-01-11 11:59:00+00:00,90593.4609375,3100.307861328125
2026-01-11 12:00:00+00:00,90610.3203125,3100.67333984375
2026-01-11 12:01:00+00:00,90626.2890625,3101.75048828125
2026-01-11 12:02:00+00:00,90613.1328125,3101.285888671875
2026-01-11 12:03:00+00:00,90609.609375,3102.16845703125
2026-01-11 12:04:00+00:00,90613.03125,3102.54296875
2026-01-11 12:05:00+00:00,90616.65625,3102.465087890625
2026-01-11 12:06:00+00:00,90638.40625,3103.09228515625
2026-01-11 12:07:00+00:00,90644.4921875,3103.67919921875
2026-01-11 12:08:00+00:00,90642.984375,3103.8349609375
2026-01-11 12:09:00+00:00,90645.9765625,3103.9716796875
2026-01-11 12:12:00+00:00,90653.2421875,3103.79443359375
2026-01-11 12:13:00+00:00,90660.828125,3104.0634765625
2026-01-11 12:14:00+00:00,90661.03125,3104.320556640625
2026-01-11 12:15:00+00:00,90667.3359375,3104.201904296875
2026-01-11 12:17:00+00:00,90655.625,3103.5947265625
2026-01-11 12:18:00+00:00,90662.875,3103.981689453125
2026-01-11 12:19:00+00:00,90710.1640625,3106.001708984375
2026-01-11 12:20:00+00:00,90727.0859375,3105.962890625
2026-01-11 12:22:00+00:00,90700.265625,3104.71142578125
2026-01-11 12:24:00+00:00,90705.3984375,3105.2734375
2026-01-11 12:25:00+00:00,90711.3671875,3105.337890625
2026-01-11 12:26:00+00:00,90701.203125,3104.63232421875
2026-01-11 12:27:00+00:00,90720.421875,3105.356201171875
2026-01-11 12:28:00+00:00,90719.7578125,3105.281005859375
2026-01-11 12:29:00+00:00,90729.78125,3105.34130859375
2026-01-11 12:30:00+00:00,90738.578125,3105.528564453125
2026-01-11 12:31:00+00:00,90735.7734375,3105.43896484375
2026-01-11 12:33:00+00:00,90741.953125,3106.8310546875
2026-01-11 12:34:00+00:00,90723.4296875,3105.63330078125
2026-01-11 12:35:00+00:00,90704.8125,3104.903564453125
2026-01-11 12:37:00+00:00,90717.890625,3105.026611328125
2026-01-11 12:38:00+00:00,90714.171875,3105.07666015625
2026-01-11 12:39:00+00:00,90718.6875,3105.27392578125
2026-01-11 12:40:00+00:00,90724.859375,3105.441162109375
2026-01-11 12:41:00+00:00,90740.828125,3106.007080078125
2026-01-11 12:42:00+00:00,90731.671875,3106.560791015625
2026-01-11 12:43:00+00:00,90736.75,3106.524169921875
2026-01-11 12:45:00+00:00,90772.2265625,3107.333740234375
2026-01-11 12:46:00+00:00,90791.984375,3109.22265625
2026-01-11 12:48:00+00:00,90854.90625,3110.7177734375
2026-01-11 12:49:00+00:00,90851.1484375,3110.46142578125
2026-01-11 12:50:00+00:00,90871.7109375,3111.41552734375
2026-01-11 12:51:00+00:00,90867.4609375,3110.90966796875
2026-01-11 12:52:00+00:00,90824.7734375,3109.487548828125
2026-01-11 12:53:00+00:00,90841.25,3110.33349609375
2026-01-11 12:54:00+00:00,90851.0546875,3111.124267578125
2026-01-11 12:55:00+00:00,90849.40625,3111.224853515625
2026-01-11 12:57:00+00:00,90833.9375,3110.70751953125
2026-01-11 12:58:00+00:00,90842.7421875,3111.352294921875
2026-01-11 12:59:00+00:00,90825.1875,3110.514892578125
2026-01-11 13:00:00+00:00,90826.3125,3110.780029296875
2026-01-11 13:02:00+00:00,90832.28125,3110.21484375
2026-01-11 13:03:00+00:00,90826.0703125,3109.955078125
2026-01-11 13:04:00+00:00,90822.5390625,3109.690673828125
2026-01-11 13:05:00+00:00,90815.0078125,3109.04296875
2026-01-11 13:06:00+00:00,90820.4296875,3109.9853515625
2026-01-11 13:07:00+00:00,90825.5859375,3109.907470703125
2026-01-11 13:08:00+00:00,90803.0,3109.098876953125
2026-01-11 13:10:00+00:00,90806.3828125,3108.975341796875
2026-01-11 13:12:00+00:00,90804.0859375,3109.99169921875
2026-01-11 13:13:00+00:00,90806.5625,3110.140380859375
2026-01-11 13:14:00+00:00,90818.8828125,3110.5400390625
2026-01-11 13:15:00+00:00,90822.6796875,3110.834228515625
2026-01-11 13:16:00+00:00,90833.953125,3111.323974609375
2026-01-11 13:17:00+00:00,90846.1484375,3111.502197265625
2026-01-11 13:19:00+00:00,90820.8984375,3110.350830078125
2026-01-11 13:20:00+00:00,90824.359375,3110.852294921875
2026-01-11 13:22:00+00:00,90796.3046875,3109.72900390625
2026-01-11 13:23:00+00:00,90802.34375,3109.966796875
2026-01-11 13:25:00+00:00,90800.4453125,3108.050537109375
2026-01-11 13:26:00+00:00,90800.5859375,3108.315673828125
2026-01-11 13:27:00+00:00,90800.5859375,3108.315673828125
2026-01-11 13:28:00+00:00,90758.2578125,3106.751708984375
2026-01-11 13:29:00+00:00,90780.453125,3107.65478515625
2026-01-11 13:30:00+00:00,90776.7265625,3108.017578125
2026-01-11 13:31:00+00:00,90740.0546875,3107.273681640625
2026-01-11 13:32:00+00:00,90734.25,3106.839599609375
2026-01-11 13:33:00+00:00,90718.421875,3105.86767578125
2026-01-11 13:34:00+00:00,90728.9453125,3106.123779296875
2026-01-11 13:35:00+00:00,90725.640625,3106.079345703125
2026-01-11 13:36:00+00:00,90724.3671875,3105.96044921875
2026-01-11 13:37:00+00:00,90724.6328125,3106.4111328125
2026-01-11 13:38:00+00:00,90723.1796875,3106.457763671875
2026-01-11 13:39:00+00:00,90721.1171875,3106.439697265625
2026-01-11 13:40:00+00:00,90735.25,3107.45849609375
2026-01-11 13:41:00+00:00,90739.3046875,3107.869873046875
2026-01-11 13:42:00+00:00,90724.9140625,3106.908203125
2026-01-11 13:43:00+00:00,90737.0234375,3106.8076171875
2026-01-11 13:44:00+00:00,90723.1328125,3105.853271484375
2026-01-11 13:45:00+00:00,90718.359375,3103.546142578125
2026-01-11 13:46:00+00:00,90721.78125,3104.39794921875
2026-01-11 13:47:00+00:00,90729.765625,3104.396484375
2026-01-11 13:48:00+00:00,90715.84375,3104.606201171875
2026-01-11 13:49:00+00:00,90713.5078125,3104.410888671875
2026-01-11 13:50:00+00:00,90731.359375,3105.327880859375
2026-01-11 13:51:00+00:00,90747.734375,3106.767333984375
2026-01-11 13:52:00+00:00,90746.3671875,3106.8779296875
2026-01-11 13:53:00+00:00,90765.140625,3107.354736328125
2026-01-11 13:54:00+00:00,90765.796875,3107.3017578125
2026-01-11 13:55:00+00:00,90761.9921875,3107.28564453125
2026-01-11 13:57:00+00:00,90752.1875,3106.96142578125
2026-01-11 13:58:00+00:00,90728.734375,3105.611572265625
2026-01-11 13:59:00+00:00,90736.9296875,3106.173828125
2026-01-11 14:00:00+00:00,90740.7421875,3105.49658203125
2026-01-11 14:01:00+00:00,90742.265625,3105.512939453125
2026-01-11 14:02:00+00:00,90750.421875,3106.153076171875
2026-01-11 14:03:00+00:00,90753.7734375,3106.751953125
2026-01-11 14:04:00+00:00,90751.6953125,3106.75390625
2026-01-11 14:05:00+00:00,90776.2578125,3107.61962890625
2026-01-11 14:06:00+00:00,90792.375,3109.0576171875
2026-01-11 14:07:00+00:00,90807.4140625,3109.04248046875
2026-01-11 14:08:00+00:00,90819.546875,3109.794189453125
2026-01-11 14:09:00+00:00,90812.78125,3109.751220703125
2026-01-11 14:11:00+00:00,90819.5859375,3109.845458984375
2026-01-11 14:12:00+00:00,90817.15625,3109.8310546875
2026-01-11 14:13:00+00:00,90825.6328125,3110.042724609375
2026-01-11 14:14:00+00:00,90823.5703125,3109.9619140625
2026-01-11 14:15:00+00:00,90823.34375,3109.9453125
2026-01-11 14:16:00+00:00,90812.6640625,3109.40234375
2026-01-11 14:17:00+00:00,90807.5546875,3109.175537109375
2026-01-11 14:18:00+00:00,90811.9375,3109.172607421875
2026-01-11 14:19:00+00:00,90822.4921875,3109.4443359375
2026-01-11 14:21:00+00:00,90826.3125,3109.68994140625
2026-01-11 14:22:00+00:00,90836.2578125,3109.756591796875
2026-01-11 14:23:00+00:00,90839.171875,3109.989501953125
2026-01-11 14:24:00+00:00,90845.3671875,3110.517822265625
2026-01-11 14:25:00+00:00,90847.4609375,3110.279541015625
2026-01-11 14:26:00+00:00,90851.6015625,3110.670654296875
2026-01-11 14:28:00+00:00,90858.5703125,3111.016845703125
2026-01-11 14:29:00+00:00,90857.578125,3111.130615234375
2026-01-11 14:30:00+00:00,90859.71875,3111.1220703125
2026-01-11 14:31:00+00:00,90878.046875,3111.685546875
2026-01-11 14:32:00+00:00,90902.453125,3111.796630859375
2026-01-11 14:33:00+00:00,90878.6328125,3110.593505859375
2026-01-11 14:34:00+00:00,90858.03125,3109.75732421875
2026-01-11 14:35:00+00:00,90893.3515625,3111.406005859375
2026-01-11 14:37:00+00:00,90903.03125,3110.767822265625
2026-01-11 14:38:00+00:00,90905.9921875,3110.765625
2026-01-11 14:39:00+00:00,90919.515625,3110.930908203125
2026-01-11 14:41:00+00:00,90923.25,3112.5107421875
2026-01-11 14:42:00+00:00,90923.4765625,3112.719482421875
2026-01-11 14:43:00+00:00,90924.7421875,3112.524169921875
2026-01-11 14:45:00+00:00,90906.5546875,3111.5361328125
2026-01-11 14:46:00+00:00,90925.328125,3112.047119140625
2026-01-11 14:47:00+00:00,90930.2578125,3111.755615234375
2026-01-11 14:48:00+00:00,90928.6015625,3111.32080078125
2026-01-11 14:49:00+00:00,90927.8984375,3111.3662109375
2026-01-11 14:50:00+00:00,90926.3515625,3111.124267578125
2026-01-11 14:51:00+00:00,90883.328125,3110.062744140625
2026-01-11 14:52:00+00:00,90881.453125,3109.41162109375
2026-01-11 14:54:00+00:00,90903.2421875,3110.120361328125
2026-01-11 14:55:00+00:00,91000.3671875,3114.7744140625
2026-01-11 14:57:00+00:00,90985.2578125,3115.026123046875
2026-01-11 14:58:00+00:00,90990.4921875,3115.0439453125
2026-01-11 14:59:00+00:00,91043.9453125,3121.305419921875
2026-01-11 15:00:00+00:00,91022.921875,3121.50048828125
2026-01-11 15:01:00+00:00,90961.75,3120.68115234375
2026-01-11 15:02:00+00:00,90957.6015625,3120.623046875
2026-01-11 15:03:00+00:00,90955.6484375,3120.384521484375
2026-01-11 15:04:00+00:00,90934.8125,3120.870361328125
2026-01-11 15:05:00+00:00,90927.1328125,3119.61328125
2026-01-11 15:06:00+00:00,90927.8671875,3118.05712890625
2026-01-11 15:08:00+00:00,90925.78125,3117.625
2026-01-11 15:09:00+00:00,90942.5546875,3117.4658203125
2026-01-11 15:10:00+00:00,90945.6796875,3117.56689453125
2026-01-11 15:12:00+00:00,90850.375,3115.7021484375
2026-01-11 15:13:00+00:00,90830.3125,3115.00390625
2026-01-11 15:14:00+00:00,90800.984375,3115.453857421875
2026-01-11 15:15:00+00:00,90784.6328125,3115.02734375
2026-01-11 15:16:00+00:00,90766.9375,3114.282958984375
2026-01-11 15:17:00+00:00,90803.265625,3116.2890625
2026-01-11 15:18:00+00:00,90833.4765625,3117.395751953125
2026-01-11 15:19:00+00:00,90834.359375,3117.4248046875
2026-01-11 15:20:00+00:00,90814.46875,3116.781005859375
2026-01-11 15:21:00+00:00,90812.234375,3116.4150390625
2026-01-11 15:22:00+00:00,90804.2265625,3116.144287109375
2026-01-11 15:23:00+00:00,90837.7890625,3117.804443359375
2026-01-11 15:24:00+00:00,90849.546875,3118.388427734375
2026-01-11 15:25:00+00:00,90855.359375,3118.9736328125
2026-01-11 15:26:00+00:00,90861.8125,3119.3037109375
2026-01-11 15:27:00+00:00,90863.625,3118.5068359375
2026-01-11 15:28:00+00:00,90861.2265625,3117.973876953125
2026-01-11 15:29:00+00:00,90848.7109375,3117.792724609375
2026-01-11 15:30:00+00:00,90838.25,3117.5361328125
2026-01-11 15:31:00+00:00,90831.7109375,3118.5703125
2026-01-11 15:33:00+00:00,90857.7421875,3119.795166015625
2026-01-11 15:34:00+00:00,90846.015625,3119.60009765625
2026-01-11 15:36:00+00:00,90835.734375,3119.18701171875
2026-01-11 15:37:00+00:00,90836.8515625,3119.1142578125
2026-01-11 15:38:00+00:00,90882.9765625,3120.81591796875
2026-01-11 15:40:00+00:00,90867.3984375,3119.46337890625
2026-01-11 15:41:00+00:00,90883.0625,3119.885498046875
2026-01-11 15:43:00+00:00,90817.0,3115.98583984375
2026-01-11 15:44:00+00:00,90725.7890625,3111.289306640625
2026-01-11 15:45:00+00:00,90716.75,3112.188232421875
2026-01-11 15:46:00+00:00,90697.3046875,3110.865966796875
2026-01-11 15:48:00+00:00,90754.1484375,3110.887451171875
2026-01-11 15:49:00+00:00,90615.4609375,3107.787109375
2026-01-11 15:50:00+00:00,90637.0546875,3108.548095703125
2026-01-11 15:51:00+00:00,90648.9609375,3108.99365234375
2026-01-11 15:52:00+00:00,90653.21875,3109.133056640625
2026-01-11 15:53:00+00:00,90699.59375,3110.828125
2026-01-11 15:54:00+00:00,90700.046875,3111.1171875
2026-01-11 15:55:00+00:00,90686.921875,3110.746337890625
2026-01-11 15:57:00+00:00,90703.03125,3111.3623046875
2026-01-11 15:58:00+00:00,90728.6640625,3112.9443359375
2026-01-11 15:59:00+00:00,90747.7578125,3113.384033203125
2026-01-11 16:00:00+00:00,90751.171875,3113.722412109375
2026-01-11 16:01:00+00:00,90771.828125,3113.974853515625
2026-01-11 16:02:00+00:00,90819.7109375,3115.84423828125
2026-01-11 16:03:00+00:00,90782.8515625,3114.556884765625
2026-01-11 16:04:00+00:00,90798.734375,3114.394287109375
2026-01-11 16:05:00+00:00,90804.5234375,3115.189453125
2026-01-11 16:06:00+00:00,90814.265625,3115.2177734375
2026-01-11 16:07:00+00:00,90811.4921875,3114.85009765625
2026-01-11 16:08:00+00:00,90844.3671875,3115.972412109375
2026-01-11 16:09:00+00:00,90858.3828125,3116.43896484375
2026-01-11 16:10:00+00:00,90843.0625,3115.85107421875
2026-01-11 16:12:00+00:00,90804.1875,3114.0458984375
2026-01-11 16:13:00+00:00,90798.171875,3113.599853515625
2026-01-11 16:14:00+00:00,90789.3359375,3113.392578125
2026-01-11 16:15:00+00:00,90771.15625,3112.529296875
2026-01-11 16:16:00+00:00,90767.9140625,3112.15478515625
2026-01-11 16:17:00+00:00,90799.6484375,3114.238525390625
2026-01-11 16:18:00+00:00,90815.2109375,3114.25439453125
2026-01-11 16:19:00+00:00,90801.203125,3113.061767578125
2026-01-11 16:20:00+00:00,90828.390625,3114.644775390625
2026-01-11 16:21:00+00:00,90832.921875,3114.630859375
2026-01-11 16:23:00+00:00,90857.375,3115.40771484375
2026-01-11 16:24:00+00:00,90857.375,3115.40771484375
2026-01-11 16:25:00+00:00,90868.1015625,3115.907958984375
2026-01-11 16:26:00+00:00,90871.015625,3115.896484375
2026-01-11 16:27:00+00:00,90870.8046875,3115.45458984375
2026-01-11 16:28:00+00:00,90880.3515625,3116.188720703125
2026-01-11 16:30:00+00:00,90908.9453125,3118.643798828125
2026-01-11 16:31:00+00:00,90999.9453125,3127.62255859375
2026-01-11 16:32:00+00:00,91054.234375,3136.754150390625
2026-01-11 16:33:00+00:00,91147.3671875,3141.093994140625
2026-01-11 16:35:00+00:00,91058.171875,3133.31640625
2026-01-11 16:36:00+00:00,91085.109375,3136.134033203125
2026-01-11 16:37:00+00:00,91054.84375,3135.818603515625
2026-01-11 16:38:00+00:00,91041.9609375,3135.5380859375
2026-01-11 16:39:00+00:00,91025.28125,3135.713134765625
2026-01-11 16:40:00+00:00,91014.8671875,3134.837646484375
2026-01-11 16:41:00+00:00,91032.1875,3135.74755859375
2026-01-11 16:42:00+00:00,90994.6328125,3134.153076171875
2026-01-11 16:43:00+00:00,90989.15625,3131.83935546875
2026-01-11 16:44:00+00:00,90985.078125,3131.757080078125
2026-01-11 16:45:00+00:00,90992.21875,3131.806640625
2026-01-11 16:46:00+00:00,90987.125,3131.67431640625
2026-01-11 16:48:00+00:00,90974.4765625,3133.35009765625
2026-01-11 16:50:00+00:00,90913.3125,3128.4755859375
2026-01-11 16:51:00+00:00,90859.5703125,3126.18603515625
2026-01-11 16:52:00+00:00,90847.8359375,3123.33349609375
2026-01-11 16:53:00+00:00,90922.9921875,3126.34130859375
2026-01-11 16:54:00+00:00,90905.1796875,3125.418212890625
2026-01-11 16:55:00+00:00,90935.875,3126.173095703125
2026-01-11 16:56:00+00:00,90928.4921875,3126.229736328125
2026-01-11 16:57:00+00:00,90914.421875,3126.0693359375
2026-01-11 16:58:00+00:00,90919.609375,3126.121337890625
2026-01-11 16:59:00+00:00,90905.046875,3125.103271484375
2026-01-11 17:00:00+00:00,90912.34375,3125.241943359375
2026-01-11 17:02:00+00:00,90913.3125,3124.85009765625
2026-01-11 17:03:00+00:00,90916.8203125,3124.498779296875
2026-01-11 17:04:00+00:00,90912.3125,3123.858642578125
2026-01-11 17:05:00+00:00,90926.6171875,3123.722412109375
2026-01-11 17:06:00+00:00,90926.4296875,3123.63818359375
2026-01-11 17:07:00+00:00,90930.203125,3124.4951171875
2026-01-11 17:08:00+00:00,90992.71875,3126.176513671875
2026-01-11 17:09:00+00:00,90990.6953125,3126.03466796875
2026-01-11 17:10:00+00:00,90991.109375,3126.90234375
2026-01-11 17:12:00+00:00,91014.5078125,3128.179931640625
2026-01-11 17:13:00+00:00,91012.359375,3128.57421875
2026-01-11 17:14:00+00:00,90954.1015625,3126.85009765625
2026-01-11 17:15:00+00:00,90949.25,3127.0
2026-01-11 17:16:00+00:00,90866.15625,3123.75146484375
2026-01-11 17:17:00+00:00,90879.0546875,3124.783203125
2026-01-11 17:18:00+00:00,90882.4765625,3125.30859375
2026-01-11 17:19:00+00:00,90853.0078125,3124.36279296875
2026-01-11 17:20:00+00:00,90858.1171875,3124.13671875
2026-01-11 17:22:00+00:00,90810.578125,3123.888916015625
2026-01-11 17:23:00+00:00,90872.5,3126.1220703125
2026-01-11 17:24:00+00:00,90897.1640625,3126.648681640625
2026-01-11 17:25:00+00:00,90888.1953125,3125.80712890625
2026-01-11 17:26:00+00:00,90887.375,3125.599853515625
2026-01-11 17:27:00+00:00,90894.140625,3126.263427734375
2026-01-11 17:28:00+00:00,90920.8359375,3126.8349609375
2026-01-11 17:30:00+00:00,90920.546875,3126.79345703125
2026-01-11 17:31:00+00:00,90914.6796875,3126.4990234375
2026-01-11 17:33:00+00:00,90912.078125,3126.9384765625
2026-01-11 17:34:00+00:00,90918.4609375,3127.229736328125
2026-01-11 17:35:00+00:00,90925.3671875,3127.32421875
2026-01-11 17:36:00+00:00,90867.8203125,3125.141845703125
2026-01-11 17:37:00+00:00,90838.953125,3122.1142578125
2026-01-11 17:38:00+00:00,90812.96875,3116.129638671875
2026-01-11 17:39:00+00:00,90823.0859375,3118.354248046875
2026-01-11 17:40:00+00:00,90856.546875,3119.476318359375
2026-01-11 17:41:00+00:00,90838.7578125,3119.47265625
2026-01-11 17:42:00+00:00,90834.4453125,3119.260009765625
2026-01-11 17:43:00+00:00,90846.3828125,3119.87646484375
2026-01-11 17:45:00+00:00,90857.1796875,3120.2421875
2026-01-11 17:46:00+00:00,90845.3515625,3120.093994140625
2026-01-11 17:48:00+00:00,90828.8125,3118.571533203125
2026-01-11 17:49:00+00:00,90836.84375,3118.925537109375
2026-01-11 17:50:00+00:00,90840.5625,3119.41455078125
2026-01-11 17:51:00+00:00,90843.3671875,3119.125732421875
2026-01-11 17:52:00+00:00,90841.7890625,3119.664306640625
2026-01-11 17:53:00+00:00,90840.65625,3119.462158203125
2026-01-11 17:54:00+00:00,90877.84375,3121.279052734375
2026-01-11 17:55:00+00:00,90878.65625,3121.59130859375
2026-01-11 17:56:00+00:00,90875.8515625,3121.692626953125
2026-01-11 17:57:00+00:00,90885.9375,3122.369873046875
2026-01-11 17:58:00+00:00,90872.1171875,3122.061767578125
2026-01-11 17:59:00+00:00,90869.96875,3122.4833984375
2026-01-11 18:00:00+00:00,90866.5625,3122.521728515625
2026-01-11 18:01:00+00:00,90857.8515625,3122.043212890625
2026-01-11 18:02:00+00:00,90820.5859375,3120.395263671875
2026-01-11 18:03:00+00:00,90807.4140625,3119.85205078125
2026-01-11 18:04:00+00:00,90803.890625,3119.894287109375
2026-01-11 18:05:00+00:00,90794.921875,3119.4267578125
2026-01-11 18:06:00+00:00,90779.734375,3118.92919921875
2026-01-11 18:07:00+00:00,90759.203125,3118.253173828125
2026-01-11 18:08:00+00:00,90768.875,3118.30615234375
2026-01-11 18:09:00+00:00,90769.296875,3118.239501953125
2026-01-11 18:11:00+00:00,90766.7109375,3117.5595703125
2026-01-11 18:12:00+00:00,90780.0234375,3117.735595703125
2026-01-11 18:13:00+00:00,90773.640625,3117.668701171875
2026-01-11 18:14:00+00:00,90773.5625,3117.838134765625
2026-01-11 18:15:00+00:00,90768.84375,3117.474609375
2026-01-11 18:16:00+00:00,90776.5078125,3118.444091796875
2026-01-11 18:17:00+00:00,90768.4453125,3117.779541015625
2026-01-11 18:18:00+00:00,90775.359375,3118.902587890625
2026-01-11 18:19:00+00:00,90775.8984375,3119.05908203125
2026-01-11 18:21:00+00:00,90778.1171875,3119.255615234375
2026-01-11 18:22:00+00:00,90795.75,3120.524169921875
2026-01-11 18:23:00+00:00,90796.40625,3120.720703125
2026-01-11 18:24:00+00:00,90793.1328125,3120.638427734375
2026-01-11 18:25:00+00:00,90784.4765625,3120.296630859375
2026-01-11 18:26:00+00:00,90783.359375,3119.852783203125
2026-01-11 18:27:00+00:00,90766.34375,3119.158935546875
2026-01-11 18:28:00+00:00,90770.125,3119.932373046875
2026-01-11 18:29:00+00:00,90776.203125,3120.25146484375
2026-01-11 18:30:00+00:00,90792.9609375,3121.038818359375
2026-01-11 18:31:00+00:00,90791.2421875,3120.49658203125
2026-01-11 18:32:00+00:00,90786.6640625,3119.9423828125
2026-01-11 18:33:00+00:00,90784.8125,3119.834716796875
2026-01-11 18:34:00+00:00,90795.1796875,3120.42236328125
2026-01-11 18:35:00+00:00,90794.984375,3120.201904296875
2026-01-11 18:36:00+00:00,90777.8671875,3119.27099609375
2026-01-11 18:37:00+00:00,90682.7578125,3116.87451171875
2026-01-11 18:38:00+00:00,90667.1953125,3116.306640625
2026-01-11 18:39:00+00:00,90672.453125,3116.6259765625
2026-01-11 18:40:00+00:00,90690.65625,3117.3037109375
2026-01-11 18:41:00+00:00,90681.703125,3117.20068359375
2026-01-11 18:42:00+00:00,90704.4296875,3118.032958984375
2026-01-11 18:43:00+00:00,90719.0078125,3118.8759765625
2026-01-11 18:45:00+00:00,90721.3984375,3118.995849609375
2026-01-11 18:46:00+00:00,90727.375,3119.98291015625
2026-01-11 18:47:00+00:00,90737.3203125,3120.021728515625
2026-01-11 18:48:00+00:00,90734.3828125,3120.438232421875
2026-01-11 18:49:00+00:00,90730.625,3121.64892578125
2026-01-11 18:50:00+00:00,90726.1953125,3122.340087890625
2026-01-11 18:51:00+00:00,90723.1640625,3122.276611328125
2026-01-11 18:52:00+00:00,90719.3984375,3122.1484375
2026-01-11 18:53:00+00:00,90722.6171875,3122.23583984375
2026-01-11 18:54:00+00:00,90719.046875,3122.319091796875
2026-01-11 18:55:00+00:00,90755.984375,3126.479736328125
2026-01-11 18:57:00+00:00,90761.6953125,3126.392333984375
2026-01-11 18:58:00+00:00,90755.0234375,3125.111328125
2026-01-11 18:59:00+00:00,90745.3515625,3124.607177734375
2026-01-11 19:00:00+00:00,90757.1640625,3124.872802734375
2026-01-11 19:01:00+00:00,90751.390625,3125.6171875
2026-01-11 19:02:00+00:00,90758.765625,3126.685546875
2026-01-11 19:03:00+00:00,90767.1328125,3126.392333984375
2026-01-11 19:04:00+00:00,90757.359375,3126.49072265625
2026-01-11 19:05:00+00:00,90760.6953125,3126.353759765625
2026-01-11 19:06:00+00:00,90758.875,3126.30419921875
2026-01-11 19:07:00+00:00,90743.9296875,3125.26025390625
2026-01-11 19:08:00+00:00,90728.0234375,3124.66015625
2026-01-11 19:09:00+00:00,90741.609375,3125.2841796875
2026-01-11 19:10:00+00:00,90735.8125,3124.95947265625
2026-01-11 19:11:00+00:00,90720.0546875,3124.717529296875
2026-01-11 19:12:00+00:00,90751.3203125,3125.88232421875
2026-01-11 19:13:00+00:00,90791.015625,3127.449951171875
2026-01-11 19:14:00+00:00,90787.171875,3127.53759765625
2026-01-11 19:15:00+00:00,90786.265625,3127.179443359375
2026-01-11 19:16:00+00:00,90785.265625,3126.759521484375
2026-01-11 19:17:00+00:00,90768.171875,3124.137451171875
2026-01-11 19:18:00+00:00,90758.15625,3123.6572265625
2026-01-11 19:19:00+00:00,90757.0625,3123.6474609375
2026-01-11 19:20:00+00:00,90769.953125,3123.733154296875
2026-01-11 19:21:00+00:00,90774.1875,3124.185302734375
2026-01-11 19:22:00+00:00,90780.90625,3124.099365234375
2026-01-11 19:23:00+00:00,90765.703125,3123.282470703125
2026-01-11 19:25:00+00:00,90776.3125,3124.070068359375
2026-01-11 19:26:00+00:00,90770.7421875,3123.8876953125
2026-01-11 19:27:00+00:00,90746.3046875,3122.467041015625
2026-01-11 19:28:00+00:00,90747.3046875,3122.256103515625
2026-01-11 19:29:00+00:00,90766.453125,3123.235107421875
2026-01-11 19:31:00+00:00,90763.1796875,3123.270263671875
2026-01-11 19:33:00+00:00,90764.09375,3123.38134765625
2026-01-11 19:34:00+00:00,90755.765625,3123.090087890625
2026-01-11 19:35:00+00:00,90755.1953125,3122.868896484375
2026-01-11 19:36:00+00:00,90740.6640625,3122.6044921875
2026-01-11 19:37:00+00:00,90721.484375,3121.899658203125
2026-01-11 19:38:00+00:00,90722.296875,3121.999755859375
2026-01-11 19:39:00+00:00,90708.4609375,3121.520751953125
2026-01-11 19:40:00+00:00,90705.6875,3120.8388671875
2026-01-11 19:41:00+00:00,90696.8359375,3119.97314453125
2026-01-11 19:42:00+00:00,90696.109375,3119.572509765625
2026-01-11 19:43:00+00:00,90672.53125,3118.58642578125
2026-01-11 19:44:00+00:00,90677.2421875,3118.467529296875
2026-01-11 19:45:00+00:00,90658.828125,3118.329345703125
2026-01-11 19:46:00+00:00,90660.4296875,3117.8759765625
2026-01-11 19:47:00+00:00,90637.453125,3117.488525390625
2026-01-11 19:48:00+00:00,90608.9609375,3117.307861328125
2026-01-11 19:49:00+00:00,90555.03125,3115.541259765625
2026-01-11 19:50:00+00:00,90605.28125,3118.043701171875
2026-01-11 19:51:00+00:00,90591.2421875,3118.18017578125
2026-01-11 19:52:00+00:00,90609.0859375,3118.240478515625
2026-01-11 19:53:00+00:00,90618.34375,3118.359619140625
2026-01-11 19:54:00+00:00,90608.625,3117.90185546875
2026-01-11 19:55:00+00:00,90611.359375,3119.128173828125
2026-01-11 19:56:00+00:00,90613.0078125,3119.056640625
2026-01-11 19:57:00+00:00,90612.2265625,3121.13037109375
2026-01-11 19:58:00+00:00,90593.4765625,3120.594970703125
2026-01-11 20:00:00+00:00,90596.71875,3120.630615234375
2026-01-11 20:01:00+00:00,90554.546875,3118.9599609375
2026-01-11 20:02:00+00:00,90502.1015625,3116.0615234375
2026-01-11 20:03:00+00:00,90501.3984375,3115.140625
2026-01-11 20:04:00+00:00,90508.6328125,3115.544189453125
2026-01-11 20:05:00+00:00,90506.28125,3115.2841796875
2026-01-11 20:06:00+00:00,90442.40625,3110.333740234375
2026-01-11 20:07:00+00:00,90440.640625,3109.02734375
2026-01-11 20:08:00+00:00,90420.859375,3108.880615234375
2026-01-11 20:09:00+00:00,90415.7421875,3108.4072265625
2026-01-11 20:11:00+00:00,90416.328125,3109.2236328125
2026-01-11 20:12:00+00:00,90380.734375,3107.746337890625
2026-01-11 20:13:00+00:00,90432.1328125,3110.681640625
2026-01-11 20:15:00+00:00,90437.234375,3108.31494140625
2026-01-11 20:16:00+00:00,90387.234375,3105.431884765625
2026-01-11 20:17:00+00:00,90380.6484375,3104.599365234375
2026-01-11 20:18:00+00:00,90348.984375,3102.68896484375
2026-01-11 20:19:00+00:00,90309.0390625,3100.744140625
2026-01-11 20:21:00+00:00,90334.4375,3101.24951171875
2026-01-11 20:22:00+00:00,90393.7265625,3102.227294921875
2026-01-11 20:23:00+00:00,90435.5390625,3104.459716796875
2026-01-11 20:24:00+00:00,90450.3828125,3105.212890625
2026-01-11 20:25:00+00:00,90379.5234375,3099.30712890625
2026-01-11 20:26:00+00:00,90378.1953125,3099.64111328125
2026-01-11 20:27:00+00:00,90409.0625,3101.313232421875
2026-01-11 20:28:00+00:00,90390.1328125,3100.33740234375
2026-01-11 20:29:00+00:00,90417.7890625,3101.80419921875
2026-01-11 20:31:00+00:00,90399.015625,3100.671630859375
2026-01-11 20:32:00+00:00,90389.578125,3099.8876953125
2026-01-11 20:33:00+00:00,90477.4375,3101.581298828125
2026-01-11 20:34:00+00:00,90479.4453125,3102.94287109375
2026-01-11 20:35:00+00:00,90477.9453125,3104.5322265625
2026-01-11 20:36:00+00:00,90479.3984375,3103.507568359375
2026-01-11 20:37:00+00:00,90497.9375,3105.06982421875
2026-01-11 20:38:00+00:00,90490.1328125,3104.733642578125
2026-01-11 20:39:00+00:00,90497.4140625,3105.26611328125
2026-01-11 20:40:00+00:00,90509.2734375,3105.74658203125
2026-01-11 20:41:00+00:00,90501.5546875,3104.41064453125
2026-01-11 20:42:00+00:00,90503.4765625,3104.828125
2026-01-11 20:43:00+00:00,90475.4453125,3103.5546875
2026-01-11 20:44:00+00:00,90462.1640625,3102.831787109375
2026-01-11 20:45:00+00:00,90478.1171875,3103.609130859375
2026-01-11 20:46:00+00:00,90495.8046875,3104.534423828125
2026-01-11 20:47:00+00:00,90514.9296875,3105.431884765625
2026-01-11 20:48:00+00:00,90502.5234375,3105.323974609375
2026-01-11 20:49:00+00:00,90506.6484375,3105.87744140625
2026-01-11 20:50:00+00:00,90535.140625,3107.28662109375
2026-01-11 20:51:00+00:00,90527.40625,3106.849609375
2026-01-11 20:52:00+00:00,90533.9140625,3107.603515625
2026-01-11 20:53:00+00:00,90546.109375,3108.382080078125
2026-01-11 20:54:00+00:00,90532.1328125,3108.49462890625
2026-01-11 20:55:00+00:00,90529.0625,3109.40869140625
2026-01-11 20:56:00+00:00,90537.328125,3109.179443359375
2026-01-11 20:57:00+00:00,90541.546875,3110.25390625
2026-01-11 20:58:00+00:00,90538.40625,3110.252685546875
2026-01-11 21:00:00+00:00,90573.2734375,3110.94287109375
2026-01-11 21:01:00+00:00,90523.375,3107.557373046875
2026-01-11 21:02:00+00:00,90511.8671875,3107.873046875
2026-01-11 21:03:00+00:00,90535.21875,3108.364990234375
2026-01-11 21:04:00+00:00,90534.59375,3108.09912109375
2026-01-11 21:05:00+00:00,90488.3984375,3105.1337890625
2026-01-11 21:06:00+00:00,90474.1640625,3104.21240234375
2026-01-11 21:07:00+00:00,90482.4609375,3105.13232421875
2026-01-11 21:08:00+00:00,90487.546875,3104.795166015625
2026-01-11 21:09:00+00:00,90503.7890625,3105.94140625
2026-01-11 21:10:00+00:00,90509.6640625,3106.066162109375
2026-01-11 21:12:00+00:00,90514.2421875,3106.337890625
2026-01-11 21:13:00+00:00,90507.5,3106.63134765625
2026-01-11 21:14:00+00:00,90525.4296875,3106.861572265625
2026-01-11 21:15:00+00:00,90536.296875,3107.593994140625
2026-01-11 21:16:00+00:00,90539.6796875,3108.916748046875
2026-01-11 21:17:00+00:00,90578.0625,3111.558349609375
2026-01-11 21:18:00+00:00,90573.0390625,3110.8583984375
2026-01-11 21:19:00+00:00,90601.09375,3110.532958984375
2026-01-11 21:20:00+00:00,90600.359375,3110.0751953125
2026-01-11 21:21:00+00:00,90578.390625,3109.389404296875
2026-01-11 21:22:00+00:00,90556.421875,3109.093017578125
2026-01-11 21:23:00+00:00,90548.2109375,3108.75146484375
2026-01-11 21:24:00+00:00,90545.4140625,3109.396240234375
2026-01-11 21:25:00+00:00,90546.53125,3109.538330078125
2026-01-11 21:26:00+00:00,90551.109375,3109.77294921875
2026-01-11 21:27:00+00:00,90523.203125,3108.93798828125
2026-01-11 21:28:00+00:00,90515.8125,3108.63134765625
2026-01-11 21:29:00+00:00,90513.5546875,3108.588623046875
2026-01-11 21:30:00+00:00,90528.8359375,3109.6337890625
2026-01-11 21:31:00+00:00,90587.734375,3111.49560546875
2026-01-11 21:32:00+00:00,90568.2265625,3112.14501953125
2026-01-11 21:33:00+00:00,90547.8984375,3111.237060546875
2026-01-11 21:34:00+00:00,90566.0078125,3112.01513671875
2026-01-11 21:35:00+00:00,90569.71875,3112.045654296875
2026-01-11 21:36:00+00:00,90564.375,3111.77197265625
2026-01-11 21:37:00+00:00,90563.0859375,3111.042236328125
2026-01-11 21:38:00+00:00,90561.1328125,3110.615966796875
2026-01-11 21:39:00+00:00,90560.546875,3109.94580078125
2026-01-11 21:40:00+00:00,90533.3046875,3108.38232421875
2026-01-11 21:41:00+00:00,90535.9296875,3108.548095703125
2026-01-11 21:42:00+00:00,90559.8125,3109.85693359375
2026-01-11 21:43:00+00:00,90556.3515625,3109.384765625
2026-01-11 21:44:00+00:00,90561.609375,3109.836181640625
2026-01-11 21:45:00+00:00,90558.578125,3109.540771484375
2026-01-11 21:46:00+00:00,90559.625,3109.750244140625
2026-01-11 21:48:00+00:00,90620.9765625,3112.171142578125
2026-01-11 21:49:00+00:00,90635.6875,3113.207275390625
2026-01-11 21:50:00+00:00,90645.625,3113.96044921875
2026-01-11 21:51:00+00:00,90651.6484375,3115.854248046875
2026-01-11 21:52:00+00:00,90599.375,3114.711669921875
2026-01-11 21:53:00+00:00,90638.421875,3116.1376953125
2026-01-11 21:54:00+00:00,90677.828125,3118.8037109375
2026-01-11 21:55:00+00:00,90665.3203125,3117.93359375
2026-01-11 21:56:00+00:00,90659.421875,3117.778076171875
2026-01-11 21:57:00+00:00,90645.859375,3116.555908203125
2026-01-11 21:58:00+00:00,90649.90625,3117.459716796875
2026-01-11 21:59:00+00:00,90646.3125,3117.10791015625
2026-01-11 22:00:00+00:00,90623.984375,3116.576416015625
2026-01-11 22:01:00+00:00,90609.3984375,3115.733154296875
2026-01-11 22:02:00+00:00,90577.0,3114.078369140625
2026-01-11 22:03:00+00:00,90541.828125,3112.08935546875
2026-01-11 22:04:00+00:00,90518.4296875,3110.157470703125
2026-01-11 22:05:00+00:00,90495.4609375,3107.8896484375
2026-01-11 22:06:00+00:00,90400.828125,3104.775146484375
2026-01-11 22:07:00+00:00,90432.9296875,3106.027587890625
2026-01-11 22:08:00+00:00,90451.6640625,3106.84033203125
2026-01-11 22:09:00+00:00,90335.2421875,3102.78369140625
2026-01-11 22:11:00+00:00,90381.28125,3104.58740234375
2026-01-11 22:12:00+00:00,90381.03125,3105.0634765625
2026-01-11 22:13:00+00:00,90404.234375,3106.697509765625
2026-01-11 22:14:00+00:00,90448.8203125,3109.6494140625
2026-01-11 22:15:00+00:00,90428.2578125,3107.490234375
2026-01-11 22:16:00+00:00,90485.2890625,3109.317626953125
2026-01-11 22:17:00+00:00,90480.28125,3108.174072265625
2026-01-11 22:18:00+00:00,90445.0546875,3106.77099609375
2026-01-11 22:19:00+00:00,90427.828125,3105.4990234375
2026-01-11 22:20:00+00:00,90447.3125,3105.8330078125
2026-01-11 22:22:00+00:00,90537.140625,3109.4130859375
2026-01-11 22:23:00+00:00,90522.703125,3109.663330078125
2026-01-11 22:24:00+00:00,90525.8046875,3110.509765625
2026-01-11 22:25:00+00:00,90558.0703125,3111.2353515625
2026-01-11 22:26:00+00:00,90576.5859375,3111.126953125
2026-01-11 22:27:00+00:00,90579.8046875,3111.197509765625
2026-01-11 22:28:00+00:00,90577.1796875,3110.706787109375
2026-01-11 22:29:00+00:00,90574.28125,3110.623779296875
2026-01-11 22:30:00+00:00,90562.5078125,3109.4658203125
2026-01-11 22:31:00+00:00,90560.390625,3109.822509765625
2026-01-11 22:32:00+00:00,90594.921875,3111.033935546875
2026-01-11 22:33:00+00:00,90585.796875,3110.436279296875
2026-01-11 22:34:00+00:00,90597.9609375,3111.0361328125
2026-01-11 22:36:00+00:00,90588.9375,3110.4912109375
2026-01-11 22:37:00+00:00,90569.3046875,3109.3115234375
2026-01-11 22:38:00+00:00,90501.5703125,3106.903076171875
2026-01-11 22:39:00+00:00,90538.875,3108.74658203125
2026-01-11 22:40:00+00:00,90535.6640625,3108.975830078125
2026-01-11 22:41:00+00:00,90523.1171875,3109.288818359375
2026-01-11 22:42:00+00:00,90570.1640625,3110.48486328125
2026-01-11 22:43:00+00:00,90559.71875,3110.191162109375
2026-01-11 22:44:00+00:00,90587.0625,3111.19091796875
2026-01-11 22:45:00+00:00,90580.203125,3110.65673828125
2026-01-11 22:46:00+00:00,90571.546875,3110.52734375
2026-01-11 22:47:00+00:00,90584.625,3111.185302734375
2026-01-11 22:48:00+00:00,90584.625,3111.185302734375
2026-01-11 22:49:00+00:00,90584.625,3111.218994140625
2026-01-11 22:50:00+00:00,90499.0234375,3109.198486328125
2026-01-11 22:51:00+00:00,90505.1875,3109.181640625
2026-01-11 22:52:00+00:00,90505.78125,3109.53564453125
2026-01-11 22:53:00+00:00,90502.875,3109.2138671875
2026-01-11 22:54:00+00:00,90485.3984375,3109.05078125
2026-01-11 22:55:00+00:00,90410.15625,3106.693115234375
2026-01-11 22:56:00+00:00,90452.90625,3107.756103515625
2026-01-11 22:57:00+00:00,90455.953125,3107.72607421875
2026-01-11 22:58:00+00:00,90444.8671875,3107.08447265625
2026-01-11 22:59:00+00:00,90430.3515625,3106.766845703125
2026-01-11 23:00:00+00:00,90400.2109375,3105.291259765625
2026-01-11 23:01:00+00:00,90401.1484375,3104.42431640625
2026-01-11 23:02:00+00:00,90409.9453125,3104.527587890625
2026-01-11 23:03:00+00:00,90353.34375,3101.29833984375
2026-01-11 23:04:00+00:00,90340.296875,3100.266357421875
2026-01-11 23:05:00+00:00,90239.1640625,3091.80322265625
2026-01-11 23:06:00+00:00,90237.5,3091.72802734375
2026-01-11 23:07:00+00:00,90226.9609375,3090.65869140625
2026-01-11 23:08:00+00:00,90249.84375,3092.64111328125
2026-01-11 23:09:00+00:00,90259.03125,3092.980712890625
2026-01-11 23:10:00+00:00,90304.421875,3094.798095703125
2026-01-11 23:12:00+00:00,90400.859375,3100.320556640625
2026-01-11 23:13:00+00:00,90451.6328125,3102.534912109375
2026-01-11 23:14:00+00:00,90422.5,3102.4716796875
2026-01-11 23:15:00+00:00,90568.3125,3106.701904296875
2026-01-11 23:16:00+00:00,90606.1015625,3108.662353515625
2026-01-11 23:17:00+00:00,90759.1640625,3112.37353515625
2026-01-11 23:18:00+00:00,90804.0546875,3114.182373046875
2026-01-11 23:19:00+00:00,90846.3125,3116.8759765625
2026-01-11 23:20:00+00:00,90888.4453125,3118.86181640625
2026-01-11 23:21:00+00:00,90835.2578125,3117.681884765625
2026-01-11 23:22:00+00:00,90725.265625,3113.853271484375
2026-01-11 23:23:00+00:00,90673.2421875,3109.427490234375
2026-01-11 23:24:00+00:00,90709.1640625,3111.390380859375
2026-01-11 23:25:00+00:00,90678.078125,3111.88623046875
2026-01-11 23:26:00+00:00,90627.1640625,3109.735595703125
2026-01-11 23:27:00+00:00,90698.5625,3112.17236328125
2026-01-11 23:28:00+00:00,90655.03125,3109.654541015625
2026-01-11 23:29:00+00:00,90673.4921875,3110.78466796875
2026-01-11 23:30:00+00:00,90616.5234375,3108.7216796875
2026-01-11 23:31:00+00:00,90585.3203125,3107.269775390625
2026-01-11 23:32:00+00:00,90622.890625,3108.59375
2026-01-11 23:33:00+00:00,90646.3671875,3109.9111328125
2026-01-11 23:34:00+00:00,90688.0625,3111.46337890625
2026-01-11 23:35:00+00:00,90651.5234375,3109.809326171875
2026-01-11 23:36:00+00:00,90643.578125,3109.17626953125
2026-01-11 23:37:00+00:00,90645.5078125,3108.02587890625
2026-01-11 23:38:00+00:00,90621.015625,3107.71728515625
2026-01-11 23:39:00+00:00,90630.6953125,3108.007568359375
2026-01-11 23:40:00+00:00,90620.328125,3107.42236328125
2026-01-11 23:41:00+00:00,90647.984375,3108.200439453125
2026-01-11 23:42:00+00:00,90657.8984375,3109.445556640625
2026-01-11 23:43:00+00:00,90666.4375,3109.56787109375
2026-01-11 23:44:00+00:00,90791.0390625,3115.7880859375
2026-01-11 23:45:00+00:00,90788.3203125,3116.0390625
2026-01-11 23:46:00+00:00,90750.625,3114.01708984375
2026-01-11 23:47:00+00:00,90764.9296875,3114.615234375
2026-01-11 23:48:00+00:00,90793.9453125,3115.71240234375
2026-01-11 23:49:00+00:00,90767.1875,3115.039306640625
2026-01-11 23:50:00+00:00,90750.234375,3113.826904296875
2026-01-11 23:51:00+00:00,90805.125,3116.56494140625
2026-01-11 23:52:00+00:00,90772.890625,3115.673095703125
2026-01-11 23:53:00+00:00,90787.8828125,3116.885498046875
2026-01-11 23:54:00+00:00,90794.03125,3116.864501953125
2026-01-11 23:55:00+00:00,90819.796875,3118.988525390625
2026-01-11 23:56:00+00:00,90816.25,3119.068359375
2026-01-11 23:57:00+00:00,90828.5703125,3119.264404296875
2026-01-11 23:58:00+00:00,90810.1484375,3118.01416015625
2026-01-12 00:00:00+00:00,90851.8984375,3118.572265625
2026-01-12 00:01:00+00:00,90812.0,3115.94482421875
2026-01-12 00:02:00+00:00,90884.296875,3114.92919921875
2026-01-12 00:03:00+00:00,90889.8125,3115.550048828125
2026-01-12 00:04:00+00:00,90906.2109375,3117.83935546875
2026-01-12 00:05:00+00:00,90834.109375,3113.504638671875
2026-01-12 00:06:00+00:00,90708.0703125,3107.82080078125
2026-01-12 00:07:00+00:00,90739.8046875,3108.783203125
2026-01-12 00:08:00+00:00,90752.359375,3108.3310546875
2026-01-12 00:09:00+00:00,90720.359375,3107.361083984375
2026-01-12 00:10:00+00:00,90721.6015625,3106.604736328125
2026-01-12 00:12:00+00:00,90728.953125,3106.699462890625
2026-01-12 00:13:00+00:00,90759.359375,3108.299072265625
2026-01-12 00:14:00+00:00,90792.578125,3110.14599609375
2026-01-12 00:15:00+00:00,90797.65625,3110.655517578125
2026-01-12 00:16:00+00:00,90786.421875,3110.049560546875
2026-01-12 00:17:00+00:00,90866.6875,3113.83935546875
2026-01-12 00:18:00+00:00,90985.9453125,3118.45166015625
2026-01-12 00:19:00+00:00,90993.75,3118.719970703125
2026-01-12 00:20:00+00:00,91019.046875,3118.443603515625
2026-01-12 00:21:00+00:00,91082.1171875,3120.55126953125
2026-01-12 00:22:00+00:00,91044.3046875,3118.932861328125
2026-01-12 00:23:00+00:00,90964.375,3116.0869140625
2026-01-12 00:24:00+00:00,90999.4140625,3118.2626953125
2026-01-12 00:25:00+00:00,90999.0390625,3116.77978515625
2026-01-12 00:26:00+00:00,91000.9609375,3116.52685546875
2026-01-12 00:27:00+00:00,90995.21875,3115.946533203125
2026-01-12 00:28:00+00:00,91038.140625,3117.56591796875
2026-01-12 00:29:00+00:00,91031.953125,3117.449951171875
2026-01-12 00:31:00+00:00,91046.09375,3117.34765625
2026-01-12 00:32:00+00:00,91029.3359375,3117.741943359375
2026-01-12 00:33:00+00:00,90903.7734375,3112.99072265625
2026-01-12 00:34:00+00:00,90916.1328125,3113.224853515625
2026-01-12 00:36:00+00:00,90892.84375,3111.54443359375
2026-01-12 00:37:00+00:00,90897.15625,3110.9228515625
2026-01-12 00:38:00+00:00,90940.234375,3112.414306640625
2026-01-12 00:39:00+00:00,90764.3125,3104.79296875
2026-01-12 00:40:00+00:00,90787.4453125,3104.814697265625
2026-01-12 00:41:00+00:00,90780.515625,3104.66796875
2026-01-12 00:42:00+00:00,90710.2890625,3102.56005859375
2026-01-12 00:43:00+00:00,90704.625,3102.49853515625
2026-01-12 00:44:00+00:00,90688.7421875,3101.44189453125
2026-01-12 00:45:00+00:00,90706.4921875,3101.47802734375
2026-01-12 00:46:00+00:00,90676.5546875,3100.82763671875
2026-01-12 00:47:00+00:00,90722.0703125,3102.9736328125
2026-01-12 00:48:00+00:00,90755.3828125,3104.01025390625
2026-01-12 00:49:00+00:00,90786.4296875,3104.666748046875
2026-01-12 00:51:00+00:00,90701.515625,3102.00927734375
2026-01-12 00:53:00+00:00,90617.9765625,3098.248291015625
2026-01-12 00:54:00+00:00,90623.4609375,3097.493896484375
2026-01-12 00:55:00+00:00,90773.0078125,3102.53076171875
2026-01-12 00:56:00+00:00,90788.8984375,3104.1123046875
2026-01-12 00:57:00+00:00,90853.96875,3106.518798828125
2026-01-12 00:58:00+00:00,90969.9921875,3111.69970703125
2026-01-12 00:59:00+00:00,91032.3671875,3114.19091796875
2026-01-12 01:00:00+00:00,91076.9609375,3114.346435546875
2026-01-12 01:02:00+00:00,91214.8359375,3119.5205078125
2026-01-12 01:03:00+00:00,91296.4765625,3120.203857421875
2026-01-12 01:04:00+00:00,91484.9453125,3127.416259765625
2026-01-12 01:05:00+00:00,91512.296875,3130.85888671875
2026-01-12 01:06:00+00:00,91553.8203125,3129.135009765625
2026-01-12 01:07:00+00:00,91555.0546875,3127.42431640625
2026-01-12 01:08:00+00:00,91448.890625,3125.255859375
2026-01-12 01:09:00+00:00,91430.6015625,3125.138671875
2026-01-12 01:10:00+00:00,91398.4296875,3124.42919921875
2026-01-12 01:11:00+00:00,91384.3984375,3123.621826171875
2026-01-12 01:12:00+00:00,91429.3046875,3125.097412109375
2026-01-12 01:13:00+00:00,91411.7421875,3123.737548828125
2026-01-12 01:14:00+00:00,91369.8515625,3122.4794921875
2026-01-12 01:15:00+00:00,91405.2265625,3123.36962890625
2026-01-12 01:16:00+00:00,91282.109375,3119.31396484375
2026-01-12 01:17:00+00:00,91286.328125,3119.021484375
2026-01-12 01:18:00+00:00,91322.53125,3120.8212890625
2026-01-12 01:19:00+00:00,91331.65625,3121.876220703125
2026-01-12 01:20:00+00:00,91334.375,3121.617919921875
2026-01-12 01:21:00+00:00,91363.9375,3123.2373046875
2026-01-12 01:22:00+00:00,91340.8203125,3122.95703125
2026-01-12 01:23:00+00:00,91355.3828125,3123.261962890625
2026-01-12 01:24:00+00:00,91424.7734375,3126.163818359375
2026-01-12 01:25:00+00:00,91403.3046875,3125.114013671875
2026-01-12 01:26:00+00:00,91304.15625,3121.926025390625
2026-01-12 01:27:00+00:00,91284.546875,3121.01953125
2026-01-12 01:28:00+00:00,91337.953125,3123.519287109375
2026-01-12 01:29:00+00:00,91337.375,3124.323974609375
2026-01-12 01:30:00+00:00,91373.7265625,3125.529052734375
2026-01-12 01:31:00+00:00,91283.5,3123.143798828125
2026-01-12 01:32:00+00:00,91282.3828125,3122.95703125
2026-01-12 01:33:00+00:00,91340.84375,3124.759521484375
2026-01-12 01:34:00+00:00,91223.546875,3120.863037109375
2026-01-12 01:35:00+00:00,91035.484375,3113.58544921875
2026-01-12 01:37:00+00:00,91049.8828125,3114.71728515625
2026-01-12 01:38:00+00:00,91065.6796875,3115.197021484375
2026-01-12 01:39:00+00:00,91151.3359375,3118.635009765625
2026-01-12 01:40:00+00:00,91131.6328125,3117.699951171875
2026-01-12 01:41:00+00:00,91099.0234375,3116.510498046875
2026-01-12 01:42:00+00:00,91110.203125,3116.985107421875
2026-01-12 01:43:00+00:00,91161.6953125,3118.67822265625
2026-01-12 01:45:00+00:00,91254.046875,3119.73974609375
2026-01-12 01:47:00+00:00,91298.125,3120.468994140625
2026-01-12 01:48:00+00:00,91299.8515625,3120.780029296875
2026-01-12 01:49:00+00:00,91302.40625,3121.273193359375
2026-01-12 01:50:00+00:00,91360.5078125,3124.12158203125
2026-01-12 01:51:00+00:00,91356.546875,3124.517822265625
2026-01-12 01:52:00+00:00,91329.4609375,3124.550048828125
2026-01-12 01:53:00+00:00,91345.484375,3124.259033203125
2026-01-12 01:54:00+00:00,91316.578125,3122.99560546875
2026-01-12 01:55:00+00:00,91303.875,3121.720703125
2026-01-12 01:56:00+00:00,91313.6875,3122.205322265625
2026-01-12 01:57:00+00:00,91277.1484375,3121.142333984375
2026-01-12 01:58:00+00:00,91262.140625,3120.59814453125
2026-01-12 01:59:00+00:00,91262.015625,3120.4609375
2026-01-12 02:00:00+00:00,91274.8984375,3120.5966796875
2026-01-12 02:01:00+00:00,91302.4453125,3121.480712890625
2026-01-12 02:02:00+00:00,91305.2421875,3120.656494140625
2026-01-12 02:03:00+00:00,91327.5625,3122.1044921875
2026-01-12 02:04:00+00:00,91364.0546875,3124.264404296875
2026-01-12 02:05:00+00:00,91387.8125,3125.3662109375
2026-01-12 02:06:00+00:00,91405.359375,3125.635986328125
2026-01-12 02:08:00+00:00,91427.5625,3126.048095703125
2026-01-12 02:10:00+00:00,91423.375,3128.5576171875
2026-01-12 02:11:00+00:00,91412.9765625,3127.98291015625
2026-01-12 02:12:00+00:00,91395.875,3127.29052734375
2026-01-12 02:13:00+00:00,91452.1484375,3129.180419921875
2026-01-12 02:14:00+00:00,91498.875,3131.87451171875
2026-01-12 02:15:00+00:00,91573.7265625,3136.935302734375
2026-01-12 02:16:00+00:00,91781.8359375,3146.430419921875
2026-01-12 02:17:00+00:00,91746.203125,3144.124267578125
2026-01-12 02:18:00+00:00,91703.78125,3142.02294921875
2026-01-12 02:19:00+00:00,91661.703125,3140.279052734375
2026-01-12 02:20:00+00:00,91638.125,3139.603271484375
2026-01-12 02:21:00+00:00,91588.453125,3138.32275390625
2026-01-12 02:23:00+00:00,91509.4140625,3135.056884765625
2026-01-12 02:24:00+00:00,91536.71875,3136.025390625
2026-01-12 02:25:00+00:00,91566.703125,3136.27392578125
2026-01-12 02:26:00+00:00,91586.8828125,3135.706298828125
2026-01-12 02:27:00+00:00,91599.796875,3136.834228515625
2026-01-12 02:28:00+00:00,91588.390625,3136.471923828125
2026-01-12 02:29:00+00:00,91588.390625,3136.471923828125
2026-01-12 02:30:00+00:00,91668.71875,3141.5263671875
2026-01-12 02:31:00+00:00,91667.5546875,3141.691650390625
2026-01-12 02:32:00+00:00,91634.75,3139.40283203125
2026-01-12 02:33:00+00:00,91628.953125,3139.239013671875
2026-01-12 02:34:00+00:00,91622.3046875,3139.372314453125
2026-01-12 02:35:00+00:00,91605.828125,3138.603515625
2026-01-12 02:36:00+00:00,91637.078125,3139.737060546875
2026-01-12 02:37:00+00:00,91715.5546875,3143.110107421875
2026-01-12 02:38:00+00:00,91730.3984375,3143.826416015625
2026-01-12 02:39:00+00:00,91809.9765625,3146.339599609375
2026-01-12 02:41:00+00:00,91764.46875,3142.968505859375
2026-01-12 02:42:00+00:00,91748.6796875,3142.509521484375
2026-01-12 02:43:00+00:00,91778.171875,3143.37646484375
2026-01-12 02:44:00+00:00,91855.1640625,3146.5625
2026-01-12 02:45:00+00:00,91827.9375,3145.194091796875
2026-01-12 02:46:00+00:00,91863.1484375,3146.81787109375
2026-01-12 02:47:00+00:00,91981.5625,3153.25927734375
2026-01-12 02:48:00+00:00,91973.546875,3157.876220703125
2026-01-12 02:49:00+00:00,91971.609375,3154.80322265625
2026-01-12 02:50:00+00:00,92042.2578125,3157.44775390625
2026-01-12 02:51:00+00:00,92220.484375,3162.83642578125
2026-01-12 02:52:00+00:00,92186.546875,3160.365966796875
2026-01-12 02:53:00+00:00,92188.6484375,3159.051025390625
2026-01-12 02:54:00+00:00,92132.5859375,3156.424560546875
2026-01-12 02:55:00+00:00,92095.9609375,3156.26171875
2026-01-12 02:56:00+00:00,92187.953125,3159.576904296875
2026-01-12 02:57:00+00:00,92205.5546875,3160.123779296875
2026-01-12 02:58:00+00:00,92160.859375,3157.225830078125
2026-01-12 02:59:00+00:00,92115.5234375,3155.760009765625
2026-01-12 03:00:00+00:00,92098.6015625,3153.968994140625
2026-01-12 03:01:00+00:00,92118.1171875,3155.341552734375
2026-01-12 03:02:00+00:00,92122.5625,3154.60400390625
2026-01-12 03:03:00+00:00,92042.25,3151.632568359375
2026-01-12 03:04:00+00:00,92025.4765625,3151.261474609375
2026-01-12 03:05:00+00:00,92041.0546875,3152.475830078125
2026-01-12 03:06:00+00:00,92113.71875,3154.354248046875
2026-01-12 03:07:00+00:00,92113.9453125,3154.37158203125
2026-01-12 03:08:00+00:00,92149.15625,3154.927490234375
2026-01-12 03:09:00+00:00,92194.8046875,3156.451416015625
2026-01-12 03:10:00+00:00,92203.4609375,3156.209716796875
2026-01-12 03:11:00+00:00,92214.875,3156.15185546875
2026-01-12 03:12:00+00:00,92231.2890625,3157.414794921875
2026-01-12 03:13:00+00:00,92281.90625,3159.994140625
2026-01-12 03:14:00+00:00,92281.90625,3159.994140625
2026-01-12 03:15:00+00:00,92281.90625,3159.994140625
2026-01-12 03:16:00+00:00,92310.4140625,3162.71533203125
2026-01-12 03:17:00+00:00,92303.3203125,3161.679931640625
2026-01-12 03:18:00+00:00,92349.640625,3163.5439453125
2026-01-12 03:19:00+00:00,92346.2890625,3164.038330078125
2026-01-12 03:20:00+00:00,92337.4140625,3163.539794921875
2026-01-12 03:21:00+00:00,92350.9296875,3164.22021484375
2026-01-12 03:22:00+00:00,92355.328125,3163.68017578125
2026-01-12 03:23:00+00:00,92384.8515625,3164.0107421875
2026-01-12 03:24:00+00:00,92313.90625,3163.603271484375
2026-01-12 03:25:00+00:00,92340.8671875,3165.77294921875
2026-01-12 03:26:00+00:00,92317.6015625,3164.865234375
2026-01-12 03:27:00+00:00,92276.8203125,3163.07080078125
2026-01-12 03:28:00+00:00,92284.0625,3161.712890625
2026-01-12 03:29:00+00:00,92276.75,3162.462158203125
2026-01-12 03:30:00+00:00,92253.8203125,3160.454345703125
2026-01-12 03:31:00+00:00,92301.7421875,3160.474365234375
2026-01-12 03:32:00+00:00,92223.2578125,3157.941650390625
2026-01-12 03:33:00+00:00,92099.5390625,3155.2265625
2026-01-12 03:34:00+00:00,92064.9296875,3154.428955078125
2026-01-12 03:35:00+00:00,92085.3671875,3155.591552734375
2026-01-12 03:36:00+00:00,92046.875,3155.112548828125
2026-01-12 03:37:00+00:00,92024.2109375,3154.444091796875
2026-01-12 03:38:00+00:00,92008.6640625,3154.003662109375
2026-01-12 03:39:00+00:00,92025.765625,3155.1796875
2026-01-12 03:40:00+00:00,92006.0390625,3155.064453125
2026-01-12 03:41:00+00:00,91993.890625,3154.947021484375
2026-01-12 03:42:00+00:00,91869.5390625,3152.15283203125
2026-01-12 03:43:00+00:00,91854.0390625,3152.420654296875
2026-01-12 03:44:00+00:00,91891.703125,3153.18359375
2026-01-12 03:45:00+00:00,91872.4609375,3151.466796875
2026-01-12 03:46:00+00:00,91877.2890625,3151.93505859375
2026-01-12 03:47:00+00:00,91880.015625,3152.082763671875
2026-01-12 03:48:00+00:00,91854.171875,3150.74072265625
2026-01-12 03:49:00+00:00,91809.578125,3150.436767578125
2026-01-12 03:50:00+00:00,91810.6640625,3150.6591796875
2026-01-12 03:51:00+00:00,91814.703125,3150.89501953125
2026-01-12 03:52:00+00:00,91838.7421875,3152.15771484375
2026-01-12 03:53:00+00:00,91825.0859375,3151.3603515625
2026-01-12 03:54:00+00:00,91798.578125,3150.544921875
2026-01-12 03:55:00+00:00,91808.3828125,3150.435302734375
2026-01-12 03:56:00+00:00,91850.75,3152.10400390625
2026-01-12 03:57:00+00:00,91804.53125,3150.66650390625
2026-01-12 03:58:00+00:00,91744.265625,3148.12841796875
2026-01-12 03:59:00+00:00,91719.34375,3147.87060546875
2026-01-12 04:00:00+00:00,91694.4140625,3147.695068359375
2026-01-12 04:01:00+00:00,91705.0625,3148.89208984375
2026-01-12 04:02:00+00:00,91722.8828125,3149.648681640625
2026-01-12 04:03:00+00:00,91731.7265625,3150.3076171875
2026-01-12 04:04:00+00:00,91651.09375,3145.59375
2026-01-12 04:05:00+00:00,91647.984375,3145.590576171875
2026-01-12 04:06:00+00:00,91686.8828125,3145.40625
2026-01-12 04:07:00+00:00,91745.4375,3148.263427734375
2026-01-12 04:08:00+00:00,91761.7734375,3150.986328125
2026-01-12 04:09:00+00:00,91777.1796875,3151.544921875
2026-01-12 04:10:00+00:00,91751.90625,3149.1875
2026-01-12 04:11:00+00:00,91769.421875,3149.332763671875
2026-01-12 04:12:00+00:00,91758.28125,3149.185546875
2026-01-12 04:13:00+00:00,91888.296875,3153.171142578125
2026-01-12 04:14:00+00:00,91918.125,3153.9013671875
2026-01-12 04:15:00+00:00,91947.953125,3154.591064453125
2026-01-12 04:16:00+00:00,91969.578125,3155.463134765625
2026-01-12 04:17:00+00:00,91968.3046875,3154.15185546875
2026-01-12 04:18:00+00:00,91951.6171875,3152.64306640625
2026-01-12 04:19:00+00:00,91963.5234375,3153.57373046875
2026-01-12 04:20:00+00:00,91965.140625,3153.54150390625
2026-01-12 04:21:00+00:00,91950.828125,3152.9365234375
2026-01-12 04:22:00+00:00,91906.9765625,3151.595703125
2026-01-12 04:23:00+00:00,91925.2265625,3152.784423828125
2026-01-12 04:24:00+00:00,91920.9765625,3152.333984375
2026-01-12 04:25:00+00:00,91931.1015625,3152.647216796875
2026-01-12 04:26:00+00:00,91901.3125,3151.484619140625
2026-01-12 04:27:00+00:00,91904.3359375,3151.293212890625
2026-01-12 04:28:00+00:00,91912.8046875,3151.31591796875
2026-01-12 04:29:00+00:00,91901.9375,3150.847900390625
2026-01-12 04:30:00+00:00,91910.21875,3151.27978515625
2026-01-12 04:31:00+00:00,91915.6953125,3151.60400390625
2026-01-12 04:32:00+00:00,91898.8515625,3151.083740234375
2026-01-12 04:33:00+00:00,91904.234375,3151.389404296875
2026-01-12 04:34:00+00:00,91959.96875,3153.81396484375
2026-01-12 04:35:00+00:00,92010.4375,3155.777099609375
2026-01-12 04:36:00+00:00,92039.7578125,3156.747802734375
2026-01-12 04:37:00+00:00,92034.5234375,3156.2705078125
2026-01-12 04:38:00+00:00,92034.828125,3156.308349609375
2026-01-12 04:39:00+00:00,92058.2890625,3157.004638671875
2026-01-12 04:40:00+00:00,92059.4375,3156.66796875
2026-01-12 04:41:00+00:00,92073.2421875,3157.279541015625
2026-01-12 04:42:00+00:00,92092.0703125,3157.857177734375
2026-01-12 04:43:00+00:00,92089.6015625,3157.709228515625
2026-01-12 04:44:00+00:00,92056.078125,3156.385009765625
2026-01-12 04:45:00+00:00,92058.6875,3155.69921875
2026-01-12 04:46:00+00:00,92085.6796875,3157.135009765625
2026-01-12 04:47:00+00:00,92137.390625,3158.40625
2026-01-12 04:48:00+00:00,92131.421875,3158.21533203125
2026-01-12 04:49:00+00:00,92151.6484375,3158.91748046875
2026-01-12 04:50:00+00:00,92138.6484375,3158.5263671875
2026-01-12 04:51:00+00:00,92126.71875,3158.24267578125
2026-01-12 04:52:00+00:00,92093.7109375,3157.000732421875
2026-01-12 04:53:00+00:00,92082.328125,3156.68310546875
2026-01-12 04:54:00+00:00,92061.0625,3156.22705078125
2026-01-12 04:56:00+00:00,92033.703125,3154.94775390625
2026-01-12 04:58:00+00:00,92035.1796875,3154.84521484375
2026-01-12 04:59:00+00:00,92036.109375,3154.70849609375
2026-01-12 05:00:00+00:00,92035.6484375,3154.877197265625
2026-01-12 05:01:00+00:00,91999.4921875,3153.44140625
2026-01-12 05:02:00+00:00,91955.953125,3152.008056640625
2026-01-12 05:03:00+00:00,91972.921875,3152.67724609375
2026-01-12 05:04:00+00:00,91991.5390625,3153.14794921875
2026-01-12 05:05:00+00:00,92011.4921875,3153.144775390625
2026-01-12 05:07:00+00:00,92023.90625,3153.677978515625
2026-01-12 05:10:00+00:00,92040.234375,3155.066650390625
2026-01-12 05:11:00+00:00,92080.7109375,3156.8359375
2026-01-12 05:12:00+00:00,92087.078125,3155.942138671875
2026-01-12 05:13:00+00:00,92089.203125,3156.19189453125
2026-01-12 05:14:00+00:00,92063.2890625,3155.349365234375
2026-01-12 05:15:00+00:00,92020.125,3154.656005859375
2026-01-12 05:16:00+00:00,91985.5,3153.364990234375
2026-01-12 05:17:00+00:00,91991.5,3153.50732421875
2026-01-12 05:18:00+00:00,92032.2265625,3154.77099609375
2026-01-12 05:19:00+00:00,92072.6953125,3157.038330078125
2026-01-12 05:20:00+00:00,92095.546875,3158.150390625
2026-01-12 05:21:00+00:00,92116.234375,3160.260498046875
2026-01-12 05:23:00+00:00,92091.9296875,3159.50244140625
2026-01-12 05:24:00+00:00,92077.6171875,3159.133056640625
2026-01-12 05:25:00+00:00,92081.5546875,3159.622314453125
2026-01-12 05:26:00+00:00,92081.875,3159.78173828125
2026-01-12 05:27:00+00:00,92082.109375,3160.267578125
2026-01-12 05:28:00+00:00,92088.1640625,3160.736083984375
2026-01-12 05:29:00+00:00,92121.359375,3161.515380859375
2026-01-12 05:30:00+00:00,92113.4609375,3161.362548828125
2026-01-12 05:32:00+00:00,92127.9765625,3161.8779296875
2026-01-12 05:33:00+00:00,92077.6875,3160.152099609375
2026-01-12 05:34:00+00:00,92033.5546875,3158.4814453125
2026-01-12 05:35:00+00:00,92033.1015625,3160.495361328125
2026-01-12 05:36:00+00:00,92033.65625,3160.125
2026-01-12 05:37:00+00:00,92021.9453125,3160.015625
2026-01-12 05:38:00+00:00,92010.71875,3159.542724609375
2026-01-12 05:39:00+00:00,92007.8203125,3158.7509765625
2026-01-12 05:40:00+00:00,92029.3671875,3158.93408203125
2026-01-12 05:41:00+00:00,92039.21875,3158.676513671875
2026-01-12 05:43:00+00:00,92013.609375,3158.241943359375
2026-01-12 05:45:00+00:00,91989.703125,3154.624267578125
2026-01-12 05:46:00+00:00,91987.7890625,3154.9462890625
2026-01-12 05:47:00+00:00,91992.7578125,3155.278076171875
2026-01-12 05:48:00+00:00,91980.296875,3154.26416015625
2026-01-12 05:49:00+00:00,91980.6796875,3154.06201171875
2026-01-12 05:50:00+00:00,91971.515625,3153.615966796875
2026-01-12 05:51:00+00:00,91971.875,3153.788818359375
2026-01-12 05:53:00+00:00,91981.7265625,3154.315673828125
2026-01-12 05:54:00+00:00,91987.4140625,3154.4345703125
2026-01-12 05:55:00+00:00,92000.8828125,3154.97900390625
2026-01-12 05:56:00+00:00,91996.015625,3154.75927734375
2026-01-12 05:58:00+00:00,91970.65625,3153.88232421875
2026-01-12 05:59:00+00:00,91991.640625,3154.66015625
2026-01-12 06:00:00+00:00,91984.6796875,3154.408935546875
2026-01-12 06:01:00+00:00,91988.2890625,3154.28955078125
2026-01-12 06:02:00+00:00,91953.6875,3152.982177734375
2026-01-12 06:03:00+00:00,91945.421875,3153.60693359375
2026-01-12 06:04:00+00:00,91927.9609375,3152.60791015625
2026-01-12 06:05:00+00:00,91955.875,3153.505126953125
2026-01-12 06:06:00+00:00,91951.7578125,3153.577392578125
2026-01-12 06:07:00+00:00,91961.7734375,3155.6044921875
2026-01-12 06:08:00+00:00,91986.0703125,3155.994384765625
2026-01-12 06:09:00+00:00,92047.7421875,3160.27099609375
2026-01-12 06:10:00+00:00,92009.3125,3158.424072265625
2026-01-12 06:11:00+00:00,92030.6640625,3159.0859375
2026-01-12 06:12:00+00:00,92065.4296875,3159.3466796875
2026-01-12 06:13:00+00:00,92051.125,3159.3603515625
2026-01-12 06:14:00+00:00,92043.265625,3158.274658203125
2026-01-12 06:15:00+00:00,92043.453125,3158.3486328125
2026-01-12 06:16:00+00:00,92056.6328125,3158.95166015625
2026-01-12 06:17:00+00:00,92045.0234375,3158.01123046875
2026-01-12 06:18:00+00:00,92031.640625,3157.57568359375
2026-01-12 06:19:00+00:00,91964.796875,3156.182861328125
2026-01-12 06:20:00+00:00,91967.21875,3155.840087890625
2026-01-12 06:21:00+00:00,91940.6640625,3155.386962890625
2026-01-12 06:22:00+00:00,91932.5078125,3154.40478515625
2026-01-12 06:23:00+00:00,91917.59375,3153.705810546875
2026-01-12 06:24:00+00:00,91894.0234375,3152.93359375
2026-01-12 06:25:00+00:00,91918.1015625,3153.99560546875
2026-01-12 06:26:00+00:00,91891.2109375,3153.797607421875
2026-01-12 06:27:00+00:00,91866.609375,3152.3330078125
2026-01-12 06:28:00+00:00,91861.0234375,3152.4169921875
2026-01-12 06:29:00+00:00,91865.375,3153.813232421875
2026-01-12 06:30:00+00:00,91865.375,3153.9501953125
2026-01-12 06:31:00+00:00,91819.0234375,3152.074462890625
2026-01-12 06:32:00+00:00,91808.4140625,3152.630126953125
2026-01-12 06:33:00+00:00,91820.1484375,3153.37890625
2026-01-12 06:34:00+00:00,91825.875,3153.73828125
2026-01-12 06:35:00+00:00,91801.125,3152.72412109375
2026-01-12 06:36:00+00:00,91765.96875,3151.506591796875
2026-01-12 06:37:00+00:00,91757.765625,3150.903564453125
2026-01-12 06:38:00+00:00,91724.9140625,3150.33740234375
2026-01-12 06:39:00+00:00,91697.6171875,3149.14892578125
2026-01-12 06:40:00+00:00,91717.7890625,3149.410400390625
2026-01-12 06:41:00+00:00,91719.1328125,3149.71484375
2026-01-12 06:42:00+00:00,91749.1328125,3150.840576171875
2026-01-12 06:44:00+00:00,91800.6015625,3153.558349609375
2026-01-12 06:45:00+00:00,91820.625,3154.295166015625
2026-01-12 06:46:00+00:00,91792.453125,3153.70654296875
2026-01-12 06:47:00+00:00,91787.09375,3153.430908203125
2026-01-12 06:48:00+00:00,91767.3671875,3152.6953125
2026-01-12 06:49:00+00:00,91760.1171875,3152.590576171875
2026-01-12 06:50:00+00:00,91748.8671875,3151.75146484375
2026-01-12 06:51:00+00:00,91727.359375,3151.32373046875
2026-01-12 06:52:00+00:00,91705.3515625,3150.181396484375
2026-01-12 06:53:00+00:00,91707.6875,3150.34375
2026-01-12 06:54:00+00:00,91691.34375,3149.6376953125
2026-01-12 06:55:00+00:00,91698.5703125,3149.815673828125
2026-01-12 06:56:00+00:00,91705.453125,3150.117919921875
2026-01-12 06:57:00+00:00,91710.859375,3150.021484375
2026-01-12 06:58:00+00:00,91732.0625,3150.3076171875
2026-01-12 06:59:00+00:00,91716.6796875,3149.967041015625
2026-01-12 07:00:00+00:00,91721.546875,3150.6220703125
2026-01-12 07:01:00+00:00,91719.734375,3150.930908203125
2026-01-12 07:02:00+00:00,91662.640625,3148.80810546875
2026-01-12 07:03:00+00:00,91669.4375,3149.512451171875
2026-01-12 07:04:00+00:00,91703.5078125,3151.039794921875
2026-01-12 07:05:00+00:00,91734.4453125,3153.013916015625
2026-01-12 07:06:00+00:00,91710.5625,3152.14892578125
2026-01-12 07:07:00+00:00,91816.296875,3155.506591796875
2026-01-12 07:08:00+00:00,91806.0625,3155.599609375
2026-01-12 07:09:00+00:00,91798.890625,3155.491455078125
2026-01-12 07:10:00+00:00,91806.2578125,3155.762451171875
2026-01-12 07:11:00+00:00,91781.9453125,3155.45654296875
2026-01-12 07:12:00+00:00,91743.1640625,3153.756103515625
2026-01-12 07:13:00+00:00,91759.234375,3154.45263671875
2026-01-12 07:14:00+00:00,91752.640625,3154.222412109375
2026-01-12 07:15:00+00:00,91710.3046875,3153.279052734375
2026-01-12 07:16:00+00:00,91768.640625,3154.738037109375
2026-01-12 07:17:00+00:00,91768.875,3154.62939453125
2026-01-12 07:18:00+00:00,91738.4765625,3153.8759765625
2026-01-12 07:19:00+00:00,91711.5859375,3153.024169921875
2026-01-12 07:20:00+00:00,91661.4609375,3151.178955078125
2026-01-12 07:21:00+00:00,91632.0390625,3149.651123046875
2026-01-12 07:22:00+00:00,91649.8046875,3150.08203125
2026-01-12 07:23:00+00:00,91642.6953125,3150.386474609375
2026-01-12 07:24:00+00:00,91651.015625,3151.048583984375
2026-01-12 07:25:00+00:00,91651.265625,3150.999267578125
2026-01-12 07:26:00+00:00,91647.6953125,3150.41015625
2026-01-12 07:27:00+00:00,91686.5625,3151.137451171875
2026-01-12 07:28:00+00:00,91723.1171875,3152.322998046875
2026-01-12 07:29:00+00:00,91736.3203125,3152.957275390625
2026-01-12 07:30:00+00:00,91760.234375,3153.184814453125
2026-01-12 07:31:00+00:00,91758.6171875,3153.165283203125
2026-01-12 07:32:00+00:00,91698.609375,3149.376953125
2026-01-12 07:33:00+00:00,91696.8203125,3148.958251953125
2026-01-12 07:34:00+00:00,91699.9765625,3148.2626953125
2026-01-12 07:35:00+00:00,91648.7109375,3146.777099609375
2026-01-12 07:36:00+00:00,91602.875,3144.8369140625
2026-01-12 07:37:00+00:00,91593.4765625,3143.90478515625
2026-01-12 07:38:00+00:00,91500.2734375,3140.234130859375
2026-01-12 07:39:00+00:00,91532.2421875,3142.1943359375
2026-01-12 07:41:00+00:00,91539.4765625,3142.572998046875
2026-01-12 07:42:00+00:00,91522.1796875,3142.038818359375
2026-01-12 07:43:00+00:00,91486.4921875,3140.3916015625
2026-01-12 07:44:00+00:00,91459.3515625,3138.68017578125
2026-01-12 07:45:00+00:00,91448.203125,3138.3095703125
2026-01-12 07:46:00+00:00,91361.34375,3136.124755859375
2026-01-12 07:47:00+00:00,91314.5078125,3132.96484375
2026-01-12 07:48:00+00:00,91376.9375,3135.01611328125
2026-01-12 07:49:00+00:00,91384.5546875,3135.469482421875
2026-01-12 07:50:00+00:00,91385.984375,3134.20263671875
2026-01-12 07:51:00+00:00,91402.9609375,3135.41064453125
2026-01-12 07:52:00+00:00,91353.3359375,3134.171630859375
2026-01-12 07:53:00+00:00,91325.5703125,3133.32177734375
2026-01-12 07:54:00+00:00,91278.328125,3129.961669921875
2026-01-12 07:55:00+00:00,91301.6875,3130.310791015625
2026-01-12 07:56:00+00:00,91302.171875,3131.405029296875
2026-01-12 07:57:00+00:00,91322.8984375,3132.788330078125
2026-01-12 07:58:00+00:00,91339.890625,3133.137451171875
2026-01-12 07:59:00+00:00,91301.734375,3132.477294921875
2026-01-12 08:00:00+00:00,91290.7890625,3131.487060546875
2026-01-12 08:01:00+00:00,91283.40625,3130.7421875
2026-01-12 08:02:00+00:00,91294.4921875,3130.88525390625
2026-01-12 08:03:00+00:00,91331.1328125,3132.364501953125
2026-01-12 08:04:00+00:00,91329.96875,3131.76513671875
2026-01-12 08:05:00+00:00,91251.0625,3130.255859375
2026-01-12 08:06:00+00:00,91316.71875,3133.93701171875
2026-01-12 08:07:00+00:00,91314.1015625,3133.5
2026-01-12 08:08:00+00:00,91374.2578125,3135.974365234375
2026-01-12 08:09:00+00:00,91415.4765625,3136.600341796875
2026-01-12 08:10:00+00:00,91426.0390625,3137.2001953125
2026-01-12 08:11:00+00:00,91423.9296875,3137.2841796875
2026-01-12 08:12:00+00:00,91418.9140625,3138.15478515625
2026-01-12 08:13:00+00:00,91431.1875,3138.302734375
2026-01-12 08:14:00+00:00,91499.1796875,3139.576904296875
2026-01-12 08:15:00+00:00,91443.4609375,3137.521240234375
2026-01-12 08:16:00+00:00,91431.828125,3136.385498046875
2026-01-12 08:17:00+00:00,91422.1796875,3136.270751953125
2026-01-12 08:18:00+00:00,91346.5078125,3134.162353515625
2026-01-12 08:19:00+00:00,91425.8046875,3137.40234375
2026-01-12 08:20:00+00:00,91435.4140625,3138.811767578125
2026-01-12 08:21:00+00:00,91436.6875,3139.9921875
2026-01-12 08:22:00+00:00,91408.8515625,3140.245361328125
2026-01-12 08:23:00+00:00,91455.765625,3141.560546875
2026-01-12 08:24:00+00:00,91464.703125,3141.260009765625
2026-01-12 08:25:00+00:00,91413.0703125,3138.7099609375
2026-01-12 08:26:00+00:00,91361.5625,3136.6015625
2026-01-12 08:27:00+00:00,91361.8984375,3136.8369140625
2026-01-12 08:28:00+00:00,91362.8203125,3137.24365234375
2026-01-12 08:29:00+00:00,91366.7421875,3137.271240234375
2026-01-12 08:30:00+00:00,91351.5234375,3136.464111328125
2026-01-12 08:31:00+00:00,91278.6171875,3133.707275390625
2026-01-12 08:32:00+00:00,91250.75,3130.9951171875
2026-01-12 08:33:00+00:00,91064.625,3122.6943359375
2026-01-12 08:34:00+00:00,91085.5703125,3123.154541015625
2026-01-12 08:35:00+00:00,91033.90625,3121.57861328125
2026-01-12 08:36:00+00:00,90907.5703125,3118.848876953125
2026-01-12 08:37:00+00:00,90774.2265625,3115.406982421875
2026-01-12 08:38:00+00:00,90602.890625,3108.9755859375
2026-01-12 08:39:00+00:00,90653.4921875,3112.982666015625
2026-01-12 08:41:00+00:00,90542.9375,3110.203369140625
2026-01-12 08:42:00+00:00,90468.5703125,3107.4384765625
2026-01-12 08:43:00+00:00,90437.8125,3106.576171875
2026-01-12 08:44:00+00:00,90480.328125,3108.730712890625
2026-01-12 08:45:00+00:00,90442.796875,3106.1943359375
2026-01-12 08:46:00+00:00,90346.46875,3101.980224609375
2026-01-12 08:47:00+00:00,90349.578125,3100.923583984375
2026-01-12 08:48:00+00:00,90315.640625,3101.17333984375
2026-01-12 08:49:00+00:00,90325.3046875,3100.77001953125
2026-01-12 08:50:00+00:00,90517.5625,3108.60546875
2026-01-12 08:51:00+00:00,90365.359375,3104.56005859375
2026-01-12 08:52:00+00:00,90409.84375,3107.087158203125
2026-01-12 08:53:00+00:00,90507.0078125,3110.682373046875
2026-01-12 08:54:00+00:00,90550.6875,3111.798583984375
2026-01-12 08:55:00+00:00,90631.9453125,3113.2353515625
2026-01-12 08:56:00+00:00,90618.4296875,3112.81787109375
2026-01-12 08:57:00+00:00,90639.84375,3113.191162109375
2026-01-12 08:58:00+00:00,90681.078125,3113.1552734375
2026-01-12 08:59:00+00:00,90669.2109375,3113.615234375
2026-01-12 09:00:00+00:00,90643.09375,3112.75048828125
2026-01-12 09:01:00+00:00,90647.296875,3112.26611328125
2026-01-12 09:02:00+00:00,90631.828125,3112.037841796875
2026-01-12 09:03:00+00:00,90552.2109375,3109.331787109375
2026-01-12 09:04:00+00:00,90572.8984375,3109.299560546875
2026-01-12 09:05:00+00:00,90693.984375,3113.760009765625
2026-01-12 09:06:00+00:00,90681.7890625,3113.961181640625
2026-01-12 09:07:00+00:00,90702.6015625,3114.8330078125
2026-01-12 09:08:00+00:00,90709.140625,3115.990966796875
2026-01-12 09:09:00+00:00,90698.953125,3115.494384765625
2026-01-12 09:10:00+00:00,90675.0078125,3114.8955078125
2026-01-12 09:11:00+00:00,90655.8359375,3114.0615234375
2026-01-12 09:12:00+00:00,90641.8359375,3113.93896484375
2026-01-12 09:13:00+00:00,90663.0390625,3114.131103515625
2026-01-12 09:14:00+00:00,90697.8671875,3114.639404296875
2026-01-12 09:15:00+00:00,90695.1796875,3114.6611328125
2026-01-12 09:16:00+00:00,90689.1484375,3114.402099609375
2026-01-12 09:17:00+00:00,90729.9453125,3116.489013671875
2026-01-12 09:18:00+00:00,90743.8046875,3116.2548828125
2026-01-12 09:19:00+00:00,90758.8515625,3116.451904296875
2026-01-12 09:20:00+00:00,90763.828125,3116.195556640625
2026-01-12 09:21:00+00:00,90758.46875,3116.342529296875
2026-01-12 09:22:00+00:00,90773.609375,3117.206787109375
2026-01-12 09:23:00+00:00,90764.625,3117.03955078125
2026-01-12 09:24:00+00:00,90781.21875,3119.4921875
2026-01-12 09:25:00+00:00,90763.9140625,3117.86279296875
2026-01-12 09:26:00+00:00,90773.53125,3117.370849609375
2026-01-12 09:27:00+00:00,90687.90625,3114.357177734375
2026-01-12 09:28:00+00:00,90717.8203125,3114.802978515625
2026-01-12 09:29:00+00:00,90681.34375,3113.62890625
2026-01-12 09:30:00+00:00,90685.71875,3113.52734375
2026-01-12 09:31:00+00:00,90740.6875,3114.62744140625
2026-01-12 09:32:00+00:00,90786.4921875,3118.337646484375
2026-01-12 09:33:00+00:00,90790.6328125,3118.423583984375
2026-01-12 09:34:00+00:00,90790.9765625,3117.947021484375
2026-01-12 09:35:00+00:00,90788.5390625,3118.923583984375
2026-01-12 09:36:00+00:00,90790.2265625,3118.71240234375
2026-01-12 09:37:00+00:00,90722.203125,3116.663818359375
2026-01-12 09:38:00+00:00,90704.1640625,3116.435791015625
2026-01-12 09:39:00+00:00,90709.453125,3116.428466796875
2026-01-12 09:40:00+00:00,90669.3515625,3115.592529296875
2026-01-12 09:41:00+00:00,90703.640625,3117.7822265625
2026-01-12 09:42:00+00:00,90720.7421875,3117.89013671875
2026-01-12 09:43:00+00:00,90743.0390625,3118.91748046875
2026-01-12 09:44:00+00:00,90732.0,3118.387939453125
2026-01-12 09:45:00+00:00,90720.5,3117.651611328125
2026-01-12 09:46:00+00:00,90734.1015625,3117.78955078125
2026-01-12 09:47:00+00:00,90728.125,3117.468017578125
2026-01-12 09:48:00+00:00,90733.5,3117.345947265625
2026-01-12 09:49:00+00:00,90722.6171875,3116.62255859375
2026-01-12 09:50:00+00:00,90724.53125,3116.923095703125
2026-01-12 09:51:00+00:00,90717.0234375,3116.745849609375
2026-01-12 09:52:00+00:00,90731.1484375,3117.44091796875
2026-01-12 09:53:00+00:00,90653.984375,3113.76611328125
2026-01-12 09:54:00+00:00,90640.609375,3113.349853515625
2026-01-12 09:55:00+00:00,90656.6875,3113.989501953125
2026-01-12 09:56:00+00:00,90604.9765625,3112.781005859375
2026-01-12 09:57:00+00:00,90600.7734375,3112.750244140625
2026-01-12 09:58:00+00:00,90608.8671875,3113.45947265625
2026-01-12 09:59:00+00:00,90591.09375,3112.7421875
2026-01-12 10:01:00+00:00,90555.515625,3112.509033203125
2026-01-12 10:02:00+00:00,90496.015625,3108.7177734375
2026-01-12 10:03:00+00:00,90471.734375,3106.660888671875
2026-01-12 10:04:00+00:00,90533.5859375,3109.2841796875
2026-01-12 10:05:00+00:00,90629.8515625,3113.217041015625
2026-01-12 10:06:00+00:00,90661.75,3115.015869140625
2026-01-12 10:07:00+00:00,90646.9609375,3114.48779296875
2026-01-12 10:08:00+00:00,90628.625,3113.766845703125
2026-01-12 10:09:00+00:00,90628.96875,3114.002685546875
2026-01-12 10:10:00+00:00,90609.8203125,3112.7744140625
2026-01-12 10:11:00+00:00,90603.3125,3112.404052734375
2026-01-12 10:12:00+00:00,90604.9375,3112.477783203125
2026-01-12 10:13:00+00:00,90592.6953125,3111.79443359375
2026-01-12 10:14:00+00:00,90556.5234375,3110.39404296875
2026-01-12 10:15:00+00:00,90571.125,3110.511474609375
2026-01-12 10:16:00+00:00,90549.1796875,3109.5791015625
2026-01-12 10:17:00+00:00,90539.546875,3108.978515625
2026-01-12 10:18:00+00:00,90526.625,3108.410888671875
2026-01-12 10:19:00+00:00,90585.34375,3110.86181640625
2026-01-12 10:20:00+00:00,90582.2890625,3111.850341796875
2026-01-12 10:21:00+00:00,90571.7109375,3110.87646484375
2026-01-12 10:22:00+00:00,90539.5625,3109.830322265625
2026-01-12 10:23:00+00:00,90518.703125,3109.56103515625
2026-01-12 10:24:00+00:00,90441.3828125,3107.791748046875
2026-01-12 10:25:00+00:00,90472.953125,3109.726806640625
2026-01-12 10:26:00+00:00,90441.578125,3108.246826171875
2026-01-12 10:27:00+00:00,90439.625,3109.187744140625
2026-01-12 10:28:00+00:00,90425.28125,3109.089599609375
2026-01-12 10:29:00+00:00,90449.1484375,3110.197998046875
2026-01-12 10:30:00+00:00,90438.2109375,3109.989501953125
2026-01-12 10:31:00+00:00,90441.6015625,3110.59521484375
2026-01-12 10:32:00+00:00,90437.8671875,3110.322998046875
2026-01-12 10:33:00+00:00,90425.75,3110.126220703125
2026-01-12 10:34:00+00:00,90441.375,3110.749267578125
2026-01-12 10:35:00+00:00,90476.421875,3112.146728515625
2026-01-12 10:36:00+00:00,90466.2734375,3111.48876953125
2026-01-12 10:37:00+00:00,90453.1484375,3110.838623046875
2026-01-12 10:38:00+00:00,90487.5625,3112.032958984375
2026-01-12 10:39:00+00:00,90485.171875,3111.891845703125
2026-01-12 10:40:00+00:00,90476.3671875,3111.42822265625
2026-01-12 10:41:00+00:00,90467.859375,3110.9453125
2026-01-12 10:42:00+00:00,90475.0390625,3110.621826171875
2026-01-12 10:44:00+00:00,90424.796875,3108.122314453125
2026-01-12 10:45:00+00:00,90411.140625,3107.69921875
2026-01-12 10:46:00+00:00,90397.9765625,3106.556640625
2026-01-12 10:47:00+00:00,90370.8515625,3105.450927734375
2026-01-12 10:48:00+00:00,90368.28125,3106.20947265625
2026-01-12 10:49:00+00:00,90394.453125,3107.27783203125
2026-01-12 10:50:00+00:00,90366.1875,3106.043212890625
2026-01-12 10:51:00+00:00,90322.9140625,3104.3681640625
2026-01-12 10:52:00+00:00,90319.1171875,3104.112060546875
2026-01-12 10:53:00+00:00,90305.4296875,3103.1318359375
2026-01-12 10:54:00+00:00,90294.53125,3102.451904296875
2026-01-12 10:55:00+00:00,90311.3125,3103.341796875
2026-01-12 10:56:00+00:00,90273.5234375,3102.320556640625
2026-01-12 10:57:00+00:00,90288.0390625,3102.439453125
2026-01-12 10:58:00+00:00,90261.9609375,3101.3623046875
2026-01-12 10:59:00+00:00,90278.859375,3101.480712890625
2026-01-12 11:00:00+00:00,90313.0390625,3102.467041015625
2026-01-12 11:01:00+00:00,90313.9453125,3102.683349609375
2026-01-12 11:02:00+00:00,90352.765625,3104.267822265625
2026-01-12 11:03:00+00:00,90348.5,3104.645263671875
2026-01-12 11:04:00+00:00,90351.515625,3104.62939453125
2026-01-12 11:05:00+00:00,90366.6796875,3104.81689453125
2026-01-12 11:06:00+00:00,90387.3125,3106.158447265625
2026-01-12 11:07:00+00:00,90418.6328125,3107.20751953125
2026-01-12 11:08:00+00:00,90410.0390625,3106.6171875
2026-01-12 11:09:00+00:00,90371.15625,3104.408203125
2026-01-12 11:10:00+00:00,90397.4453125,3104.970703125
2026-01-12 11:11:00+00:00,90424.625,3106.138671875
2026-01-12 11:12:00+00:00,90460.6484375,3107.452392578125
2026-01-12 11:13:00+00:00,90460.8046875,3107.27783203125
2026-01-12 11:14:00+00:00,90467.8671875,3107.89453125
2026-01-12 11:15:00+00:00,90488.4921875,3108.326416015625
2026-01-12 11:16:00+00:00,90467.3828125,3108.067138671875
2026-01-12 11:17:00+00:00,90453.953125,3107.522216796875
2026-01-12 11:18:00+00:00,90443.25,3107.051025390625
2026-01-12 11:19:00+00:00,90466.6796875,3108.035888671875
2026-01-12 11:21:00+00:00,90461.7890625,3108.449951171875
2026-01-12 11:22:00+00:00,90489.71875,3109.8896484375
2026-01-12 11:23:00+00:00,90482.421875,3109.75146484375
2026-01-12 11:24:00+00:00,90506.3984375,3110.702880859375
2026-01-12 11:25:00+00:00,90583.5,3112.8896484375
2026-01-12 11:26:00+00:00,90604.8984375,3115.255615234375
2026-01-12 11:27:00+00:00,90659.265625,3116.351806640625
2026-01-12 11:28:00+00:00,90614.3125,3114.19287109375
2026-01-12 11:29:00+00:00,90598.28125,3114.040283203125
2026-01-12 11:30:00+00:00,90577.65625,3113.703125
2026-01-12 11:31:00+00:00,90575.8984375,3113.794189453125
2026-01-12 11:32:00+00:00,90602.1015625,3114.504150390625
2026-01-12 11:33:00+00:00,90574.203125,3113.85595703125
2026-01-12 11:34:00+00:00,90574.25,3113.662353515625
2026-01-12 11:36:00+00:00,90613.859375,3114.892822265625
2026-01-12 11:37:00+00:00,90592.6796875,3114.1103515625
2026-01-12 11:38:00+00:00,90593.9921875,3113.903076171875
2026-01-12 11:39:00+00:00,90561.40625,3111.8818359375
2026-01-12 11:40:00+00:00,90518.453125,3110.65966796875
2026-01-12 11:41:00+00:00,90460.7421875,3109.504150390625
2026-01-12 11:42:00+00:00,90451.25,3109.100830078125
2026-01-12 11:43:00+00:00,90450.84375,3108.6806640625
2026-01-12 11:44:00+00:00,90462.984375,3109.120361328125
2026-01-12 11:45:00+00:00,90472.1015625,3109.53076171875
2026-01-12 11:46:00+00:00,90478.5,3110.3818359375
2026-01-12 11:47:00+00:00,90481.296875,3109.93798828125
2026-01-12 11:48:00+00:00,90500.2421875,3110.981201171875
2026-01-12 11:49:00+00:00,90497.25,3111.181884765625
2026-01-12 11:50:00+00:00,90510.125,3112.03173828125
2026-01-12 11:51:00+00:00,90503.9609375,3112.107666015625
2026-01-12 11:52:00+00:00,90507.4609375,3112.331298828125
2026-01-12 11:53:00+00:00,90538.15625,3112.493896484375
2026-01-12 11:54:00+00:00,90538.4609375,3111.541015625
2026-01-12 11:55:00+00:00,90566.453125,3112.489013671875
2026-01-12 11:56:00+00:00,90559.4140625,3111.8994140625
2026-01-12 11:57:00+00:00,90545.2265625,3111.36962890625
2026-01-12 11:58:00+00:00,90545.953125,3111.65478515625
2026-01-12 11:59:00+00:00,90566.390625,3112.355224609375
2026-01-12 12:00:00+00:00,90536.359375,3111.92919921875
2026-01-12 12:01:00+00:00,90543.625,3111.9833984375
2026-01-12 12:02:00+00:00,90526.0546875,3111.5673828125
2026-01-12 12:03:00+00:00,90520.546875,3111.31396484375
2026-01-12 12:04:00+00:00,90528.6953125,3111.43359375
2026-01-12 12:05:00+00:00,90574.90625,3113.8818359375
2026-01-12 12:06:00+00:00,90631.5546875,3115.8828125
2026-01-12 12:07:00+00:00,90617.8203125,3114.50244140625
2026-01-12 12:08:00+00:00,90617.7265625,3114.85302734375
2026-01-12 12:10:00+00:00,90595.7890625,3113.414306640625
2026-01-12 12:11:00+00:00,90650.1015625,3115.26806640625
2026-01-12 12:12:00+00:00,90616.8671875,3114.509765625
2026-01-12 12:13:00+00:00,90632.578125,3114.989990234375
2026-01-12 12:14:00+00:00,90640.390625,3114.722900390625
2026-01-12 12:15:00+00:00,90636.6015625,3114.6669921875
2026-01-12 12:16:00+00:00,90647.6171875,3115.603515625
2026-01-12 12:17:00+00:00,90650.0,3115.6103515625
2026-01-12 12:18:00+00:00,90697.578125,3117.054443359375
2026-01-12 12:19:00+00:00,90699.546875,3117.1845703125
2026-01-12 12:20:00+00:00,90689.0625,3116.796630859375
2026-01-12 12:21:00+00:00,90706.640625,3117.91455078125
2026-01-12 12:22:00+00:00,90697.234375,3116.9853515625
2026-01-12 12:23:00+00:00,90699.5625,3116.59814453125
2026-01-12 12:24:00+00:00,90725.921875,3118.138671875
2026-01-12 12:25:00+00:00,90733.6484375,3118.20068359375
2026-01-12 12:26:00+00:00,90711.015625,3117.80224609375
2026-01-12 12:27:00+00:00,90710.0078125,3117.61572265625
2026-01-12 12:28:00+00:00,90721.515625,3118.062744140625
2026-01-12 12:29:00+00:00,90676.4765625,3116.35107421875
2026-01-12 12:30:00+00:00,90669.6171875,3115.583251953125
2026-01-12 12:31:00+00:00,90645.8125,3114.47802734375
2026-01-12 12:32:00+00:00,90646.3046875,3114.451416015625
2026-01-12 12:33:00+00:00,90643.53125,3114.32373046875
2026-01-12 12:34:00+00:00,90640.859375,3114.427001953125
2026-01-12 12:35:00+00:00,90658.0703125,3114.88134765625
2026-01-12 12:36:00+00:00,90683.140625,3115.671875
2026-01-12 12:37:00+00:00,90648.40625,3114.209716796875
2026-01-12 12:38:00+00:00,90609.453125,3113.270751953125
2026-01-12 12:39:00+00:00,90586.3671875,3111.17529296875
2026-01-12 12:40:00+00:00,90590.0859375,3110.4384765625
2026-01-12 12:41:00+00:00,90569.421875,3109.298095703125
2026-01-12 12:42:00+00:00,90586.6953125,3110.75146484375
2026-01-12 12:43:00+00:00,90609.234375,3111.93310546875
2026-01-12 12:44:00+00:00,90611.03125,3112.0859375
2026-01-12 12:45:00+00:00,90613.0546875,3112.24755859375
2026-01-12 12:46:00+00:00,90615.2109375,3112.416259765625
2026-01-12 12:47:00+00:00,90598.90625,3112.03076171875
2026-01-12 12:48:00+00:00,90601.9375,3111.485107421875
2026-01-12 12:49:00+00:00,90605.234375,3111.818359375
2026-01-12 12:50:00+00:00,90628.6640625,3112.505615234375
2026-01-12 12:51:00+00:00,90645.125,3113.739013671875
2026-01-12 12:52:00+00:00,90677.375,3114.219482421875
2026-01-12 12:53:00+00:00,90663.7734375,3114.430419921875
2026-01-12 12:54:00+00:00,90668.1640625,3113.762939453125
2026-01-12 12:55:00+00:00,90694.515625,3114.976318359375
2026-01-12 12:56:00+00:00,90695.171875,3114.876708984375
2026-01-12 12:57:00+00:00,90680.8203125,3114.059326171875
2026-01-12 12:58:00+00:00,90665.1484375,3112.81591796875
2026-01-12 12:59:00+00:00,90672.5078125,3113.703857421875
2026-01-12 13:00:00+00:00,90662.8515625,3113.126708984375
2026-01-12 13:01:00+00:00,90674.4375,3113.65625
2026-01-12 13:02:00+00:00,90616.3359375,3111.67138671875
2026-01-12 13:03:00+00:00,90648.28125,3114.27099609375
2026-01-12 13:04:00+00:00,90682.8828125,3115.416015625
2026-01-12 13:05:00+00:00,90691.46875,3115.5390625
2026-01-12 13:06:00+00:00,90637.9296875,3113.888427734375
2026-01-12 13:07:00+00:00,90591.203125,3112.3759765625
2026-01-12 13:08:00+00:00,90487.8203125,3108.630126953125
2026-01-12 13:09:00+00:00,90496.796875,3108.768310546875
2026-01-12 13:10:00+00:00,90447.9609375,3106.203857421875
2026-01-12 13:11:00+00:00,90485.8125,3108.20849609375
2026-01-12 13:12:00+00:00,90508.1015625,3108.64111328125
2026-01-12 13:13:00+00:00,90492.8515625,3107.85107421875
2026-01-12 13:14:00+00:00,90472.3515625,3106.654296875
2026-01-12 13:15:00+00:00,90426.8203125,3103.33349609375
2026-01-12 13:16:00+00:00,90518.3515625,3105.962158203125
2026-01-12 13:17:00+00:00,90558.046875,3106.875244140625
2026-01-12 13:18:00+00:00,90558.765625,3106.198974609375
2026-01-12 13:19:00+00:00,90555.1953125,3105.650146484375
2026-01-12 13:20:00+00:00,90578.171875,3106.36962890625
2026-01-12 13:21:00+00:00,90577.265625,3105.80126953125
2026-01-12 13:22:00+00:00,90622.484375,3107.79052734375
2026-01-12 13:23:00+00:00,90615.0546875,3106.865966796875
2026-01-12 13:24:00+00:00,90600.9765625,3106.73876953125
2026-01-12 13:25:00+00:00,90538.1015625,3104.59130859375
2026-01-12 13:26:00+00:00,90558.9296875,3105.43994140625
2026-01-12 13:27:00+00:00,90542.765625,3105.16552734375
2026-01-12 13:28:00+00:00,90532.796875,3105.292236328125
2026-01-12 13:29:00+00:00,90577.546875,3106.567138671875
2026-01-12 13:30:00+00:00,90576.3828125,3106.54443359375
2026-01-12 13:31:00+00:00,90590.4609375,3106.556640625
2026-01-12 13:32:00+00:00,90559.4296875,3105.886962890625
2026-01-12 13:33:00+00:00,90590.734375,3107.18359375
2026-01-12 13:34:00+00:00,90631.3359375,3108.78955078125
2026-01-12 13:35:00+00:00,90634.203125,3108.83740234375
2026-01-12 13:36:00+00:00,90659.8828125,3110.60400390625
2026-01-12 13:37:00+00:00,90656.0390625,3110.33203125
2026-01-12 13:38:00+00:00,90638.1328125,3109.289794921875
2026-01-12 13:39:00+00:00,90635.9375,3109.94287109375
2026-01-12 13:40:00+00:00,90634.3984375,3110.054931640625
2026-01-12 13:41:00+00:00,90630.703125,3110.20263671875
2026-01-12 13:42:00+00:00,90593.0078125,3109.205078125
2026-01-12 13:43:00+00:00,90575.2734375,3108.2783203125
2026-01-12 13:44:00+00:00,90509.9375,3105.728271484375
2026-01-12 13:45:00+00:00,90524.8515625,3106.669921875
2026-01-12 13:46:00+00:00,90520.109375,3105.888427734375
2026-01-12 13:47:00+00:00,90471.8046875,3103.808837890625
2026-01-12 13:48:00+00:00,90521.9453125,3107.142333984375
2026-01-12 13:49:00+00:00,90523.2109375,3106.822021484375
2026-01-12 13:50:00+00:00,90537.421875,3107.21728515625
2026-01-12 13:51:00+00:00,90532.2265625,3106.808349609375
2026-01-12 13:52:00+00:00,90548.6328125,3106.70947265625
2026-01-12 13:53:00+00:00,90558.109375,3107.35986328125
2026-01-12 13:54:00+00:00,90571.1328125,3108.220458984375
2026-01-12 13:55:00+00:00,90581.0546875,3108.263671875
2026-01-12 13:56:00+00:00,90550.640625,3106.894775390625
2026-01-12 13:57:00+00:00,90548.5625,3106.91259765625
2026-01-12 13:58:00+00:00,90550.7578125,3107.151123046875
2026-01-12 13:59:00+00:00,90533.3359375,3106.49462890625
2026-01-12 14:01:00+00:00,90525.1953125,3105.978271484375
2026-01-12 14:02:00+00:00,90531.8203125,3105.217529296875
2026-01-12 14:03:00+00:00,90532.40625,3105.2177734375
2026-01-12 14:04:00+00:00,90530.578125,3105.208251953125
2026-01-12 14:05:00+00:00,90488.8984375,3103.7626953125
2026-01-12 14:06:00+00:00,90509.40625,3104.5771484375
2026-01-12 14:07:00+00:00,90523.21875,3105.305908203125
2026-01-12 14:08:00+00:00,90498.59375,3103.957275390625
2026-01-12 14:09:00+00:00,90488.171875,3103.530517578125
2026-01-12 14:11:00+00:00,90534.4609375,3105.450439453125
2026-01-12 14:12:00+00:00,90539.6953125,3105.634521484375
2026-01-12 14:13:00+00:00,90528.5,3105.669921875
2026-01-12 14:14:00+00:00,90532.5234375,3105.665283203125
2026-01-12 14:15:00+00:00,90528.3984375,3105.539306640625
2026-01-12 14:16:00+00:00,90541.8828125,3105.855712890625
2026-01-12 14:17:00+00:00,90494.46875,3102.16064453125
2026-01-12 14:18:00+00:00,90368.5703125,3092.892333984375
2026-01-12 14:19:00+00:00,90406.34375,3093.115966796875
2026-01-12 14:20:00+00:00,90403.8125,3092.208740234375
2026-01-12 14:21:00+00:00,90385.1640625,3088.4091796875
2026-01-12 14:22:00+00:00,90313.015625,3082.121337890625
2026-01-12 14:23:00+00:00,90265.359375,3082.014892578125
2026-01-12 14:24:00+00:00,90227.2109375,3079.405517578125
2026-01-12 14:25:00+00:00,90113.5234375,3071.498046875
2026-01-12 14:26:00+00:00,90146.09375,3072.15576171875
2026-01-12 14:27:00+00:00,90095.2578125,3070.50537109375
2026-01-12 14:28:00+00:00,90131.8046875,3072.1953125
2026-01-12 14:29:00+00:00,90155.2421875,3073.714111328125
2026-01-12 14:30:00+00:00,90174.3828125,3074.183349609375
2026-01-12 14:31:00+00:00,90220.1796875,3075.407958984375
2026-01-12 14:32:00+00:00,90316.9375,3079.21826171875
2026-01-12 14:33:00+00:00,90460.2421875,3084.934814453125
2026-01-12 14:34:00+00:00,90599.75,3090.51123046875
2026-01-12 14:35:00+00:00,90548.078125,3088.287109375
2026-01-12 14:36:00+00:00,90518.3828125,3088.720947265625
2026-01-12 14:37:00+00:00,90489.7890625,3087.18212890625
2026-01-12 14:38:00+00:00,90419.1328125,3083.811279296875
2026-01-12 14:39:00+00:00,90663.6796875,3094.244384765625
2026-01-12 14:40:00+00:00,90849.234375,3108.3759765625
2026-01-12 14:41:00+00:00,90696.9921875,3100.613525390625
2026-01-12 14:42:00+00:00,90753.96875,3103.94384765625
2026-01-12 14:43:00+00:00,90754.046875,3102.42822265625
2026-01-12 14:44:00+00:00,90672.5859375,3098.419189453125
2026-01-12 14:45:00+00:00,90677.984375,3098.676513671875
2026-01-12 14:46:00+00:00,90624.6015625,3095.14501953125
2026-01-12 14:47:00+00:00,90536.7734375,3092.18505859375
2026-01-12 14:48:00+00:00,90697.5234375,3098.85302734375
2026-01-12 14:49:00+00:00,90684.4453125,3097.758056640625
2026-01-12 14:50:00+00:00,90712.734375,3098.570556640625
2026-01-12 14:51:00+00:00,90790.3125,3101.419921875
2026-01-12 14:52:00+00:00,90961.6328125,3106.310791015625
2026-01-12 14:53:00+00:00,90866.453125,3102.281005859375
2026-01-12 14:54:00+00:00,90792.3671875,3096.448486328125
2026-01-12 14:55:00+00:00,90709.3671875,3092.372802734375
2026-01-12 14:56:00+00:00,90764.578125,3095.059814453125
2026-01-12 14:57:00+00:00,90836.78125,3098.14013671875
2026-01-12 14:58:00+00:00,90825.4140625,3098.528564453125
2026-01-12 14:59:00+00:00,90803.7421875,3099.5205078125
2026-01-12 15:00:00+00:00,90802.75,3102.050048828125
2026-01-12 15:01:00+00:00,90789.8203125,3098.893798828125
2026-01-12 15:02:00+00:00,90770.140625,3098.450439453125
2026-01-12 15:03:00+00:00,90767.1953125,3097.818115234375
2026-01-12 15:04:00+00:00,90802.71875,3098.10498046875
2026-01-12 15:05:00+00:00,90724.9296875,3093.668701171875
2026-01-12 15:06:00+00:00,90724.4609375,3093.51025390625
2026-01-12 15:07:00+00:00,90703.671875,3092.88134765625
2026-01-12 15:08:00+00:00,90766.3984375,3094.08349609375
2026-01-12 15:10:00+00:00,90812.3671875,3097.789306640625
2026-01-12 15:11:00+00:00,90730.8671875,3096.0244140625
2026-01-12 15:12:00+00:00,90679.171875,3095.032958984375
2026-01-12 15:13:00+00:00,90688.1875,3092.516357421875
2026-01-12 15:14:00+00:00,90732.0703125,3094.326416015625
2026-01-12 15:15:00+00:00,90803.8515625,3096.000244140625
2026-01-12 15:16:00+00:00,90835.296875,3097.434326171875
2026-01-12 15:17:00+00:00,90828.171875,3097.257568359375
2026-01-12 15:18:00+00:00,90911.609375,3098.382568359375
2026-01-12 15:19:00+00:00,90957.0625,3100.511474609375
2026-01-12 15:20:00+00:00,91117.078125,3105.884033203125
2026-01-12 15:22:00+00:00,91044.96875,3109.867431640625
2026-01-12 15:23:00+00:00,91075.9375,3110.245849609375
2026-01-12 15:24:00+00:00,91113.0078125,3111.506103515625
2026-01-12 15:25:00+00:00,91138.265625,3114.23046875
2026-01-12 15:26:00+00:00,91207.0625,3118.816162109375
2026-01-12 15:27:00+00:00,91104.078125,3112.621337890625
2026-01-12 15:28:00+00:00,91104.265625,3111.64794921875
2026-01-12 15:29:00+00:00,91183.1328125,3114.739990234375
2026-01-12 15:30:00+00:00,91225.96875,3116.454833984375
2026-01-12 15:31:00+00:00,91198.2890625,3114.5625
2026-01-12 15:32:00+00:00,91190.3359375,3114.220703125
2026-01-12 15:33:00+00:00,91206.96875,3113.81298828125
2026-01-12 15:34:00+00:00,91290.8125,3117.7177734375
2026-01-12 15:35:00+00:00,91283.1875,3116.231689453125
2026-01-12 15:36:00+00:00,91364.671875,3118.14599609375
2026-01-12 15:37:00+00:00,91394.734375,3119.12158203125
2026-01-12 15:38:00+00:00,91445.9140625,3121.121826171875
2026-01-12 15:39:00+00:00,91403.28125,3120.04052734375
2026-01-12 15:40:00+00:00,91430.4296875,3120.72119140625
2026-01-12 15:41:00+00:00,91361.0078125,3119.053955078125
2026-01-12 15:42:00+00:00,91421.28125,3121.762451171875
2026-01-12 15:43:00+00:00,91426.78125,3121.922119140625
2026-01-12 15:44:00+00:00,91393.8359375,3120.089599609375
2026-01-12 15:45:00+00:00,91442.765625,3125.947021484375
2026-01-12 15:46:00+00:00,91389.3359375,3121.944091796875
2026-01-12 15:47:00+00:00,91411.5703125,3124.868408203125
2026-01-12 15:48:00+00:00,91413.640625,3124.662353515625
2026-01-12 15:49:00+00:00,91306.3515625,3119.857666015625
2026-01-12 15:50:00+00:00,91389.375,3122.54638671875
2026-01-12 15:51:00+00:00,91446.21875,3122.102783203125
2026-01-12 15:52:00+00:00,91496.6484375,3123.96826171875
2026-01-12 15:53:00+00:00,91505.9296875,3125.932373046875
2026-01-12 15:54:00+00:00,91461.09375,3124.51611328125
2026-01-12 15:55:00+00:00,91498.2265625,3125.465087890625
2026-01-12 15:56:00+00:00,91504.171875,3126.197509765625
2026-01-12 15:57:00+00:00,91471.2890625,3124.864501953125
2026-01-12 15:58:00+00:00,91486.640625,3125.101806640625
2026-01-12 15:59:00+00:00,91546.453125,3126.194091796875
2026-01-12 16:00:00+00:00,91571.625,3127.12353515625
2026-01-12 16:01:00+00:00,91660.6953125,3128.47314453125
2026-01-12 16:02:00+00:00,91708.28125,3128.990478515625
2026-01-12 16:03:00+00:00,91647.2421875,3127.134521484375
2026-01-12 16:04:00+00:00,91626.703125,3125.339599609375
2026-01-12 16:05:00+00:00,91691.3515625,3127.3525390625
2026-01-12 16:06:00+00:00,91751.3125,3132.19921875
2026-01-12 16:07:00+00:00,91581.984375,3128.720703125
2026-01-12 16:08:00+00:00,91666.1640625,3130.052001953125
2026-01-12 16:09:00+00:00,91704.3671875,3131.43701171875
2026-01-12 16:11:00+00:00,91733.5703125,3131.158447265625
2026-01-12 16:12:00+00:00,91710.0078125,3129.234375
2026-01-12 16:13:00+00:00,91663.4296875,3127.443603515625
2026-01-12 16:14:00+00:00,91694.28125,3128.251708984375
2026-01-12 16:15:00+00:00,91704.8984375,3129.359375
2026-01-12 16:16:00+00:00,91730.203125,3130.131103515625
2026-01-12 16:17:00+00:00,91765.578125,3132.71044921875
2026-01-12 16:18:00+00:00,91705.1953125,3130.14501953125
2026-01-12 16:19:00+00:00,91661.4453125,3128.25146484375
2026-01-12 16:20:00+00:00,91578.90625,3125.424560546875
2026-01-12 16:21:00+00:00,91633.4296875,3125.7529296875
2026-01-12 16:22:00+00:00,91629.546875,3124.94775390625
2026-01-12 16:23:00+00:00,91628.96875,3123.91015625
2026-01-12 16:24:00+00:00,91707.09375,3127.61962890625
2026-01-12 16:25:00+00:00,91753.421875,3128.822509765625
2026-01-12 16:26:00+00:00,91854.3515625,3130.771484375
2026-01-12 16:27:00+00:00,91836.1796875,3130.0283203125
2026-01-12 16:28:00+00:00,91900.140625,3132.87451171875
2026-01-12 16:29:00+00:00,91999.53125,3137.786376953125
2026-01-12 16:30:00+00:00,92118.6015625,3141.140869140625
2026-01-12 16:31:00+00:00,92210.1484375,3141.3271484375
2026-01-12 16:32:00+00:00,92175.453125,3141.540283203125
2026-01-12 16:33:00+00:00,92205.4453125,3140.237060546875
2026-01-12 16:34:00+00:00,92055.140625,3133.96240234375
2026-01-12 16:35:00+00:00,91980.375,3129.927001953125
2026-01-12 16:36:00+00:00,92079.8125,3133.407958984375
2026-01-12 16:37:00+00:00,92047.671875,3131.620849609375
2026-01-12 16:38:00+00:00,92057.65625,3130.824462890625
2026-01-12 16:39:00+00:00,91959.15625,3129.5234375
2026-01-12 16:40:00+00:00,91999.5546875,3130.63232421875
2026-01-12 16:41:00+00:00,92063.9375,3131.56494140625
2026-01-12 16:42:00+00:00,92034.2265625,3130.7548828125
2026-01-12 16:44:00+00:00,92030.1484375,3128.065673828125
2026-01-12 16:45:00+00:00,92070.71875,3129.078125
2026-01-12 16:46:00+00:00,92153.53125,3131.227294921875
2026-01-12 16:47:00+00:00,92134.96875,3129.73388671875
2026-01-12 16:48:00+00:00,92074.5390625,3127.022705078125
2026-01-12 16:49:00+00:00,91976.203125,3123.61962890625
2026-01-12 16:50:00+00:00,91965.9140625,3124.696533203125
2026-01-12 16:51:00+00:00,92040.7421875,3127.85986328125
2026-01-12 16:52:00+00:00,92026.28125,3127.701904296875
2026-01-12 16:53:00+00:00,92070.9765625,3129.999755859375
2026-01-12 16:54:00+00:00,92069.8984375,3129.84423828125
2026-01-12 16:55:00+00:00,92077.34375,3129.98193359375
2026-01-12 16:56:00+00:00,92120.5390625,3131.532958984375
2026-01-12 16:57:00+00:00,92113.15625,3132.00048828125
2026-01-12 16:58:00+00:00,92103.4140625,3131.3515625
2026-01-12 16:59:00+00:00,92042.640625,3128.67236328125
2026-01-12 17:00:00+00:00,92049.5234375,3128.268310546875
2026-01-12 17:01:00+00:00,92074.6953125,3128.66552734375
2026-01-12 17:02:00+00:00,92093.3671875,3129.574462890625
2026-01-12 17:03:00+00:00,92115.359375,3130.98876953125
2026-01-12 17:04:00+00:00,92137.9921875,3132.010986328125
2026-01-12 17:05:00+00:00,92210.1328125,3133.8974609375
2026-01-12 17:06:00+00:00,92189.2734375,3133.253662109375
2026-01-12 17:07:00+00:00,92147.296875,3132.356689453125
2026-01-12 17:08:00+00:00,92088.6015625,3131.009521484375
2026-01-12 17:09:00+00:00,92084.0390625,3130.7666015625
2026-01-12 17:10:00+00:00,92006.4140625,3129.41552734375
2026-01-12 17:11:00+00:00,91926.921875,3125.76171875
2026-01-12 17:12:00+00:00,91909.6171875,3125.135986328125
2026-01-12 17:13:00+00:00,91861.9921875,3124.54443359375
2026-01-12 17:14:00+00:00,91869.34375,3124.20458984375
2026-01-12 17:15:00+00:00,91900.2109375,3125.353271484375
2026-01-12 17:16:00+00:00,91899.828125,3125.22705078125
2026-01-12 17:17:00+00:00,91874.71875,3124.578857421875
2026-01-12 17:18:00+00:00,91900.4453125,3125.314453125
2026-01-12 17:19:00+00:00,91920.9296875,3125.670654296875
2026-01-12 17:20:00+00:00,91954.609375,3126.66015625
2026-01-12 17:21:00+00:00,91967.453125,3127.262451171875
2026-01-12 17:22:00+00:00,91929.0625,3126.161376953125
2026-01-12 17:23:00+00:00,91803.7109375,3121.1201171875
2026-01-12 17:24:00+00:00,91774.640625,3117.383056640625
2026-01-12 17:25:00+00:00,91754.90625,3117.49853515625
2026-01-12 17:26:00+00:00,91669.046875,3111.51025390625
2026-01-12 17:27:00+00:00,91633.0859375,3110.78173828125
2026-01-12 17:28:00+00:00,91658.640625,3111.983154296875
2026-01-12 17:29:00+00:00,91633.90625,3111.014892578125
2026-01-12 17:30:00+00:00,91636.84375,3111.265625
2026-01-12 17:31:00+00:00,91563.953125,3109.172119140625
2026-01-12 17:32:00+00:00,91507.2890625,3105.9365234375
2026-01-12 17:33:00+00:00,91132.6796875,3100.36279296875
2026-01-12 17:34:00+00:00,91015.9765625,3090.7939453125
2026-01-12 17:35:00+00:00,91072.6953125,3090.693359375
2026-01-12 17:36:00+00:00,91110.5234375,3088.6220703125
2026-01-12 17:37:00+00:00,91185.859375,3091.72021484375
2026-01-12 17:38:00+00:00,91297.6171875,3095.97509765625
2026-01-12 17:39:00+00:00,91227.2109375,3093.824462890625
2026-01-12 17:40:00+00:00,91231.4609375,3093.6611328125
2026-01-12 17:41:00+00:00,91182.7890625,3091.83447265625
2026-01-12 17:42:00+00:00,91269.8359375,3094.965087890625
2026-01-12 17:43:00+00:00,91244.96875,3093.464111328125
2026-01-12 17:44:00+00:00,91316.1484375,3098.795166015625
2026-01-12 17:45:00+00:00,91269.046875,3096.056640625
2026-01-12 17:46:00+00:00,91319.546875,3096.8076171875
2026-01-12 17:47:00+00:00,91310.5859375,3096.008056640625
2026-01-12 17:48:00+00:00,91323.25,3096.954833984375
2026-01-12 17:49:00+00:00,91400.7578125,3099.919921875
2026-01-12 17:50:00+00:00,91420.640625,3102.0986328125
2026-01-12 17:51:00+00:00,91412.734375,3100.490966796875
2026-01-12 17:52:00+00:00,91404.328125,3100.34521484375
2026-01-12 17:53:00+00:00,91418.84375,3100.926025390625
2026-01-12 17:54:00+00:00,91380.53125,3100.267578125
2026-01-12 17:55:00+00:00,91380.53125,3100.267578125
2026-01-12 17:56:00+00:00,91380.53125,3100.267578125
2026-01-12 17:57:00+00:00,91446.5390625,3102.89404296875
2026-01-12 17:58:00+00:00,91378.1796875,3100.722412109375
2026-01-12 17:59:00+00:00,91416.15625,3102.7177734375
2026-01-12 18:00:00+00:00,91433.328125,3102.3671875
2026-01-12 18:01:00+00:00,91426.6953125,3102.10986328125
2026-01-12 18:02:00+00:00,91451.7109375,3102.076904296875
2026-01-12 18:03:00+00:00,91418.546875,3100.73388671875
2026-01-12 18:04:00+00:00,91432.3125,3100.518798828125
2026-01-12 18:05:00+00:00,91360.7734375,3097.64501953125
2026-01-12 18:06:00+00:00,91405.0390625,3098.43212890625
2026-01-12 18:07:00+00:00,91450.7421875,3100.619140625
2026-01-12 18:08:00+00:00,91451.828125,3100.424560546875
2026-01-12 18:09:00+00:00,91493.0546875,3102.69921875
2026-01-12 18:11:00+00:00,91668.8828125,3109.34130859375
2026-01-12 18:12:00+00:00,91662.9140625,3109.177734375
2026-01-12 18:13:00+00:00,91652.6875,3108.341064453125
2026-01-12 18:14:00+00:00,91651.6796875,3109.396484375
2026-01-12 18:15:00+00:00,91629.3125,3108.03466796875
2026-01-12 18:16:00+00:00,91656.9609375,3107.74755859375
2026-01-12 18:17:00+00:00,91736.0625,3110.75244140625
2026-01-12 18:18:00+00:00,91745.390625,3110.0380859375
2026-01-12 18:19:00+00:00,91734.6484375,3109.490966796875
2026-01-12 18:20:00+00:00,91720.53125,3107.889404296875
2026-01-12 18:21:00+00:00,91776.0546875,3109.374755859375
2026-01-12 18:22:00+00:00,91816.921875,3112.0341796875
2026-01-12 18:23:00+00:00,91795.7265625,3112.2568359375
2026-01-12 18:24:00+00:00,91789.03125,3112.53857421875
2026-01-12 18:25:00+00:00,91775.671875,3112.760009765625
2026-01-12 18:26:00+00:00,91763.8828125,3113.16845703125
2026-01-12 18:27:00+00:00,91727.171875,3112.11865234375
2026-01-12 18:28:00+00:00,91784.0234375,3114.2099609375
2026-01-12 18:29:00+00:00,91791.109375,3114.7275390625
2026-01-12 18:30:00+00:00,91843.6796875,3116.216796875
2026-01-12 18:31:00+00:00,91816.9453125,3115.117919921875
2026-01-12 18:32:00+00:00,91744.03125,3113.88525390625
2026-01-12 18:33:00+00:00,91609.7890625,3110.225830078125
2026-01-12 18:34:00+00:00,91586.0,3109.780029296875
2026-01-12 18:35:00+00:00,91479.2578125,3103.08935546875
2026-01-12 18:36:00+00:00,91503.765625,3101.755859375
2026-01-12 18:37:00+00:00,91474.2421875,3099.661865234375
2026-01-12 18:38:00+00:00,91464.7578125,3096.468017578125
2026-01-12 18:39:00+00:00,91498.2109375,3098.20849609375
2026-01-12 18:40:00+00:00,91582.671875,3101.99609375
2026-01-12 18:41:00+00:00,91527.4609375,3099.06298828125
2026-01-12 18:42:00+00:00,91537.953125,3098.828857421875
2026-01-12 18:43:00+00:00,91550.34375,3098.95458984375
2026-01-12 18:44:00+00:00,91578.8125,3100.103515625
2026-01-12 18:45:00+00:00,91603.5,3101.94580078125
2026-01-12 18:46:00+00:00,91605.59375,3102.25390625
2026-01-12 18:47:00+00:00,91544.1328125,3099.98291015625
2026-01-12 18:48:00+00:00,91627.4921875,3103.41162109375
2026-01-12 18:49:00+00:00,91624.8984375,3103.499267578125
2026-01-12 18:50:00+00:00,91629.5703125,3104.009765625
2026-01-12 18:51:00+00:00,91649.734375,3104.636474609375
2026-01-12 18:52:00+00:00,91673.546875,3106.85400390625
2026-01-12 18:53:00+00:00,91634.15625,3105.092529296875
2026-01-12 18:54:00+00:00,91649.765625,3106.693603515625
2026-01-12 18:55:00+00:00,91625.5859375,3105.71875
2026-01-12 18:56:00+00:00,91681.03125,3108.03076171875
2026-01-12 18:57:00+00:00,91634.1171875,3106.73876953125
2026-01-12 18:58:00+00:00,91655.9921875,3107.6220703125
2026-01-12 18:59:00+00:00,91622.5859375,3106.080810546875
2026-01-12 19:00:00+00:00,91617.8125,3105.6884765625
2026-01-12 19:01:00+00:00,91487.96875,3101.472900390625
2026-01-12 19:02:00+00:00,91416.78125,3099.796875
2026-01-12 19:03:00+00:00,91381.09375,3097.35400390625
2026-01-12 19:04:00+00:00,91383.1796875,3097.104736328125
2026-01-12 19:05:00+00:00,91387.6484375,3095.30224609375
2026-01-12 19:06:00+00:00,91428.2578125,3096.436279296875
2026-01-12 19:07:00+00:00,91497.71875,3098.91259765625
2026-01-12 19:08:00+00:00,91613.9296875,3103.751953125
2026-01-12 19:09:00+00:00,91596.3203125,3104.49951171875
2026-01-12 19:10:00+00:00,91625.8671875,3106.321044921875
2026-01-12 19:11:00+00:00,91661.84375,3107.465576171875
2026-01-12 19:12:00+00:00,91584.0234375,3105.58251953125
2026-01-12 19:13:00+00:00,91579.1875,3104.633056640625
2026-01-12 19:14:00+00:00,91626.4453125,3106.019287109375
2026-01-12 19:15:00+00:00,91582.2578125,3104.622314453125
2026-01-12 19:16:00+00:00,91623.0,3106.866943359375
2026-01-12 19:17:00+00:00,91676.4453125,3109.679931640625
2026-01-12 19:18:00+00:00,91715.703125,3111.666259765625
2026-01-12 19:19:00+00:00,91727.1171875,3111.56689453125
2026-01-12 19:20:00+00:00,91729.78125,3111.572998046875
2026-01-12 19:21:00+00:00,91729.4921875,3111.5693359375
2026-01-12 19:22:00+00:00,91728.515625,3111.541259765625
2026-01-12 19:23:00+00:00,91705.9921875,3111.478759765625
2026-01-12 19:24:00+00:00,91729.3671875,3112.9521484375
2026-01-12 19:25:00+00:00,91703.59375,3110.692138671875
2026-01-12 19:26:00+00:00,91737.328125,3111.19775390625
2026-01-12 19:27:00+00:00,91735.4140625,3110.448486328125
2026-01-12 19:28:00+00:00,91690.203125,3108.233642578125
2026-01-12 19:29:00+00:00,91712.4375,3108.275390625
2026-01-12 19:30:00+00:00,91745.1171875,3109.116943359375
2026-01-12 19:31:00+00:00,91774.3515625,3110.752197265625
2026-01-12 19:32:00+00:00,91794.125,3112.631103515625
2026-01-12 19:33:00+00:00,91769.515625,3112.60302734375
2026-01-12 19:34:00+00:00,91769.0,3112.172607421875
2026-01-12 19:35:00+00:00,91765.921875,3111.913818359375
2026-01-12 19:36:00+00:00,91748.3671875,3111.299072265625
2026-01-12 19:37:00+00:00,91672.0703125,3108.87646484375
2026-01-12 19:38:00+00:00,91718.578125,3110.650634765625
2026-01-12 19:39:00+00:00,91753.5390625,3111.82080078125
2026-01-12 19:40:00+00:00,91758.8125,3112.50341796875
2026-01-12 19:41:00+00:00,91757.8203125,3112.828369140625
2026-01-12 19:42:00+00:00,91761.46875,3112.909912109375
2026-01-12 19:43:00+00:00,91766.5390625,3113.137451171875
2026-01-12 19:44:00+00:00,91747.4296875,3112.958740234375
2026-01-12 19:45:00+00:00,91747.8984375,3113.03857421875
2026-01-12 19:46:00+00:00,91688.46875,3111.34033203125
2026-01-12 19:47:00+00:00,91686.4375,3111.297607421875
2026-01-12 19:48:00+00:00,91682.6953125,3111.078369140625
2026-01-12 19:49:00+00:00,91660.515625,3111.09033203125
2026-01-12 19:50:00+00:00,91670.8046875,3111.78173828125
2026-01-12 19:51:00+00:00,91673.5546875,3112.2529296875
2026-01-12 19:52:00+00:00,91755.3046875,3116.26416015625
2026-01-12 19:53:00+00:00,91777.9609375,3117.611572265625
2026-01-12 19:54:00+00:00,91754.09375,3116.805419921875
2026-01-12 19:55:00+00:00,91792.90625,3118.5029296875
2026-01-12 19:56:00+00:00,91760.4140625,3117.703125
2026-01-12 19:57:00+00:00,91757.296875,3117.63623046875
2026-01-12 19:58:00+00:00,91780.0625,3118.80126953125
2026-01-12 19:59:00+00:00,91770.25,3118.69189453125
2026-01-12 20:00:00+00:00,91784.5625,3118.953125
2026-01-12 20:01:00+00:00,91758.0234375,3117.296142578125
2026-01-12 20:02:00+00:00,91828.546875,3119.442138671875
2026-01-12 20:03:00+00:00,91842.046875,3119.837890625
2026-01-12 20:04:00+00:00,91904.4453125,3121.685302734375
2026-01-12 20:05:00+00:00,91927.234375,3121.927978515625
2026-01-12 20:06:00+00:00,91927.5078125,3121.483642578125
2026-01-12 20:07:00+00:00,91956.7421875,3124.016845703125
2026-01-12 20:08:00+00:00,91962.3125,3124.7880859375
2026-01-12 20:09:00+00:00,91929.0234375,3123.852783203125
2026-01-12 20:11:00+00:00,91827.1640625,3118.23046875
2026-01-12 20:12:00+00:00,91826.96875,3118.46484375
2026-01-12 20:13:00+00:00,91838.6484375,3118.679443359375
2026-01-12 20:14:00+00:00,91812.9296875,3118.095703125
2026-01-12 20:15:00+00:00,91813.7421875,3118.489501953125
2026-01-12 20:16:00+00:00,91728.703125,3114.951171875
2026-01-12 20:17:00+00:00,91720.109375,3114.00146484375
2026-01-12 20:18:00+00:00,91737.1328125,3114.542724609375
2026-01-12 20:19:00+00:00,91687.140625,3112.6279296875
2026-01-12 20:21:00+00:00,91690.078125,3112.743896484375
2026-01-12 20:22:00+00:00,91657.0546875,3111.68359375
2026-01-12 20:23:00+00:00,91693.9453125,3112.7021484375
2026-01-12 20:24:00+00:00,91693.9453125,3112.7021484375
2026-01-12 20:25:00+00:00,91698.7578125,3112.885986328125
2026-01-12 20:26:00+00:00,91698.7265625,3112.24365234375
2026-01-12 20:27:00+00:00,91665.9375,3110.04541015625
2026-01-12 20:28:00+00:00,91634.8203125,3108.837158203125
2026-01-12 20:29:00+00:00,91623.21875,3107.69775390625
2026-01-12 20:30:00+00:00,91667.140625,3109.146484375
2026-01-12 20:31:00+00:00,91614.8046875,3106.725830078125
2026-01-12 20:32:00+00:00,91571.8046875,3104.614501953125
2026-01-12 20:33:00+00:00,91512.203125,3104.15869140625
2026-01-12 20:34:00+00:00,91494.9453125,3103.90234375
2026-01-12 20:35:00+00:00,91492.0859375,3103.857421875
2026-01-12 20:36:00+00:00,91478.6328125,3103.336181640625
2026-01-12 20:37:00+00:00,91465.8359375,3103.317626953125
2026-01-12 20:38:00+00:00,91506.9921875,3105.528564453125
2026-01-12 20:39:00+00:00,91453.1171875,3103.97314453125
2026-01-12 20:40:00+00:00,91467.6484375,3104.50439453125
2026-01-12 20:41:00+00:00,91458.9375,3102.556640625
2026-01-12 20:42:00+00:00,91429.90625,3101.109619140625
2026-01-12 20:43:00+00:00,91395.25,3100.450927734375
2026-01-12 20:44:00+00:00,91404.75,3101.18310546875
2026-01-12 20:45:00+00:00,91392.1328125,3100.90576171875
2026-01-12 20:46:00+00:00,91392.515625,3100.77880859375
2026-01-12 20:47:00+00:00,91358.578125,3099.620361328125
2026-01-12 20:48:00+00:00,91369.7578125,3100.3310546875
2026-01-12 20:49:00+00:00,91383.2421875,3101.341552734375
2026-01-12 20:50:00+00:00,91422.4140625,3103.224609375
2026-01-12 20:51:00+00:00,91392.765625,3102.385986328125
2026-01-12 20:52:00+00:00,91408.046875,3102.58056640625
2026-01-12 20:53:00+00:00,91375.0546875,3100.812255859375
2026-01-12 20:54:00+00:00,91409.875,3101.546630859375
2026-01-12 20:55:00+00:00,91353.0234375,3100.31494140625
2026-01-12 20:56:00+00:00,91378.484375,3101.030029296875
2026-01-12 20:57:00+00:00,91380.0625,3100.47802734375
2026-01-12 20:58:00+00:00,91367.0078125,3098.487548828125
2026-01-12 20:59:00+00:00,91393.1953125,3099.43212890625
2026-01-12 21:00:00+00:00,91404.1640625,3100.464599609375
2026-01-12 21:01:00+00:00,91382.625,3099.471435546875
2026-01-12 21:02:00+00:00,91351.71875,3098.529296875
2026-01-12 21:03:00+00:00,91285.3515625,3096.349609375
2026-01-12 21:04:00+00:00,91246.484375,3094.929931640625
2026-01-12 21:05:00+00:00,91154.4765625,3091.038330078125
2026-01-12 21:06:00+00:00,91203.4453125,3092.613525390625
2026-01-12 21:07:00+00:00,91295.5546875,3094.953125
2026-01-12 21:08:00+00:00,91294.875,3096.392578125
2026-01-12 21:09:00+00:00,91333.015625,3097.640869140625
2026-01-12 21:10:00+00:00,91342.7265625,3099.262939453125
2026-01-12 21:11:00+00:00,91363.609375,3102.302490234375
2026-01-12 21:12:00+00:00,91375.640625,3102.109619140625
2026-01-12 21:13:00+00:00,91392.515625,3103.74267578125
2026-01-12 21:14:00+00:00,91380.4765625,3103.066162109375
2026-01-12 21:15:00+00:00,91398.9140625,3102.431884765625
2026-01-12 21:16:00+00:00,91393.15625,3101.71826171875
2026-01-12 21:17:00+00:00,91400.3359375,3101.402099609375
2026-01-12 21:18:00+00:00,91383.8515625,3100.371337890625
2026-01-12 21:19:00+00:00,91392.265625,3101.354248046875
2026-01-12 21:20:00+00:00,91388.5546875,3101.01513671875
2026-01-12 21:21:00+00:00,91383.25,3100.361328125
2026-01-12 21:22:00+00:00,91384.921875,3100.6962890625
2026-01-12 21:23:00+00:00,91351.5546875,3099.010009765625
2026-01-12 21:24:00+00:00,91311.3125,3097.533447265625
2026-01-12 21:25:00+00:00,91307.0859375,3097.174560546875
2026-01-12 21:26:00+00:00,91365.5859375,3099.948486328125
2026-01-12 21:27:00+00:00,91330.4921875,3098.6953125
2026-01-12 21:28:00+00:00,91316.9921875,3098.46533203125
2026-01-12 21:29:00+00:00,91305.1328125,3097.962890625
2026-01-12 21:30:00+00:00,91267.890625,3096.696533203125
2026-01-12 21:31:00+00:00,91263.21875,3096.40625
2026-01-12 21:32:00+00:00,91260.640625,3095.561767578125
2026-01-12 21:33:00+00:00,91237.1171875,3094.656494140625
2026-01-12 21:34:00+00:00,91220.546875,3094.034423828125
2026-01-12 21:35:00+00:00,91266.28125,3095.5234375
2026-01-12 21:36:00+00:00,91268.328125,3095.689208984375
2026-01-12 21:37:00+00:00,91300.6796875,3096.544921875
2026-01-12 21:38:00+00:00,91264.265625,3095.4140625
2026-01-12 21:39:00+00:00,91273.703125,3096.88134765625
2026-01-12 21:40:00+00:00,91278.75,3096.906982421875
2026-01-12 21:41:00+00:00,91276.21875,3097.052001953125
2026-01-12 21:42:00+00:00,91284.3203125,3097.403076171875
2026-01-12 21:43:00+00:00,91297.46875,3098.130615234375
2026-01-12 21:44:00+00:00,91254.984375,3096.4482421875
2026-01-12 21:45:00+00:00,91215.5390625,3095.195068359375
2026-01-12 21:46:00+00:00,91186.0546875,3094.015380859375
2026-01-12 21:47:00+00:00,91142.4296875,3092.38623046875
2026-01-12 21:48:00+00:00,91074.6171875,3090.2431640625
2026-01-12 21:49:00+00:00,91111.921875,3092.9111328125
2026-01-12 21:50:00+00:00,91109.796875,3093.138916015625
2026-01-12 21:51:00+00:00,91027.28125,3090.116455078125
2026-01-12 21:52:00+00:00,90994.171875,3089.244873046875
2026-01-12 21:53:00+00:00,90972.578125,3087.3515625
2026-01-12 21:54:00+00:00,90973.203125,3086.733642578125
2026-01-12 21:55:00+00:00,90899.453125,3084.102783203125
2026-01-12 21:56:00+00:00,90947.890625,3086.625244140625
2026-01-12 21:57:00+00:00,90936.28125,3086.953369140625
2026-01-12 21:58:00+00:00,90894.484375,3084.972412109375
2026-01-12 21:59:00+00:00,90913.7265625,3086.271240234375
2026-01-12 22:00:00+00:00,90984.1953125,3089.178466796875
2026-01-12 22:01:00+00:00,91124.71875,3094.40673828125
2026-01-12 22:02:00+00:00,91144.078125,3096.5888671875
2026-01-12 22:03:00+00:00,91196.0703125,3098.36962890625
2026-01-12 22:04:00+00:00,91159.2578125,3097.41455078125
2026-01-12 22:05:00+00:00,91167.1640625,3097.406005859375
2026-01-12 22:06:00+00:00,91140.1015625,3096.837646484375
2026-01-12 22:07:00+00:00,91152.546875,3097.27490234375
2026-01-12 22:08:00+00:00,91148.953125,3097.0341796875
2026-01-12 22:09:00+00:00,91190.7890625,3098.227783203125
2026-01-12 22:10:00+00:00,91227.9296875,3100.06201171875
2026-01-12 22:11:00+00:00,91256.796875,3101.660888671875
2026-01-12 22:12:00+00:00,91287.15625,3102.71875
2026-01-12 22:13:00+00:00,91277.0546875,3102.19775390625
2026-01-12 22:14:00+00:00,91350.2578125,3102.96484375
2026-01-12 22:15:00+00:00,91323.3359375,3102.110595703125
2026-01-12 22:16:00+00:00,91239.7890625,3099.331298828125
2026-01-12 22:17:00+00:00,91260.1875,3100.445068359375
2026-01-12 22:18:00+00:00,91261.3046875,3100.55859375
2026-01-12 22:19:00+00:00,91199.328125,3099.19140625
2026-01-12 22:20:00+00:00,91227.421875,3100.1494140625
2026-01-12 22:21:00+00:00,91233.3515625,3099.941650390625
2026-01-12 22:22:00+00:00,91260.09375,3099.955078125
2026-01-12 22:23:00+00:00,91250.4609375,3099.55322265625
2026-01-12 22:24:00+00:00,91270.0078125,3099.556640625
2026-01-12 22:25:00+00:00,91259.53125,3099.515869140625
2026-01-12 22:26:00+00:00,91257.4609375,3099.096435546875
2026-01-12 22:27:00+00:00,91259.6796875,3098.997314453125
2026-01-12 22:28:00+00:00,91251.5234375,3098.70068359375
2026-01-12 22:29:00+00:00,91228.9375,3096.974853515625
2026-01-12 22:30:00+00:00,91187.953125,3094.8701171875
2026-01-12 22:31:00+00:00,91161.4375,3094.884033203125
2026-01-12 22:32:00+00:00,91172.25,3095.360595703125
2026-01-12 22:33:00+00:00,91206.3125,3099.0517578125
2026-01-12 22:34:00+00:00,91202.6640625,3099.08642578125
2026-01-12 22:35:00+00:00,91243.28125,3100.53173828125
2026-01-12 22:36:00+00:00,91205.921875,3099.192626953125
2026-01-12 22:37:00+00:00,91155.890625,3097.1318359375
2026-01-12 22:38:00+00:00,91160.7578125,3097.995849609375
2026-01-12 22:39:00+00:00,91187.2109375,3099.174560546875
2026-01-12 22:40:00+00:00,91233.375,3099.84765625
2026-01-12 22:41:00+00:00,91239.6796875,3100.133544921875
2026-01-12 22:42:00+00:00,91251.34375,3100.319580078125
2026-01-12 22:43:00+00:00,91289.09375,3101.3818359375
2026-01-12 22:44:00+00:00,91302.8984375,3101.873291015625
2026-01-12 22:45:00+00:00,91244.4375,3099.659423828125
2026-01-12 22:46:00+00:00,91241.640625,3099.766845703125
2026-01-12 22:47:00+00:00,91184.078125,3097.867431640625
2026-01-12 22:48:00+00:00,91169.6640625,3097.304931640625
2026-01-12 22:49:00+00:00,91142.234375,3095.92041015625
2026-01-12 22:50:00+00:00,91192.2265625,3097.84130859375
2026-01-12 22:51:00+00:00,91196.546875,3097.6796875
2026-01-12 22:52:00+00:00,91157.9453125,3095.368896484375
2026-01-12 22:53:00+00:00,91180.8203125,3095.976318359375
2026-01-12 22:54:00+00:00,91222.7421875,3097.157470703125
2026-01-12 22:55:00+00:00,91159.234375,3093.15869140625
2026-01-12 22:56:00+00:00,91161.1171875,3094.350830078125
2026-01-12 22:57:00+00:00,91177.59375,3094.8505859375
2026-01-12 22:58:00+00:00,91177.0234375,3094.537109375
2026-01-12 22:59:00+00:00,91157.546875,3093.86572265625
2026-01-12 23:00:00+00:00,91142.65625,3092.5224609375
2026-01-12 23:01:00+00:00,91178.4921875,3095.033935546875
2026-01-12 23:02:00+00:00,91162.46875,3095.025634765625
2026-01-12 23:03:00+00:00,91070.4296875,3091.140869140625
2026-01-12 23:04:00+00:00,91057.921875,3090.192138671875
2026-01-12 23:05:00+00:00,90987.8984375,3087.1552734375
2026-01-12 23:06:00+00:00,91027.703125,3087.672119140625
2026-01-12 23:07:00+00:00,91054.5234375,3089.645751953125
2026-01-12 23:08:00+00:00,91063.9609375,3089.82861328125
2026-01-12 23:09:00+00:00,91038.5390625,3088.74462890625
2026-01-12 23:11:00+00:00,91027.3828125,3087.224609375
2026-01-12 23:12:00+00:00,91030.8359375,3085.720947265625
2026-01-12 23:13:00+00:00,91067.1875,3087.517578125
2026-01-12 23:14:00+00:00,91060.0625,3087.7978515625
2026-01-12 23:15:00+00:00,91067.8203125,3088.456787109375
2026-01-12 23:16:00+00:00,91067.8046875,3088.70654296875
2026-01-12 23:17:00+00:00,91091.84375,3088.902099609375
2026-01-12 23:18:00+00:00,91059.9921875,3087.398193359375
2026-01-12 23:19:00+00:00,91076.890625,3088.503662109375
2026-01-12 23:20:00+00:00,91081.40625,3088.579345703125
2026-01-12 23:21:00+00:00,91089.7421875,3089.259765625
2026-01-12 23:22:00+00:00,91095.8828125,3089.533203125
2026-01-12 23:23:00+00:00,91095.09375,3089.593994140625
2026-01-12 23:24:00+00:00,91111.90625,3089.947998046875
2026-01-12 23:25:00+00:00,91142.109375,3090.9287109375
2026-01-12 23:26:00+00:00,91139.3125,3091.700927734375
2026-01-12 23:27:00+00:00,91143.125,3091.641845703125
2026-01-12 23:28:00+00:00,91179.53125,3092.83740234375
2026-01-12 23:29:00+00:00,91189.015625,3094.187255859375
2026-01-12 23:30:00+00:00,91184.59375,3094.143310546875
2026-01-12 23:31:00+00:00,91180.0234375,3093.90771484375
2026-01-12 23:32:00+00:00,91203.8671875,3095.078857421875
2026-01-12 23:33:00+00:00,91176.390625,3093.563720703125
2026-01-12 23:34:00+00:00,91149.1640625,3092.0947265625
2026-01-12 23:35:00+00:00,91122.8125,3088.879638671875
2026-01-12 23:36:00+00:00,91110.7734375,3088.50341796875
2026-01-12 23:37:00+00:00,91136.15625,3089.162353515625
2026-01-12 23:38:00+00:00,91137.828125,3089.9814453125
2026-01-12 23:39:00+00:00,91155.6953125,3091.171142578125
2026-01-12 23:40:00+00:00,91166.0859375,3092.66552734375
2026-01-12 23:41:00+00:00,91144.65625,3091.75244140625
2026-01-12 23:42:00+00:00,91171.7109375,3092.453857421875
2026-01-12 23:43:00+00:00,91163.484375,3092.31396484375
2026-01-12 23:44:00+00:00,91162.5703125,3092.15771484375
2026-01-12 23:45:00+00:00,91166.546875,3092.41650390625
2026-01-12 23:46:00+00:00,91156.4375,3091.03955078125
2026-01-12 23:47:00+00:00,91149.890625,3090.316162109375
2026-01-12 23:48:00+00:00,91142.421875,3090.69287109375
2026-01-12 23:49:00+00:00,91127.765625,3090.210205078125
2026-01-12 23:50:00+00:00,91131.4140625,3090.299072265625
2026-01-12 23:51:00+00:00,91127.1875,3090.33740234375
2026-01-12 23:52:00+00:00,91141.71875,3091.4375
2026-01-12 23:53:00+00:00,91141.6484375,3091.528076171875
2026-01-12 23:54:00+00:00,91153.3671875,3091.29638671875
2026-01-12 23:56:00+00:00,91154.2109375,3091.23388671875
2026-01-12 23:57:00+00:00,91162.390625,3091.598388671875
2026-01-12 23:58:00+00:00,91157.1015625,3091.560302734375
2026-01-13 00:00:00+00:00,91195.6328125,3092.396240234375
2026-01-13 00:01:00+00:00,91195.9765625,3091.64306640625
2026-01-13 00:02:00+00:00,91238.59375,3094.419677734375
2026-01-13 00:03:00+00:00,91248.1484375,3095.969482421875
2026-01-13 00:04:00+00:00,91263.875,3095.303466796875
2026-01-13 00:05:00+00:00,91262.421875,3094.717529296875
2026-01-13 00:06:00+00:00,91280.4140625,3097.042724609375
2026-01-13 00:07:00+00:00,91305.0703125,3099.1943359375
2026-01-13 00:08:00+00:00,91221.9765625,3096.537353515625
2026-01-13 00:10:00+00:00,91251.875,3096.047119140625
2026-01-13 00:11:00+00:00,91287.03125,3098.883544921875
2026-01-13 00:12:00+00:00,91280.4453125,3101.64013671875
2026-01-13 00:13:00+00:00,91273.6953125,3100.57421875
2026-01-13 00:14:00+00:00,91246.796875,3099.189208984375
2026-01-13 00:15:00+00:00,91246.21875,3098.473388671875
2026-01-13 00:16:00+00:00,91226.5703125,3097.8603515625
2026-01-13 00:17:00+00:00,91233.5859375,3097.46728515625
2026-01-13 00:18:00+00:00,91258.734375,3098.29736328125
2026-01-13 00:19:00+00:00,91257.8671875,3098.227294921875
2026-01-13 00:20:00+00:00,91234.9921875,3097.628662109375
2026-01-13 00:21:00+00:00,91229.265625,3097.084228515625
2026-01-13 00:22:00+00:00,91271.546875,3098.7763671875
2026-01-13 00:23:00+00:00,91298.1015625,3100.45361328125
2026-01-13 00:24:00+00:00,91369.6484375,3101.460205078125
2026-01-13 00:25:00+00:00,91368.921875,3101.297119140625
2026-01-13 00:26:00+00:00,91371.2890625,3101.3818359375
2026-01-13 00:27:00+00:00,91398.0390625,3101.78857421875
2026-01-13 00:28:00+00:00,91408.6875,3102.404052734375
2026-01-13 00:29:00+00:00,91373.1875,3101.275146484375
2026-01-13 00:30:00+00:00,91368.59375,3101.02685546875
2026-01-13 00:31:00+00:00,91371.5625,3101.186279296875
2026-01-13 00:32:00+00:00,91372.859375,3101.44775390625
2026-01-13 00:33:00+00:00,91364.546875,3101.56005859375
2026-01-13 00:34:00+00:00,91365.6171875,3101.145751953125
2026-01-13 00:35:00+00:00,91389.3828125,3101.854736328125
2026-01-13 00:36:00+00:00,91399.1953125,3102.462158203125
2026-01-13 00:37:00+00:00,91430.171875,3103.686767578125
2026-01-13 00:38:00+00:00,91395.609375,3102.915283203125
2026-01-13 00:39:00+00:00,91403.6953125,3103.329833984375
2026-01-13 00:40:00+00:00,91365.4765625,3101.844482421875
2026-01-13 00:41:00+00:00,91284.0,3099.7041015625
2026-01-13 00:42:00+00:00,91272.8671875,3098.9990234375
2026-01-13 00:43:00+00:00,91184.359375,3096.683349609375
2026-01-13 00:44:00+00:00,91175.1328125,3096.76513671875
2026-01-13 00:45:00+00:00,91206.2265625,3098.20849609375
2026-01-13 00:46:00+00:00,91221.7265625,3098.79052734375
2026-01-13 00:47:00+00:00,91228.0234375,3099.042724609375
2026-01-13 00:48:00+00:00,91238.546875,3099.74951171875
2026-01-13 00:49:00+00:00,91221.4375,3099.7822265625
2026-01-13 00:50:00+00:00,91264.796875,3102.919677734375
2026-01-13 00:51:00+00:00,91260.4453125,3102.618896484375
2026-01-13 00:52:00+00:00,91274.1796875,3103.311279296875
2026-01-13 00:53:00+00:00,91268.7578125,3103.119873046875
2026-01-13 00:54:00+00:00,91296.40625,3103.70556640625
2026-01-13 00:55:00+00:00,91309.7734375,3104.548828125
2026-01-13 00:56:00+00:00,91303.453125,3104.57763671875
2026-01-13 00:57:00+00:00,91292.6640625,3104.1357421875
2026-01-13 00:58:00+00:00,91384.03125,3106.035888671875
2026-01-13 00:59:00+00:00,91386.7109375,3105.563232421875
2026-01-13 01:00:00+00:00,91384.75,3105.404296875
2026-01-13 01:01:00+00:00,91387.484375,3105.580322265625
2026-01-13 01:02:00+00:00,91375.2109375,3104.93017578125
2026-01-13 01:03:00+00:00,91363.359375,3104.594970703125
2026-01-13 01:04:00+00:00,91363.9453125,3104.919189453125
2026-01-13 01:05:00+00:00,91325.0859375,3104.298828125
2026-01-13 01:06:00+00:00,91343.8984375,3105.3662109375
2026-01-13 01:07:00+00:00,91386.78125,3106.813232421875
2026-01-13 01:08:00+00:00,91432.3203125,3109.169921875
2026-01-13 01:09:00+00:00,91422.4453125,3109.363037109375
2026-01-13 01:10:00+00:00,91390.3359375,3108.382080078125
2026-01-13 01:11:00+00:00,91391.546875,3108.3515625
2026-01-13 01:12:00+00:00,91392.2421875,3108.407470703125
2026-01-13 01:13:00+00:00,91355.1953125,3107.2392578125
2026-01-13 01:14:00+00:00,91345.53125,3106.987060546875
2026-01-13 01:15:00+00:00,91362.453125,3107.114990234375
2026-01-13 01:16:00+00:00,91342.484375,3105.802978515625
2026-01-13 01:17:00+00:00,91350.640625,3106.426025390625
2026-01-13 01:18:00+00:00,91339.9765625,3106.28564453125
2026-01-13 01:19:00+00:00,91297.515625,3104.43212890625
2026-01-13 01:20:00+00:00,91286.1015625,3104.238037109375
2026-01-13 01:21:00+00:00,91326.9609375,3105.514892578125
2026-01-13 01:22:00+00:00,91306.6015625,3104.606201171875
2026-01-13 01:23:00+00:00,91319.2734375,3104.890869140625
2026-01-13 01:24:00+00:00,91291.1328125,3104.06494140625
2026-01-13 01:25:00+00:00,91275.5625,3103.17236328125
2026-01-13 01:26:00+00:00,91278.90625,3103.4931640625
2026-01-13 01:27:00+00:00,91250.8671875,3100.947998046875
2026-01-13 01:28:00+00:00,91224.03125,3098.140869140625
2026-01-13 01:29:00+00:00,91253.3046875,3099.686279296875
2026-01-13 01:30:00+00:00,91220.5625,3098.8564453125
2026-01-13 01:31:00+00:00,91234.9921875,3099.2880859375
2026-01-13 01:32:00+00:00,91185.4453125,3097.0810546875
2026-01-13 01:33:00+00:00,91182.703125,3097.01318359375
2026-01-13 01:34:00+00:00,91164.4296875,3097.232177734375
2026-01-13 01:35:00+00:00,91139.640625,3095.934326171875
2026-01-13 01:36:00+00:00,91108.1640625,3094.462158203125
2026-01-13 01:37:00+00:00,91063.8828125,3092.369140625
2026-01-13 01:38:00+00:00,91020.578125,3090.677001953125
2026-01-13 01:39:00+00:00,91006.1484375,3090.65576171875
2026-01-13 01:40:00+00:00,91015.6015625,3091.655029296875
2026-01-13 01:41:00+00:00,91029.453125,3091.7919921875
2026-01-13 01:42:00+00:00,91018.4453125,3091.18994140625
2026-01-13 01:43:00+00:00,90941.9296875,3088.512939453125
2026-01-13 01:44:00+00:00,90989.1171875,3090.3095703125
2026-01-13 01:45:00+00:00,90986.90625,3090.15185546875
2026-01-13 01:46:00+00:00,91023.6484375,3091.514892578125
2026-01-13 01:47:00+00:00,91006.6171875,3091.25048828125
2026-01-13 01:48:00+00:00,91019.375,3092.176025390625
2026-01-13 01:49:00+00:00,91069.421875,3093.5908203125
2026-01-13 01:51:00+00:00,91097.1484375,3095.069091796875
2026-01-13 01:52:00+00:00,91079.0390625,3094.15771484375
2026-01-13 01:53:00+00:00,91068.0703125,3093.73388671875
2026-01-13 01:54:00+00:00,91060.8828125,3093.32177734375
2026-01-13 01:55:00+00:00,91073.65625,3093.767578125
2026-01-13 01:56:00+00:00,91055.453125,3093.07275390625
2026-01-13 01:57:00+00:00,91059.0546875,3093.36865234375
2026-01-13 01:58:00+00:00,91045.390625,3092.804443359375
2026-01-13 01:59:00+00:00,91058.9296875,3093.115234375
2026-01-13 02:00:00+00:00,91081.4453125,3094.138427734375
2026-01-13 02:01:00+00:00,91104.1953125,3095.31298828125
2026-01-13 02:02:00+00:00,91109.265625,3096.909912109375
2026-01-13 02:03:00+00:00,91135.6640625,3096.650390625
2026-01-13 02:04:00+00:00,91161.7578125,3100.406005859375
2026-01-13 02:05:00+00:00,91227.796875,3103.36962890625
2026-01-13 02:06:00+00:00,91267.5234375,3103.821533203125
2026-01-13 02:07:00+00:00,91227.34375,3102.353515625
2026-01-13 02:08:00+00:00,91207.859375,3101.132568359375
2026-01-13 02:09:00+00:00,91197.125,3100.662109375
2026-01-13 02:10:00+00:00,91187.625,3099.497802734375
2026-01-13 02:11:00+00:00,91181.5078125,3099.415771484375
2026-01-13 02:12:00+00:00,91172.8671875,3099.269287109375
2026-01-13 02:13:00+00:00,91183.8359375,3100.03173828125
2026-01-13 02:14:00+00:00,91189.9921875,3100.4140625
2026-01-13 02:15:00+00:00,91192.453125,3100.819580078125
2026-01-13 02:17:00+00:00,91204.5078125,3102.39892578125
2026-01-13 02:18:00+00:00,91200.2265625,3101.839599609375
2026-01-13 02:19:00+00:00,91179.8671875,3100.979248046875
2026-01-13 02:20:00+00:00,91178.609375,3100.651123046875
2026-01-13 02:21:00+00:00,91177.3359375,3100.5869140625
2026-01-13 02:23:00+00:00,91166.46875,3099.6796875
2026-01-13 02:24:00+00:00,91183.359375,3100.756103515625
2026-01-13 02:25:00+00:00,91183.9921875,3100.355712890625
2026-01-13 02:26:00+00:00,91167.5078125,3099.835693359375
2026-01-13 02:27:00+00:00,91169.2890625,3099.75244140625
2026-01-13 02:28:00+00:00,91170.625,3100.217529296875
2026-01-13 02:29:00+00:00,91194.5625,3101.4775390625
2026-01-13 02:30:00+00:00,91198.296875,3101.089111328125
2026-01-13 02:31:00+00:00,91202.7578125,3101.468505859375
2026-01-13 02:32:00+00:00,91183.953125,3101.292724609375
2026-01-13 02:33:00+00:00,91187.265625,3101.279296875
2026-01-13 02:34:00+00:00,91192.875,3101.5732421875
2026-01-13 02:35:00+00:00,91168.7109375,3100.650634765625
2026-01-13 02:36:00+00:00,91178.53125,3101.5068359375
2026-01-13 02:37:00+00:00,91156.140625,3101.142578125
2026-01-13 02:38:00+00:00,91114.6484375,3099.411865234375
2026-01-13 02:39:00+00:00,91100.5234375,3099.280517578125
2026-01-13 02:40:00+00:00,91090.1015625,3098.194091796875
2026-01-13 02:41:00+00:00,91103.359375,3098.58203125
2026-01-13 02:42:00+00:00,91097.8046875,3098.4990234375
2026-01-13 02:43:00+00:00,91084.140625,3098.287109375
2026-01-13 02:44:00+00:00,91060.078125,3097.557373046875
2026-01-13 02:45:00+00:00,91030.4453125,3096.386474609375
2026-01-13 02:46:00+00:00,91048.7265625,3096.978515625
2026-01-13 02:47:00+00:00,91039.34375,3096.8046875
2026-01-13 02:48:00+00:00,91047.359375,3097.421875
2026-01-13 02:49:00+00:00,91047.4609375,3097.418212890625
2026-01-13 02:50:00+00:00,91077.5703125,3098.4541015625
2026-01-13 02:51:00+00:00,91086.9453125,3099.201171875
2026-01-13 02:52:00+00:00,91076.6015625,3099.0458984375
2026-01-13 02:53:00+00:00,91065.484375,3098.12646484375
2026-01-13 02:54:00+00:00,91128.984375,3100.660888671875
2026-01-13 02:55:00+00:00,91131.9140625,3101.0419921875
2026-01-13 02:56:00+00:00,91112.203125,3100.10791015625
2026-01-13 02:57:00+00:00,91117.4375,3100.075439453125
2026-01-13 02:58:00+00:00,91111.15625,3099.5908203125
2026-01-13 02:59:00+00:00,91114.5859375,3099.715576171875
2026-01-13 03:00:00+00:00,91031.1953125,3097.8291015625
2026-01-13 03:01:00+00:00,91046.0546875,3099.034423828125
2026-01-13 03:02:00+00:00,91071.09375,3100.21044921875
2026-01-13 03:03:00+00:00,91085.703125,3100.78125
2026-01-13 03:04:00+00:00,91062.8125,3099.96728515625
2026-01-13 03:05:00+00:00,91060.359375,3100.3017578125
2026-01-13 03:06:00+00:00,91060.359375,3100.3017578125
2026-01-13 03:07:00+00:00,91082.25,3100.622314453125
2026-01-13 03:08:00+00:00,91081.6875,3100.038330078125
2026-01-13 03:09:00+00:00,91024.9375,3098.423095703125
2026-01-13 03:10:00+00:00,91019.5390625,3098.203369140625
2026-01-13 03:11:00+00:00,91133.1328125,3104.098388671875
2026-01-13 03:12:00+00:00,91119.5078125,3103.05419921875
2026-01-13 03:13:00+00:00,91155.96875,3104.140625
2026-01-13 03:14:00+00:00,91179.3046875,3105.528076171875
2026-01-13 03:15:00+00:00,91165.125,3105.633544921875
2026-01-13 03:16:00+00:00,91184.25,3106.680908203125
2026-01-13 03:17:00+00:00,91201.171875,3105.52099609375
2026-01-13 03:18:00+00:00,91187.1328125,3105.66162109375
2026-01-13 03:19:00+00:00,91184.03125,3105.864013671875
2026-01-13 03:20:00+00:00,91198.6171875,3106.131591796875
2026-01-13 03:21:00+00:00,91192.78125,3104.58056640625
2026-01-13 03:22:00+00:00,91252.0625,3107.315185546875
2026-01-13 03:23:00+00:00,91320.46875,3110.2958984375
2026-01-13 03:24:00+00:00,91327.140625,3112.7578125
2026-01-13 03:25:00+00:00,91321.234375,3112.467529296875
2026-01-13 03:26:00+00:00,91311.0859375,3112.173828125
2026-01-13 03:27:00+00:00,91304.796875,3111.959228515625
2026-01-13 03:28:00+00:00,91294.0,3110.859619140625
2026-01-13 03:29:00+00:00,91283.453125,3110.54052734375
2026-01-13 03:30:00+00:00,91277.921875,3110.947265625
2026-01-13 03:31:00+00:00,91305.1015625,3112.546142578125
2026-01-13 03:32:00+00:00,91291.8515625,3112.55224609375
2026-01-13 03:33:00+00:00,91284.9453125,3111.602294921875
2026-01-13 03:34:00+00:00,91284.9453125,3111.602294921875
2026-01-13 03:35:00+00:00,91262.984375,3109.455810546875
2026-01-13 03:36:00+00:00,91299.765625,3110.521484375
2026-01-13 03:37:00+00:00,91299.5078125,3111.686767578125
2026-01-13 03:38:00+00:00,91304.8671875,3111.753662109375
2026-01-13 03:39:00+00:00,91259.6796875,3110.868896484375
2026-01-13 03:40:00+00:00,91236.4453125,3108.463623046875
2026-01-13 03:41:00+00:00,91229.484375,3108.5361328125
2026-01-13 03:42:00+00:00,91229.9765625,3108.853515625
2026-01-13 03:43:00+00:00,91248.5859375,3110.53173828125
2026-01-13 03:44:00+00:00,91235.8984375,3111.166748046875
2026-01-13 03:45:00+00:00,91223.140625,3110.70751953125
2026-01-13 03:46:00+00:00,91216.3203125,3109.83642578125
2026-01-13 03:47:00+00:00,91187.7578125,3108.340576171875
2026-01-13 03:48:00+00:00,91222.359375,3109.850341796875
2026-01-13 03:49:00+00:00,91214.2578125,3110.21875
2026-01-13 03:51:00+00:00,91213.1953125,3109.87158203125
2026-01-13 03:52:00+00:00,91197.1484375,3108.924560546875
2026-01-13 03:53:00+00:00,91195.8125,3109.04248046875
2026-01-13 03:54:00+00:00,91188.8203125,3108.5888671875
2026-01-13 03:55:00+00:00,91198.015625,3109.408935546875
2026-01-13 03:56:00+00:00,91259.6875,3111.694091796875
2026-01-13 03:57:00+00:00,91262.5546875,3112.05517578125
2026-01-13 03:58:00+00:00,91282.71875,3112.912109375
2026-01-13 03:59:00+00:00,91291.3125,3112.822265625
2026-01-13 04:00:00+00:00,91293.7890625,3112.5859375
2026-01-13 04:01:00+00:00,91297.7890625,3113.215576171875
2026-01-13 04:02:00+00:00,91318.7421875,3113.9296875
2026-01-13 04:03:00+00:00,91296.703125,3113.25048828125
2026-01-13 04:04:00+00:00,91283.5625,3112.472412109375
2026-01-13 04:05:00+00:00,91277.875,3112.478515625
2026-01-13 04:06:00+00:00,91338.1953125,3114.531494140625
2026-01-13 04:07:00+00:00,91323.6015625,3114.673828125
2026-01-13 04:08:00+00:00,91304.1875,3113.83935546875
2026-01-13 04:09:00+00:00,91323.1171875,3114.9404296875
2026-01-13 04:10:00+00:00,91326.1640625,3115.489990234375
2026-01-13 04:11:00+00:00,91326.0703125,3115.51904296875
2026-01-13 04:12:00+00:00,91328.125,3115.70751953125
2026-01-13 04:13:00+00:00,91339.828125,3115.979736328125
2026-01-13 04:14:00+00:00,91360.9921875,3116.251708984375
2026-01-13 04:15:00+00:00,91354.75,3116.431884765625
2026-01-13 04:16:00+00:00,91358.046875,3116.3095703125
2026-01-13 04:17:00+00:00,91353.8359375,3116.4794921875
2026-01-13 04:18:00+00:00,91365.0625,3116.600830078125
2026-01-13 04:19:00+00:00,91393.4375,3116.89111328125
2026-01-13 04:20:00+00:00,91365.3828125,3114.830322265625
2026-01-13 04:21:00+00:00,91391.9765625,3114.687255859375
2026-01-13 04:22:00+00:00,91404.1171875,3114.65283203125
2026-01-13 04:23:00+00:00,91491.6796875,3117.1923828125
2026-01-13 04:24:00+00:00,91463.125,3116.18212890625
2026-01-13 04:25:00+00:00,91379.9765625,3113.05908203125
2026-01-13 04:26:00+00:00,91385.0546875,3113.83349609375
2026-01-13 04:27:00+00:00,91349.7109375,3112.4248046875
2026-01-13 04:28:00+00:00,91328.203125,3111.427734375
2026-01-13 04:29:00+00:00,91297.46875,3110.4140625
2026-01-13 04:31:00+00:00,91353.8828125,3111.533935546875
2026-01-13 04:32:00+00:00,91320.40625,3111.15673828125
2026-01-13 04:33:00+00:00,91299.0859375,3109.7294921875
2026-01-13 04:34:00+00:00,91298.5625,3110.076416015625
2026-01-13 04:35:00+00:00,91278.0390625,3109.152587890625
2026-01-13 04:36:00+00:00,91266.34375,3109.04296875
2026-01-13 04:37:00+00:00,91258.984375,3109.066162109375
2026-01-13 04:38:00+00:00,91270.96875,3110.604736328125
2026-01-13 04:39:00+00:00,91273.0703125,3110.805908203125
2026-01-13 04:40:00+00:00,91268.328125,3111.2939453125
2026-01-13 04:41:00+00:00,91267.0546875,3111.469970703125
2026-01-13 04:42:00+00:00,91264.3515625,3111.847412109375
2026-01-13 04:43:00+00:00,91250.03125,3111.755859375
2026-01-13 04:44:00+00:00,91248.5078125,3111.86474609375
2026-01-13 04:45:00+00:00,91252.2265625,3112.182373046875
2026-01-13 04:46:00+00:00,91244.6484375,3111.942626953125
2026-01-13 04:47:00+00:00,91242.2265625,3111.754150390625
2026-01-13 04:48:00+00:00,91244.3359375,3112.252197265625
2026-01-13 04:49:00+00:00,91240.7265625,3112.314697265625
2026-01-13 04:50:00+00:00,91255.265625,3114.04736328125
2026-01-13 04:51:00+00:00,91251.4375,3114.08544921875
2026-01-13 04:52:00+00:00,91251.4609375,3114.4130859375
2026-01-13 04:53:00+00:00,91238.9609375,3114.28466796875
2026-01-13 04:54:00+00:00,91299.3828125,3115.91650390625
2026-01-13 04:55:00+00:00,91326.140625,3117.032958984375
2026-01-13 04:56:00+00:00,91400.0625,3119.299072265625
2026-01-13 04:57:00+00:00,91398.71875,3118.85400390625
2026-01-13 04:58:00+00:00,91391.4375,3118.1533203125
2026-01-13 04:59:00+00:00,91396.671875,3118.1962890625
2026-01-13 05:00:00+00:00,91396.7734375,3118.334716796875
2026-01-13 05:01:00+00:00,91418.90625,3119.745361328125
2026-01-13 05:02:00+00:00,91561.3203125,3125.87109375
2026-01-13 05:03:00+00:00,91524.90625,3124.40087890625
2026-01-13 05:04:00+00:00,91496.0625,3123.62353515625
2026-01-13 05:05:00+00:00,91465.3046875,3122.43408203125
2026-01-13 05:06:00+00:00,91482.90625,3122.648681640625
2026-01-13 05:07:00+00:00,91463.2578125,3122.590576171875
2026-01-13 05:08:00+00:00,91460.421875,3122.5078125
2026-01-13 05:09:00+00:00,91456.6171875,3122.411376953125
2026-01-13 05:10:00+00:00,91476.71875,3123.201171875
2026-01-13 05:11:00+00:00,91535.4609375,3124.6083984375
2026-01-13 05:12:00+00:00,91556.90625,3124.640869140625
2026-01-13 05:13:00+00:00,91585.5546875,3125.351806640625
2026-01-13 05:14:00+00:00,91629.1796875,3128.33154296875
2026-01-13 05:15:00+00:00,91628.625,3128.000732421875
2026-01-13 05:16:00+00:00,91615.7734375,3127.862548828125
2026-01-13 05:17:00+00:00,91592.4296875,3126.84375
2026-01-13 05:18:00+00:00,91706.3515625,3130.834716796875
2026-01-13 05:19:00+00:00,91877.1875,3136.340087890625
2026-01-13 05:20:00+00:00,91915.8515625,3137.04150390625
2026-01-13 05:21:00+00:00,92052.84375,3139.997314453125
2026-01-13 05:22:00+00:00,92054.359375,3140.122314453125
2026-01-13 05:23:00+00:00,91933.3125,3136.069580078125
2026-01-13 05:24:00+00:00,91894.5859375,3134.620849609375
2026-01-13 05:25:00+00:00,92059.7265625,3139.39453125
2026-01-13 05:26:00+00:00,92109.390625,3140.59716796875
2026-01-13 05:27:00+00:00,91998.6015625,3139.04248046875
2026-01-13 05:28:00+00:00,92025.1328125,3140.9169921875
2026-01-13 05:29:00+00:00,91996.2734375,3138.71923828125
2026-01-13 05:30:00+00:00,91987.5234375,3137.631591796875
2026-01-13 05:31:00+00:00,91948.765625,3137.19873046875
2026-01-13 05:32:00+00:00,91872.7421875,3134.19873046875
2026-01-13 05:33:00+00:00,91848.875,3133.653076171875
2026-01-13 05:34:00+00:00,91789.34375,3131.603759765625
2026-01-13 05:35:00+00:00,91766.96875,3131.0263671875
2026-01-13 05:36:00+00:00,91766.125,3131.000732421875
2026-01-13 05:37:00+00:00,91813.3671875,3132.858154296875
2026-01-13 05:38:00+00:00,91817.734375,3132.65087890625
2026-01-13 05:39:00+00:00,91797.25,3131.8505859375
2026-01-13 05:41:00+00:00,91782.609375,3130.848388671875
2026-01-13 05:42:00+00:00,91779.0859375,3130.58642578125
2026-01-13 05:43:00+00:00,91776.78125,3130.322265625
2026-01-13 05:44:00+00:00,91793.078125,3130.4033203125
2026-01-13 05:45:00+00:00,91824.109375,3132.0927734375
2026-01-13 05:46:00+00:00,91816.125,3131.648681640625
2026-01-13 05:47:00+00:00,91878.59375,3132.908203125
2026-01-13 05:48:00+00:00,91886.1953125,3133.12158203125
2026-01-13 05:49:00+00:00,91910.96875,3133.465576171875
2026-01-13 05:51:00+00:00,91917.7421875,3133.246337890625
2026-01-13 05:52:00+00:00,91878.2890625,3130.209716796875
2026-01-13 05:53:00+00:00,91899.9296875,3130.732177734375
2026-01-13 05:54:00+00:00,91943.7109375,3131.019775390625
2026-01-13 05:55:00+00:00,91897.5,3129.3466796875
2026-01-13 05:56:00+00:00,91906.8046875,3129.422119140625
2026-01-13 05:57:00+00:00,91880.140625,3127.73291015625
2026-01-13 05:58:00+00:00,91844.734375,3126.87158203125
2026-01-13 05:59:00+00:00,91803.9453125,3126.349609375
2026-01-13 06:01:00+00:00,91811.0234375,3126.939208984375
2026-01-13 06:02:00+00:00,91859.8828125,3128.60595703125
2026-01-13 06:03:00+00:00,91932.203125,3131.359619140625
2026-01-13 06:04:00+00:00,91930.7890625,3130.978515625
2026-01-13 06:05:00+00:00,91879.609375,3128.23876953125
2026-01-13 06:06:00+00:00,91847.328125,3127.22705078125
2026-01-13 06:07:00+00:00,91729.1875,3121.716796875
2026-01-13 06:08:00+00:00,91733.8515625,3123.587646484375
2026-01-13 06:09:00+00:00,91752.46875,3124.5927734375
2026-01-13 06:10:00+00:00,91745.0625,3123.8662109375
2026-01-13 06:11:00+00:00,91770.671875,3124.912841796875
2026-01-13 06:12:00+00:00,91759.4609375,3123.892578125
2026-01-13 06:13:00+00:00,91767.046875,3124.15576171875
2026-01-13 06:14:00+00:00,91748.7890625,3123.810546875
2026-01-13 06:15:00+00:00,91811.5625,3124.451416015625
2026-01-13 06:16:00+00:00,91813.53125,3124.1923828125
2026-01-13 06:17:00+00:00,91839.34375,3125.49755859375
2026-01-13 06:18:00+00:00,91853.4375,3125.302734375
2026-01-13 06:19:00+00:00,91869.5,3126.16845703125
2026-01-13 06:21:00+00:00,91860.2109375,3126.347412109375
2026-01-13 06:22:00+00:00,91848.71875,3126.109619140625
2026-01-13 06:23:00+00:00,91852.2890625,3126.27001953125
2026-01-13 06:24:00+00:00,91899.921875,3127.661865234375
2026-01-13 06:25:00+00:00,91878.75,3126.765869140625
2026-01-13 06:26:00+00:00,91917.3125,3127.90869140625
2026-01-13 06:27:00+00:00,91878.46875,3126.900146484375
2026-01-13 06:28:00+00:00,91925.7734375,3128.822265625
2026-01-13 06:29:00+00:00,91916.734375,3128.748779296875
2026-01-13 06:30:00+00:00,91819.0,3127.154052734375
2026-01-13 06:31:00+00:00,91869.5859375,3128.68017578125
2026-01-13 06:32:00+00:00,91897.0859375,3129.304931640625
2026-01-13 06:33:00+00:00,91870.828125,3128.225830078125
2026-01-13 06:34:00+00:00,91862.421875,3127.481689453125
2026-01-13 06:35:00+00:00,91855.8125,3127.40185546875
2026-01-13 06:36:00+00:00,91891.640625,3128.99072265625
2026-01-13 06:37:00+00:00,91911.8046875,3128.73681640625
2026-01-13 06:38:00+00:00,91956.09375,3129.884765625
2026-01-13 06:39:00+00:00,91940.078125,3129.177734375
2026-01-13 06:40:00+00:00,91975.765625,3130.0986328125
2026-01-13 06:41:00+00:00,91998.546875,3130.656494140625
2026-01-13 06:42:00+00:00,92014.0703125,3131.0205078125
2026-01-13 06:43:00+00:00,92022.7890625,3130.633056640625
2026-01-13 06:44:00+00:00,91963.6328125,3129.343994140625
2026-01-13 06:45:00+00:00,91882.359375,3124.884765625
2026-01-13 06:46:00+00:00,91966.3515625,3126.949462890625
2026-01-13 06:47:00+00:00,91951.0625,3126.27734375
2026-01-13 06:48:00+00:00,91925.8125,3125.5703125
2026-01-13 06:49:00+00:00,91923.84375,3125.98388671875
2026-01-13 06:50:00+00:00,91935.921875,3126.911376953125
2026-01-13 06:51:00+00:00,91975.4375,3128.638427734375
2026-01-13 06:52:00+00:00,91961.0546875,3128.49755859375
2026-01-13 06:53:00+00:00,92080.90625,3131.609375
2026-01-13 06:54:00+00:00,92123.0859375,3133.143310546875
2026-01-13 06:55:00+00:00,92102.78125,3132.404052734375
2026-01-13 06:56:00+00:00,92101.390625,3132.311767578125
2026-01-13 06:57:00+00:00,92105.078125,3131.967529296875
2026-01-13 06:58:00+00:00,92145.1015625,3132.890625
2026-01-13 06:59:00+00:00,92120.84375,3131.67822265625
2026-01-13 07:00:00+00:00,92089.4453125,3131.189453125
2026-01-13 07:01:00+00:00,92060.9453125,3130.126953125
2026-01-13 07:02:00+00:00,92047.265625,3129.627197265625
2026-01-13 07:03:00+00:00,92058.5,3129.560546875
2026-01-13 07:04:00+00:00,92028.953125,3128.642578125
2026-01-13 07:05:00+00:00,92027.984375,3128.7626953125
2026-01-13 07:06:00+00:00,92017.0546875,3128.60205078125
2026-01-13 07:07:00+00:00,92001.140625,3127.928466796875
2026-01-13 07:08:00+00:00,92001.421875,3127.884033203125
2026-01-13 07:09:00+00:00,91984.59375,3127.35888671875
2026-01-13 07:10:00+00:00,91973.0859375,3127.35302734375
2026-01-13 07:11:00+00:00,91992.1875,3127.71142578125
2026-01-13 07:12:00+00:00,91960.0390625,3127.17626953125
2026-01-13 07:13:00+00:00,91953.859375,3127.114990234375
2026-01-13 07:14:00+00:00,91948.6796875,3127.17431640625
2026-01-13 07:15:00+00:00,91950.8828125,3127.243896484375
2026-01-13 07:16:00+00:00,91883.15625,3125.824951171875
2026-01-13 07:17:00+00:00,91850.15625,3125.042236328125
2026-01-13 07:18:00+00:00,91840.5703125,3123.4833984375
2026-01-13 07:19:00+00:00,91848.9765625,3124.274169921875
2026-01-13 07:20:00+00:00,91831.6484375,3123.0224609375
2026-01-13 07:21:00+00:00,91815.1328125,3123.05078125
2026-01-13 07:22:00+00:00,91812.796875,3123.14990234375
2026-01-13 07:23:00+00:00,91839.1171875,3124.185546875
2026-01-13 07:24:00+00:00,91889.15625,3124.601318359375
2026-01-13 07:25:00+00:00,91924.6875,3123.578857421875
2026-01-13 07:26:00+00:00,91934.9765625,3123.83447265625
2026-01-13 07:27:00+00:00,91961.390625,3124.922119140625
2026-01-13 07:28:00+00:00,91939.9609375,3124.40185546875
2026-01-13 07:29:00+00:00,91935.234375,3124.379150390625
2026-01-13 07:30:00+00:00,91930.375,3124.8251953125
2026-01-13 07:31:00+00:00,91924.625,3124.823486328125
2026-01-13 07:32:00+00:00,91898.3671875,3123.791015625
2026-01-13 07:33:00+00:00,91917.3359375,3124.027099609375
2026-01-13 07:34:00+00:00,91894.0078125,3123.337158203125
2026-01-13 07:35:00+00:00,91898.171875,3123.765625
2026-01-13 07:36:00+00:00,91900.1171875,3124.0078125
2026-01-13 07:37:00+00:00,91895.1953125,3123.913818359375
2026-01-13 07:38:00+00:00,91872.1796875,3123.272705078125
2026-01-13 07:39:00+00:00,91868.328125,3122.766845703125
2026-01-13 07:41:00+00:00,91849.7109375,3121.95361328125
2026-01-13 07:42:00+00:00,91875.7265625,3122.86376953125
2026-01-13 07:43:00+00:00,91878.2421875,3123.09912109375
2026-01-13 07:44:00+00:00,91841.9609375,3122.062255859375
2026-01-13 07:45:00+00:00,91835.3671875,3121.606201171875
2026-01-13 07:46:00+00:00,91846.921875,3121.755126953125
2026-01-13 07:47:00+00:00,91820.8125,3120.864990234375
2026-01-13 07:48:00+00:00,91822.4453125,3120.0869140625
2026-01-13 07:49:00+00:00,91817.6328125,3120.265869140625
2026-01-13 07:51:00+00:00,91806.1171875,3119.553466796875
2026-01-13 07:52:00+00:00,91815.0234375,3119.766845703125
2026-01-13 07:53:00+00:00,91822.7890625,3120.000732421875
2026-01-13 07:54:00+00:00,91830.9765625,3119.873779296875
2026-01-13 07:55:00+00:00,91829.515625,3119.3662109375
2026-01-13 07:56:00+00:00,91843.46875,3120.060302734375
2026-01-13 07:57:00+00:00,91847.2421875,3120.041015625
2026-01-13 07:58:00+00:00,91850.9453125,3119.984130859375
2026-01-13 07:59:00+00:00,91853.8203125,3119.456787109375
2026-01-13 08:01:00+00:00,91868.9609375,3120.7509765625
2026-01-13 08:02:00+00:00,91846.6640625,3119.9580078125
2026-01-13 08:03:00+00:00,91866.421875,3120.71875
2026-01-13 08:04:00+00:00,91846.8046875,3120.727783203125
2026-01-13 08:05:00+00:00,91850.703125,3121.4150390625
2026-01-13 08:06:00+00:00,91851.015625,3122.754150390625
2026-01-13 08:07:00+00:00,91853.2734375,3123.28271484375
2026-01-13 08:08:00+00:00,91895.2265625,3124.958740234375
2026-01-13 08:09:00+00:00,91895.4296875,3125.4658203125
2026-01-13 08:10:00+00:00,91893.40625,3125.296630859375
2026-01-13 08:11:00+00:00,91884.90625,3125.0791015625
2026-01-13 08:13:00+00:00,91854.3515625,3122.84033203125
2026-01-13 08:14:00+00:00,91886.5546875,3124.641357421875
2026-01-13 08:15:00+00:00,91888.359375,3124.217529296875
2026-01-13 08:16:00+00:00,91886.6796875,3123.619140625
2026-01-13 08:17:00+00:00,91898.7734375,3124.384033203125
2026-01-13 08:18:00+00:00,91913.7109375,3124.64453125
2026-01-13 08:19:00+00:00,91921.4140625,3124.29638671875
2026-01-13 08:21:00+00:00,91933.90625,3124.566650390625
2026-01-13 08:22:00+00:00,91957.71875,3125.085693359375
2026-01-13 08:23:00+00:00,91958.09375,3124.95654296875
2026-01-13 08:25:00+00:00,91966.296875,3125.6142578125
2026-01-13 08:26:00+00:00,91965.625,3125.58203125
2026-01-13 08:27:00+00:00,91977.0859375,3126.345458984375
2026-01-13 08:28:00+00:00,91892.625,3124.060302734375
2026-01-13 08:29:00+00:00,91877.609375,3123.664306640625
2026-01-13 08:30:00+00:00,91861.875,3123.3837890625
2026-01-13 08:31:00+00:00,91876.9375,3123.32763671875
2026-01-13 08:32:00+00:00,91894.2734375,3123.53173828125
2026-01-13 08:33:00+00:00,91891.8125,3123.306884765625
2026-01-13 08:34:00+00:00,91899.203125,3123.24560546875
2026-01-13 08:36:00+00:00,91955.9296875,3124.649658203125
2026-01-13 08:37:00+00:00,92030.2890625,3127.118408203125
2026-01-13 08:38:00+00:00,92091.53125,3129.34716796875
2026-01-13 08:39:00+00:00,92057.2421875,3128.074462890625
2026-01-13 08:41:00+00:00,92048.5390625,3127.818115234375
2026-01-13 08:42:00+00:00,92037.875,3127.742431640625
2026-01-13 08:43:00+00:00,92043.8515625,3127.9599609375
2026-01-13 08:44:00+00:00,92039.6796875,3128.107177734375
2026-01-13 08:45:00+00:00,92037.3828125,3128.5419921875
2026-01-13 08:46:00+00:00,92034.125,3128.4677734375
2026-01-13 08:47:00+00:00,92031.375,3128.2421875
2026-01-13 08:48:00+00:00,92050.15625,3129.570068359375
2026-01-13 08:49:00+00:00,92057.25,3130.100341796875
2026-01-13 08:51:00+00:00,92110.4609375,3132.203125
2026-01-13 08:52:00+00:00,92134.84375,3133.701904296875
2026-01-13 08:53:00+00:00,92113.8828125,3133.520263671875
2026-01-13 08:54:00+00:00,92099.21875,3132.124755859375
2026-01-13 08:55:00+00:00,92103.0703125,3132.7587890625
2026-01-13 08:56:00+00:00,92067.609375,3131.810302734375
2026-01-13 08:57:00+00:00,92066.5546875,3132.165771484375
2026-01-13 08:58:00+00:00,92087.9140625,3132.523193359375
2026-01-13 09:00:00+00:00,92076.375,3132.61669921875
2026-01-13 09:01:00+00:00,92083.875,3132.58740234375
2026-01-13 09:02:00+00:00,92121.1171875,3133.615966796875
2026-01-13 09:03:00+00:00,92138.015625,3134.903076171875
2026-01-13 09:04:00+00:00,92211.328125,3136.2470703125
2026-01-13 09:05:00+00:00,92296.9765625,3138.12060546875
2026-01-13 09:06:00+00:00,92305.0546875,3138.5078125
2026-01-13 09:07:00+00:00,92247.9921875,3136.498046875
2026-01-13 09:08:00+00:00,92256.75,3136.847412109375
2026-01-13 09:10:00+00:00,92259.84375,3136.996826171875
2026-01-13 09:11:00+00:00,92263.8359375,3137.35107421875
2026-01-13 09:12:00+00:00,92284.640625,3137.918212890625
2026-01-13 09:14:00+00:00,92327.609375,3138.783203125
2026-01-13 09:15:00+00:00,92322.171875,3138.08837890625
2026-01-13 09:16:00+00:00,92327.6328125,3138.144775390625
2026-01-13 09:18:00+00:00,92266.4765625,3134.89404296875
2026-01-13 09:19:00+00:00,92277.6875,3135.361083984375
2026-01-13 09:20:00+00:00,92322.59375,3137.106689453125
2026-01-13 09:21:00+00:00,92375.484375,3138.29345703125
2026-01-13 09:22:00+00:00,92510.2109375,3142.67626953125
2026-01-13 09:23:00+00:00,92485.7734375,3141.259033203125
2026-01-13 09:24:00+00:00,92370.9296875,3137.7197265625
2026-01-13 09:25:00+00:00,92436.1484375,3142.466796875
2026-01-13 09:26:00+00:00,92376.203125,3139.676513671875
2026-01-13 09:27:00+00:00,92423.390625,3140.627685546875
2026-01-13 09:28:00+00:00,92424.0,3140.571044921875
2026-01-13 09:29:00+00:00,92448.8984375,3140.57421875
2026-01-13 09:31:00+00:00,92416.78125,3139.736328125
2026-01-13 09:32:00+00:00,92427.3515625,3140.009521484375
2026-01-13 09:33:00+00:00,92460.1640625,3141.406982421875
2026-01-13 09:34:00+00:00,92454.703125,3140.807861328125
2026-01-13 09:35:00+00:00,92404.9765625,3138.238037109375
2026-01-13 09:36:00+00:00,92303.8984375,3136.21240234375
2026-01-13 09:37:00+00:00,92263.21875,3135.1748046875
2026-01-13 09:39:00+00:00,92267.0859375,3134.009033203125
2026-01-13 09:41:00+00:00,92176.6328125,3133.453125
2026-01-13 09:42:00+00:00,92066.6328125,3131.396484375
2026-01-13 09:43:00+00:00,91913.390625,3128.247802734375
2026-01-13 09:44:00+00:00,92004.171875,3129.665283203125
2026-01-13 09:45:00+00:00,92052.234375,3130.9306640625
2026-01-13 09:46:00+00:00,92056.5390625,3130.8232421875
2026-01-13 09:47:00+00:00,92101.234375,3133.306396484375
2026-01-13 09:48:00+00:00,92130.640625,3135.33251953125
2026-01-13 09:49:00+00:00,92154.640625,3136.09033203125
2026-01-13 09:51:00+00:00,92172.25,3136.168212890625
2026-01-13 09:53:00+00:00,92214.953125,3137.1328125
2026-01-13 09:54:00+00:00,92184.625,3136.17138671875
2026-01-13 09:55:00+00:00,92172.234375,3136.22412109375
2026-01-13 09:56:00+00:00,92102.671875,3134.092529296875
2026-01-13 09:57:00+00:00,92139.984375,3134.6259765625
2026-01-13 09:59:00+00:00,92149.171875,3134.86181640625
2026-01-13 10:01:00+00:00,92201.4140625,3136.326171875
2026-01-13 10:02:00+00:00,92127.9375,3134.509521484375
2026-01-13 10:03:00+00:00,92189.4375,3136.639892578125
2026-01-13 10:04:00+00:00,92186.75,3137.004638671875
2026-01-13 10:05:00+00:00,92189.6171875,3136.70947265625
2026-01-13 10:06:00+00:00,92176.8125,3136.152587890625
2026-01-13 10:07:00+00:00,92188.2109375,3136.611328125
2026-01-13 10:09:00+00:00,92227.0234375,3137.60791015625
2026-01-13 10:10:00+00:00,92230.078125,3137.628173828125
2026-01-13 10:11:00+00:00,92228.8515625,3137.477294921875
2026-01-13 10:12:00+00:00,92221.1484375,3136.34228515625
2026-01-13 10:13:00+00:00,92199.4765625,3135.9990234375
2026-01-13 10:15:00+00:00,92149.984375,3133.3935546875
2026-01-13 10:16:00+00:00,92106.6640625,3132.729736328125
2026-01-13 10:17:00+00:00,92059.9609375,3131.26513671875
2026-01-13 10:18:00+00:00,92082.296875,3131.7890625
2026-01-13 10:19:00+00:00,92123.796875,3133.579345703125
2026-01-13 10:21:00+00:00,92117.5,3133.6611328125
2026-01-13 10:23:00+00:00,92152.1953125,3134.99658203125
2026-01-13 10:24:00+00:00,92124.890625,3133.8896484375
2026-01-13 10:25:00+00:00,92160.6328125,3134.815673828125
2026-01-13 10:26:00+00:00,92126.2890625,3134.07421875
2026-01-13 10:27:00+00:00,92122.5078125,3133.912353515625
2026-01-13 10:28:00+00:00,92122.5078125,3133.912353515625
2026-01-13 10:29:00+00:00,92162.671875,3135.33251953125
2026-01-13 10:31:00+00:00,92205.609375,3136.767822265625
2026-01-13 10:32:00+00:00,92196.1875,3136.472900390625
2026-01-13 10:33:00+00:00,92172.5546875,3135.63720703125
2026-01-13 10:34:00+00:00,92173.8515625,3135.55908203125
2026-01-13 10:35:00+00:00,92164.7734375,3135.10498046875
2026-01-13 10:37:00+00:00,92178.671875,3135.5205078125
2026-01-13 10:39:00+00:00,92165.90625,3134.712646484375
2026-01-13 10:40:00+00:00,92170.8828125,3134.765380859375
2026-01-13 10:41:00+00:00,92174.4140625,3134.463623046875
2026-01-13 10:42:00+00:00,92067.890625,3131.461181640625
2026-01-13 10:43:00+00:00,92049.0,3131.0283203125
2026-01-13 10:44:00+00:00,92011.953125,3129.01904296875
2026-01-13 10:45:00+00:00,91974.109375,3127.923095703125
2026-01-13 10:46:00+00:00,91927.4921875,3127.25
2026-01-13 10:47:00+00:00,91940.2734375,3127.319580078125
2026-01-13 10:48:00+00:00,91971.2109375,3128.868896484375
2026-01-13 10:49:00+00:00,91995.5234375,3129.494140625
2026-01-13 10:50:00+00:00,91965.96875,3129.408203125
2026-01-13 10:51:00+00:00,91969.578125,3129.3837890625
2026-01-13 10:52:00+00:00,92005.9375,3131.195556640625
2026-01-13 10:53:00+00:00,91994.3828125,3130.705810546875
2026-01-13 10:54:00+00:00,92001.5625,3130.76416015625
2026-01-13 10:55:00+00:00,91998.0390625,3130.031005859375
2026-01-13 10:56:00+00:00,91996.6328125,3130.2275390625
2026-01-13 10:57:00+00:00,92007.984375,3130.55126953125
2026-01-13 10:59:00+00:00,92029.3359375,3131.546142578125
2026-01-13 11:00:00+00:00,92038.296875,3131.770263671875
2026-01-13 11:01:00+00:00,92041.765625,3131.97900390625
2026-01-13 11:02:00+00:00,92024.5859375,3131.526611328125
2026-01-13 11:03:00+00:00,91994.375,3130.9765625
2026-01-13 11:04:00+00:00,91984.1328125,3129.758544921875
2026-01-13 11:05:00+00:00,91961.1484375,3129.608154296875
2026-01-13 11:07:00+00:00,92000.125,3132.354736328125
2026-01-13 11:08:00+00:00,92051.265625,3133.7802734375
2026-01-13 11:09:00+00:00,92045.1015625,3133.131103515625
2026-01-13 11:10:00+00:00,92091.390625,3134.14306640625
2026-01-13 11:11:00+00:00,92097.4765625,3134.05029296875
2026-01-13 11:12:00+00:00,92135.765625,3135.12744140625
2026-01-13 11:13:00+00:00,92133.1875,3134.39990234375
2026-01-13 11:14:00+00:00,92123.046875,3133.7314453125
2026-01-13 11:15:00+00:00,92118.3984375,3133.54541015625
2026-01-13 11:17:00+00:00,92126.0703125,3134.18603515625
2026-01-13 11:18:00+00:00,92134.390625,3134.54443359375
2026-01-13 11:19:00+00:00,92138.875,3134.62939453125
2026-01-13 11:20:00+00:00,92093.125,3133.050048828125
2026-01-13 11:21:00+00:00,92048.15625,3131.912841796875
2026-01-13 11:22:00+00:00,92031.921875,3131.3134765625
2026-01-13 11:24:00+00:00,92071.6171875,3132.88525390625
2026-01-13 11:25:00+00:00,92090.2890625,3132.895751953125
2026-01-13 11:26:00+00:00,92101.2265625,3133.17822265625
2026-01-13 11:27:00+00:00,92119.796875,3134.0751953125
2026-01-13 11:28:00+00:00,92116.53125,3133.86767578125
2026-01-13 11:29:00+00:00,92106.671875,3133.83154296875
2026-01-13 11:30:00+00:00,92106.859375,3133.639892578125
2026-01-13 11:32:00+00:00,92061.046875,3132.035400390625
2026-01-13 11:33:00+00:00,92061.6953125,3132.154052734375
2026-01-13 11:34:00+00:00,92056.5,3132.032470703125
2026-01-13 11:35:00+00:00,92021.6640625,3131.510498046875
2026-01-13 11:36:00+00:00,91998.96875,3130.97802734375
2026-01-13 11:37:00+00:00,92051.140625,3131.813232421875
2026-01-13 11:38:00+00:00,92042.921875,3131.81494140625
2026-01-13 11:39:00+00:00,92040.4140625,3132.173095703125
2026-01-13 11:41:00+00:00,92003.046875,3131.88623046875
2026-01-13 11:42:00+00:00,91998.859375,3131.62939453125
2026-01-13 11:43:00+00:00,91982.7421875,3130.96337890625
2026-01-13 11:44:00+00:00,91976.7109375,3130.566650390625
2026-01-13 11:45:00+00:00,91970.21875,3130.306640625
2026-01-13 11:46:00+00:00,91945.71875,3129.18115234375
2026-01-13 11:47:00+00:00,91976.53125,3129.930908203125
2026-01-13 11:48:00+00:00,91974.09375,3129.893310546875
2026-01-13 11:49:00+00:00,91937.6640625,3129.896484375
2026-01-13 11:51:00+00:00,91897.8671875,3129.23681640625
2026-01-13 11:52:00+00:00,91901.3984375,3129.499267578125
2026-01-13 11:53:00+00:00,91886.8359375,3128.978515625
2026-01-13 11:54:00+00:00,91888.78125,3128.9296875
2026-01-13 11:55:00+00:00,91920.7109375,3131.403564453125
2026-01-13 11:56:00+00:00,91979.5625,3134.318603515625
2026-01-13 11:57:00+00:00,91949.171875,3133.760009765625
2026-01-13 11:58:00+00:00,91930.1953125,3132.096435546875
2026-01-13 11:59:00+00:00,91893.6484375,3130.64013671875
2026-01-13 12:01:00+00:00,91932.1484375,3132.177490234375
2026-01-13 12:02:00+00:00,91936.40625,3132.227783203125
2026-01-13 12:03:00+00:00,91947.9609375,3133.802978515625
2026-01-13 12:04:00+00:00,91893.6328125,3131.6416015625
2026-01-13 12:05:00+00:00,91873.65625,3131.0927734375
2026-01-13 12:06:00+00:00,91868.4453125,3130.8193359375
2026-01-13 12:07:00+00:00,91867.328125,3131.183837890625
2026-01-13 12:09:00+00:00,91855.875,3127.806884765625
2026-01-13 12:10:00+00:00,91882.3046875,3128.805419921875
2026-01-13 12:11:00+00:00,91894.796875,3129.842529296875
2026-01-13 12:12:00+00:00,91908.46875,3130.307373046875
2026-01-13 12:13:00+00:00,91901.7734375,3130.52734375
2026-01-13 12:14:00+00:00,91871.9375,3129.593017578125
2026-01-13 12:16:00+00:00,91832.640625,3127.756103515625
2026-01-13 12:17:00+00:00,91892.515625,3128.7392578125
2026-01-13 12:18:00+00:00,91892.9296875,3128.894287109375
2026-01-13 12:19:00+00:00,91920.3046875,3129.93408203125
2026-01-13 12:21:00+00:00,91973.6796875,3130.684814453125
2026-01-13 12:22:00+00:00,91995.890625,3131.56494140625
2026-01-13 12:23:00+00:00,92020.4609375,3132.41796875
2026-01-13 12:24:00+00:00,91995.2578125,3131.56787109375
2026-01-13 12:25:00+00:00,91993.9140625,3131.47265625
2026-01-13 12:26:00+00:00,91986.6640625,3130.85595703125
2026-01-13 12:27:00+00:00,91971.90625,3130.472900390625
2026-01-13 12:28:00+00:00,91989.8125,3131.3291015625
2026-01-13 12:29:00+00:00,91981.5703125,3131.132568359375
2026-01-13 12:30:00+00:00,91979.9296875,3130.983642578125
2026-01-13 12:31:00+00:00,91974.90625,3130.733154296875
2026-01-13 12:32:00+00:00,92030.6484375,3133.076904296875
2026-01-13 12:33:00+00:00,92028.84375,3133.58203125
2026-01-13 12:34:00+00:00,92028.5078125,3133.50927734375
2026-01-13 12:35:00+00:00,92008.3828125,3131.125
2026-01-13 12:36:00+00:00,92002.953125,3131.28076171875
2026-01-13 12:37:00+00:00,91994.53125,3131.418212890625
2026-01-13 12:38:00+00:00,91986.5859375,3131.2451171875
2026-01-13 12:39:00+00:00,91987.1328125,3131.6103515625
2026-01-13 12:40:00+00:00,91993.171875,3131.568115234375
2026-01-13 12:41:00+00:00,91997.5390625,3131.89599609375
2026-01-13 12:42:00+00:00,92019.203125,3132.843017578125
2026-01-13 12:43:00+00:00,92041.515625,3133.2763671875
2026-01-13 12:44:00+00:00,92053.7109375,3133.3642578125
2026-01-13 12:45:00+00:00,92036.8046875,3132.571533203125
2026-01-13 12:46:00+00:00,92035.5625,3132.467041015625
2026-01-13 12:47:00+00:00,92034.40625,3132.402099609375
2026-01-13 12:48:00+00:00,92020.765625,3132.33251953125
2026-01-13 12:49:00+00:00,92040.9921875,3132.49951171875
2026-01-13 12:50:00+00:00,92020.9375,3131.901611328125
2026-01-13 12:51:00+00:00,92016.6015625,3131.837646484375
2026-01-13 12:52:00+00:00,92005.0546875,3131.281494140625
2026-01-13 12:53:00+00:00,92009.9609375,3130.99462890625
2026-01-13 12:54:00+00:00,92033.3046875,3132.007080078125
2026-01-13 12:55:00+00:00,92017.1171875,3131.22216796875
2026-01-13 12:56:00+00:00,92005.4140625,3130.935546875
2026-01-13 12:57:00+00:00,91995.4921875,3130.319580078125
2026-01-13 12:58:00+00:00,91980.859375,3130.09716796875
2026-01-13 12:59:00+00:00,91999.1171875,3131.343505859375
2026-01-13 13:00:00+00:00,92013.0546875,3132.14013671875
2026-01-13 13:01:00+00:00,91996.90625,3131.630859375
2026-01-13 13:02:00+00:00,91940.859375,3130.2421875
2026-01-13 13:03:00+00:00,91910.7421875,3129.200439453125
2026-01-13 13:04:00+00:00,91912.3671875,3128.6455078125
2026-01-13 13:05:00+00:00,91904.25,3128.291259765625
2026-01-13 13:06:00+00:00,91929.875,3128.239013671875
2026-01-13 13:07:00+00:00,91923.6875,3127.967041015625
2026-01-13 13:08:00+00:00,91936.796875,3127.895751953125
2026-01-13 13:09:00+00:00,92002.3515625,3133.685546875
2026-01-13 13:10:00+00:00,91977.3515625,3132.656005859375
2026-01-13 13:11:00+00:00,91961.578125,3133.37158203125
2026-01-13 13:12:00+00:00,91971.6640625,3133.97265625
2026-01-13 13:13:00+00:00,91928.9375,3133.796142578125
2026-01-13 13:14:00+00:00,91928.671875,3133.613525390625
2026-01-13 13:15:00+00:00,91921.5078125,3132.9033203125
2026-01-13 13:16:00+00:00,91928.96875,3133.03076171875
2026-01-13 13:17:00+00:00,91938.15625,3133.796630859375
2026-01-13 13:18:00+00:00,91936.71875,3133.716796875
2026-01-13 13:19:00+00:00,91950.3203125,3134.022216796875
2026-01-13 13:20:00+00:00,91926.90625,3133.02001953125
2026-01-13 13:21:00+00:00,91937.828125,3133.907958984375
2026-01-13 13:22:00+00:00,91920.7265625,3133.8291015625
2026-01-13 13:23:00+00:00,91923.3984375,3134.09716796875
2026-01-13 13:24:00+00:00,91930.7421875,3134.423828125
2026-01-13 13:25:00+00:00,91925.6015625,3134.382568359375
2026-01-13 13:26:00+00:00,91942.78125,3135.35009765625
2026-01-13 13:27:00+00:00,91979.1484375,3136.343017578125
2026-01-13 13:28:00+00:00,92009.53125,3136.6806640625
2026-01-13 13:29:00+00:00,92007.25,3136.65771484375
2026-01-13 13:30:00+00:00,92035.3125,3137.92724609375
2026-01-13 13:31:00+00:00,92186.09375,3146.809326171875
2026-01-13 13:32:00+00:00,92258.09375,3141.087158203125
2026-01-13 13:33:00+00:00,92477.4140625,3153.9619140625
2026-01-13 13:34:00+00:00,92344.0546875,3151.5205078125
2026-01-13 13:35:00+00:00,92184.0625,3147.314697265625
2026-01-13 13:36:00+00:00,92276.65625,3149.82470703125
2026-01-13 13:37:00+00:00,92348.3125,3151.367431640625
2026-01-13 13:38:00+00:00,92211.90625,3144.655517578125
2026-01-13 13:39:00+00:00,92101.9140625,3140.816162109375
2026-01-13 13:41:00+00:00,91998.625,3137.025634765625
2026-01-13 13:42:00+00:00,92065.4375,3139.703857421875
2026-01-13 13:43:00+00:00,92068.7421875,3139.275390625
2026-01-13 13:44:00+00:00,92146.203125,3141.937744140625
2026-01-13 13:45:00+00:00,92109.4765625,3141.094970703125
2026-01-13 13:46:00+00:00,92083.921875,3141.055419921875
2026-01-13 13:47:00+00:00,92073.1875,3141.205078125
2026-01-13 13:48:00+00:00,92053.0859375,3140.503662109375
2026-01-13 13:49:00+00:00,92098.2421875,3142.65380859375
2026-01-13 13:51:00+00:00,92063.421875,3140.76123046875
2026-01-13 13:52:00+00:00,92042.609375,3140.812744140625
2026-01-13 13:53:00+00:00,91983.5859375,3137.5
2026-01-13 13:54:00+00:00,92149.9765625,3143.214599609375
2026-01-13 13:55:00+00:00,92115.5546875,3143.197021484375
2026-01-13 13:56:00+00:00,92054.7890625,3142.147705078125
2026-01-13 13:57:00+00:00,92014.0625,3141.349365234375
2026-01-13 13:58:00+00:00,91979.25,3140.2451171875
2026-01-13 13:59:00+00:00,91966.578125,3138.9375
2026-01-13 14:01:00+00:00,91926.328125,3137.59912109375
2026-01-13 14:02:00+00:00,91760.140625,3132.134033203125
2026-01-13 14:03:00+00:00,91863.0859375,3131.146240234375
2026-01-13 14:04:00+00:00,91832.140625,3131.545166015625
2026-01-13 14:05:00+00:00,91816.0390625,3132.123779296875
2026-01-13 14:06:00+00:00,91870.8046875,3133.987060546875
2026-01-13 14:07:00+00:00,91911.421875,3135.248291015625
2026-01-13 14:08:00+00:00,91889.390625,3135.53466796875
2026-01-13 14:09:00+00:00,91909.09375,3137.69482421875
2026-01-13 14:10:00+00:00,91909.7734375,3137.425537109375
2026-01-13 14:11:00+00:00,91911.5078125,3137.5029296875
2026-01-13 14:12:00+00:00,91916.3671875,3137.7236328125
2026-01-13 14:13:00+00:00,91895.7421875,3136.360107421875
2026-01-13 14:14:00+00:00,91876.6328125,3136.11083984375
2026-01-13 14:15:00+00:00,91887.859375,3137.187744140625
2026-01-13 14:16:00+00:00,91929.984375,3138.770751953125
2026-01-13 14:17:00+00:00,91945.8359375,3139.528564453125
2026-01-13 14:18:00+00:00,92009.71875,3140.101806640625
2026-01-13 14:19:00+00:00,92068.59375,3142.69384765625
2026-01-13 14:21:00+00:00,92078.125,3145.09228515625
2026-01-13 14:22:00+00:00,92096.1328125,3144.789794921875
2026-01-13 14:23:00+00:00,92175.8046875,3148.1787109375
2026-01-13 14:24:00+00:00,92157.140625,3147.061767578125
2026-01-13 14:25:00+00:00,92145.5234375,3146.83203125
2026-01-13 14:26:00+00:00,92127.484375,3145.79931640625
2026-01-13 14:27:00+00:00,92118.828125,3145.52978515625
2026-01-13 14:28:00+00:00,92181.0703125,3147.16259765625
2026-01-13 14:29:00+00:00,92300.8828125,3151.416748046875
2026-01-13 14:30:00+00:00,92317.0234375,3151.841064453125
2026-01-13 14:31:00+00:00,92395.21875,3152.9306640625
2026-01-13 14:32:00+00:00,92334.3203125,3150.924560546875
2026-01-13 14:33:00+00:00,92296.2734375,3147.57958984375
2026-01-13 14:34:00+00:00,92262.3828125,3146.308349609375
2026-01-13 14:35:00+00:00,92357.109375,3149.33984375
2026-01-13 14:36:00+00:00,92432.3046875,3151.976318359375
2026-01-13 14:37:00+00:00,92657.765625,3158.033935546875
2026-01-13 14:38:00+00:00,92590.984375,3155.798095703125
2026-01-13 14:39:00+00:00,92545.375,3154.51806640625
2026-01-13 14:40:00+00:00,92631.5234375,3158.190673828125
2026-01-13 14:41:00+00:00,92721.453125,3160.712890625
2026-01-13 14:42:00+00:00,92695.015625,3158.563232421875
2026-01-13 14:43:00+00:00,92756.578125,3159.306640625
2026-01-13 14:44:00+00:00,92755.5,3158.438720703125
2026-01-13 14:45:00+00:00,92600.296875,3155.47314453125
2026-01-13 14:46:00+00:00,92638.546875,3157.177001953125
2026-01-13 14:47:00+00:00,92496.6796875,3152.20556640625
2026-01-13 14:48:00+00:00,92576.4765625,3152.276611328125
2026-01-13 14:49:00+00:00,92498.1484375,3145.85888671875
2026-01-13 14:50:00+00:00,92462.0703125,3145.396728515625
2026-01-13 14:51:00+00:00,92554.2578125,3148.90087890625
2026-01-13 14:52:00+00:00,92416.8515625,3144.406494140625
2026-01-13 14:53:00+00:00,92427.453125,3144.928955078125
2026-01-13 14:54:00+00:00,92526.7109375,3147.975341796875
2026-01-13 14:55:00+00:00,92445.28125,3145.502685546875
2026-01-13 14:56:00+00:00,92480.2265625,3145.290771484375
2026-01-13 14:57:00+00:00,92455.5546875,3143.866943359375
2026-01-13 14:58:00+00:00,92482.5390625,3144.06591796875
2026-01-13 14:59:00+00:00,92453.84375,3144.048095703125
2026-01-13 15:00:00+00:00,92421.359375,3143.450439453125
2026-01-13 15:01:00+00:00,92321.1484375,3142.524658203125
2026-01-13 15:02:00+00:00,92286.59375,3140.625
2026-01-13 15:03:00+00:00,92111.0078125,3133.571044921875
2026-01-13 15:04:00+00:00,92091.1328125,3132.797607421875
2026-01-13 15:05:00+00:00,92143.0546875,3135.724853515625
2026-01-13 15:06:00+00:00,92224.65625,3140.222900390625
2026-01-13 15:07:00+00:00,92314.46875,3142.585205078125
2026-01-13 15:08:00+00:00,92409.703125,3145.662109375
2026-01-13 15:10:00+00:00,92300.9140625,3141.21923828125
2026-01-13 15:11:00+00:00,92230.9296875,3138.68212890625
2026-01-13 15:12:00+00:00,92272.265625,3138.48486328125
2026-01-13 15:13:00+00:00,92293.421875,3139.273193359375
2026-01-13 15:14:00+00:00,92461.34375,3143.238525390625
2026-01-13 15:15:00+00:00,92508.1796875,3143.8955078125
2026-01-13 15:16:00+00:00,92430.9453125,3139.899169921875
2026-01-13 15:17:00+00:00,92402.734375,3139.971923828125
2026-01-13 15:18:00+00:00,92390.0859375,3140.473388671875
2026-01-13 15:19:00+00:00,92155.859375,3133.54150390625
2026-01-13 15:20:00+00:00,92218.8046875,3135.05712890625
2026-01-13 15:21:00+00:00,92216.4375,3135.3642578125
2026-01-13 15:22:00+00:00,92207.8203125,3134.727294921875
2026-01-13 15:23:00+00:00,92291.34375,3138.92529296875
2026-01-13 15:24:00+00:00,92257.59375,3138.69384765625
2026-01-13 15:25:00+00:00,92288.015625,3138.9853515625
2026-01-13 15:26:00+00:00,92322.5234375,3139.78173828125
2026-01-13 15:27:00+00:00,92274.765625,3140.073974609375
2026-01-13 15:28:00+00:00,92228.5078125,3138.320556640625
2026-01-13 15:29:00+00:00,92301.265625,3140.2392578125
2026-01-13 15:30:00+00:00,92283.2578125,3140.415283203125
2026-01-13 15:31:00+00:00,92443.3203125,3144.8818359375
2026-01-13 15:32:00+00:00,92410.0234375,3143.008544921875
2026-01-13 15:33:00+00:00,92440.8125,3143.808349609375
2026-01-13 15:34:00+00:00,92637.0703125,3149.91943359375
2026-01-13 15:35:00+00:00,92750.1875,3152.111083984375
2026-01-13 15:36:00+00:00,92736.265625,3151.604736328125
2026-01-13 15:37:00+00:00,93012.03125,3161.74072265625
2026-01-13 15:38:00+00:00,92991.5703125,3162.99169921875
2026-01-13 15:39:00+00:00,92949.4921875,3160.076904296875
2026-01-13 15:41:00+00:00,92964.1875,3160.732666015625
2026-01-13 15:42:00+00:00,93014.6796875,3161.4033203125
2026-01-13 15:43:00+00:00,92906.4375,3157.88720703125
2026-01-13 15:44:00+00:00,92837.859375,3157.85791015625
2026-01-13 15:45:00+00:00,92832.9140625,3158.927490234375
2026-01-13 15:46:00+00:00,92924.9375,3161.041259765625
2026-01-13 15:47:00+00:00,92980.3046875,3160.614013671875
2026-01-13 15:48:00+00:00,92865.4765625,3156.562255859375
2026-01-13 15:49:00+00:00,92779.8671875,3153.4990234375
2026-01-13 15:51:00+00:00,92811.8203125,3153.68408203125
2026-01-13 15:52:00+00:00,92835.375,3153.501708984375
2026-01-13 15:53:00+00:00,92826.265625,3151.649169921875
2026-01-13 15:54:00+00:00,92871.7734375,3154.55615234375
2026-01-13 15:55:00+00:00,93039.4921875,3161.494140625
2026-01-13 15:56:00+00:00,93231.6328125,3170.93603515625
2026-01-13 15:57:00+00:00,93254.515625,3173.406982421875
2026-01-13 15:58:00+00:00,93294.53125,3178.619140625
2026-01-13 15:59:00+00:00,93283.03125,3178.212890625
2026-01-13 16:01:00+00:00,93500.4609375,3189.079345703125
2026-01-13 16:02:00+00:00,93519.2265625,3190.27880859375
2026-01-13 16:03:00+00:00,93453.6875,3185.756591796875
2026-01-13 16:04:00+00:00,93570.9140625,3188.505615234375
2026-01-13 16:05:00+00:00,93561.1953125,3189.16259765625
2026-01-13 16:06:00+00:00,93574.1640625,3187.99658203125
2026-01-13 16:07:00+00:00,93595.3671875,3187.0341796875
2026-01-13 16:08:00+00:00,93566.4765625,3183.811767578125
2026-01-13 16:09:00+00:00,93463.171875,3181.932373046875
2026-01-13 16:10:00+00:00,93418.109375,3179.244384765625
2026-01-13 16:11:00+00:00,93445.0390625,3183.167236328125
2026-01-13 16:12:00+00:00,93447.625,3182.81494140625
2026-01-13 16:14:00+00:00,93322.9921875,3177.617919921875
2026-01-13 16:15:00+00:00,93287.96875,3176.597412109375
2026-01-13 16:16:00+00:00,93277.3984375,3177.82470703125
2026-01-13 16:17:00+00:00,93153.7734375,3173.6943359375
2026-01-13 16:18:00+00:00,93146.5546875,3173.42431640625
2026-01-13 16:19:00+00:00,93126.96875,3172.3154296875
2026-01-13 16:21:00+00:00,93325.7421875,3180.55078125
2026-01-13 16:22:00+00:00,93379.7890625,3180.85498046875
2026-01-13 16:23:00+00:00,93241.6796875,3177.8056640625
2026-01-13 16:24:00+00:00,93267.9609375,3178.89013671875
2026-01-13 16:25:00+00:00,93211.296875,3178.469970703125
2026-01-13 16:26:00+00:00,93140.109375,3177.748779296875
2026-01-13 16:27:00+00:00,93161.921875,3177.769775390625
2026-01-13 16:28:00+00:00,93145.375,3172.3447265625
2026-01-13 16:29:00+00:00,93102.828125,3171.130126953125
2026-01-13 16:30:00+00:00,93116.8046875,3172.455810546875
2026-01-13 16:31:00+00:00,93097.4921875,3172.46044921875
2026-01-13 16:32:00+00:00,93221.3515625,3176.5107421875
2026-01-13 16:33:00+00:00,93335.7890625,3178.809814453125
2026-01-13 16:34:00+00:00,93394.53125,3181.343994140625
2026-01-13 16:35:00+00:00,93456.6015625,3187.69775390625
2026-01-13 16:36:00+00:00,93446.421875,3186.269287109375
2026-01-13 16:37:00+00:00,93463.5390625,3187.085693359375
2026-01-13 16:38:00+00:00,93478.1953125,3187.744140625
2026-01-13 16:39:00+00:00,93561.2109375,3190.088134765625
2026-01-13 16:40:00+00:00,93526.7265625,3186.082275390625
2026-01-13 16:41:00+00:00,93428.625,3183.4091796875
2026-01-13 16:42:00+00:00,93458.6484375,3184.3955078125
2026-01-13 16:43:00+00:00,93598.046875,3190.02197265625
2026-01-13 16:44:00+00:00,93523.078125,3187.186767578125
2026-01-13 16:45:00+00:00,93500.75,3185.872802734375
2026-01-13 16:46:00+00:00,93493.6484375,3186.224853515625
2026-01-13 16:47:00+00:00,93557.90625,3188.534912109375
2026-01-13 16:48:00+00:00,93559.453125,3188.77099609375
2026-01-13 16:49:00+00:00,93578.1328125,3189.093017578125
2026-01-13 16:50:00+00:00,93615.640625,3190.701904296875
2026-01-13 16:51:00+00:00,93620.6328125,3190.5927734375
2026-01-13 16:52:00+00:00,93581.4453125,3188.25732421875
2026-01-13 16:53:00+00:00,93556.5078125,3187.4853515625
2026-01-13 16:54:00+00:00,93593.875,3189.200439453125
2026-01-13 16:55:00+00:00,93568.7109375,3188.1943359375
2026-01-13 16:56:00+00:00,93654.5078125,3190.68798828125
2026-01-13 16:57:00+00:00,93516.015625,3185.917236328125
2026-01-13 16:58:00+00:00,93486.1484375,3184.388671875
2026-01-13 16:59:00+00:00,93441.21875,3182.723876953125
2026-01-13 17:00:00+00:00,93347.1015625,3178.868408203125
2026-01-13 17:01:00+00:00,93350.4296875,3181.105224609375
2026-01-13 17:02:00+00:00,93303.7890625,3181.27099609375
2026-01-13 17:03:00+00:00,93346.109375,3182.3251953125
2026-01-13 17:04:00+00:00,93362.484375,3182.154296875
2026-01-13 17:05:00+00:00,93378.6875,3182.477294921875
2026-01-13 17:06:00+00:00,93373.9453125,3181.374755859375
2026-01-13 17:07:00+00:00,93349.203125,3180.5849609375
2026-01-13 17:08:00+00:00,93412.9765625,3182.23193359375
2026-01-13 17:09:00+00:00,93409.1875,3181.924072265625
2026-01-13 17:10:00+00:00,93350.859375,3180.48974609375
2026-01-13 17:11:00+00:00,93231.1328125,3175.37060546875
2026-01-13 17:12:00+00:00,93208.1796875,3174.727783203125
2026-01-13 17:13:00+00:00,93253.328125,3177.517822265625
2026-01-13 17:14:00+00:00,93252.984375,3177.2021484375
2026-01-13 17:15:00+00:00,93283.3125,3179.64111328125
2026-01-13 17:16:00+00:00,93254.8046875,3179.126708984375
2026-01-13 17:17:00+00:00,93262.125,3180.151611328125
2026-01-13 17:18:00+00:00,93135.7578125,3174.065673828125
2026-01-13 17:19:00+00:00,93171.5703125,3175.686767578125
2026-01-13 17:20:00+00:00,93181.4375,3175.94140625
2026-01-13 17:21:00+00:00,93170.7578125,3175.1328125
2026-01-13 17:22:00+00:00,93200.5625,3177.10986328125
2026-01-13 17:23:00+00:00,93239.828125,3178.5693359375
2026-01-13 17:24:00+00:00,93289.7578125,3180.571044921875
2026-01-13 17:25:00+00:00,93379.46875,3183.041015625
2026-01-13 17:26:00+00:00,93307.609375,3180.791259765625
2026-01-13 17:27:00+00:00,93334.046875,3181.459716796875
2026-01-13 17:28:00+00:00,93378.3515625,3182.63818359375
2026-01-13 17:29:00+00:00,93384.4765625,3183.60986328125
2026-01-13 17:30:00+00:00,93370.2421875,3182.83349609375
2026-01-13 17:31:00+00:00,93366.75,3181.951416015625
2026-01-13 17:32:00+00:00,93281.3984375,3178.906005859375
2026-01-13 17:33:00+00:00,93299.9375,3178.5654296875
2026-01-13 17:34:00+00:00,93350.8046875,3179.749267578125
2026-01-13 17:35:00+00:00,93340.3671875,3181.894775390625
2026-01-13 17:36:00+00:00,93298.8203125,3179.813232421875
2026-01-13 17:37:00+00:00,93247.359375,3178.60595703125
2026-01-13 17:38:00+00:00,93199.1796875,3176.85400390625
2026-01-13 17:39:00+00:00,93168.1484375,3175.32275390625
2026-01-13 17:41:00+00:00,93201.2265625,3174.946044921875
2026-01-13 17:42:00+00:00,93162.0078125,3173.768798828125
2026-01-13 17:43:00+00:00,93246.734375,3176.48046875
2026-01-13 17:44:00+00:00,93329.0625,3179.1923828125
2026-01-13 17:45:00+00:00,93332.4765625,3177.86328125
2026-01-13 17:46:00+00:00,93360.1640625,3182.44775390625
2026-01-13 17:47:00+00:00,93334.5,3181.095703125
2026-01-13 17:48:00+00:00,93363.8984375,3181.8837890625
2026-01-13 17:49:00+00:00,93302.5,3180.311767578125
2026-01-13 17:51:00+00:00,93371.1640625,3182.6728515625
2026-01-13 17:52:00+00:00,93398.8828125,3185.042236328125
2026-01-13 17:53:00+00:00,93336.1875,3183.4453125
2026-01-13 17:54:00+00:00,93311.8984375,3182.90576171875
2026-01-13 17:55:00+00:00,93334.6328125,3183.830810546875
2026-01-13 17:56:00+00:00,93229.6875,3179.8564453125
2026-01-13 17:57:00+00:00,93219.65625,3179.40283203125
2026-01-13 17:58:00+00:00,93243.0625,3179.702392578125
2026-01-13 17:59:00+00:00,93241.6796875,3178.13818359375
2026-01-13 18:01:00+00:00,93171.8984375,3177.151123046875
2026-01-13 18:02:00+00:00,93216.5859375,3178.391845703125
2026-01-13 18:03:00+00:00,93225.609375,3179.5517578125
2026-01-13 18:04:00+00:00,93222.6171875,3178.064453125
2026-01-13 18:05:00+00:00,93352.171875,3180.524658203125
2026-01-13 18:06:00+00:00,93378.21875,3181.40869140625
2026-01-13 18:07:00+00:00,93421.984375,3183.0791015625
2026-01-13 18:08:00+00:00,93400.8125,3182.51171875
2026-01-13 18:09:00+00:00,93340.796875,3180.469970703125
2026-01-13 18:10:00+00:00,93447.515625,3183.7451171875
2026-01-13 18:11:00+00:00,93394.8046875,3182.3505859375
2026-01-13 18:12:00+00:00,93404.8828125,3182.375
2026-01-13 18:13:00+00:00,93416.2421875,3183.53466796875
2026-01-13 18:14:00+00:00,93521.8359375,3186.275146484375
2026-01-13 18:15:00+00:00,93516.5859375,3187.8095703125
2026-01-13 18:16:00+00:00,93515.609375,3188.3876953125
2026-01-13 18:17:00+00:00,93523.484375,3188.134521484375
2026-01-13 18:18:00+00:00,93581.265625,3189.630615234375
2026-01-13 18:19:00+00:00,93638.28125,3191.314453125
2026-01-13 18:21:00+00:00,93603.421875,3189.96142578125
2026-01-13 18:22:00+00:00,93617.7421875,3193.1533203125
2026-01-13 18:23:00+00:00,93678.1328125,3196.091064453125
2026-01-13 18:24:00+00:00,93626.4375,3194.006103515625
2026-01-13 18:25:00+00:00,93583.484375,3192.831298828125
2026-01-13 18:26:00+00:00,93527.0,3192.154541015625
2026-01-13 18:27:00+00:00,93568.8046875,3194.244140625
2026-01-13 18:28:00+00:00,93544.7578125,3193.09619140625
2026-01-13 18:29:00+00:00,93507.140625,3191.016845703125
2026-01-13 18:30:00+00:00,93521.3671875,3190.9033203125
2026-01-13 18:31:00+00:00,93497.9140625,3189.97900390625
2026-01-13 18:32:00+00:00,93531.046875,3190.752685546875
2026-01-13 18:33:00+00:00,93588.140625,3192.301513671875
2026-01-13 18:34:00+00:00,93606.7734375,3192.70556640625
2026-01-13 18:35:00+00:00,93573.296875,3190.314453125
2026-01-13 18:36:00+00:00,93602.78125,3190.884765625
2026-01-13 18:37:00+00:00,93688.109375,3194.110107421875
2026-01-13 18:38:00+00:00,93665.34375,3194.90185546875
2026-01-13 18:39:00+00:00,93629.296875,3193.93212890625
2026-01-13 18:40:00+00:00,93593.21875,3194.24169921875
2026-01-13 18:41:00+00:00,93595.34375,3194.39697265625
2026-01-13 18:42:00+00:00,93497.625,3191.298095703125
2026-01-13 18:43:00+00:00,93556.875,3195.898193359375
2026-01-13 18:44:00+00:00,93515.0546875,3194.684814453125
2026-01-13 18:45:00+00:00,93568.953125,3196.4853515625
2026-01-13 18:46:00+00:00,93589.328125,3196.64306640625
2026-01-13 18:47:00+00:00,93686.3046875,3202.97314453125
2026-01-13 18:48:00+00:00,93714.3828125,3205.66357421875
2026-01-13 18:49:00+00:00,93790.5078125,3211.630859375
2026-01-13 18:50:00+00:00,93667.9375,3205.82275390625
2026-01-13 18:51:00+00:00,93474.09375,3199.365966796875
2026-01-13 18:52:00+00:00,93486.15625,3200.469970703125
2026-01-13 18:53:00+00:00,93492.2265625,3200.425048828125
2026-01-13 18:54:00+00:00,93548.1796875,3201.83642578125
2026-01-13 18:55:00+00:00,93508.1015625,3199.1767578125
2026-01-13 18:56:00+00:00,93515.1796875,3198.127197265625
2026-01-13 18:57:00+00:00,93499.9921875,3197.953125
2026-01-13 18:58:00+00:00,93521.9375,3198.49853515625
2026-01-13 18:59:00+00:00,93557.6484375,3198.866455078125
2026-01-13 19:00:00+00:00,93584.296875,3199.596923828125
2026-01-13 19:01:00+00:00,93609.6796875,3200.502685546875
2026-01-13 19:02:00+00:00,93584.140625,3199.522705078125
2026-01-13 19:03:00+00:00,93524.1328125,3195.94287109375
2026-01-13 19:04:00+00:00,93446.78125,3193.389404296875
2026-01-13 19:05:00+00:00,93464.8671875,3194.420654296875
2026-01-13 19:06:00+00:00,93482.796875,3194.2177734375
2026-01-13 19:07:00+00:00,93471.359375,3192.488037109375
2026-01-13 19:08:00+00:00,93431.703125,3190.58984375
2026-01-13 19:09:00+00:00,93469.0078125,3191.727783203125
2026-01-13 19:10:00+00:00,93448.8046875,3191.23193359375
2026-01-13 19:11:00+00:00,93478.265625,3192.280029296875
2026-01-13 19:12:00+00:00,93542.4140625,3193.94970703125
2026-01-13 19:13:00+00:00,93516.2109375,3192.804931640625
2026-01-13 19:14:00+00:00,93525.53125,3193.7802734375
2026-01-13 19:15:00+00:00,93505.9453125,3193.010009765625
2026-01-13 19:16:00+00:00,93522.328125,3193.861083984375
2026-01-13 19:17:00+00:00,93517.9921875,3193.612548828125
2026-01-13 19:18:00+00:00,93509.7578125,3193.122802734375
2026-01-13 19:19:00+00:00,93516.796875,3191.76416015625
2026-01-13 19:20:00+00:00,93598.8203125,3196.1279296875
2026-01-13 19:21:00+00:00,93670.609375,3198.224609375
2026-01-13 19:22:00+00:00,93706.5390625,3199.670654296875
2026-01-13 19:23:00+00:00,93733.8125,3200.98876953125
2026-01-13 19:25:00+00:00,93622.2734375,3196.73193359375
2026-01-13 19:26:00+00:00,93676.9921875,3197.11279296875
2026-01-13 19:27:00+00:00,93759.2421875,3199.457763671875
2026-01-13 19:28:00+00:00,93765.0703125,3199.292236328125
2026-01-13 19:29:00+00:00,93793.2421875,3201.21142578125
2026-01-13 19:30:00+00:00,93810.1640625,3201.480224609375
2026-01-13 19:31:00+00:00,93800.2265625,3201.675048828125
2026-01-13 19:32:00+00:00,93866.03125,3202.748291015625
2026-01-13 19:33:00+00:00,93869.3125,3204.069580078125
2026-01-13 19:34:00+00:00,93927.703125,3210.408935546875
2026-01-13 19:35:00+00:00,93926.8125,3208.546142578125
2026-01-13 19:36:00+00:00,93982.5078125,3208.513916015625
2026-01-13 19:37:00+00:00,93991.1640625,3209.191650390625
2026-01-13 19:38:00+00:00,93991.1640625,3209.191650390625
2026-01-13 19:39:00+00:00,94008.40625,3208.1025390625
2026-01-13 19:41:00+00:00,93972.3515625,3207.22314453125
2026-01-13 19:42:00+00:00,94019.96875,3208.412109375
2026-01-13 19:43:00+00:00,94021.3984375,3206.968505859375
2026-01-13 19:44:00+00:00,94004.8203125,3206.497802734375
2026-01-13 19:45:00+00:00,93980.8671875,3205.212890625
2026-01-13 19:46:00+00:00,94007.484375,3205.01171875
2026-01-13 19:47:00+00:00,93989.4375,3205.255615234375
2026-01-13 19:48:00+00:00,93993.921875,3205.17529296875
2026-01-13 19:49:00+00:00,94011.6875,3205.530029296875
2026-01-13 19:51:00+00:00,94044.890625,3207.6689453125
2026-01-13 19:52:00+00:00,94071.4375,3209.231689453125
2026-01-13 19:53:00+00:00,94106.6796875,3209.22705078125
2026-01-13 19:54:00+00:00,94172.0859375,3213.7744140625
2026-01-13 19:55:00+00:00,94134.59375,3211.31689453125
2026-01-13 19:56:00+00:00,94142.71875,3211.13134765625
2026-01-13 19:57:00+00:00,94150.46875,3212.386474609375
2026-01-13 19:58:00+00:00,94164.4140625,3212.695556640625
2026-01-13 19:59:00+00:00,94194.6484375,3214.162353515625
2026-01-13 20:01:00+00:00,94222.4765625,3214.899658203125
2026-01-13 20:02:00+00:00,94215.2890625,3214.999267578125
2026-01-13 20:03:00+00:00,94180.015625,3214.011962890625
2026-01-13 20:04:00+00:00,94194.8984375,3214.8173828125
2026-01-13 20:05:00+00:00,94244.59375,3214.8486328125
2026-01-13 20:06:00+00:00,94240.2578125,3214.65771484375
2026-01-13 20:07:00+00:00,94265.078125,3215.1572265625
2026-01-13 20:08:00+00:00,94278.9765625,3213.595703125
2026-01-13 20:09:00+00:00,94332.1875,3214.46435546875
2026-01-13 20:10:00+00:00,94307.21875,3213.5234375
2026-01-13 20:11:00+00:00,94235.5,3209.97998046875
2026-01-13 20:12:00+00:00,94377.0,3214.16748046875
2026-01-13 20:13:00+00:00,94383.484375,3215.265380859375
2026-01-13 20:14:00+00:00,94359.984375,3214.191650390625
2026-01-13 20:15:00+00:00,94336.390625,3213.22509765625
2026-01-13 20:16:00+00:00,94390.1015625,3214.986572265625
2026-01-13 20:17:00+00:00,94311.7734375,3212.17822265625
2026-01-13 20:18:00+00:00,94281.9609375,3210.256103515625
2026-01-13 20:19:00+00:00,94338.6484375,3210.71435546875
2026-01-13 20:21:00+00:00,94400.4453125,3212.70556640625
2026-01-13 20:22:00+00:00,94397.40625,3213.45703125
2026-01-13 20:23:00+00:00,94394.9375,3213.70361328125
2026-01-13 20:24:00+00:00,94361.6640625,3210.853271484375
2026-01-13 20:25:00+00:00,94468.875,3214.84619140625
2026-01-13 20:26:00+00:00,94442.7109375,3214.26953125
2026-01-13 20:27:00+00:00,94357.984375,3212.1640625
2026-01-13 20:28:00+00:00,94269.96875,3207.981689453125
2026-01-13 20:29:00+00:00,94284.796875,3208.581787109375
2026-01-13 20:30:00+00:00,94310.28125,3207.88232421875
2026-01-13 20:31:00+00:00,94272.703125,3205.359130859375
2026-01-13 20:32:00+00:00,94241.59375,3204.192626953125
2026-01-13 20:33:00+00:00,94295.2109375,3203.219482421875
2026-01-13 20:34:00+00:00,94257.2109375,3198.8779296875
2026-01-13 20:35:00+00:00,94289.3984375,3200.277587890625
2026-01-13 20:36:00+00:00,94225.875,3197.619140625
2026-01-13 20:37:00+00:00,94251.9609375,3195.69091796875
2026-01-13 20:38:00+00:00,94134.0390625,3192.06982421875
2026-01-13 20:39:00+00:00,94183.546875,3191.107177734375
2026-01-13 20:40:00+00:00,94197.3046875,3193.5283203125
2026-01-13 20:41:00+00:00,94225.8984375,3194.15966796875
2026-01-13 20:42:00+00:00,94164.4453125,3192.1572265625
2026-01-13 20:43:00+00:00,94156.9453125,3192.988525390625
2026-01-13 20:44:00+00:00,94185.28125,3194.236083984375
2026-01-13 20:45:00+00:00,94234.0859375,3196.674560546875
2026-01-13 20:46:00+00:00,94288.09375,3198.588623046875
2026-01-13 20:47:00+00:00,94313.0703125,3200.99951171875
2026-01-13 20:48:00+00:00,94337.5546875,3201.83984375
2026-01-13 20:49:00+00:00,94311.9140625,3200.98876953125
2026-01-13 20:50:00+00:00,94219.3359375,3199.534423828125
2026-01-13 20:51:00+00:00,94250.5390625,3200.3291015625
2026-01-13 20:52:00+00:00,94296.109375,3200.5791015625
2026-01-13 20:53:00+00:00,94334.0,3202.1005859375
2026-01-13 20:54:00+00:00,94319.453125,3201.841064453125
2026-01-13 20:55:00+00:00,94319.15625,3198.87060546875
2026-01-13 20:56:00+00:00,94302.46875,3198.1533203125
2026-01-13 20:57:00+00:00,94344.3203125,3199.691162109375
2026-01-13 20:58:00+00:00,94410.9453125,3202.4580078125
2026-01-13 20:59:00+00:00,94438.890625,3203.44775390625
2026-01-13 21:00:00+00:00,94400.453125,3203.091552734375
2026-01-13 21:01:00+00:00,94408.78125,3203.251953125
2026-01-13 21:02:00+00:00,94430.1953125,3204.075927734375
2026-01-13 21:03:00+00:00,94410.3828125,3204.1298828125
2026-01-13 21:04:00+00:00,94427.625,3206.598876953125
2026-01-13 21:05:00+00:00,94438.0703125,3208.77685546875
2026-01-13 21:06:00+00:00,94455.2421875,3210.926513671875
2026-01-13 21:07:00+00:00,94401.4609375,3209.126220703125
2026-01-13 21:08:00+00:00,94416.78125,3209.9482421875
2026-01-13 21:09:00+00:00,94415.7265625,3209.92333984375
2026-01-13 21:10:00+00:00,94410.6640625,3208.263916015625
2026-01-13 21:11:00+00:00,94392.5,3207.955078125
2026-01-13 21:12:00+00:00,94387.4609375,3206.920166015625
2026-01-13 21:13:00+00:00,94374.5390625,3206.536376953125
2026-01-13 21:14:00+00:00,94371.734375,3206.414794921875
2026-01-13 21:15:00+00:00,94387.9609375,3207.026611328125
2026-01-13 21:16:00+00:00,94370.921875,3205.982666015625
2026-01-13 21:17:00+00:00,94386.234375,3207.179443359375
2026-01-13 21:18:00+00:00,94476.421875,3210.52587890625
2026-01-13 21:19:00+00:00,94472.0625,3212.78271484375
2026-01-13 21:20:00+00:00,94346.2421875,3208.7373046875
2026-01-13 21:21:00+00:00,94438.3359375,3211.07470703125
2026-01-13 21:22:00+00:00,94413.1796875,3212.4287109375
2026-01-13 21:23:00+00:00,94418.1484375,3213.86181640625
2026-01-13 21:24:00+00:00,94401.9375,3213.947509765625
2026-01-13 21:25:00+00:00,94410.546875,3215.298828125
2026-01-13 21:26:00+00:00,94392.2578125,3214.6279296875
2026-01-13 21:27:00+00:00,94377.1328125,3213.119873046875
2026-01-13 21:28:00+00:00,94334.125,3212.27197265625
2026-01-13 21:29:00+00:00,94321.21875,3212.007080078125
2026-01-13 21:30:00+00:00,94316.90625,3211.0390625
2026-01-13 21:31:00+00:00,94345.1171875,3214.888671875
2026-01-13 21:32:00+00:00,94337.71875,3213.904541015625
2026-01-13 21:33:00+00:00,94318.109375,3211.878662109375
2026-01-13 21:34:00+00:00,94290.1640625,3212.702880859375
2026-01-13 21:35:00+00:00,94270.7734375,3211.736572265625
2026-01-13 21:36:00+00:00,94260.8515625,3212.17333984375
2026-01-13 21:37:00+00:00,94208.3671875,3211.1240234375
2026-01-13 21:38:00+00:00,94184.171875,3211.396728515625
2026-01-13 21:39:00+00:00,94224.6796875,3213.421630859375
2026-01-13 21:41:00+00:00,94163.484375,3210.483642578125
2026-01-13 21:42:00+00:00,94204.046875,3210.807861328125
2026-01-13 21:43:00+00:00,94189.875,3209.648193359375
2026-01-13 21:44:00+00:00,94164.3984375,3209.16796875
2026-01-13 21:45:00+00:00,94151.109375,3209.37353515625
2026-01-13 21:46:00+00:00,94143.8125,3209.359619140625
2026-01-13 21:47:00+00:00,94162.703125,3209.572021484375
2026-01-13 21:48:00+00:00,94128.609375,3207.633056640625
2026-01-13 21:49:00+00:00,94129.6796875,3208.421875
2026-01-13 21:51:00+00:00,94112.1171875,3210.631103515625
2026-01-13 21:52:00+00:00,94089.625,3209.419677734375
2026-01-13 21:53:00+00:00,94073.7265625,3207.90283203125
2026-01-13 21:54:00+00:00,94081.625,3208.14990234375
2026-01-13 21:55:00+00:00,94081.0625,3208.850341796875
2026-01-13 21:56:00+00:00,94075.171875,3208.264404296875
2026-01-13 21:57:00+00:00,94062.9921875,3208.1103515625
2026-01-13 21:58:00+00:00,94058.6640625,3209.114013671875
2026-01-13 21:59:00+00:00,94074.9609375,3209.12353515625
2026-01-13 22:01:00+00:00,94069.5078125,3209.667724609375
2026-01-13 22:02:00+00:00,94062.21875,3210.091552734375
2026-01-13 22:03:00+00:00,94089.3515625,3212.520751953125
2026-01-13 22:04:00+00:00,94094.390625,3214.733154296875
2026-01-13 22:05:00+00:00,94084.421875,3214.82666015625
2026-01-13 22:06:00+00:00,94084.3046875,3214.0615234375
2026-01-13 22:07:00+00:00,94134.8671875,3216.32080078125
2026-01-13 22:08:00+00:00,94247.6796875,3231.72412109375
2026-01-13 22:09:00+00:00,94298.5390625,3248.34521484375
2026-01-13 22:10:00+00:00,94469.4765625,3273.881591796875
2026-01-13 22:11:00+00:00,95852.953125,3346.696533203125
2026-01-13 22:12:00+00:00,95388.5078125,3324.169677734375
2026-01-13 22:13:00+00:00,95364.9140625,3314.25634765625
2026-01-13 22:14:00+00:00,95325.8046875,3324.03125
2026-01-13 22:15:00+00:00,95551.6328125,3320.616455078125
2026-01-13 22:16:00+00:00,95334.2265625,3312.2841796875
2026-01-13 22:17:00+00:00,95035.703125,3302.43212890625
2026-01-13 22:18:00+00:00,95274.0078125,3310.389404296875
2026-01-13 22:19:00+00:00,95279.609375,3309.261962890625
2026-01-13 22:20:00+00:00,95357.6953125,3324.04052734375
2026-01-13 22:21:00+00:00,95368.828125,3322.5
2026-01-13 22:22:00+00:00,95450.9375,3328.045654296875
2026-01-13 22:23:00+00:00,95459.2890625,3325.96630859375
2026-01-13 22:24:00+00:00,95451.59375,3328.718505859375
2026-01-13 22:25:00+00:00,95405.90625,3324.252685546875
2026-01-13 22:26:00+00:00,95433.953125,3324.852783203125
2026-01-13 22:27:00+00:00,95419.3984375,3329.181640625
2026-01-13 22:28:00+00:00,95393.59375,3321.43701171875
2026-01-13 22:29:00+00:00,95385.1171875,3322.27880859375
2026-01-13 22:31:00+00:00,95428.4765625,3322.615478515625
2026-01-13 22:32:00+00:00,95405.8828125,3316.35595703125
2026-01-13 22:33:00+00:00,95455.4765625,3319.4462890625
2026-01-13 22:34:00+00:00,95473.75,3321.52978515625
2026-01-13 22:35:00+00:00,95424.2734375,3320.340576171875
2026-01-13 22:36:00+00:00,95283.53125,3316.51025390625
2026-01-13 22:37:00+00:00,95114.5625,3311.92919921875
2026-01-13 22:38:00+00:00,95222.4375,3325.759521484375
2026-01-13 22:39:00+00:00,95296.1171875,3326.0966796875
2026-01-13 22:40:00+00:00,95414.890625,3328.28173828125
2026-01-13 22:41:00+00:00,95480.2578125,3330.243896484375
2026-01-13 22:42:00+00:00,95489.28125,3328.7939453125
2026-01-13 22:43:00+00:00,95526.8984375,3329.458740234375
2026-01-13 22:44:00+00:00,95591.3046875,3334.453125
2026-01-13 22:45:00+00:00,95552.9140625,3331.719482421875
2026-01-13 22:46:00+00:00,95585.484375,3332.458251953125
2026-01-13 22:47:00+00:00,95583.4375,3336.68212890625
2026-01-13 22:48:00+00:00,95737.8984375,3333.851806640625
2026-01-13 22:49:00+00:00,95928.796875,3339.702392578125
2026-01-13 22:50:00+00:00,95750.8515625,3332.0048828125
2026-01-13 22:51:00+00:00,95647.578125,3327.62890625
2026-01-13 22:52:00+00:00,95556.078125,3327.45654296875
2026-01-13 22:53:00+00:00,95615.8046875,3330.758544921875
2026-01-13 22:54:00+00:00,95588.03125,3328.900146484375
2026-01-13 22:55:00+00:00,95587.6015625,3327.304931640625
2026-01-13 22:56:00+00:00,95604.5390625,3328.780029296875
2026-01-13 22:57:00+00:00,95622.5390625,3329.063720703125
2026-01-13 22:58:00+00:00,95631.9609375,3329.356689453125
2026-01-13 22:59:00+00:00,95667.828125,3328.763671875
2026-01-13 23:00:00+00:00,95648.703125,3326.779541015625
2026-01-13 23:01:00+00:00,95893.3515625,3335.559326171875
2026-01-13 23:02:00+00:00,95931.765625,3339.089599609375
2026-01-13 23:03:00+00:00,95935.6484375,3340.406005859375
2026-01-13 23:04:00+00:00,95790.578125,3336.81103515625
2026-01-13 23:05:00+00:00,95801.7734375,3339.913330078125
2026-01-13 23:06:00+00:00,95758.8046875,3334.253173828125
2026-01-13 23:07:00+00:00,95741.1640625,3330.365966796875
2026-01-13 23:08:00+00:00,95704.2421875,3329.546142578125
2026-01-13 23:09:00+00:00,95760.921875,3333.778076171875
2026-01-13 23:10:00+00:00,95737.6640625,3331.66162109375
2026-01-13 23:11:00+00:00,95637.2734375,3329.339599609375
2026-01-13 23:12:00+00:00,95646.8125,3329.73828125
2026-01-13 23:13:00+00:00,95695.7578125,3333.075927734375
2026-01-13 23:14:00+00:00,95686.875,3333.76318359375
2026-01-13 23:15:00+00:00,95677.140625,3334.2373046875
2026-01-13 23:16:00+00:00,95612.0390625,3330.76708984375
2026-01-13 23:17:00+00:00,95582.0,3332.84765625
2026-01-13 23:18:00+00:00,95609.1328125,3334.447021484375
2026-01-13 23:19:00+00:00,95589.3515625,3332.294921875
2026-01-13 23:20:00+00:00,95568.7578125,3332.43505859375
2026-01-13 23:21:00+00:00,95549.03125,3332.000732421875
2026-01-13 23:22:00+00:00,95516.4296875,3330.68896484375
2026-01-13 23:23:00+00:00,95486.4453125,3327.027587890625
2026-01-13 23:24:00+00:00,95469.703125,3324.956787109375
2026-01-13 23:25:00+00:00,95404.6640625,3324.20751953125
2026-01-13 23:26:00+00:00,95325.25,3320.85205078125
2026-01-13 23:27:00+00:00,95354.6640625,3322.354736328125
2026-01-13 23:28:00+00:00,95354.4921875,3324.557373046875
2026-01-13 23:29:00+00:00,95320.4609375,3321.591552734375
2026-01-13 23:30:00+00:00,95333.375,3323.20458984375
2026-01-13 23:31:00+00:00,95342.8828125,3325.248779296875
2026-01-13 23:32:00+00:00,95371.078125,3326.0673828125
2026-01-13 23:33:00+00:00,95321.3828125,3324.954833984375
2026-01-13 23:34:00+00:00,95234.28125,3322.056884765625
2026-01-13 23:35:00+00:00,95235.828125,3316.977783203125
2026-01-13 23:36:00+00:00,95207.5390625,3316.5546875
2026-01-13 23:37:00+00:00,95183.734375,3314.92578125
2026-01-13 23:38:00+00:00,95227.640625,3316.73486328125
2026-01-13 23:39:00+00:00,95147.3203125,3314.375732421875
2026-01-13 23:40:00+00:00,95075.265625,3314.668212890625
2026-01-13 23:41:00+00:00,95187.71875,3319.1748046875
2026-01-13 23:42:00+00:00,95115.5546875,3320.169189453125
2026-01-13 23:43:00+00:00,95098.078125,3320.8056640625
2026-01-13 23:44:00+00:00,95139.3203125,3322.199462890625
2026-01-13 23:45:00+00:00,95154.578125,3323.486328125
2026-01-13 23:46:00+00:00,95170.3359375,3322.76025390625
2026-01-13 23:47:00+00:00,95104.328125,3319.42236328125
2026-01-13 23:48:00+00:00,95076.3671875,3317.75
2026-01-13 23:49:00+00:00,95046.53125,3316.155517578125
2026-01-13 23:50:00+00:00,95049.75,3316.545654296875
2026-01-13 23:51:00+00:00,95040.296875,3316.097900390625
2026-01-13 23:52:00+00:00,95118.1484375,3317.665771484375
2026-01-13 23:53:00+00:00,95192.609375,3320.52734375
2026-01-13 23:54:00+00:00,95203.96875,3320.324951171875
2026-01-13 23:55:00+00:00,95257.125,3320.339599609375
2026-01-13 23:56:00+00:00,95305.6015625,3320.7919921875
2026-01-13 23:57:00+00:00,95369.6953125,3323.775390625
2026-01-13 23:58:00+00:00,95354.046875,3322.9404296875
2026-01-14 00:00:00+00:00,95363.3046875,3323.263671875
2026-01-14 00:01:00+00:00,95372.8125,3326.55810546875
2026-01-14 00:02:00+00:00,95437.6171875,3330.651611328125
2026-01-14 00:03:00+00:00,95377.203125,3328.898193359375
2026-01-14 00:04:00+00:00,95417.8046875,3329.333740234375
2026-01-14 00:05:00+00:00,95383.96875,3326.785888671875
2026-01-14 00:06:00+00:00,95358.3046875,3325.54150390625
2026-01-14 00:07:00+00:00,95360.96875,3325.94140625
2026-01-14 00:08:00+00:00,95394.0703125,3328.0927734375
2026-01-14 00:09:00+00:00,95511.5390625,3330.80322265625
2026-01-14 00:10:00+00:00,95509.3828125,3330.2900390625
2026-01-14 00:11:00+00:00,95449.65625,3329.473388671875
2026-01-14 00:12:00+00:00,95408.609375,3328.03759765625
2026-01-14 00:13:00+00:00,95549.8515625,3333.48291015625
2026-01-14 00:14:00+00:00,95486.0625,3330.982177734375
2026-01-14 00:15:00+00:00,95460.3046875,3329.764892578125
2026-01-14 00:16:00+00:00,95516.4453125,3331.83740234375
2026-01-14 00:17:00+00:00,95440.984375,3328.01708984375
2026-01-14 00:18:00+00:00,95473.1171875,3328.94677734375
2026-01-14 00:19:00+00:00,95510.5234375,3330.8671875
2026-01-14 00:20:00+00:00,95453.8828125,3328.811767578125
2026-01-14 00:21:00+00:00,95455.46875,3328.128173828125
2026-01-14 00:22:00+00:00,95539.734375,3330.531982421875
2026-01-14 00:23:00+00:00,95514.109375,3328.54345703125
2026-01-14 00:24:00+00:00,95499.625,3327.617919921875
2026-01-14 00:25:00+00:00,95475.7734375,3327.73974609375
2026-01-14 00:26:00+00:00,95474.0703125,3328.305908203125
2026-01-14 00:27:00+00:00,95430.7109375,3324.84521484375
2026-01-14 00:28:00+00:00,95438.1328125,3325.646728515625
2026-01-14 00:29:00+00:00,95421.4140625,3325.47021484375
2026-01-14 00:30:00+00:00,95427.609375,3325.54541015625
2026-01-14 00:31:00+00:00,95388.2265625,3324.339599609375
2026-01-14 00:32:00+00:00,95389.7578125,3324.35107421875
2026-01-14 00:33:00+00:00,95352.828125,3322.957275390625
2026-01-14 00:34:00+00:00,95305.1015625,3320.218505859375
2026-01-14 00:35:00+00:00,95291.515625,3319.65283203125
2026-01-14 00:36:00+00:00,95193.046875,3316.70751953125
2026-01-14 00:37:00+00:00,95144.3046875,3315.632568359375
2026-01-14 00:38:00+00:00,95177.8203125,3315.8671875
2026-01-14 00:39:00+00:00,95246.203125,3319.963134765625
2026-01-14 00:40:00+00:00,95250.625,3318.504638671875
2026-01-14 00:41:00+00:00,95242.9296875,3318.97705078125
2026-01-14 00:42:00+00:00,95217.3828125,3317.37548828125
2026-01-14 00:43:00+00:00,95191.875,3316.813232421875
2026-01-14 00:44:00+00:00,95244.421875,3319.58349609375
2026-01-14 00:45:00+00:00,95239.8203125,3318.6142578125
2026-01-14 00:46:00+00:00,95188.3046875,3317.35546875
2026-01-14 00:47:00+00:00,95169.5625,3316.625732421875
2026-01-14 00:48:00+00:00,95179.6640625,3315.92724609375
2026-01-14 00:49:00+00:00,95143.6796875,3314.248291015625
2026-01-14 00:50:00+00:00,95187.765625,3317.027099609375
2026-01-14 00:51:00+00:00,95183.40625,3318.73974609375
2026-01-14 00:52:00+00:00,95194.21875,3319.23583984375
2026-01-14 00:53:00+00:00,95185.46875,3318.6162109375
2026-01-14 00:54:00+00:00,95278.9296875,3323.251220703125
2026-01-14 00:55:00+00:00,95246.2421875,3323.020263671875
2026-01-14 00:56:00+00:00,95228.2734375,3321.8916015625
2026-01-14 00:57:00+00:00,95225.03125,3321.26708984375
2026-01-14 00:58:00+00:00,95267.796875,3322.392822265625
2026-01-14 00:59:00+00:00,95277.7734375,3323.836181640625
2026-01-14 01:01:00+00:00,95185.6796875,3322.611572265625
2026-01-14 01:02:00+00:00,95144.0078125,3321.60595703125
2026-01-14 01:03:00+00:00,95147.4453125,3321.4736328125
2026-01-14 01:04:00+00:00,95141.078125,3320.349365234375
2026-01-14 01:05:00+00:00,95204.2109375,3322.320068359375
2026-01-14 01:06:00+00:00,95301.015625,3327.911376953125
2026-01-14 01:07:00+00:00,95337.78125,3327.35107421875
2026-01-14 01:08:00+00:00,95366.828125,3330.228271484375
2026-01-14 01:09:00+00:00,95307.71875,3327.267578125
2026-01-14 01:10:00+00:00,95271.8046875,3326.148193359375
2026-01-14 01:11:00+00:00,95375.84375,3328.83837890625
2026-01-14 01:12:00+00:00,95410.1953125,3330.623779296875
2026-01-14 01:13:00+00:00,95390.0546875,3329.760009765625
2026-01-14 01:14:00+00:00,95431.40625,3331.153564453125
2026-01-14 01:15:00+00:00,95404.1015625,3330.78125
2026-01-14 01:16:00+00:00,95420.5078125,3331.133544921875
2026-01-14 01:17:00+00:00,95405.78125,3331.726806640625
2026-01-14 01:18:00+00:00,95426.296875,3332.029052734375
2026-01-14 01:19:00+00:00,95386.859375,3329.737548828125
2026-01-14 01:20:00+00:00,95375.046875,3328.52294921875
2026-01-14 01:21:00+00:00,95382.65625,3327.504638671875
2026-01-14 01:22:00+00:00,95405.9296875,3329.417724609375
2026-01-14 01:23:00+00:00,95413.4921875,3330.549072265625
2026-01-14 01:24:00+00:00,95411.46875,3330.537109375
2026-01-14 01:25:00+00:00,95411.40625,3330.616943359375
2026-01-14 01:26:00+00:00,95420.0546875,3331.850341796875
2026-01-14 01:27:00+00:00,95433.171875,3332.9248046875
2026-01-14 01:28:00+00:00,95495.0,3339.455078125
2026-01-14 01:29:00+00:00,95440.546875,3334.61669921875
2026-01-14 01:30:00+00:00,95419.546875,3334.286376953125
2026-01-14 01:31:00+00:00,95407.4140625,3334.668212890625
2026-01-14 01:32:00+00:00,95457.5703125,3338.14453125
2026-01-14 01:33:00+00:00,95463.7109375,3339.046630859375
2026-01-14 01:34:00+00:00,95402.171875,3336.5302734375
2026-01-14 01:35:00+00:00,95383.6171875,3334.878173828125
2026-01-14 01:36:00+00:00,95412.203125,3335.638916015625
2026-01-14 01:37:00+00:00,95394.890625,3335.385986328125
2026-01-14 01:38:00+00:00,95310.78125,3331.856689453125
2026-01-14 01:39:00+00:00,95279.1015625,3330.560302734375
2026-01-14 01:40:00+00:00,95236.390625,3329.621337890625
2026-01-14 01:41:00+00:00,95169.40625,3327.13671875
2026-01-14 01:42:00+00:00,95135.5859375,3326.263671875
2026-01-14 01:43:00+00:00,95161.375,3326.490966796875
2026-01-14 01:44:00+00:00,95137.4296875,3324.48486328125
2026-01-14 01:45:00+00:00,95201.6953125,3327.661865234375
2026-01-14 01:46:00+00:00,95204.9765625,3327.753173828125
2026-01-14 01:47:00+00:00,95185.484375,3326.7080078125
2026-01-14 01:48:00+00:00,95198.1796875,3327.390869140625
2026-01-14 01:49:00+00:00,95134.0625,3326.093994140625
2026-01-14 01:50:00+00:00,95111.1875,3325.14990234375
2026-01-14 01:51:00+00:00,95119.6796875,3326.172607421875
2026-01-14 01:52:00+00:00,95165.1796875,3327.232421875
2026-01-14 01:53:00+00:00,95224.2265625,3330.3271484375
2026-01-14 01:54:00+00:00,95220.796875,3330.649169921875
2026-01-14 01:55:00+00:00,95231.2421875,3331.2841796875
2026-01-14 01:56:00+00:00,95266.0859375,3333.097412109375
2026-01-14 01:57:00+00:00,95261.0859375,3333.047119140625
2026-01-14 01:58:00+00:00,95261.0859375,3333.047119140625
2026-01-14 01:59:00+00:00,95266.8515625,3333.3125
2026-01-14 02:00:00+00:00,95205.578125,3334.2392578125
2026-01-14 02:02:00+00:00,95180.5078125,3333.426025390625
2026-01-14 02:03:00+00:00,95254.1953125,3337.244384765625
2026-01-14 02:04:00+00:00,95203.4765625,3334.549560546875
2026-01-14 02:05:00+00:00,95191.125,3332.32373046875
2026-01-14 02:06:00+00:00,95258.125,3335.040771484375
2026-01-14 02:07:00+00:00,95305.453125,3338.4111328125
2026-01-14 02:08:00+00:00,95285.015625,3338.024169921875
2026-01-14 02:09:00+00:00,95250.5390625,3337.802978515625
2026-01-14 02:10:00+00:00,95244.5859375,3337.575439453125
2026-01-14 02:11:00+00:00,95263.2734375,3338.4140625
2026-01-14 02:12:00+00:00,95490.609375,3353.076416015625
2026-01-14 02:13:00+00:00,95402.765625,3344.191650390625
2026-01-14 02:14:00+00:00,95426.578125,3346.675048828125
2026-01-14 02:15:00+00:00,95428.7265625,3347.511474609375
2026-01-14 02:16:00+00:00,95444.875,3348.07666015625
2026-01-14 02:17:00+00:00,95478.3671875,3349.26318359375
2026-01-14 02:18:00+00:00,95393.6015625,3343.04541015625
2026-01-14 02:19:00+00:00,95383.890625,3340.2177734375
2026-01-14 02:20:00+00:00,95380.2890625,3339.225341796875
2026-01-14 02:21:00+00:00,95356.0546875,3337.979248046875
2026-01-14 02:22:00+00:00,95360.6484375,3337.380126953125
2026-01-14 02:23:00+00:00,95377.1953125,3337.2958984375
2026-01-14 02:24:00+00:00,95380.8046875,3335.716552734375
2026-01-14 02:25:00+00:00,95378.328125,3335.7548828125
2026-01-14 02:26:00+00:00,95366.90625,3335.522705078125
2026-01-14 02:27:00+00:00,95351.5546875,3335.382080078125
2026-01-14 02:28:00+00:00,95350.171875,3334.194580078125
2026-01-14 02:29:00+00:00,95327.328125,3333.661376953125
2026-01-14 02:30:00+00:00,95458.7890625,3335.254150390625
2026-01-14 02:31:00+00:00,95362.640625,3333.028076171875
2026-01-14 02:32:00+00:00,95331.609375,3333.62451171875
2026-01-14 02:33:00+00:00,95349.734375,3335.0185546875
2026-01-14 02:34:00+00:00,95357.8671875,3335.258544921875
2026-01-14 02:35:00+00:00,95368.71875,3335.939453125
2026-01-14 02:36:00+00:00,95357.4296875,3332.121826171875
2026-01-14 02:37:00+00:00,95394.6640625,3333.179931640625
2026-01-14 02:38:00+00:00,95433.90625,3333.989990234375
2026-01-14 02:39:00+00:00,95417.765625,3333.033203125
2026-01-14 02:40:00+00:00,95422.4140625,3333.333740234375
2026-01-14 02:41:00+00:00,95422.578125,3332.68603515625
2026-01-14 02:42:00+00:00,95412.21875,3333.57421875
2026-01-14 02:43:00+00:00,95390.3359375,3332.4951171875
2026-01-14 02:44:00+00:00,95394.265625,3332.215087890625
2026-01-14 02:45:00+00:00,95430.890625,3333.19677734375
2026-01-14 02:46:00+00:00,95413.46875,3333.35498046875
2026-01-14 02:47:00+00:00,95439.9921875,3333.693603515625
2026-01-14 02:48:00+00:00,95434.9140625,3332.35400390625
2026-01-14 02:49:00+00:00,95444.46875,3332.062744140625
2026-01-14 02:50:00+00:00,95461.7890625,3332.37890625
2026-01-14 02:51:00+00:00,95243.171875,3320.380859375
2026-01-14 02:52:00+00:00,95273.9921875,3320.383056640625
2026-01-14 02:53:00+00:00,95262.7890625,3319.72412109375
2026-01-14 02:54:00+00:00,95248.765625,3320.182373046875
2026-01-14 02:55:00+00:00,95265.2421875,3319.95703125
2026-01-14 02:56:00+00:00,95232.6015625,3319.754638671875
2026-01-14 02:57:00+00:00,95252.0078125,3321.091552734375
2026-01-14 02:58:00+00:00,95262.9765625,3321.432861328125
2026-01-14 02:59:00+00:00,95279.2109375,3323.0205078125
2026-01-14 03:01:00+00:00,95306.4921875,3324.3525390625
2026-01-14 03:02:00+00:00,95249.203125,3320.41455078125
2026-01-14 03:03:00+00:00,95267.7265625,3321.4326171875
2026-01-14 03:04:00+00:00,95277.9296875,3322.102294921875
2026-01-14 03:05:00+00:00,95311.5078125,3324.5712890625
2026-01-14 03:06:00+00:00,95312.4921875,3324.16357421875
2026-01-14 03:07:00+00:00,95305.953125,3324.015625
2026-01-14 03:08:00+00:00,95333.0234375,3324.6484375
2026-01-14 03:09:00+00:00,95320.3671875,3324.30859375
2026-01-14 03:10:00+00:00,95302.2265625,3323.626953125
2026-01-14 03:11:00+00:00,95256.546875,3319.907958984375
2026-01-14 03:12:00+00:00,95293.3046875,3321.367919921875
2026-01-14 03:13:00+00:00,95342.4296875,3323.182373046875
2026-01-14 03:14:00+00:00,95424.1953125,3325.0478515625
2026-01-14 03:15:00+00:00,95381.21875,3323.182861328125
2026-01-14 03:16:00+00:00,95366.5625,3323.098388671875
2026-01-14 03:17:00+00:00,95376.2734375,3323.512451171875
2026-01-14 03:18:00+00:00,95436.15625,3326.01416015625
2026-01-14 03:19:00+00:00,95432.8515625,3325.85400390625
2026-01-14 03:20:00+00:00,95434.4609375,3325.823486328125
2026-01-14 03:21:00+00:00,95415.53125,3325.113037109375
2026-01-14 03:22:00+00:00,95379.1328125,3324.02978515625
2026-01-14 03:23:00+00:00,95380.1640625,3324.059326171875
2026-01-14 03:24:00+00:00,95405.921875,3324.63623046875
2026-01-14 03:25:00+00:00,95380.1796875,3324.2216796875
2026-01-14 03:26:00+00:00,95383.140625,3324.124755859375
2026-01-14 03:27:00+00:00,95347.4375,3322.73486328125
2026-01-14 03:28:00+00:00,95314.7578125,3321.698486328125
2026-01-14 03:29:00+00:00,95327.9921875,3322.1318359375
2026-01-14 03:30:00+00:00,95322.9296875,3322.068359375
2026-01-14 03:31:00+00:00,95361.0625,3324.30810546875
2026-01-14 03:32:00+00:00,95374.375,3324.831298828125
2026-01-14 03:33:00+00:00,95401.9140625,3325.89208984375
2026-01-14 03:34:00+00:00,95437.8984375,3327.3837890625
2026-01-14 03:35:00+00:00,95444.03125,3328.198486328125
2026-01-14 03:36:00+00:00,95453.9921875,3328.83056640625
2026-01-14 03:37:00+00:00,95469.0390625,3329.502685546875
2026-01-14 03:38:00+00:00,95469.359375,3330.19189453125
2026-01-14 03:39:00+00:00,95475.5078125,3333.0908203125
2026-01-14 03:40:00+00:00,95496.1328125,3334.790283203125
2026-01-14 03:41:00+00:00,95469.5,3334.690185546875
2026-01-14 03:42:00+00:00,95521.796875,3336.870849609375
2026-01-14 03:43:00+00:00,95495.7109375,3336.39892578125
2026-01-14 03:44:00+00:00,95485.765625,3336.373291015625
2026-01-14 03:45:00+00:00,95492.4921875,3336.634521484375
2026-01-14 03:46:00+00:00,95488.6171875,3336.5244140625
2026-01-14 03:47:00+00:00,95494.5625,3335.962890625
2026-01-14 03:48:00+00:00,95486.5,3336.065673828125
2026-01-14 03:49:00+00:00,95492.59375,3336.28125
2026-01-14 03:50:00+00:00,95531.8125,3338.03173828125
2026-01-14 03:51:00+00:00,95543.9453125,3338.421142578125
2026-01-14 03:52:00+00:00,95507.359375,3337.675537109375
2026-01-14 03:53:00+00:00,95567.9296875,3339.90478515625
2026-01-14 03:54:00+00:00,95549.1875,3340.24658203125
2026-01-14 03:55:00+00:00,95563.7890625,3342.06005859375
2026-01-14 03:56:00+00:00,95614.484375,3344.5048828125
2026-01-14 03:57:00+00:00,95606.8515625,3344.211181640625
2026-01-14 03:58:00+00:00,95632.609375,3345.285400390625
2026-01-14 03:59:00+00:00,95630.9765625,3347.151611328125
2026-01-14 04:01:00+00:00,95694.421875,3350.321533203125
2026-01-14 04:02:00+00:00,95663.5703125,3352.710205078125
2026-01-14 04:03:00+00:00,95649.453125,3353.72607421875
2026-01-14 04:04:00+00:00,95570.7109375,3349.940185546875
2026-01-14 04:05:00+00:00,95565.9921875,3350.563720703125
2026-01-14 04:06:00+00:00,95504.5390625,3348.26318359375
2026-01-14 04:07:00+00:00,95473.3125,3343.574951171875
2026-01-14 04:08:00+00:00,95406.6328125,3343.200439453125
2026-01-14 04:09:00+00:00,95391.875,3341.97802734375
2026-01-14 04:10:00+00:00,95347.0546875,3342.263916015625
2026-01-14 04:11:00+00:00,95382.4296875,3343.3232421875
2026-01-14 04:12:00+00:00,95375.34375,3342.4013671875
2026-01-14 04:13:00+00:00,95358.7265625,3340.817138671875
2026-01-14 04:14:00+00:00,95389.5703125,3342.40869140625
2026-01-14 04:15:00+00:00,95375.984375,3340.85400390625
2026-01-14 04:16:00+00:00,95393.0703125,3341.22607421875
2026-01-14 04:17:00+00:00,95441.453125,3343.317138671875
2026-01-14 04:18:00+00:00,95427.0234375,3341.68701171875
2026-01-14 04:19:00+00:00,95441.609375,3341.999267578125
2026-01-14 04:20:00+00:00,95439.328125,3341.87255859375
2026-01-14 04:21:00+00:00,95384.5859375,3340.056884765625
2026-01-14 04:22:00+00:00,95382.9375,3339.682861328125
2026-01-14 04:23:00+00:00,95441.171875,3343.10498046875
2026-01-14 04:24:00+00:00,95422.7890625,3341.825927734375
2026-01-14 04:25:00+00:00,95435.3359375,3342.9951171875
2026-01-14 04:26:00+00:00,95452.03125,3343.35400390625
2026-01-14 04:27:00+00:00,95439.375,3342.370361328125
2026-01-14 04:28:00+00:00,95468.515625,3343.947021484375
2026-01-14 04:29:00+00:00,95468.90625,3343.904296875
2026-01-14 04:30:00+00:00,95432.2421875,3343.992431640625
2026-01-14 04:31:00+00:00,95384.5859375,3340.899658203125
2026-01-14 04:32:00+00:00,95387.8984375,3340.827392578125
2026-01-14 04:33:00+00:00,95357.640625,3339.70458984375
2026-01-14 04:34:00+00:00,95392.328125,3340.8984375
2026-01-14 04:35:00+00:00,95376.25,3341.81982421875
2026-01-14 04:36:00+00:00,95391.765625,3342.76513671875
2026-01-14 04:37:00+00:00,95338.21875,3341.50244140625
2026-01-14 04:38:00+00:00,95324.328125,3342.976318359375
2026-01-14 04:39:00+00:00,95319.40625,3342.886474609375
2026-01-14 04:40:00+00:00,95310.765625,3342.61962890625
2026-01-14 04:41:00+00:00,95269.875,3341.34814453125
2026-01-14 04:42:00+00:00,95262.0390625,3340.590576171875
2026-01-14 04:43:00+00:00,95243.296875,3339.33544921875
2026-01-14 04:44:00+00:00,95230.15625,3336.65185546875
2026-01-14 04:45:00+00:00,95243.9609375,3336.38916015625
2026-01-14 04:46:00+00:00,95252.328125,3336.68994140625
2026-01-14 04:47:00+00:00,95263.1015625,3337.53857421875
2026-01-14 04:48:00+00:00,95267.3515625,3337.263427734375
2026-01-14 04:49:00+00:00,95273.4375,3337.541015625
2026-01-14 04:50:00+00:00,95273.265625,3337.561767578125
2026-01-14 04:51:00+00:00,95247.9453125,3336.737060546875
2026-01-14 04:52:00+00:00,95200.65625,3335.54052734375
2026-01-14 04:53:00+00:00,95200.359375,3335.028564453125
2026-01-14 04:54:00+00:00,95208.671875,3335.08837890625
2026-01-14 04:55:00+00:00,95231.7578125,3337.353271484375
2026-01-14 04:56:00+00:00,95219.3515625,3337.087646484375
2026-01-14 04:57:00+00:00,95203.7890625,3337.152099609375
2026-01-14 04:58:00+00:00,95182.9765625,3336.67578125
2026-01-14 04:59:00+00:00,95202.515625,3336.825927734375
2026-01-14 05:00:00+00:00,95191.1328125,3336.98583984375
2026-01-14 05:01:00+00:00,95155.1796875,3335.374267578125
2026-01-14 05:02:00+00:00,95115.9140625,3333.56787109375
2026-01-14 05:03:00+00:00,95148.8046875,3335.07275390625
2026-01-14 05:04:00+00:00,95124.3671875,3333.772216796875
2026-01-14 05:05:00+00:00,95164.21875,3335.496826171875
2026-01-14 05:06:00+00:00,95139.8203125,3334.9521484375
2026-01-14 05:07:00+00:00,95125.5703125,3334.534912109375
2026-01-14 05:08:00+00:00,95141.390625,3335.215087890625
2026-01-14 05:09:00+00:00,95132.0703125,3334.787353515625
2026-01-14 05:10:00+00:00,95101.359375,3333.2021484375
2026-01-14 05:11:00+00:00,95090.8046875,3333.02001953125
2026-01-14 05:12:00+00:00,95127.0078125,3333.792236328125
2026-01-14 05:13:00+00:00,95128.6953125,3333.78466796875
2026-01-14 05:14:00+00:00,95132.5703125,3333.404052734375
2026-01-14 05:15:00+00:00,95164.8984375,3333.8642578125
2026-01-14 05:16:00+00:00,95174.421875,3334.013916015625
2026-01-14 05:17:00+00:00,95161.6015625,3332.8544921875
2026-01-14 05:18:00+00:00,95171.828125,3333.213623046875
2026-01-14 05:19:00+00:00,95168.4140625,3333.069091796875
2026-01-14 05:20:00+00:00,95183.984375,3334.15380859375
2026-01-14 05:21:00+00:00,95204.1328125,3335.157470703125
2026-01-14 05:22:00+00:00,95136.6484375,3332.240478515625
2026-01-14 05:23:00+00:00,94984.453125,3327.666748046875
2026-01-14 05:24:00+00:00,94966.53125,3327.0478515625
2026-01-14 05:25:00+00:00,94967.0625,3326.279052734375
2026-01-14 05:26:00+00:00,94986.9296875,3326.052978515625
2026-01-14 05:27:00+00:00,95004.2109375,3326.927734375
2026-01-14 05:28:00+00:00,94978.828125,3326.79443359375
2026-01-14 05:29:00+00:00,94934.296875,3324.91162109375
2026-01-14 05:30:00+00:00,94985.59375,3326.322998046875
2026-01-14 05:31:00+00:00,94976.6796875,3325.849365234375
2026-01-14 05:32:00+00:00,95006.7265625,3325.795166015625
2026-01-14 05:33:00+00:00,95015.265625,3326.453857421875
2026-01-14 05:34:00+00:00,95029.8671875,3327.125732421875
2026-01-14 05:35:00+00:00,95050.3359375,3328.486572265625
2026-01-14 05:36:00+00:00,95058.078125,3330.068603515625
2026-01-14 05:37:00+00:00,95064.59375,3330.10107421875
2026-01-14 05:38:00+00:00,95079.4921875,3331.055908203125
2026-01-14 05:39:00+00:00,95183.6328125,3334.578125
2026-01-14 05:40:00+00:00,95128.90625,3335.619873046875
2026-01-14 05:41:00+00:00,95136.4609375,3336.03564453125
2026-01-14 05:42:00+00:00,95090.1953125,3334.174072265625
2026-01-14 05:43:00+00:00,95073.3203125,3333.2763671875
2026-01-14 05:44:00+00:00,95076.8125,3333.974365234375
2026-01-14 05:45:00+00:00,95003.25,3331.44384765625
2026-01-14 05:46:00+00:00,95106.7265625,3335.20263671875
2026-01-14 05:47:00+00:00,95032.6328125,3332.51220703125
2026-01-14 05:48:00+00:00,94994.609375,3331.1943359375
2026-01-14 05:49:00+00:00,95017.859375,3332.204345703125
2026-01-14 05:50:00+00:00,94990.71875,3331.38916015625
2026-01-14 05:51:00+00:00,94981.2109375,3331.22509765625
2026-01-14 05:52:00+00:00,94996.984375,3331.855712890625
2026-01-14 05:53:00+00:00,95013.3359375,3332.718505859375
2026-01-14 05:54:00+00:00,94966.84375,3330.0224609375
2026-01-14 05:55:00+00:00,94975.453125,3329.815673828125
2026-01-14 05:56:00+00:00,94986.8984375,3329.91357421875
2026-01-14 05:57:00+00:00,94985.453125,3328.589111328125
2026-01-14 05:58:00+00:00,94990.3125,3328.917236328125
2026-01-14 05:59:00+00:00,94988.1640625,3328.727783203125
2026-01-14 06:00:00+00:00,94970.9765625,3328.762451171875
2026-01-14 06:01:00+00:00,94959.65625,3327.57861328125
2026-01-14 06:02:00+00:00,94883.5703125,3325.749267578125
2026-01-14 06:03:00+00:00,94846.625,3325.43115234375
2026-01-14 06:04:00+00:00,94846.1953125,3325.499755859375
2026-01-14 06:05:00+00:00,94872.515625,3326.853759765625
2026-01-14 06:06:00+00:00,94853.9375,3326.33447265625
2026-01-14 06:07:00+00:00,94800.109375,3324.814697265625
2026-01-14 06:08:00+00:00,94742.4765625,3322.459228515625
2026-01-14 06:09:00+00:00,94732.46875,3323.041015625
2026-01-14 06:10:00+00:00,94763.9765625,3324.032958984375
2026-01-14 06:11:00+00:00,94717.8984375,3322.884033203125
2026-01-14 06:12:00+00:00,94845.5703125,3327.416015625
2026-01-14 06:13:00+00:00,94843.4375,3328.019775390625
2026-01-14 06:14:00+00:00,94831.890625,3327.620849609375
2026-01-14 06:15:00+00:00,94823.1171875,3327.29833984375
2026-01-14 06:16:00+00:00,94839.0,3327.881591796875
2026-01-14 06:17:00+00:00,94796.453125,3325.990966796875
2026-01-14 06:18:00+00:00,94787.4296875,3325.658935546875
2026-01-14 06:19:00+00:00,94747.796875,3323.626708984375
2026-01-14 06:20:00+00:00,94738.6796875,3324.04736328125
2026-01-14 06:21:00+00:00,94733.6328125,3323.61572265625
2026-01-14 06:22:00+00:00,94717.7265625,3323.333984375
2026-01-14 06:23:00+00:00,94726.609375,3323.03857421875
2026-01-14 06:24:00+00:00,94692.6015625,3322.09619140625
2026-01-14 06:25:00+00:00,94658.625,3321.410400390625
2026-01-14 06:26:00+00:00,94664.171875,3321.5771484375
2026-01-14 06:27:00+00:00,94682.4765625,3321.6337890625
2026-01-14 06:28:00+00:00,94687.1796875,3322.555419921875
2026-01-14 06:29:00+00:00,94662.421875,3321.77099609375
2026-01-14 06:30:00+00:00,94668.828125,3321.462158203125
2026-01-14 06:31:00+00:00,94706.3359375,3323.859619140625
2026-01-14 06:32:00+00:00,94644.9453125,3322.27685546875
2026-01-14 06:33:00+00:00,94660.3046875,3322.73486328125
2026-01-14 06:34:00+00:00,94650.7421875,3323.9287109375
2026-01-14 06:35:00+00:00,94627.390625,3324.07568359375
2026-01-14 06:36:00+00:00,94583.046875,3323.537841796875
2026-01-14 06:37:00+00:00,94637.359375,3323.66064453125
2026-01-14 06:38:00+00:00,94699.40625,3325.014404296875
2026-01-14 06:39:00+00:00,94777.234375,3326.741455078125
2026-01-14 06:40:00+00:00,94753.625,3326.40087890625
2026-01-14 06:41:00+00:00,94776.46875,3327.494384765625
2026-01-14 06:42:00+00:00,94802.8359375,3329.44873046875
2026-01-14 06:43:00+00:00,94809.09375,3329.678955078125
2026-01-14 06:44:00+00:00,94838.8984375,3330.00244140625
2026-01-14 06:45:00+00:00,94851.765625,3332.143310546875
2026-01-14 06:46:00+00:00,94918.453125,3333.682861328125
2026-01-14 06:47:00+00:00,94898.4453125,3332.57421875
2026-01-14 06:48:00+00:00,94901.1640625,3331.786865234375
2026-01-14 06:49:00+00:00,94883.109375,3331.24951171875
2026-01-14 06:50:00+00:00,94884.84375,3331.009765625
2026-01-14 06:51:00+00:00,94913.2421875,3331.673095703125
2026-01-14 06:52:00+00:00,94897.9765625,3331.353759765625
2026-01-14 06:53:00+00:00,94906.09375,3331.637451171875
2026-01-14 06:54:00+00:00,94922.796875,3331.8251953125
2026-01-14 06:55:00+00:00,94920.71875,3330.654296875
2026-01-14 06:56:00+00:00,94954.71875,3331.3720703125
2026-01-14 06:57:00+00:00,94974.09375,3332.09326171875
2026-01-14 06:58:00+00:00,94959.671875,3331.468505859375
2026-01-14 06:59:00+00:00,94976.859375,3331.81640625
2026-01-14 07:00:00+00:00,94985.765625,3332.021240234375
2026-01-14 07:01:00+00:00,94972.9453125,3332.62939453125
2026-01-14 07:02:00+00:00,94944.4921875,3332.685791015625
2026-01-14 07:03:00+00:00,94937.046875,3332.349609375
2026-01-14 07:04:00+00:00,94916.0625,3332.06005859375
2026-01-14 07:05:00+00:00,94982.6484375,3337.043701171875
2026-01-14 07:06:00+00:00,95006.984375,3337.7001953125
2026-01-14 07:07:00+00:00,95040.234375,3338.701416015625
2026-01-14 07:08:00+00:00,95052.453125,3339.485595703125
2026-01-14 07:09:00+00:00,95064.703125,3337.6552734375
2026-01-14 07:10:00+00:00,95038.9140625,3333.535888671875
2026-01-14 07:11:00+00:00,95023.9296875,3333.468994140625
2026-01-14 07:12:00+00:00,95066.125,3334.780517578125
2026-01-14 07:13:00+00:00,95017.65625,3333.001220703125
2026-01-14 07:14:00+00:00,95009.296875,3332.123046875
2026-01-14 07:15:00+00:00,94997.203125,3331.860107421875
2026-01-14 07:16:00+00:00,94977.078125,3332.083251953125
2026-01-14 07:17:00+00:00,95118.78125,3334.4775390625
2026-01-14 07:18:00+00:00,95044.265625,3331.845947265625
2026-01-14 07:19:00+00:00,95058.2109375,3332.150634765625
2026-01-14 07:20:00+00:00,95060.453125,3332.39990234375
2026-01-14 07:21:00+00:00,95042.2578125,3332.736572265625
2026-01-14 07:22:00+00:00,95017.234375,3332.114013671875
2026-01-14 07:23:00+00:00,95024.5078125,3334.432861328125
2026-01-14 07:24:00+00:00,95005.8984375,3333.702392578125
2026-01-14 07:25:00+00:00,95019.328125,3335.1611328125
2026-01-14 07:26:00+00:00,95016.125,3335.90869140625
2026-01-14 07:27:00+00:00,94962.203125,3331.464599609375
2026-01-14 07:28:00+00:00,94938.9375,3330.895263671875
2026-01-14 07:29:00+00:00,94912.21875,3329.85888671875
2026-01-14 07:30:00+00:00,94908.359375,3330.114501953125
2026-01-14 07:31:00+00:00,94885.34375,3329.772705078125
2026-01-14 07:32:00+00:00,94846.390625,3328.510986328125
2026-01-14 07:33:00+00:00,94840.03125,3328.5029296875
2026-01-14 07:34:00+00:00,94854.7578125,3328.311767578125
2026-01-14 07:35:00+00:00,94874.140625,3328.010986328125
2026-01-14 07:36:00+00:00,94913.40625,3328.70556640625
2026-01-14 07:37:00+00:00,94920.703125,3327.861328125
2026-01-14 07:38:00+00:00,94920.53125,3327.259765625
2026-01-14 07:39:00+00:00,94894.296875,3326.97119140625
2026-01-14 07:40:00+00:00,94867.9765625,3326.294677734375
2026-01-14 07:41:00+00:00,94868.484375,3326.567138671875
2026-01-14 07:42:00+00:00,94980.4453125,3328.945068359375
2026-01-14 07:43:00+00:00,94957.0234375,3327.3662109375
2026-01-14 07:44:00+00:00,94968.703125,3328.360107421875
2026-01-14 07:45:00+00:00,94975.4453125,3328.724365234375
2026-01-14 07:46:00+00:00,94988.4609375,3329.44140625
2026-01-14 07:47:00+00:00,95063.3984375,3332.88720703125
2026-01-14 07:49:00+00:00,95162.2734375,3335.78076171875
2026-01-14 07:50:00+00:00,95157.0078125,3335.20263671875
2026-01-14 07:51:00+00:00,95161.046875,3335.433837890625
2026-01-14 07:52:00+00:00,95157.140625,3335.122314453125
2026-01-14 07:53:00+00:00,95160.453125,3333.84130859375
2026-01-14 07:54:00+00:00,95162.9140625,3333.453125
2026-01-14 07:55:00+00:00,95157.25,3333.01708984375
2026-01-14 07:56:00+00:00,95164.2734375,3332.865234375
2026-01-14 07:57:00+00:00,95158.140625,3332.72509765625
2026-01-14 07:58:00+00:00,95163.640625,3332.916015625
2026-01-14 07:59:00+00:00,95176.1328125,3333.45849609375
2026-01-14 08:00:00+00:00,95162.828125,3333.4990234375
2026-01-14 08:01:00+00:00,95194.9296875,3334.887939453125
2026-01-14 08:02:00+00:00,95189.53125,3336.79248046875
2026-01-14 08:03:00+00:00,95210.6953125,3338.22705078125
2026-01-14 08:04:00+00:00,95192.671875,3336.250244140625
2026-01-14 08:05:00+00:00,95220.625,3336.06884765625
2026-01-14 08:06:00+00:00,95215.65625,3335.198974609375
2026-01-14 08:07:00+00:00,95205.953125,3335.47802734375
2026-01-14 08:08:00+00:00,95231.53125,3336.1650390625
2026-01-14 08:09:00+00:00,95225.0859375,3336.44921875
2026-01-14 08:10:00+00:00,95176.8203125,3335.3828125
2026-01-14 08:11:00+00:00,95194.2109375,3336.141357421875
2026-01-14 08:12:00+00:00,95202.7421875,3336.805908203125
2026-01-14 08:13:00+00:00,95231.328125,3338.996826171875
2026-01-14 08:14:00+00:00,95225.0859375,3338.8720703125
2026-01-14 08:15:00+00:00,95222.8984375,3339.00146484375
2026-01-14 08:16:00+00:00,95220.890625,3338.5751953125
2026-01-14 08:17:00+00:00,95223.0390625,3338.918701171875
2026-01-14 08:18:00+00:00,95229.34375,3340.239990234375
2026-01-14 08:19:00+00:00,95215.3515625,3338.95263671875
2026-01-14 08:20:00+00:00,95182.109375,3337.2138671875
2026-01-14 08:21:00+00:00,95191.765625,3337.751708984375
2026-01-14 08:22:00+00:00,95213.234375,3338.486328125
2026-01-14 08:23:00+00:00,95200.4296875,3336.821044921875
2026-01-14 08:25:00+00:00,95199.0078125,3336.66650390625
2026-01-14 08:26:00+00:00,95177.9296875,3336.11083984375
2026-01-14 08:27:00+00:00,95162.8671875,3336.141845703125
2026-01-14 08:28:00+00:00,95149.5234375,3336.1943359375
2026-01-14 08:29:00+00:00,95144.9453125,3335.846435546875
2026-01-14 08:30:00+00:00,95138.4609375,3335.49462890625
2026-01-14 08:31:00+00:00,95114.078125,3334.05859375
2026-01-14 08:32:00+00:00,95128.984375,3334.888916015625
2026-01-14 08:33:00+00:00,95132.9375,3334.877197265625
2026-01-14 08:34:00+00:00,95107.21875,3333.824951171875
2026-01-14 08:35:00+00:00,95098.1015625,3332.3818359375
2026-01-14 08:36:00+00:00,95101.234375,3330.445068359375
2026-01-14 08:37:00+00:00,95079.3046875,3329.86865234375
2026-01-14 08:38:00+00:00,95024.5546875,3329.268798828125
2026-01-14 08:39:00+00:00,94990.6640625,3328.549560546875
2026-01-14 08:40:00+00:00,94971.8984375,3328.144287109375
2026-01-14 08:41:00+00:00,94954.59375,3327.474853515625
2026-01-14 08:42:00+00:00,94951.8125,3327.603759765625
2026-01-14 08:43:00+00:00,94910.015625,3325.834228515625
2026-01-14 08:44:00+00:00,94906.8828125,3325.886474609375
2026-01-14 08:45:00+00:00,94915.140625,3326.075927734375
2026-01-14 08:46:00+00:00,94929.4609375,3326.659912109375
2026-01-14 08:47:00+00:00,94929.7265625,3326.5078125
2026-01-14 08:48:00+00:00,94917.078125,3326.85888671875
2026-01-14 08:49:00+00:00,94899.484375,3326.948974609375
2026-01-14 08:50:00+00:00,94901.3359375,3327.354736328125
2026-01-14 08:51:00+00:00,94887.3515625,3326.788818359375
2026-01-14 08:52:00+00:00,94885.1875,3327.126953125
2026-01-14 08:53:00+00:00,94875.5546875,3327.86669921875
2026-01-14 08:54:00+00:00,94891.109375,3328.896240234375
2026-01-14 08:55:00+00:00,94860.3125,3326.690673828125
2026-01-14 08:56:00+00:00,94872.8515625,3326.876953125
2026-01-14 08:57:00+00:00,94887.40625,3326.83056640625
2026-01-14 08:58:00+00:00,94881.1875,3327.385986328125
2026-01-14 08:59:00+00:00,94868.3046875,3326.9052734375
2026-01-14 09:00:00+00:00,94852.8203125,3326.349853515625
2026-01-14 09:01:00+00:00,94879.0390625,3327.291748046875
2026-01-14 09:02:00+00:00,94866.8984375,3327.310302734375
2026-01-14 09:03:00+00:00,94849.390625,3327.332763671875
2026-01-14 09:04:00+00:00,94855.9765625,3327.478515625
2026-01-14 09:05:00+00:00,94853.4609375,3327.1650390625
2026-01-14 09:06:00+00:00,94865.265625,3327.165771484375
2026-01-14 09:07:00+00:00,94922.109375,3328.955322265625
2026-01-14 09:08:00+00:00,94937.734375,3328.739990234375
2026-01-14 09:09:00+00:00,94948.6796875,3329.45654296875
2026-01-14 09:10:00+00:00,94943.3515625,3328.56787109375
2026-01-14 09:11:00+00:00,95005.296875,3329.75341796875
2026-01-14 09:12:00+00:00,95040.7890625,3329.49365234375
2026-01-14 09:13:00+00:00,95013.5859375,3328.767333984375
2026-01-14 09:14:00+00:00,95032.1328125,3330.058349609375
2026-01-14 09:15:00+00:00,95051.640625,3330.287109375
2026-01-14 09:16:00+00:00,95060.765625,3329.85986328125
2026-01-14 09:17:00+00:00,95073.3359375,3329.52294921875
2026-01-14 09:18:00+00:00,95068.0390625,3329.1298828125
2026-01-14 09:19:00+00:00,95068.9375,3329.364501953125
2026-01-14 09:20:00+00:00,95089.375,3329.622314453125
2026-01-14 09:21:00+00:00,95094.21875,3329.744140625
2026-01-14 09:22:00+00:00,95088.578125,3328.31005859375
2026-01-14 09:23:00+00:00,95086.578125,3328.72265625
2026-01-14 09:24:00+00:00,95110.3515625,3329.078369140625
2026-01-14 09:25:00+00:00,95131.5234375,3330.706298828125
2026-01-14 09:26:00+00:00,95119.75,3331.209228515625
2026-01-14 09:27:00+00:00,95112.0078125,3330.760009765625
2026-01-14 09:28:00+00:00,95076.6328125,3330.381591796875
2026-01-14 09:29:00+00:00,95023.328125,3329.195556640625
2026-01-14 09:30:00+00:00,95017.5859375,3329.574951171875
2026-01-14 09:31:00+00:00,95011.4140625,3330.380126953125
2026-01-14 09:32:00+00:00,95024.4296875,3330.741943359375
2026-01-14 09:33:00+00:00,95029.0390625,3330.60595703125
2026-01-14 09:34:00+00:00,95049.71875,3331.437744140625
2026-01-14 09:35:00+00:00,95074.21875,3331.9853515625
2026-01-14 09:36:00+00:00,95058.4375,3333.057861328125
2026-01-14 09:37:00+00:00,95023.09375,3331.831298828125
2026-01-14 09:38:00+00:00,94982.140625,3330.656982421875
2026-01-14 09:39:00+00:00,94973.5234375,3330.17529296875
2026-01-14 09:40:00+00:00,94971.421875,3330.235595703125
2026-01-14 09:41:00+00:00,94961.546875,3329.906982421875
2026-01-14 09:42:00+00:00,94960.0703125,3329.686767578125
2026-01-14 09:43:00+00:00,94970.109375,3329.029541015625
2026-01-14 09:44:00+00:00,94965.4765625,3328.8798828125
2026-01-14 09:45:00+00:00,94962.2578125,3328.526611328125
2026-01-14 09:46:00+00:00,94975.1328125,3328.03662109375
2026-01-14 09:47:00+00:00,94962.9921875,3327.5732421875
2026-01-14 09:48:00+00:00,94975.0703125,3328.770751953125
2026-01-14 09:49:00+00:00,94990.2578125,3328.64599609375
2026-01-14 09:50:00+00:00,94988.546875,3328.453857421875
2026-01-14 09:51:00+00:00,95003.640625,3329.0712890625
2026-01-14 09:52:00+00:00,94964.609375,3326.264404296875
2026-01-14 09:53:00+00:00,94925.109375,3323.477294921875
2026-01-14 09:54:00+00:00,94978.6015625,3323.939208984375
2026-01-14 09:55:00+00:00,94972.1015625,3323.809814453125
2026-01-14 09:56:00+00:00,95021.90625,3325.00048828125
2026-01-14 09:57:00+00:00,95040.4921875,3325.4921875
2026-01-14 09:58:00+00:00,95040.40625,3325.47119140625
2026-01-14 09:59:00+00:00,95038.109375,3325.782470703125
2026-01-14 10:00:00+00:00,95051.1640625,3326.150634765625
2026-01-14 10:01:00+00:00,95046.171875,3326.380859375
2026-01-14 10:02:00+00:00,95056.0390625,3326.9912109375
2026-01-14 10:03:00+00:00,95058.8203125,3327.270263671875
2026-01-14 10:04:00+00:00,95055.1796875,3327.074951171875
2026-01-14 10:05:00+00:00,95046.9609375,3326.16064453125
2026-01-14 10:06:00+00:00,95044.59375,3325.633544921875
2026-01-14 10:07:00+00:00,95038.09375,3325.3837890625
2026-01-14 10:08:00+00:00,95038.5703125,3325.7392578125
2026-01-14 10:10:00+00:00,95076.515625,3327.0908203125
2026-01-14 10:11:00+00:00,95094.4296875,3327.887939453125
2026-01-14 10:12:00+00:00,95111.765625,3328.783447265625
2026-01-14 10:13:00+00:00,95113.84375,3329.32568359375
2026-01-14 10:14:00+00:00,95125.0546875,3329.77197265625
2026-01-14 10:15:00+00:00,95126.7421875,3329.930908203125
2026-01-14 10:16:00+00:00,95148.78125,3330.411376953125
2026-01-14 10:17:00+00:00,95172.515625,3330.952392578125
2026-01-14 10:18:00+00:00,95229.0390625,3331.8828125
2026-01-14 10:19:00+00:00,95213.5859375,3330.967529296875
2026-01-14 10:20:00+00:00,95155.390625,3328.072998046875
2026-01-14 10:21:00+00:00,95042.1875,3317.940673828125
2026-01-14 10:22:00+00:00,95037.484375,3318.56982421875
2026-01-14 10:23:00+00:00,94996.4453125,3313.588134765625
2026-01-14 10:24:00+00:00,94907.6484375,3308.6318359375
2026-01-14 10:25:00+00:00,94924.28125,3313.017333984375
2026-01-14 10:26:00+00:00,94905.484375,3311.873291015625
2026-01-14 10:27:00+00:00,94901.8046875,3310.30810546875
2026-01-14 10:28:00+00:00,94870.0546875,3307.594970703125
2026-01-14 10:29:00+00:00,94903.9609375,3310.925537109375
2026-01-14 10:30:00+00:00,94963.7578125,3313.77783203125
2026-01-14 10:32:00+00:00,95029.84375,3313.70556640625
2026-01-14 10:33:00+00:00,95045.375,3313.906982421875
2026-01-14 10:34:00+00:00,95085.0859375,3315.38134765625
2026-01-14 10:35:00+00:00,94981.25,3310.673828125
2026-01-14 10:36:00+00:00,94919.359375,3307.62646484375
2026-01-14 10:37:00+00:00,94930.328125,3307.1572265625
2026-01-14 10:38:00+00:00,94953.703125,3309.048095703125
2026-01-14 10:39:00+00:00,94973.03125,3308.875
2026-01-14 10:40:00+00:00,95074.625,3311.758544921875
2026-01-14 10:41:00+00:00,95107.6484375,3313.46484375
2026-01-14 10:42:00+00:00,95088.4921875,3312.74658203125
2026-01-14 10:43:00+00:00,95068.8359375,3311.912353515625
2026-01-14 10:44:00+00:00,95057.1015625,3311.60009765625
2026-01-14 10:45:00+00:00,95056.1796875,3311.252197265625
2026-01-14 10:46:00+00:00,95073.953125,3312.9033203125
2026-01-14 10:47:00+00:00,95074.0078125,3312.9599609375
2026-01-14 10:48:00+00:00,95074.984375,3312.748779296875
2026-01-14 10:49:00+00:00,95073.765625,3312.934326171875
2026-01-14 10:50:00+00:00,95070.09375,3313.755615234375
2026-01-14 10:51:00+00:00,95096.90625,3315.073974609375
2026-01-14 10:52:00+00:00,95123.3046875,3316.24609375
2026-01-14 10:53:00+00:00,95144.1796875,3316.94873046875
2026-01-14 10:54:00+00:00,95136.8359375,3316.49365234375
2026-01-14 10:55:00+00:00,95114.3671875,3315.72705078125
2026-01-14 10:56:00+00:00,95094.5859375,3313.6435546875
2026-01-14 10:57:00+00:00,95080.0390625,3313.973876953125
2026-01-14 10:58:00+00:00,95070.0234375,3312.771484375
2026-01-14 10:59:00+00:00,95059.109375,3312.41552734375
2026-01-14 11:00:00+00:00,95042.328125,3311.359375
2026-01-14 11:01:00+00:00,95042.125,3311.28271484375
2026-01-14 11:02:00+00:00,94995.28125,3307.78369140625
2026-01-14 11:03:00+00:00,94958.6015625,3307.88330078125
2026-01-14 11:04:00+00:00,94945.09375,3307.232666015625
2026-01-14 11:05:00+00:00,94949.4296875,3307.18408203125
2026-01-14 11:06:00+00:00,94965.421875,3305.696533203125
2026-01-14 11:07:00+00:00,94989.71875,3306.435791015625
2026-01-14 11:08:00+00:00,94955.2265625,3306.77099609375
2026-01-14 11:09:00+00:00,94956.953125,3306.511474609375
2026-01-14 11:10:00+00:00,94951.96875,3306.26318359375
2026-01-14 11:11:00+00:00,94891.0703125,3297.19287109375
2026-01-14 11:12:00+00:00,94879.53125,3295.180419921875
2026-01-14 11:13:00+00:00,94863.1484375,3296.1884765625
2026-01-14 11:14:00+00:00,94869.0,3296.624267578125
2026-01-14 11:15:00+00:00,94868.0625,3296.80712890625
2026-01-14 11:16:00+00:00,94828.5703125,3293.70556640625
2026-01-14 11:17:00+00:00,94838.2109375,3294.42578125
2026-01-14 11:18:00+00:00,94836.203125,3294.65087890625
2026-01-14 11:19:00+00:00,94840.84375,3293.493896484375
2026-01-14 11:20:00+00:00,94784.4453125,3290.697998046875
2026-01-14 11:21:00+00:00,94844.8984375,3292.694580078125
2026-01-14 11:22:00+00:00,94883.484375,3293.4990234375
2026-01-14 11:23:00+00:00,94893.5703125,3294.2275390625
2026-01-14 11:24:00+00:00,94906.3671875,3294.919189453125
2026-01-14 11:25:00+00:00,94928.4765625,3295.3798828125
2026-01-14 11:26:00+00:00,94936.1875,3296.47265625
2026-01-14 11:27:00+00:00,94908.046875,3295.673095703125
2026-01-14 11:28:00+00:00,94927.796875,3296.396728515625
2026-01-14 11:29:00+00:00,94928.7421875,3296.483154296875
2026-01-14 11:30:00+00:00,94924.9453125,3296.05615234375
2026-01-14 11:31:00+00:00,94923.4921875,3295.60400390625
2026-01-14 11:32:00+00:00,94919.453125,3295.3251953125
2026-01-14 11:33:00+00:00,94929.453125,3296.380859375
2026-01-14 11:34:00+00:00,94932.96875,3294.179443359375
2026-01-14 11:35:00+00:00,94924.8671875,3291.64794921875
2026-01-14 11:36:00+00:00,94917.5546875,3291.871337890625
2026-01-14 11:37:00+00:00,94909.2890625,3289.98974609375
2026-01-14 11:38:00+00:00,94866.6328125,3287.629638671875
2026-01-14 11:39:00+00:00,94875.015625,3288.090087890625
2026-01-14 11:40:00+00:00,94923.7890625,3290.105712890625
2026-01-14 11:41:00+00:00,94912.828125,3289.821533203125
2026-01-14 11:42:00+00:00,94896.1875,3288.09814453125
2026-01-14 11:43:00+00:00,94878.0703125,3286.163330078125
2026-01-14 11:44:00+00:00,94884.6171875,3287.214599609375
2026-01-14 11:45:00+00:00,94875.453125,3287.3896484375
2026-01-14 11:46:00+00:00,94877.3515625,3288.373291015625
2026-01-14 11:47:00+00:00,94856.8046875,3287.523193359375
2026-01-14 11:48:00+00:00,94850.4296875,3287.59619140625
2026-01-14 11:49:00+00:00,94837.40625,3285.26953125
2026-01-14 11:50:00+00:00,94820.9140625,3285.914794921875
2026-01-14 11:51:00+00:00,94775.28125,3285.35205078125
2026-01-14 11:52:00+00:00,94737.0546875,3284.919189453125
2026-01-14 11:53:00+00:00,94761.3515625,3285.659912109375
2026-01-14 11:54:00+00:00,94748.375,3284.744873046875
2026-01-14 11:55:00+00:00,94736.5390625,3283.771484375
2026-01-14 11:56:00+00:00,94767.3671875,3285.61669921875
2026-01-14 11:57:00+00:00,94747.2890625,3284.08251953125
2026-01-14 11:58:00+00:00,94715.703125,3282.867919921875
2026-01-14 11:59:00+00:00,94706.0078125,3282.48046875
2026-01-14 12:00:00+00:00,94727.6953125,3283.47216796875
2026-01-14 12:01:00+00:00,94737.578125,3283.8408203125
2026-01-14 12:02:00+00:00,94701.1328125,3281.7197265625
2026-01-14 12:03:00+00:00,94706.3984375,3283.893310546875
2026-01-14 12:04:00+00:00,94725.203125,3284.492431640625
2026-01-14 12:05:00+00:00,94749.203125,3286.6591796875
2026-01-14 12:06:00+00:00,94801.8203125,3289.26904296875
2026-01-14 12:07:00+00:00,94852.953125,3291.366455078125
2026-01-14 12:08:00+00:00,94870.953125,3291.343505859375
2026-01-14 12:10:00+00:00,94841.65625,3290.05517578125
2026-01-14 12:11:00+00:00,94899.6875,3292.518310546875
2026-01-14 12:12:00+00:00,94918.6328125,3293.68212890625
2026-01-14 12:13:00+00:00,94941.7421875,3294.11181640625
2026-01-14 12:14:00+00:00,94953.0703125,3293.87451171875
2026-01-14 12:15:00+00:00,94961.9921875,3293.8896484375
2026-01-14 12:16:00+00:00,94954.6484375,3293.69970703125
2026-01-14 12:17:00+00:00,94942.5703125,3292.309326171875
2026-01-14 12:18:00+00:00,94936.8203125,3291.530517578125
2026-01-14 12:19:00+00:00,94936.4609375,3291.64501953125
2026-01-14 12:20:00+00:00,94942.03125,3292.07373046875
2026-01-14 12:21:00+00:00,94933.6875,3291.5234375
2026-01-14 12:22:00+00:00,94956.9140625,3292.9111328125
2026-01-14 12:23:00+00:00,94972.6171875,3293.70361328125
2026-01-14 12:24:00+00:00,95043.21875,3296.125244140625
2026-01-14 12:25:00+00:00,95036.7734375,3294.851318359375
2026-01-14 12:26:00+00:00,95040.0234375,3294.98486328125
2026-01-14 12:27:00+00:00,95033.4140625,3293.7939453125
2026-01-14 12:28:00+00:00,95021.40625,3292.4462890625
2026-01-14 12:29:00+00:00,95033.640625,3292.810791015625
2026-01-14 12:30:00+00:00,95027.4375,3292.27490234375
2026-01-14 12:31:00+00:00,95031.203125,3292.23046875
2026-01-14 12:33:00+00:00,95032.7109375,3290.423095703125
2026-01-14 12:34:00+00:00,95037.109375,3290.03466796875
2026-01-14 12:35:00+00:00,95056.6796875,3290.583984375
2026-01-14 12:36:00+00:00,95064.8515625,3292.732666015625
2026-01-14 12:37:00+00:00,95102.671875,3295.203857421875
2026-01-14 12:38:00+00:00,95081.4453125,3293.936767578125
2026-01-14 12:39:00+00:00,95071.3203125,3294.573486328125
2026-01-14 12:40:00+00:00,95092.390625,3296.21142578125
2026-01-14 12:42:00+00:00,95063.171875,3295.12451171875
2026-01-14 12:44:00+00:00,95016.1171875,3294.236328125
2026-01-14 12:45:00+00:00,95013.2265625,3293.352294921875
2026-01-14 12:46:00+00:00,95014.25,3292.21923828125
2026-01-14 12:47:00+00:00,95018.46875,3292.513671875
2026-01-14 12:48:00+00:00,95023.1796875,3292.574462890625
2026-01-14 12:49:00+00:00,95008.03125,3293.029052734375
2026-01-14 12:50:00+00:00,95013.9765625,3293.752197265625
2026-01-14 12:52:00+00:00,95016.125,3293.600830078125
2026-01-14 12:53:00+00:00,95014.0078125,3292.906982421875
2026-01-14 12:54:00+00:00,95011.046875,3293.09912109375
2026-01-14 12:55:00+00:00,95021.59375,3293.4287109375
2026-01-14 12:56:00+00:00,95030.5703125,3294.261474609375
2026-01-14 12:57:00+00:00,95030.9296875,3294.38623046875
2026-01-14 12:58:00+00:00,95029.65625,3294.350830078125
2026-01-14 12:59:00+00:00,95031.6484375,3294.65478515625
2026-01-14 13:00:00+00:00,95028.859375,3294.587646484375
2026-01-14 13:01:00+00:00,95024.078125,3294.9521484375
2026-01-14 13:02:00+00:00,95008.3359375,3293.072265625
2026-01-14 13:03:00+00:00,95000.65625,3293.57666015625
2026-01-14 13:04:00+00:00,94968.1953125,3291.964599609375
2026-01-14 13:05:00+00:00,94919.03125,3290.809326171875
2026-01-14 13:06:00+00:00,94903.171875,3290.234130859375
2026-01-14 13:07:00+00:00,94943.4765625,3288.999267578125
2026-01-14 13:08:00+00:00,95011.7265625,3291.835693359375
2026-01-14 13:09:00+00:00,94996.1484375,3291.963623046875
2026-01-14 13:10:00+00:00,95001.1015625,3293.40087890625
2026-01-14 13:11:00+00:00,94992.9921875,3293.37109375
2026-01-14 13:12:00+00:00,94983.1484375,3293.693115234375
2026-01-14 13:13:00+00:00,94986.171875,3293.926025390625
2026-01-14 13:14:00+00:00,94976.40625,3293.60693359375
2026-01-14 13:15:00+00:00,94922.03125,3292.15234375
2026-01-14 13:16:00+00:00,94925.7578125,3292.06982421875
2026-01-14 13:17:00+00:00,94940.3125,3293.492919921875
2026-01-14 13:18:00+00:00,94967.6875,3294.267822265625
2026-01-14 13:19:00+00:00,94992.234375,3296.198974609375
2026-01-14 13:20:00+00:00,94988.984375,3295.95947265625
2026-01-14 13:21:00+00:00,95067.546875,3302.97607421875
2026-01-14 13:22:00+00:00,95095.703125,3302.673828125
2026-01-14 13:23:00+00:00,95159.796875,3302.839599609375
2026-01-14 13:24:00+00:00,95183.5625,3303.23193359375
2026-01-14 13:25:00+00:00,95146.828125,3299.931884765625
2026-01-14 13:26:00+00:00,95102.234375,3299.125
2026-01-14 13:27:00+00:00,95101.2578125,3298.3642578125
2026-01-14 13:28:00+00:00,95124.765625,3298.958984375
2026-01-14 13:29:00+00:00,95169.0078125,3303.56787109375
2026-01-14 13:30:00+00:00,95141.6015625,3304.23876953125
2026-01-14 13:31:00+00:00,95079.9765625,3301.18603515625
2026-01-14 13:32:00+00:00,95068.6953125,3300.840576171875
2026-01-14 13:33:00+00:00,95058.0390625,3299.5478515625
2026-01-14 13:34:00+00:00,95039.484375,3299.669921875
2026-01-14 13:35:00+00:00,95034.2109375,3299.11572265625
2026-01-14 13:37:00+00:00,95099.4296875,3301.360595703125
2026-01-14 13:38:00+00:00,95067.1484375,3299.921875
2026-01-14 13:39:00+00:00,95057.8515625,3300.064453125
2026-01-14 13:40:00+00:00,95038.5859375,3299.1640625
2026-01-14 13:41:00+00:00,95050.328125,3299.884033203125
2026-01-14 13:43:00+00:00,95044.5546875,3300.2109375
2026-01-14 13:44:00+00:00,95064.359375,3301.013427734375
2026-01-14 13:45:00+00:00,95036.8359375,3300.53515625
2026-01-14 13:46:00+00:00,95035.2109375,3300.80224609375
2026-01-14 13:47:00+00:00,95004.296875,3298.22412109375
2026-01-14 13:48:00+00:00,94984.4296875,3297.729736328125
2026-01-14 13:49:00+00:00,94934.8203125,3295.736083984375
2026-01-14 13:50:00+00:00,94928.8671875,3296.294677734375
2026-01-14 13:51:00+00:00,94905.046875,3296.516357421875
2026-01-14 13:52:00+00:00,94866.671875,3296.924560546875
2026-01-14 13:53:00+00:00,94861.1015625,3297.121826171875
2026-01-14 13:54:00+00:00,94884.2109375,3297.871826171875
2026-01-14 13:55:00+00:00,94882.8515625,3297.55322265625
2026-01-14 13:56:00+00:00,94882.8515625,3297.55322265625
2026-01-14 13:57:00+00:00,94888.0703125,3297.23583984375
2026-01-14 13:58:00+00:00,94889.75,3297.224609375
2026-01-14 13:59:00+00:00,94937.046875,3300.42333984375
2026-01-14 14:00:00+00:00,94958.4921875,3301.250244140625
2026-01-14 14:01:00+00:00,94951.84375,3300.95361328125
2026-01-14 14:02:00+00:00,94968.9765625,3301.344482421875
2026-01-14 14:03:00+00:00,95084.1328125,3304.794921875
2026-01-14 14:04:00+00:00,95101.9296875,3304.847412109375
2026-01-14 14:05:00+00:00,95178.2890625,3306.412841796875
2026-01-14 14:06:00+00:00,95226.1171875,3307.650390625
2026-01-14 14:07:00+00:00,95194.546875,3306.449462890625
2026-01-14 14:08:00+00:00,95261.671875,3307.2998046875
2026-01-14 14:09:00+00:00,95271.0703125,3307.854736328125
2026-01-14 14:10:00+00:00,95287.375,3310.099365234375
2026-01-14 14:11:00+00:00,95327.84375,3310.6728515625
2026-01-14 14:12:00+00:00,95412.9765625,3310.7119140625
2026-01-14 14:13:00+00:00,95439.71875,3309.844970703125
2026-01-14 14:14:00+00:00,95425.2109375,3309.2001953125
2026-01-14 14:15:00+00:00,95436.8046875,3309.97216796875
2026-01-14 14:16:00+00:00,95422.1875,3309.6806640625
2026-01-14 14:17:00+00:00,95569.71875,3314.546142578125
2026-01-14 14:18:00+00:00,95557.796875,3314.85400390625
2026-01-14 14:19:00+00:00,95575.3125,3314.0419921875
2026-01-14 14:20:00+00:00,95557.8984375,3313.54248046875
2026-01-14 14:21:00+00:00,95603.015625,3315.133056640625
2026-01-14 14:22:00+00:00,95647.0703125,3315.99267578125
2026-01-14 14:23:00+00:00,95622.5078125,3318.8017578125
2026-01-14 14:24:00+00:00,95693.5859375,3320.707275390625
2026-01-14 14:25:00+00:00,95751.5859375,3322.409912109375
2026-01-14 14:26:00+00:00,95734.6328125,3322.571533203125
2026-01-14 14:27:00+00:00,95614.4453125,3317.15673828125
2026-01-14 14:28:00+00:00,95564.9765625,3315.294921875
2026-01-14 14:29:00+00:00,95592.8359375,3315.15576171875
2026-01-14 14:30:00+00:00,95617.6328125,3315.479736328125
2026-01-14 14:31:00+00:00,95600.328125,3316.827392578125
2026-01-14 14:32:00+00:00,95459.96875,3312.353271484375
2026-01-14 14:33:00+00:00,95352.71875,3308.2802734375
2026-01-14 14:34:00+00:00,95446.0234375,3311.604248046875
2026-01-14 14:35:00+00:00,95516.171875,3317.13330078125
2026-01-14 14:36:00+00:00,95435.0703125,3314.029541015625
2026-01-14 14:37:00+00:00,95480.6953125,3315.66015625
2026-01-14 14:38:00+00:00,95623.7109375,3320.038330078125
2026-01-14 14:39:00+00:00,95822.6015625,3326.24560546875
2026-01-14 14:40:00+00:00,95784.0390625,3323.778076171875
2026-01-14 14:41:00+00:00,95874.5625,3326.712158203125
2026-01-14 14:42:00+00:00,95834.9453125,3323.2509765625
2026-01-14 14:43:00+00:00,95912.890625,3323.033203125
2026-01-14 14:44:00+00:00,95913.4921875,3321.931640625
2026-01-14 14:45:00+00:00,95828.78125,3321.283203125
2026-01-14 14:46:00+00:00,95896.0390625,3324.428955078125
2026-01-14 14:47:00+00:00,96204.5234375,3333.16064453125
2026-01-14 14:48:00+00:00,96354.8671875,3337.388671875
2026-01-14 14:49:00+00:00,96493.546875,3338.47705078125
2026-01-14 14:50:00+00:00,96510.4765625,3340.095947265625
2026-01-14 14:51:00+00:00,96466.703125,3336.661376953125
2026-01-14 14:52:00+00:00,96553.8828125,3342.466552734375
2026-01-14 14:53:00+00:00,96543.3359375,3348.239013671875
2026-01-14 14:54:00+00:00,96625.2109375,3354.527587890625
2026-01-14 14:55:00+00:00,96734.7109375,3354.71533203125
2026-01-14 14:56:00+00:00,96692.53125,3351.01611328125
2026-01-14 14:57:00+00:00,96654.171875,3349.717041015625
2026-01-14 14:58:00+00:00,96472.75,3349.133056640625
2026-01-14 14:59:00+00:00,96460.421875,3348.0380859375
2026-01-14 15:00:00+00:00,96450.109375,3347.33447265625
2026-01-14 15:01:00+00:00,96444.3046875,3340.4541015625
2026-01-14 15:02:00+00:00,96388.2109375,3335.4130859375
2026-01-14 15:03:00+00:00,96237.953125,3329.556884765625
2026-01-14 15:04:00+00:00,96232.4453125,3330.27099609375
2026-01-14 15:05:00+00:00,96306.984375,3331.23388671875
2026-01-14 15:06:00+00:00,96397.6953125,3335.428955078125
2026-01-14 15:07:00+00:00,96569.96875,3342.56591796875
2026-01-14 15:08:00+00:00,96391.5234375,3339.295654296875
2026-01-14 15:09:00+00:00,96428.9765625,3339.6279296875
2026-01-14 15:10:00+00:00,96432.7890625,3338.173095703125
2026-01-14 15:11:00+00:00,96575.1640625,3343.102783203125
2026-01-14 15:12:00+00:00,96761.046875,3351.033935546875
2026-01-14 15:13:00+00:00,96916.4375,3357.5166015625
2026-01-14 15:14:00+00:00,96984.578125,3359.454833984375
2026-01-14 15:15:00+00:00,96946.0625,3359.92041015625
2026-01-14 15:16:00+00:00,96904.4375,3354.661376953125
2026-01-14 15:17:00+00:00,96853.5390625,3351.593505859375
2026-01-14 15:18:00+00:00,96883.609375,3354.5986328125
2026-01-14 15:19:00+00:00,96810.96875,3351.674072265625
2026-01-14 15:20:00+00:00,96854.7265625,3353.592041015625
2026-01-14 15:21:00+00:00,96847.640625,3352.49755859375
2026-01-14 15:22:00+00:00,96906.0625,3354.830078125
2026-01-14 15:23:00+00:00,96872.5546875,3354.163818359375
2026-01-14 15:24:00+00:00,96810.9140625,3352.976806640625
2026-01-14 15:25:00+00:00,96881.078125,3355.46533203125
2026-01-14 15:26:00+00:00,96885.7734375,3355.292236328125
2026-01-14 15:27:00+00:00,96924.3359375,3357.558837890625
2026-01-14 15:28:00+00:00,96871.25,3355.319091796875
2026-01-14 15:29:00+00:00,96847.484375,3352.462646484375
2026-01-14 15:30:00+00:00,96746.7109375,3350.41796875
2026-01-14 15:31:00+00:00,96721.6953125,3346.09228515625
2026-01-14 15:32:00+00:00,96668.4921875,3343.53173828125
2026-01-14 15:33:00+00:00,96674.0234375,3345.275390625
2026-01-14 15:34:00+00:00,96749.1328125,3349.6318359375
2026-01-14 15:35:00+00:00,96850.84375,3354.842041015625
2026-01-14 15:36:00+00:00,96850.90625,3355.57666015625
2026-01-14 15:37:00+00:00,96752.578125,3351.66455078125
2026-01-14 15:38:00+00:00,96594.578125,3346.074951171875
2026-01-14 15:39:00+00:00,96439.7890625,3339.097900390625
2026-01-14 15:40:00+00:00,96442.625,3342.57568359375
2026-01-14 15:41:00+00:00,96464.203125,3342.62353515625
2026-01-14 15:42:00+00:00,96351.5625,3339.688720703125
2026-01-14 15:43:00+00:00,96390.1640625,3340.370849609375
2026-01-14 15:44:00+00:00,96348.8671875,3336.474365234375
2026-01-14 15:45:00+00:00,96410.0625,3335.991455078125
2026-01-14 15:46:00+00:00,96396.8203125,3335.29736328125
2026-01-14 15:47:00+00:00,96479.6640625,3335.41357421875
2026-01-14 15:48:00+00:00,96549.9921875,3340.373779296875
2026-01-14 15:49:00+00:00,96576.2421875,3339.55615234375
2026-01-14 15:50:00+00:00,96610.1328125,3339.0439453125
2026-01-14 15:51:00+00:00,96603.2578125,3338.6025390625
2026-01-14 15:52:00+00:00,96538.1015625,3335.966552734375
2026-01-14 15:53:00+00:00,96513.4765625,3335.41259765625
2026-01-14 15:54:00+00:00,96651.0,3341.757568359375
2026-01-14 15:55:00+00:00,96728.671875,3342.841064453125
2026-01-14 15:56:00+00:00,96791.1640625,3344.999755859375
2026-01-14 15:57:00+00:00,96746.6328125,3345.349609375
2026-01-14 15:58:00+00:00,96745.9296875,3345.215087890625
2026-01-14 15:59:00+00:00,96710.59375,3344.540771484375
2026-01-14 16:00:00+00:00,96699.578125,3344.38037109375
2026-01-14 16:01:00+00:00,96768.484375,3346.582275390625
2026-01-14 16:02:00+00:00,96785.2421875,3347.50244140625
2026-01-14 16:03:00+00:00,96902.484375,3350.748291015625
2026-01-14 16:04:00+00:00,97002.390625,3354.226318359375
2026-01-14 16:05:00+00:00,96971.9140625,3353.282958984375
2026-01-14 16:06:00+00:00,96953.2890625,3353.231689453125
2026-01-14 16:07:00+00:00,96898.03125,3348.06494140625
2026-01-14 16:08:00+00:00,96925.9609375,3348.05908203125
2026-01-14 16:09:00+00:00,97033.8671875,3354.389404296875
2026-01-14 16:10:00+00:00,97233.75,3361.310546875
2026-01-14 16:11:00+00:00,97293.65625,3365.092529296875
2026-01-14 16:12:00+00:00,97239.203125,3360.1767578125
2026-01-14 16:13:00+00:00,97379.78125,3367.51220703125
2026-01-14 16:14:00+00:00,97463.875,3371.8525390625
2026-01-14 16:15:00+00:00,97364.6171875,3368.7802734375
2026-01-14 16:16:00+00:00,97440.4609375,3370.62451171875
2026-01-14 16:17:00+00:00,97312.328125,3366.6298828125
2026-01-14 16:18:00+00:00,97219.7109375,3363.4619140625
2026-01-14 16:19:00+00:00,97192.5,3363.096923828125
2026-01-14 16:20:00+00:00,97227.0859375,3366.96435546875
2026-01-14 16:21:00+00:00,97315.0703125,3371.915283203125
2026-01-14 16:22:00+00:00,97339.4296875,3373.64208984375
2026-01-14 16:23:00+00:00,97275.6015625,3373.399169921875
2026-01-14 16:24:00+00:00,97181.6484375,3370.039794921875
2026-01-14 16:25:00+00:00,97163.21875,3366.96337890625
2026-01-14 16:26:00+00:00,97202.890625,3366.8623046875
2026-01-14 16:27:00+00:00,97226.2890625,3367.87890625
2026-01-14 16:28:00+00:00,97231.6171875,3369.193115234375
2026-01-14 16:29:00+00:00,97233.1953125,3372.75244140625
2026-01-14 16:30:00+00:00,97243.7734375,3374.3095703125
2026-01-14 16:31:00+00:00,97256.1953125,3375.6845703125
2026-01-14 16:32:00+00:00,97433.6875,3388.129638671875
2026-01-14 16:33:00+00:00,97399.5859375,3391.451904296875
2026-01-14 16:34:00+00:00,97361.953125,3388.95068359375
2026-01-14 16:35:00+00:00,97164.328125,3381.483154296875
2026-01-14 16:36:00+00:00,97020.0546875,3371.821044921875
2026-01-14 16:37:00+00:00,97142.2109375,3377.239501953125
2026-01-14 16:38:00+00:00,97238.2421875,3383.058349609375
2026-01-14 16:39:00+00:00,97312.359375,3385.41845703125
2026-01-14 16:40:00+00:00,97473.9921875,3391.49755859375
2026-01-14 16:41:00+00:00,97461.84375,3389.82275390625
2026-01-14 16:42:00+00:00,97462.515625,3387.301513671875
2026-01-14 16:43:00+00:00,97467.2421875,3386.94091796875
2026-01-14 16:44:00+00:00,97498.265625,3387.27734375
2026-01-14 16:45:00+00:00,97457.3046875,3384.3720703125
2026-01-14 16:46:00+00:00,97514.734375,3385.201171875
2026-01-14 16:47:00+00:00,97471.203125,3380.9443359375
2026-01-14 16:48:00+00:00,97583.1796875,3387.051513671875
2026-01-14 16:49:00+00:00,97566.859375,3384.69580078125
2026-01-14 16:50:00+00:00,97477.1953125,3382.28857421875
2026-01-14 16:51:00+00:00,97464.828125,3380.311279296875
2026-01-14 16:52:00+00:00,97437.1796875,3378.2197265625
2026-01-14 16:53:00+00:00,97448.859375,3379.08251953125
2026-01-14 16:54:00+00:00,97475.6796875,3375.98681640625
2026-01-14 16:55:00+00:00,97445.21875,3373.400390625
2026-01-14 16:56:00+00:00,97331.9375,3368.256591796875
2026-01-14 16:57:00+00:00,97220.5859375,3364.819580078125
2026-01-14 16:58:00+00:00,97153.671875,3367.084716796875
2026-01-14 16:59:00+00:00,97212.4921875,3368.241455078125
2026-01-14 17:00:00+00:00,97245.53125,3369.7021484375
2026-01-14 17:01:00+00:00,97267.453125,3365.8125
2026-01-14 17:02:00+00:00,97252.890625,3367.406005859375
2026-01-14 17:03:00+00:00,97343.9765625,3369.358642578125
2026-01-14 17:04:00+00:00,97458.1015625,3373.76318359375
2026-01-14 17:05:00+00:00,97375.8203125,3370.069580078125
2026-01-14 17:06:00+00:00,97480.75,3372.201171875
2026-01-14 17:07:00+00:00,97514.125,3371.093994140625
2026-01-14 17:08:00+00:00,97560.0390625,3371.590087890625
2026-01-14 17:09:00+00:00,97560.0390625,3371.590087890625
2026-01-14 17:10:00+00:00,97614.7265625,3375.516845703125
2026-01-14 17:11:00+00:00,97604.46875,3375.9423828125
2026-01-14 17:12:00+00:00,97656.9609375,3375.59619140625
2026-01-14 17:13:00+00:00,97625.953125,3373.724365234375
2026-01-14 17:14:00+00:00,97703.515625,3377.703369140625
2026-01-14 17:15:00+00:00,97671.90625,3378.15478515625
2026-01-14 17:16:00+00:00,97695.9296875,3377.086181640625
2026-01-14 17:17:00+00:00,97694.5234375,3376.15087890625
2026-01-14 17:18:00+00:00,97747.125,3379.2177734375
2026-01-14 17:19:00+00:00,97586.109375,3374.529052734375
2026-01-14 17:20:00+00:00,97643.5703125,3377.0478515625
2026-01-14 17:21:00+00:00,97667.2265625,3377.2041015625
2026-01-14 17:22:00+00:00,97614.34375,3372.960205078125
2026-01-14 17:23:00+00:00,97641.546875,3373.45458984375
2026-01-14 17:24:00+00:00,97646.71875,3373.6796875
2026-01-14 17:25:00+00:00,97606.796875,3372.028076171875
2026-01-14 17:26:00+00:00,97617.5859375,3370.791259765625
2026-01-14 17:27:00+00:00,97659.421875,3372.017578125
2026-01-14 17:28:00+00:00,97690.9453125,3372.794677734375
2026-01-14 17:29:00+00:00,97626.546875,3373.970947265625
2026-01-14 17:30:00+00:00,97581.5703125,3371.045166015625
2026-01-14 17:31:00+00:00,97438.7265625,3366.465087890625
2026-01-14 17:32:00+00:00,97451.453125,3366.847412109375
2026-01-14 17:33:00+00:00,97370.8359375,3365.662841796875
2026-01-14 17:34:00+00:00,97256.25,3360.10400390625
2026-01-14 17:35:00+00:00,97106.7578125,3351.64599609375
2026-01-14 17:36:00+00:00,96967.125,3349.55126953125
2026-01-14 17:37:00+00:00,96953.3515625,3340.755126953125
2026-01-14 17:38:00+00:00,96996.9453125,3341.363525390625
2026-01-14 17:39:00+00:00,96918.484375,3340.648681640625
2026-01-14 17:40:00+00:00,96894.046875,3342.37060546875
2026-01-14 17:41:00+00:00,97062.609375,3347.876953125
2026-01-14 17:42:00+00:00,97077.5390625,3347.713134765625
2026-01-14 17:43:00+00:00,97077.5390625,3347.713134765625
2026-01-14 17:44:00+00:00,97176.53125,3351.70849609375
2026-01-14 17:45:00+00:00,97195.59375,3353.9228515625
2026-01-14 17:46:00+00:00,97189.359375,3352.8427734375
2026-01-14 17:47:00+00:00,97314.6328125,3355.48974609375
2026-01-14 17:48:00+00:00,97331.3203125,3358.7509765625
2026-01-14 17:49:00+00:00,97416.71875,3360.293701171875
2026-01-14 17:50:00+00:00,97360.46875,3359.065673828125
2026-01-14 17:51:00+00:00,97148.609375,3349.8369140625
2026-01-14 17:52:00+00:00,97062.4609375,3346.16943359375
2026-01-14 17:53:00+00:00,96978.5625,3341.9931640625
2026-01-14 17:54:00+00:00,97000.6796875,3342.61669921875
2026-01-14 17:55:00+00:00,96967.6640625,3340.95849609375
2026-01-14 17:56:00+00:00,96928.3203125,3339.24755859375
2026-01-14 17:57:00+00:00,97027.5625,3344.271240234375
2026-01-14 17:58:00+00:00,97012.3125,3343.892578125
2026-01-14 17:59:00+00:00,96941.90625,3341.46826171875
2026-01-14 18:00:00+00:00,96953.8359375,3342.084228515625
2026-01-14 18:01:00+00:00,96872.4296875,3338.90478515625
2026-01-14 18:02:00+00:00,96931.4296875,3340.18310546875
2026-01-14 18:03:00+00:00,97015.2421875,3343.08984375
2026-01-14 18:04:00+00:00,96891.4765625,3339.39599609375
2026-01-14 18:05:00+00:00,96964.734375,3342.34814453125
2026-01-14 18:06:00+00:00,97028.3046875,3344.3447265625
2026-01-14 18:07:00+00:00,97085.6171875,3348.382080078125
2026-01-14 18:08:00+00:00,97086.8515625,3349.40087890625
2026-01-14 18:09:00+00:00,97032.4921875,3347.092041015625
2026-01-14 18:10:00+00:00,97066.671875,3349.2216796875
2026-01-14 18:11:00+00:00,97018.8515625,3349.8701171875
2026-01-14 18:12:00+00:00,96942.7109375,3347.149169921875
2026-01-14 18:13:00+00:00,96929.3828125,3346.251953125
2026-01-14 18:14:00+00:00,96720.921875,3339.7841796875
2026-01-14 18:15:00+00:00,96761.140625,3339.339599609375
2026-01-14 18:16:00+00:00,96710.1953125,3333.91796875
2026-01-14 18:17:00+00:00,96749.265625,3334.455810546875
2026-01-14 18:18:00+00:00,96780.6953125,3335.311279296875
2026-01-14 18:19:00+00:00,96825.6640625,3337.67626953125
2026-01-14 18:20:00+00:00,96854.375,3338.9326171875
2026-01-14 18:21:00+00:00,96859.9296875,3338.7880859375
2026-01-14 18:22:00+00:00,96860.765625,3338.509765625
2026-01-14 18:23:00+00:00,96864.4296875,3338.56005859375
2026-01-14 18:24:00+00:00,96892.7578125,3340.60498046875
2026-01-14 18:25:00+00:00,96957.265625,3344.4189453125
2026-01-14 18:26:00+00:00,96982.609375,3344.398681640625
2026-01-14 18:27:00+00:00,96983.6015625,3345.025146484375
2026-01-14 18:28:00+00:00,96970.8671875,3346.378662109375
2026-01-14 18:29:00+00:00,96973.7265625,3346.61474609375
2026-01-14 18:30:00+00:00,97050.6796875,3350.39599609375
2026-01-14 18:31:00+00:00,96995.203125,3347.943115234375
2026-01-14 18:32:00+00:00,96947.1328125,3346.55419921875
2026-01-14 18:33:00+00:00,96771.9140625,3338.77685546875
2026-01-14 18:34:00+00:00,96556.4609375,3329.2783203125
2026-01-14 18:35:00+00:00,96508.5234375,3329.112548828125
2026-01-14 18:36:00+00:00,96456.125,3323.374755859375
2026-01-14 18:37:00+00:00,96470.84375,3324.501953125
2026-01-14 18:38:00+00:00,96420.4375,3322.08203125
2026-01-14 18:39:00+00:00,96376.3203125,3322.488037109375
2026-01-14 18:40:00+00:00,96330.5703125,3320.936767578125
2026-01-14 18:41:00+00:00,96383.890625,3322.305908203125
2026-01-14 18:42:00+00:00,96425.4453125,3323.94580078125
2026-01-14 18:43:00+00:00,96518.4609375,3326.21484375
2026-01-14 18:44:00+00:00,96461.8125,3325.494140625
2026-01-14 18:45:00+00:00,96384.15625,3321.18603515625
2026-01-14 18:46:00+00:00,96295.0625,3316.77685546875
2026-01-14 18:47:00+00:00,96461.890625,3322.806884765625
2026-01-14 18:48:00+00:00,96555.734375,3325.5791015625
2026-01-14 18:49:00+00:00,96557.609375,3323.55029296875
2026-01-14 18:50:00+00:00,96667.8984375,3327.2841796875
2026-01-14 18:51:00+00:00,96677.734375,3328.583251953125
2026-01-14 18:52:00+00:00,96738.8984375,3332.51513671875
2026-01-14 18:53:00+00:00,96791.7421875,3335.479736328125
2026-01-14 18:54:00+00:00,96758.75,3336.180419921875
2026-01-14 18:55:00+00:00,96772.859375,3337.003662109375
2026-01-14 18:56:00+00:00,96853.140625,3339.378173828125
2026-01-14 18:57:00+00:00,96816.3984375,3339.342041015625
2026-01-14 18:58:00+00:00,96844.9296875,3340.86181640625
2026-01-14 18:59:00+00:00,96835.984375,3340.9208984375
2026-01-14 19:00:00+00:00,96801.8359375,3339.408447265625
2026-01-14 19:01:00+00:00,96747.1171875,3336.985595703125
2026-01-14 19:02:00+00:00,96721.109375,3334.685302734375
2026-01-14 19:03:00+00:00,96694.8359375,3332.914794921875
2026-01-14 19:04:00+00:00,96713.3984375,3334.04443359375
2026-01-14 19:05:00+00:00,96767.984375,3343.189208984375
2026-01-14 19:06:00+00:00,96716.765625,3338.333984375
2026-01-14 19:07:00+00:00,96777.65625,3341.277099609375
2026-01-14 19:08:00+00:00,96753.65625,3340.66455078125
2026-01-14 19:09:00+00:00,96807.203125,3342.53857421875
2026-01-14 19:10:00+00:00,96895.109375,3348.349853515625
2026-01-14 19:11:00+00:00,96913.828125,3349.302490234375
2026-01-14 19:12:00+00:00,96880.4765625,3347.399658203125
2026-01-14 19:13:00+00:00,96845.1328125,3345.8896484375
2026-01-14 19:14:00+00:00,96839.328125,3344.9140625
2026-01-14 19:15:00+00:00,96951.03125,3348.77001953125
2026-01-14 19:16:00+00:00,97006.5703125,3351.70068359375
2026-01-14 19:17:00+00:00,97061.8046875,3354.223388671875
2026-01-14 19:18:00+00:00,97066.953125,3351.39013671875
2026-01-14 19:19:00+00:00,97087.828125,3350.355224609375
2026-01-14 19:20:00+00:00,97123.984375,3351.0595703125
2026-01-14 19:21:00+00:00,97194.3125,3360.404052734375
2026-01-14 19:22:00+00:00,97128.1484375,3357.096435546875
2026-01-14 19:23:00+00:00,97202.03125,3357.74755859375
2026-01-14 19:24:00+00:00,97312.359375,3359.890625
2026-01-14 19:26:00+00:00,97312.265625,3360.319580078125
2026-01-14 19:27:00+00:00,97312.59375,3360.219970703125
2026-01-14 19:28:00+00:00,97355.3203125,3360.8056640625
2026-01-14 19:29:00+00:00,97369.0390625,3362.09765625
2026-01-14 19:30:00+00:00,97519.5234375,3389.095947265625
2026-01-14 19:31:00+00:00,97368.9453125,3374.7626953125
2026-01-14 19:32:00+00:00,97321.3046875,3374.908447265625
2026-01-14 19:33:00+00:00,97305.0703125,3372.935546875
2026-01-14 19:34:00+00:00,97310.9609375,3373.3720703125
2026-01-14 19:35:00+00:00,97276.078125,3371.499755859375
2026-01-14 19:36:00+00:00,97209.9453125,3368.00537109375
2026-01-14 19:37:00+00:00,97150.359375,3364.87890625
2026-01-14 19:38:00+00:00,97127.9921875,3363.00439453125
2026-01-14 19:39:00+00:00,97200.109375,3367.324462890625
2026-01-14 19:40:00+00:00,97291.5859375,3371.5439453125
2026-01-14 19:41:00+00:00,97419.4609375,3373.7109375
2026-01-14 19:42:00+00:00,97379.4453125,3371.203857421875
2026-01-14 19:43:00+00:00,97355.8671875,3369.68359375
2026-01-14 19:44:00+00:00,97368.03125,3369.447509765625
2026-01-14 19:45:00+00:00,97366.5546875,3370.685791015625
2026-01-14 19:46:00+00:00,97357.59375,3369.825927734375
2026-01-14 19:47:00+00:00,97357.59375,3369.825927734375
2026-01-14 19:48:00+00:00,97357.59375,3369.825927734375
2026-01-14 19:49:00+00:00,97397.6015625,3372.4521484375
2026-01-14 19:50:00+00:00,97430.0,3374.57421875
2026-01-14 19:51:00+00:00,97435.6171875,3375.23291015625
2026-01-14 19:52:00+00:00,97489.3984375,3379.49609375
2026-01-14 19:53:00+00:00,97357.9140625,3370.582275390625
2026-01-14 19:54:00+00:00,97275.828125,3366.8359375
2026-01-14 19:55:00+00:00,97292.5703125,3366.15966796875
2026-01-14 19:56:00+00:00,97222.65625,3363.689697265625
2026-01-14 19:57:00+00:00,97228.2421875,3362.77880859375
2026-01-14 19:58:00+00:00,97274.1875,3364.776611328125
2026-01-14 19:59:00+00:00,97265.78125,3366.24609375
2026-01-14 20:00:00+00:00,97244.59375,3366.543701171875
2026-01-14 20:01:00+00:00,97248.3984375,3363.779541015625
2026-01-14 20:02:00+00:00,97221.5078125,3364.645263671875
2026-01-14 20:03:00+00:00,97296.5078125,3367.3154296875
2026-01-14 20:04:00+00:00,97279.296875,3365.80517578125
2026-01-14 20:05:00+00:00,97309.1484375,3366.357421875
2026-01-14 20:06:00+00:00,97418.7578125,3371.154541015625
2026-01-14 20:07:00+00:00,97519.0,3373.635986328125
2026-01-14 20:08:00+00:00,97603.9296875,3376.199462890625
2026-01-14 20:09:00+00:00,97607.5078125,3376.715087890625
2026-01-14 20:10:00+00:00,97635.21875,3378.340576171875
2026-01-14 20:11:00+00:00,97682.0546875,3381.822265625
2026-01-14 20:12:00+00:00,97860.6015625,3388.77197265625
2026-01-14 20:13:00+00:00,97586.671875,3379.360595703125
2026-01-14 20:14:00+00:00,97721.6875,3383.67822265625
2026-01-14 20:15:00+00:00,97645.265625,3381.481689453125
2026-01-14 20:16:00+00:00,97543.359375,3377.28759765625
2026-01-14 20:17:00+00:00,97459.6015625,3373.372314453125
2026-01-14 20:18:00+00:00,97451.1953125,3372.95068359375
2026-01-14 20:19:00+00:00,97533.7734375,3375.691650390625
2026-01-14 20:20:00+00:00,97572.1875,3376.7373046875
2026-01-14 20:21:00+00:00,97499.3828125,3374.5
2026-01-14 20:22:00+00:00,97538.0859375,3375.681396484375
2026-01-14 20:23:00+00:00,97583.796875,3377.0771484375
2026-01-14 20:24:00+00:00,97592.9296875,3377.591552734375
2026-01-14 20:25:00+00:00,97551.875,3375.856689453125
2026-01-14 20:26:00+00:00,97382.0078125,3365.902099609375
2026-01-14 20:27:00+00:00,97449.65625,3368.54150390625
2026-01-14 20:28:00+00:00,97405.859375,3366.921875
2026-01-14 20:29:00+00:00,97304.4375,3363.504150390625
2026-01-14 20:30:00+00:00,97349.6015625,3365.470458984375
2026-01-14 20:31:00+00:00,97384.484375,3368.527099609375
2026-01-14 20:32:00+00:00,97444.3203125,3370.688720703125
2026-01-14 20:33:00+00:00,97447.953125,3371.46630859375
2026-01-14 20:34:00+00:00,97538.3046875,3375.030029296875
2026-01-14 20:35:00+00:00,97501.640625,3374.3896484375
2026-01-14 20:36:00+00:00,97473.203125,3372.8828125
2026-01-14 20:37:00+00:00,97489.2734375,3373.92919921875
2026-01-14 20:38:00+00:00,97501.5,3374.7041015625
2026-01-14 20:39:00+00:00,97612.7109375,3377.71875
2026-01-14 20:40:00+00:00,97735.1171875,3382.005126953125
2026-01-14 20:41:00+00:00,97676.3984375,3378.496826171875
2026-01-14 20:42:00+00:00,97645.25,3378.46484375
2026-01-14 20:43:00+00:00,97624.5,3377.5830078125
2026-01-14 20:44:00+00:00,97592.96875,3375.970703125
2026-01-14 20:45:00+00:00,97576.9296875,3375.6103515625
2026-01-14 20:46:00+00:00,97540.140625,3372.76953125
2026-01-14 20:47:00+00:00,97555.34375,3374.65185546875
2026-01-14 20:48:00+00:00,97569.4765625,3375.934326171875
2026-01-14 20:49:00+00:00,97501.9296875,3373.0244140625
2026-01-14 20:50:00+00:00,97476.4921875,3371.359375
2026-01-14 20:51:00+00:00,97448.03125,3370.6572265625
2026-01-14 20:52:00+00:00,97438.921875,3370.720947265625
2026-01-14 20:53:00+00:00,97463.7578125,3370.724365234375
2026-01-14 20:54:00+00:00,97522.4609375,3373.550537109375
2026-01-14 20:55:00+00:00,97535.1015625,3374.29736328125
2026-01-14 20:56:00+00:00,97535.890625,3374.475830078125
2026-01-14 20:57:00+00:00,97521.9765625,3376.0244140625
2026-01-14 20:58:00+00:00,97555.140625,3377.9794921875
2026-01-14 20:59:00+00:00,97585.109375,3378.23876953125
2026-01-14 21:00:00+00:00,97641.6953125,3382.112548828125
2026-01-14 21:01:00+00:00,97525.171875,3379.371337890625
2026-01-14 21:02:00+00:00,97448.828125,3377.57421875
2026-01-14 21:03:00+00:00,97481.4375,3378.1064453125
2026-01-14 21:04:00+00:00,97540.3359375,3379.63427734375
2026-01-14 21:05:00+00:00,97545.3046875,3379.622802734375
2026-01-14 21:06:00+00:00,97558.984375,3379.244140625
2026-01-14 21:07:00+00:00,97565.3984375,3378.929443359375
2026-01-14 21:08:00+00:00,97607.2890625,3379.7880859375
2026-01-14 21:09:00+00:00,97550.4921875,3378.066650390625
2026-01-14 21:10:00+00:00,97483.6015625,3373.792724609375
2026-01-14 21:11:00+00:00,97485.5234375,3371.56787109375
2026-01-14 21:12:00+00:00,97488.8984375,3371.110107421875
2026-01-14 21:13:00+00:00,97490.03125,3370.56982421875
2026-01-14 21:14:00+00:00,97502.890625,3371.185791015625
2026-01-14 21:15:00+00:00,97488.109375,3369.602783203125
2026-01-14 21:16:00+00:00,97484.9375,3368.059326171875
2026-01-14 21:17:00+00:00,97494.0390625,3367.7578125
2026-01-14 21:18:00+00:00,97536.453125,3369.778564453125
2026-01-14 21:19:00+00:00,97582.6015625,3373.927734375
2026-01-14 21:20:00+00:00,97527.625,3373.197265625
2026-01-14 21:21:00+00:00,97511.7890625,3372.928955078125
2026-01-14 21:22:00+00:00,97514.46875,3373.10693359375
2026-01-14 21:23:00+00:00,97542.3984375,3374.408203125
2026-01-14 21:24:00+00:00,97579.2890625,3375.271484375
2026-01-14 21:25:00+00:00,97580.6015625,3375.057861328125
2026-01-14 21:26:00+00:00,97524.9140625,3372.604248046875
2026-01-14 21:27:00+00:00,97558.9765625,3373.088623046875
2026-01-14 21:28:00+00:00,97495.1953125,3371.865234375
2026-01-14 21:29:00+00:00,97591.5703125,3373.501708984375
2026-01-14 21:30:00+00:00,97584.015625,3372.710205078125
2026-01-14 21:31:00+00:00,97614.7109375,3374.031982421875
2026-01-14 21:32:00+00:00,97679.1953125,3377.191650390625
2026-01-14 21:33:00+00:00,97680.3515625,3377.933837890625
2026-01-14 21:34:00+00:00,97679.9296875,3377.47998046875
2026-01-14 21:35:00+00:00,97669.28125,3376.531494140625
2026-01-14 21:36:00+00:00,97669.1171875,3376.1005859375
2026-01-14 21:37:00+00:00,97658.296875,3375.23486328125
2026-01-14 21:38:00+00:00,97626.0859375,3375.640380859375
2026-01-14 21:39:00+00:00,97686.171875,3377.1455078125
2026-01-14 21:40:00+00:00,97658.203125,3375.999267578125
2026-01-14 21:41:00+00:00,97633.9921875,3375.146484375
2026-01-14 21:42:00+00:00,97597.4296875,3373.32763671875
2026-01-14 21:43:00+00:00,97537.7109375,3371.311279296875
2026-01-14 21:44:00+00:00,97526.8984375,3371.08642578125
2026-01-14 21:45:00+00:00,97519.3359375,3370.8935546875
2026-01-14 21:46:00+00:00,97505.734375,3371.0478515625
2026-01-14 21:47:00+00:00,97514.921875,3371.468505859375
2026-01-14 21:48:00+00:00,97517.0234375,3371.271484375
2026-01-14 21:49:00+00:00,97530.3828125,3371.36376953125
2026-01-14 21:50:00+00:00,97535.546875,3371.422607421875
2026-01-14 21:51:00+00:00,97594.015625,3373.319580078125
2026-01-14 21:52:00+00:00,97571.8828125,3372.70361328125
2026-01-14 21:53:00+00:00,97584.296875,3373.991943359375
2026-01-14 21:54:00+00:00,97572.5234375,3373.346923828125
2026-01-14 21:55:00+00:00,97486.96875,3366.785888671875
2026-01-14 21:56:00+00:00,97476.671875,3362.143310546875
2026-01-14 21:57:00+00:00,97409.546875,3361.466552734375
2026-01-14 21:58:00+00:00,97439.6171875,3364.790283203125
2026-01-14 21:59:00+00:00,97443.15625,3365.966796875
2026-01-14 22:00:00+00:00,97528.46875,3371.392822265625
2026-01-14 22:01:00+00:00,97514.0078125,3370.798583984375
2026-01-14 22:02:00+00:00,97542.9453125,3373.49951171875
2026-01-14 22:03:00+00:00,97498.75,3369.65869140625
2026-01-14 22:04:00+00:00,97497.859375,3369.81201171875
2026-01-14 22:05:00+00:00,97443.453125,3367.642333984375
2026-01-14 22:06:00+00:00,97410.7890625,3365.995849609375
2026-01-14 22:07:00+00:00,97400.8359375,3366.180908203125
2026-01-14 22:08:00+00:00,97417.2578125,3367.5419921875
2026-01-14 22:09:00+00:00,97418.6875,3367.76025390625
2026-01-14 22:10:00+00:00,97383.1328125,3366.43310546875
2026-01-14 22:11:00+00:00,97418.890625,3367.57568359375
2026-01-14 22:12:00+00:00,97378.75,3366.323974609375
2026-01-14 22:13:00+00:00,97391.71875,3366.58447265625
2026-01-14 22:14:00+00:00,97348.375,3364.830810546875
2026-01-14 22:15:00+00:00,97334.9296875,3364.448974609375
2026-01-14 22:16:00+00:00,97359.234375,3366.6240234375
2026-01-14 22:17:00+00:00,97360.2421875,3365.700927734375
2026-01-14 22:18:00+00:00,97387.2890625,3366.725341796875
2026-01-14 22:19:00+00:00,97388.2578125,3366.22705078125
2026-01-14 22:20:00+00:00,97398.984375,3366.269775390625
2026-01-14 22:21:00+00:00,97461.546875,3368.771240234375
2026-01-14 22:22:00+00:00,97439.2421875,3367.3818359375
2026-01-14 22:23:00+00:00,97472.9296875,3368.59912109375
2026-01-14 22:24:00+00:00,97458.5546875,3368.56201171875
2026-01-14 22:25:00+00:00,97429.9609375,3368.2724609375
2026-01-14 22:26:00+00:00,97398.1640625,3366.868408203125
2026-01-14 22:27:00+00:00,97352.1484375,3361.444580078125
2026-01-14 22:28:00+00:00,97354.0,3362.0693359375
2026-01-14 22:29:00+00:00,97367.6640625,3362.355224609375
2026-01-14 22:30:00+00:00,97350.7265625,3361.836669921875
2026-01-14 22:31:00+00:00,97337.4765625,3360.98583984375
2026-01-14 22:32:00+00:00,97336.703125,3361.267333984375
2026-01-14 22:33:00+00:00,97327.9453125,3359.73681640625
2026-01-14 22:34:00+00:00,97207.8125,3357.2666015625
2026-01-14 22:35:00+00:00,97228.0390625,3356.8505859375
2026-01-14 22:36:00+00:00,97186.9453125,3357.020263671875
2026-01-14 22:37:00+00:00,97152.71875,3356.16845703125
2026-01-14 22:38:00+00:00,97191.65625,3357.395263671875
2026-01-14 22:39:00+00:00,97140.875,3356.31201171875
2026-01-14 22:40:00+00:00,97097.8515625,3351.7861328125
2026-01-14 22:41:00+00:00,96958.9609375,3348.92724609375
2026-01-14 22:42:00+00:00,96910.21875,3349.50634765625
2026-01-14 22:43:00+00:00,97028.640625,3353.172119140625
2026-01-14 22:44:00+00:00,97012.1796875,3351.80810546875
2026-01-14 22:45:00+00:00,97042.4453125,3352.887451171875
2026-01-14 22:46:00+00:00,97036.265625,3353.44677734375
2026-01-14 22:47:00+00:00,97149.0390625,3356.472412109375
2026-01-14 22:48:00+00:00,97176.2890625,3357.212646484375
2026-01-14 22:49:00+00:00,97240.7890625,3358.923095703125
2026-01-14 22:50:00+00:00,97242.75,3359.029052734375
2026-01-14 22:51:00+00:00,97221.3046875,3358.954833984375
2026-01-14 22:52:00+00:00,97195.40625,3358.380859375
2026-01-14 22:53:00+00:00,97108.8984375,3356.693603515625
2026-01-14 22:54:00+00:00,97049.7890625,3354.993896484375
2026-01-14 22:55:00+00:00,96996.46875,3351.430419921875
2026-01-14 22:56:00+00:00,96957.1640625,3350.66943359375
2026-01-14 22:57:00+00:00,96832.3359375,3348.345947265625
2026-01-14 22:58:00+00:00,96864.296875,3350.191650390625
2026-01-14 22:59:00+00:00,96915.5625,3350.15673828125
2026-01-14 23:00:00+00:00,96894.984375,3349.730712890625
2026-01-14 23:01:00+00:00,96973.5,3353.090576171875
2026-01-14 23:02:00+00:00,97056.796875,3355.064208984375
2026-01-14 23:03:00+00:00,97056.734375,3355.64208984375
2026-01-14 23:04:00+00:00,97083.9921875,3357.098876953125
2026-01-14 23:05:00+00:00,97101.109375,3357.574462890625
2026-01-14 23:06:00+00:00,97116.5234375,3358.153076171875
2026-01-14 23:07:00+00:00,97122.8203125,3358.4287109375
2026-01-14 23:08:00+00:00,97177.734375,3361.3125
2026-01-14 23:09:00+00:00,97231.734375,3362.98681640625
2026-01-14 23:10:00+00:00,97228.1015625,3363.301025390625
2026-01-14 23:11:00+00:00,97217.71875,3361.91015625
2026-01-14 23:12:00+00:00,97183.265625,3360.48779296875
2026-01-14 23:13:00+00:00,97200.625,3360.986572265625
2026-01-14 23:14:00+00:00,97253.1171875,3363.133056640625
2026-01-14 23:15:00+00:00,97247.5625,3363.050537109375
2026-01-14 23:16:00+00:00,97324.4453125,3367.3330078125
2026-01-14 23:17:00+00:00,97283.65625,3365.44677734375
2026-01-14 23:18:00+00:00,97245.75,3363.69140625
2026-01-14 23:19:00+00:00,97217.6328125,3362.280517578125
2026-01-14 23:20:00+00:00,97183.1015625,3361.718505859375
2026-01-14 23:21:00+00:00,97190.2265625,3361.765869140625
2026-01-14 23:22:00+00:00,97183.578125,3361.009521484375
2026-01-14 23:23:00+00:00,97197.5859375,3361.011962890625
2026-01-14 23:24:00+00:00,97162.7421875,3359.6806640625
2026-01-14 23:25:00+00:00,97149.78125,3359.245849609375
2026-01-14 23:26:00+00:00,97121.0234375,3359.010986328125
2026-01-14 23:27:00+00:00,97113.6796875,3358.90234375
2026-01-14 23:28:00+00:00,97074.765625,3358.281982421875
2026-01-14 23:29:00+00:00,96991.78125,3356.375
2026-01-14 23:30:00+00:00,97005.9140625,3356.9658203125
2026-01-14 23:31:00+00:00,96981.6328125,3354.911376953125
2026-01-14 23:32:00+00:00,96915.609375,3353.059326171875
2026-01-14 23:33:00+00:00,96898.6328125,3351.632568359375
2026-01-14 23:34:00+00:00,96937.3359375,3353.142822265625
2026-01-14 23:35:00+00:00,96944.0859375,3353.040283203125
2026-01-14 23:36:00+00:00,97004.4609375,3354.9931640625
2026-01-14 23:37:00+00:00,97007.0234375,3353.95263671875
2026-01-14 23:38:00+00:00,97087.3359375,3356.306396484375
2026-01-14 23:39:00+00:00,97072.8046875,3355.79931640625
2026-01-14 23:41:00+00:00,97074.8515625,3354.6455078125
2026-01-14 23:42:00+00:00,97062.1796875,3354.155029296875
2026-01-14 23:43:00+00:00,97050.21875,3353.74755859375
2026-01-14 23:44:00+00:00,97018.640625,3352.616943359375
2026-01-14 23:45:00+00:00,97048.3828125,3354.01123046875
2026-01-14 23:46:00+00:00,97000.546875,3353.472900390625
2026-01-14 23:47:00+00:00,97017.6171875,3354.302001953125
2026-01-14 23:49:00+00:00,97021.296875,3354.039794921875
2026-01-14 23:51:00+00:00,97018.203125,3355.132080078125
2026-01-14 23:52:00+00:00,97056.8359375,3357.15869140625
2026-01-14 23:53:00+00:00,97034.234375,3356.521728515625
2026-01-14 23:54:00+00:00,97018.9453125,3355.991943359375
2026-01-14 23:55:00+00:00,97032.0625,3356.836181640625
2026-01-14 23:56:00+00:00,97016.671875,3357.3330078125
2026-01-14 23:57:00+00:00,97012.4921875,3357.736328125
2026-01-14 23:58:00+00:00,96932.2109375,3354.6728515625
2026-01-15 00:00:00+00:00,96934.609375,3354.8271484375
2026-01-15 00:02:00+00:00,96885.6015625,3351.505859375
2026-01-15 00:03:00+00:00,96812.1640625,3349.03662109375
2026-01-15 00:04:00+00:00,96792.203125,3348.089599609375
2026-01-15 00:05:00+00:00,96834.3828125,3346.976806640625
2026-01-15 00:06:00+00:00,96781.9609375,3345.14306640625
2026-01-15 00:07:00+00:00,96846.203125,3346.98828125
2026-01-15 00:08:00+00:00,96886.5703125,3348.59716796875
2026-01-15 00:09:00+00:00,96855.828125,3346.982177734375
2026-01-15 00:10:00+00:00,96822.3828125,3346.23974609375
2026-01-15 00:11:00+00:00,96848.1015625,3346.84814453125
2026-01-15 00:12:00+00:00,96814.9609375,3344.93310546875
2026-01-15 00:13:00+00:00,96836.1875,3345.283447265625
2026-01-15 00:14:00+00:00,96937.8125,3348.36865234375
2026-01-15 00:15:00+00:00,96933.40625,3347.38037109375
2026-01-15 00:16:00+00:00,96973.4609375,3347.87744140625
2026-01-15 00:17:00+00:00,96935.921875,3346.6591796875
2026-01-15 00:18:00+00:00,96949.5078125,3346.75
2026-01-15 00:19:00+00:00,96903.6640625,3345.360595703125
2026-01-15 00:20:00+00:00,96808.1796875,3340.705810546875
2026-01-15 00:21:00+00:00,96830.28125,3341.72998046875
2026-01-15 00:22:00+00:00,96815.828125,3341.23876953125
2026-01-15 00:23:00+00:00,96733.4921875,3338.296875
2026-01-15 00:24:00+00:00,96761.0546875,3339.800048828125
2026-01-15 00:25:00+00:00,96775.234375,3340.3525390625
2026-01-15 00:26:00+00:00,96754.40625,3341.751220703125
2026-01-15 00:27:00+00:00,96763.2890625,3342.24951171875
2026-01-15 00:28:00+00:00,96752.15625,3342.358154296875
2026-01-15 00:29:00+00:00,96711.3984375,3341.3515625
2026-01-15 00:30:00+00:00,96683.703125,3340.16943359375
2026-01-15 00:31:00+00:00,96711.1484375,3341.150146484375
2026-01-15 00:32:00+00:00,96726.3515625,3341.057373046875
2026-01-15 00:33:00+00:00,96618.4140625,3336.456787109375
2026-01-15 00:34:00+00:00,96604.84375,3335.517578125
2026-01-15 00:35:00+00:00,96578.3828125,3334.9501953125
2026-01-15 00:36:00+00:00,96566.828125,3334.151611328125
2026-01-15 00:37:00+00:00,96553.421875,3332.214111328125
2026-01-15 00:38:00+00:00,96542.140625,3331.66259765625
2026-01-15 00:39:00+00:00,96527.703125,3331.308349609375
2026-01-15 00:40:00+00:00,96527.703125,3331.308349609375
2026-01-15 00:41:00+00:00,96601.2578125,3334.387939453125
2026-01-15 00:42:00+00:00,96590.1953125,3332.614990234375
2026-01-15 00:43:00+00:00,96535.546875,3330.723876953125
2026-01-15 00:44:00+00:00,96584.5625,3334.19921875
2026-01-15 00:45:00+00:00,96598.2734375,3333.9755859375
2026-01-15 00:46:00+00:00,96621.03125,3333.453125
2026-01-15 00:47:00+00:00,96568.2578125,3328.32666015625
2026-01-15 00:48:00+00:00,96508.34375,3326.4169921875
2026-01-15 00:49:00+00:00,96563.9296875,3329.074951171875
2026-01-15 00:50:00+00:00,96572.9375,3328.969482421875
2026-01-15 00:51:00+00:00,96564.3046875,3328.47802734375
2026-01-15 00:52:00+00:00,96523.5546875,3327.41796875
2026-01-15 00:53:00+00:00,96536.0859375,3327.3603515625
2026-01-15 00:54:00+00:00,96551.3125,3327.98193359375
2026-01-15 00:55:00+00:00,96517.8671875,3327.642822265625
2026-01-15 00:56:00+00:00,96539.046875,3328.790771484375
2026-01-15 00:57:00+00:00,96514.5703125,3328.179931640625
2026-01-15 00:58:00+00:00,96534.78125,3328.484375
2026-01-15 00:59:00+00:00,96573.6328125,3329.710693359375
2026-01-15 01:00:00+00:00,96614.0703125,3330.309326171875
2026-01-15 01:01:00+00:00,96765.953125,3335.59765625
2026-01-15 01:02:00+00:00,96739.5546875,3334.983154296875
2026-01-15 01:03:00+00:00,96861.109375,3339.778564453125
2026-01-15 01:04:00+00:00,96825.390625,3337.83203125
2026-01-15 01:05:00+00:00,96913.7265625,3340.834228515625
2026-01-15 01:06:00+00:00,96928.6328125,3341.498779296875
2026-01-15 01:07:00+00:00,96858.3359375,3338.814697265625
2026-01-15 01:08:00+00:00,96859.6640625,3338.877685546875
2026-01-15 01:09:00+00:00,96807.3046875,3336.975830078125
2026-01-15 01:10:00+00:00,96789.8671875,3336.175537109375
2026-01-15 01:11:00+00:00,96796.28125,3335.2392578125
2026-01-15 01:12:00+00:00,96823.203125,3336.817138671875
2026-01-15 01:13:00+00:00,96791.7734375,3335.404541015625
2026-01-15 01:14:00+00:00,96806.4453125,3335.780029296875
2026-01-15 01:15:00+00:00,96754.7578125,3333.91162109375
2026-01-15 01:16:00+00:00,96733.9375,3333.379150390625
2026-01-15 01:17:00+00:00,96744.1015625,3334.420166015625
2026-01-15 01:18:00+00:00,96732.7421875,3334.121337890625
2026-01-15 01:19:00+00:00,96713.1171875,3333.527099609375
2026-01-15 01:20:00+00:00,96716.6953125,3333.40771484375
2026-01-15 01:21:00+00:00,96697.328125,3332.194580078125
2026-01-15 01:22:00+00:00,96585.09375,3328.0751953125
2026-01-15 01:23:00+00:00,96507.4375,3324.50244140625
2026-01-15 01:24:00+00:00,96529.7109375,3326.260498046875
2026-01-15 01:25:00+00:00,96531.21875,3326.59130859375
2026-01-15 01:26:00+00:00,96620.09375,3329.8671875
2026-01-15 01:27:00+00:00,96580.4609375,3329.17333984375
2026-01-15 01:28:00+00:00,96591.375,3330.05078125
2026-01-15 01:29:00+00:00,96626.3359375,3331.107177734375
2026-01-15 01:30:00+00:00,96528.8359375,3329.27880859375
2026-01-15 01:31:00+00:00,96463.7421875,3328.04052734375
2026-01-15 01:32:00+00:00,96372.59375,3324.88671875
2026-01-15 01:33:00+00:00,96341.0546875,3321.098388671875
2026-01-15 01:34:00+00:00,96310.796875,3320.378662109375
2026-01-15 01:35:00+00:00,96313.671875,3320.628173828125
2026-01-15 01:36:00+00:00,96336.3671875,3320.203857421875
2026-01-15 01:37:00+00:00,96384.8984375,3323.442626953125
2026-01-15 01:38:00+00:00,96454.5859375,3326.76513671875
2026-01-15 01:39:00+00:00,96555.4921875,3330.867919921875
2026-01-15 01:40:00+00:00,96499.1015625,3330.19091796875
2026-01-15 01:41:00+00:00,96501.1484375,3330.22021484375
2026-01-15 01:42:00+00:00,96455.8125,3326.885986328125
2026-01-15 01:43:00+00:00,96463.265625,3327.552490234375
2026-01-15 01:44:00+00:00,96464.8828125,3327.421875
2026-01-15 01:45:00+00:00,96480.90625,3327.680908203125
2026-01-15 01:46:00+00:00,96483.7421875,3327.74658203125
2026-01-15 01:47:00+00:00,96483.15625,3328.286376953125
2026-01-15 01:48:00+00:00,96455.4609375,3326.027587890625
2026-01-15 01:49:00+00:00,96419.078125,3324.970703125
2026-01-15 01:50:00+00:00,96422.546875,3325.41259765625
2026-01-15 01:51:00+00:00,96403.59375,3324.09326171875
2026-01-15 01:52:00+00:00,96439.3984375,3324.27392578125
2026-01-15 01:53:00+00:00,96490.0859375,3326.299072265625
2026-01-15 01:54:00+00:00,96536.2734375,3328.690673828125
2026-01-15 01:55:00+00:00,96506.4296875,3328.42041015625
2026-01-15 01:56:00+00:00,96428.1875,3325.663330078125
2026-01-15 01:57:00+00:00,96419.9921875,3325.68212890625
2026-01-15 01:58:00+00:00,96429.84375,3326.255615234375
2026-01-15 01:59:00+00:00,96418.140625,3323.15234375
2026-01-15 02:00:00+00:00,96435.2578125,3324.90478515625
2026-01-15 02:01:00+00:00,96434.84375,3325.100830078125
2026-01-15 02:02:00+00:00,96456.0078125,3325.89892578125
2026-01-15 02:03:00+00:00,96463.59375,3326.41259765625
2026-01-15 02:04:00+00:00,96457.5,3326.66650390625
2026-01-15 02:05:00+00:00,96456.046875,3326.894287109375
2026-01-15 02:06:00+00:00,96455.296875,3327.394287109375
2026-01-15 02:07:00+00:00,96509.796875,3329.80908203125
2026-01-15 02:08:00+00:00,96552.0859375,3330.274169921875
2026-01-15 02:09:00+00:00,96568.15625,3330.87841796875
2026-01-15 02:11:00+00:00,96526.515625,3329.478271484375
2026-01-15 02:12:00+00:00,96445.59375,3326.404296875
2026-01-15 02:13:00+00:00,96426.0,3323.61279296875
2026-01-15 02:14:00+00:00,96407.96875,3322.33349609375
2026-01-15 02:15:00+00:00,96370.140625,3321.122802734375
2026-01-15 02:16:00+00:00,96385.921875,3320.37158203125
2026-01-15 02:17:00+00:00,96474.234375,3324.060302734375
2026-01-15 02:18:00+00:00,96499.1015625,3324.18994140625
2026-01-15 02:19:00+00:00,96535.1875,3325.323974609375
2026-01-15 02:20:00+00:00,96552.8828125,3326.202392578125
2026-01-15 02:21:00+00:00,96510.9765625,3325.78466796875
2026-01-15 02:22:00+00:00,96467.5,3322.420166015625
2026-01-15 02:23:00+00:00,96489.296875,3323.054443359375
2026-01-15 02:24:00+00:00,96439.734375,3320.4619140625
2026-01-15 02:25:00+00:00,96454.4375,3320.7294921875
2026-01-15 02:26:00+00:00,96501.5078125,3323.433837890625
2026-01-15 02:27:00+00:00,96498.375,3323.59326171875
2026-01-15 02:28:00+00:00,96519.9765625,3324.151123046875
2026-01-15 02:29:00+00:00,96492.8984375,3322.380859375
2026-01-15 02:30:00+00:00,96503.203125,3322.568603515625
2026-01-15 02:31:00+00:00,96512.7265625,3322.81494140625
2026-01-15 02:32:00+00:00,96578.609375,3325.24951171875
2026-01-15 02:33:00+00:00,96557.046875,3324.449951171875
2026-01-15 02:34:00+00:00,96538.234375,3323.87255859375
2026-01-15 02:35:00+00:00,96390.7265625,3315.778076171875
2026-01-15 02:36:00+00:00,96288.40625,3310.954833984375
2026-01-15 02:37:00+00:00,96182.671875,3309.38427734375
2026-01-15 02:38:00+00:00,96154.34375,3309.167236328125
2026-01-15 02:39:00+00:00,96245.46875,3312.669677734375
2026-01-15 02:40:00+00:00,96246.296875,3313.4697265625
2026-01-15 02:41:00+00:00,96311.015625,3316.552001953125
2026-01-15 02:42:00+00:00,96375.8125,3320.150146484375
2026-01-15 02:43:00+00:00,96353.3828125,3319.235107421875
2026-01-15 02:44:00+00:00,96331.0078125,3318.142333984375
2026-01-15 02:45:00+00:00,96300.890625,3316.953125
2026-01-15 02:46:00+00:00,96262.96875,3314.05615234375
2026-01-15 02:47:00+00:00,96253.6640625,3314.078369140625
2026-01-15 02:48:00+00:00,96168.40625,3310.91064453125
2026-01-15 02:49:00+00:00,96193.4609375,3311.566650390625
2026-01-15 02:50:00+00:00,96242.3046875,3313.496337890625
2026-01-15 02:51:00+00:00,96252.6796875,3313.763427734375
2026-01-15 02:52:00+00:00,96214.21875,3311.687744140625
2026-01-15 02:53:00+00:00,96201.953125,3311.21240234375
2026-01-15 02:54:00+00:00,96167.453125,3309.7705078125
2026-01-15 02:55:00+00:00,96177.4609375,3310.19140625
2026-01-15 02:56:00+00:00,96185.9921875,3310.63330078125
2026-01-15 02:57:00+00:00,96214.65625,3311.716064453125
2026-01-15 02:58:00+00:00,96258.4609375,3313.483642578125
2026-01-15 02:59:00+00:00,96236.4921875,3312.302001953125
2026-01-15 03:00:00+00:00,96292.828125,3313.258056640625
2026-01-15 03:01:00+00:00,96307.703125,3314.284912109375
2026-01-15 03:02:00+00:00,96324.0078125,3315.169189453125
2026-01-15 03:03:00+00:00,96306.59375,3314.621337890625
2026-01-15 03:04:00+00:00,96288.9765625,3313.7255859375
2026-01-15 03:05:00+00:00,96274.4140625,3312.934326171875
2026-01-15 03:06:00+00:00,96341.265625,3315.298095703125
2026-01-15 03:07:00+00:00,96264.375,3312.03857421875
2026-01-15 03:08:00+00:00,96184.7421875,3310.09130859375
2026-01-15 03:09:00+00:00,96186.921875,3310.895751953125
2026-01-15 03:10:00+00:00,96194.59375,3311.442626953125
2026-01-15 03:11:00+00:00,96208.125,3311.90087890625
2026-01-15 03:12:00+00:00,96283.296875,3314.60791015625
2026-01-15 03:13:00+00:00,96291.296875,3315.261962890625
2026-01-15 03:14:00+00:00,96244.6640625,3314.790771484375
2026-01-15 03:15:00+00:00,96259.375,3315.45166015625
2026-01-15 03:16:00+00:00,96265.1328125,3316.4697265625
2026-01-15 03:17:00+00:00,96290.5703125,3317.974609375
2026-01-15 03:18:00+00:00,96312.421875,3318.31884765625
2026-01-15 03:19:00+00:00,96189.953125,3313.437744140625
2026-01-15 03:20:00+00:00,96158.765625,3310.583740234375
2026-01-15 03:21:00+00:00,96164.9921875,3310.840087890625
2026-01-15 03:22:00+00:00,96174.28125,3311.369140625
2026-01-15 03:23:00+00:00,96203.015625,3312.828857421875
2026-01-15 03:24:00+00:00,96169.5234375,3310.967041015625
2026-01-15 03:25:00+00:00,96179.4296875,3311.107666015625
2026-01-15 03:26:00+00:00,96145.9453125,3309.529541015625
2026-01-15 03:27:00+00:00,96097.671875,3306.3310546875
2026-01-15 03:28:00+00:00,95981.984375,3295.07177734375
2026-01-15 03:29:00+00:00,96036.015625,3297.89697265625
2026-01-15 03:30:00+00:00,95888.5546875,3290.77880859375
2026-01-15 03:31:00+00:00,95978.6328125,3292.20703125
2026-01-15 03:32:00+00:00,96007.3984375,3293.0703125
2026-01-15 03:33:00+00:00,96021.6171875,3293.411376953125
2026-01-15 03:34:00+00:00,96063.3125,3295.915771484375
2026-01-15 03:35:00+00:00,96024.046875,3295.625
2026-01-15 03:36:00+00:00,96009.84375,3293.998779296875
2026-01-15 03:37:00+00:00,95988.28125,3293.320068359375
2026-01-15 03:38:00+00:00,95954.03125,3291.48291015625
2026-01-15 03:39:00+00:00,95815.671875,3286.79541015625
2026-01-15 03:41:00+00:00,95763.4375,3278.92138671875
2026-01-15 03:42:00+00:00,95841.984375,3280.783203125
2026-01-15 03:43:00+00:00,95816.8203125,3279.19384765625
2026-01-15 03:44:00+00:00,95880.28125,3283.473388671875
2026-01-15 03:45:00+00:00,95880.5,3283.791748046875
2026-01-15 03:46:00+00:00,95826.390625,3281.575927734375
2026-01-15 03:47:00+00:00,95932.3359375,3286.49658203125
2026-01-15 03:48:00+00:00,95946.3984375,3285.12060546875
2026-01-15 03:49:00+00:00,95903.078125,3284.794677734375
2026-01-15 03:51:00+00:00,95903.4453125,3284.374755859375
2026-01-15 03:52:00+00:00,95825.4375,3280.95556640625
2026-01-15 03:53:00+00:00,95866.1171875,3283.379638671875
2026-01-15 03:54:00+00:00,95865.6875,3283.399658203125
2026-01-15 03:55:00+00:00,95872.53125,3283.77587890625
2026-01-15 03:56:00+00:00,95850.5703125,3283.369384765625
2026-01-15 03:57:00+00:00,95875.9296875,3283.568359375
2026-01-15 03:58:00+00:00,95924.90625,3285.03271484375
2026-01-15 03:59:00+00:00,95963.015625,3286.70849609375
2026-01-15 04:00:00+00:00,95941.859375,3285.3779296875
2026-01-15 04:01:00+00:00,95930.7421875,3284.047119140625
2026-01-15 04:02:00+00:00,95930.953125,3284.266845703125
2026-01-15 04:03:00+00:00,96003.2421875,3287.54931640625
2026-01-15 04:04:00+00:00,96071.140625,3291.594482421875
2026-01-15 04:05:00+00:00,96075.390625,3291.91455078125
2026-01-15 04:06:00+00:00,96065.7109375,3291.199462890625
2026-01-15 04:07:00+00:00,96004.1484375,3289.654541015625
2026-01-15 04:08:00+00:00,96020.65625,3290.449462890625
2026-01-15 04:09:00+00:00,96016.046875,3290.650146484375
2026-01-15 04:10:00+00:00,96037.1953125,3291.259521484375
2026-01-15 04:11:00+00:00,96067.359375,3293.23681640625
2026-01-15 04:12:00+00:00,96085.78125,3293.919189453125
2026-01-15 04:13:00+00:00,96035.9140625,3292.9453125
2026-01-15 04:14:00+00:00,96042.8359375,3292.8974609375
2026-01-15 04:15:00+00:00,96043.5234375,3292.90185546875
2026-01-15 04:16:00+00:00,96031.6640625,3293.321044921875
2026-01-15 04:17:00+00:00,96046.75,3294.929931640625
2026-01-15 04:18:00+00:00,95991.9140625,3292.45361328125
2026-01-15 04:19:00+00:00,96066.5,3294.97265625
2026-01-15 04:20:00+00:00,96069.484375,3294.25634765625
2026-01-15 04:21:00+00:00,96057.2734375,3294.0439453125
2026-01-15 04:22:00+00:00,96052.359375,3293.2646484375
2026-01-15 04:23:00+00:00,96115.171875,3294.8193359375
2026-01-15 04:24:00+00:00,96188.0546875,3297.844970703125
2026-01-15 04:25:00+00:00,96327.546875,3303.19775390625
2026-01-15 04:26:00+00:00,96267.0625,3301.3125
2026-01-15 04:27:00+00:00,96237.828125,3299.847900390625
2026-01-15 04:28:00+00:00,96262.8125,3300.8984375
2026-01-15 04:29:00+00:00,96177.8046875,3298.091796875
2026-01-15 04:30:00+00:00,96210.390625,3299.12890625
2026-01-15 04:31:00+00:00,96163.546875,3297.471923828125
2026-01-15 04:32:00+00:00,96247.34375,3300.149658203125
2026-01-15 04:33:00+00:00,96227.71875,3301.56494140625
2026-01-15 04:34:00+00:00,96232.234375,3301.682861328125
2026-01-15 04:35:00+00:00,96232.234375,3301.682861328125
2026-01-15 04:36:00+00:00,96227.140625,3301.40771484375
2026-01-15 04:37:00+00:00,96196.7734375,3300.181640625
2026-01-15 04:38:00+00:00,96202.78125,3300.472900390625
2026-01-15 04:39:00+00:00,96216.703125,3301.341064453125
2026-01-15 04:40:00+00:00,96223.984375,3301.6767578125
2026-01-15 04:41:00+00:00,96219.0078125,3301.261474609375
2026-01-15 04:42:00+00:00,96217.4609375,3301.555908203125
2026-01-15 04:43:00+00:00,96222.171875,3301.372802734375
2026-01-15 04:44:00+00:00,96233.265625,3302.64697265625
2026-01-15 04:45:00+00:00,96203.21875,3304.636474609375
2026-01-15 04:46:00+00:00,96210.8515625,3304.912109375
2026-01-15 04:47:00+00:00,96185.640625,3303.4384765625
2026-01-15 04:48:00+00:00,96185.921875,3303.83740234375
2026-01-15 04:49:00+00:00,96200.0234375,3304.039794921875
2026-01-15 04:50:00+00:00,96211.3046875,3305.849609375
2026-01-15 04:51:00+00:00,96192.4296875,3304.97119140625
2026-01-15 04:52:00+00:00,96206.5234375,3305.73583984375
2026-01-15 04:53:00+00:00,96213.5703125,3305.909423828125
2026-01-15 04:54:00+00:00,96218.7265625,3306.369873046875
2026-01-15 04:55:00+00:00,96213.5859375,3306.408203125
2026-01-15 04:56:00+00:00,96225.609375,3306.750732421875
2026-01-15 04:57:00+00:00,96159.3046875,3304.4921875
2026-01-15 04:58:00+00:00,96133.59375,3302.6181640625
2026-01-15 04:59:00+00:00,96151.6796875,3302.476318359375
2026-01-15 05:00:00+00:00,96243.6484375,3302.87451171875
2026-01-15 05:01:00+00:00,96279.7890625,3303.8173828125
2026-01-15 05:02:00+00:00,96376.140625,3306.718994140625
2026-01-15 05:03:00+00:00,96426.6640625,3311.507568359375
2026-01-15 05:04:00+00:00,96320.109375,3305.33935546875
2026-01-15 05:05:00+00:00,96351.1953125,3306.513427734375
2026-01-15 05:06:00+00:00,96350.859375,3307.2607421875
2026-01-15 05:07:00+00:00,96356.90625,3307.49951171875
2026-01-15 05:08:00+00:00,96344.4140625,3307.412841796875
2026-01-15 05:09:00+00:00,96317.5234375,3306.546142578125
2026-01-15 05:10:00+00:00,96333.9609375,3307.261962890625
2026-01-15 05:11:00+00:00,96334.109375,3307.922607421875
2026-01-15 05:12:00+00:00,96307.796875,3307.97412109375
2026-01-15 05:13:00+00:00,96304.6171875,3308.44873046875
2026-01-15 05:14:00+00:00,96279.296875,3308.116455078125
2026-01-15 05:15:00+00:00,96280.8984375,3308.6708984375
2026-01-15 05:16:00+00:00,96270.6640625,3308.87744140625
2026-01-15 05:17:00+00:00,96296.234375,3310.05517578125
2026-01-15 05:18:00+00:00,96293.03125,3309.45068359375
2026-01-15 05:19:00+00:00,96315.8046875,3310.12158203125
2026-01-15 05:20:00+00:00,96365.4765625,3311.78369140625
2026-01-15 05:21:00+00:00,96324.90625,3309.7880859375
2026-01-15 05:22:00+00:00,96333.953125,3310.637451171875
2026-01-15 05:23:00+00:00,96323.625,3309.69580078125
2026-01-15 05:24:00+00:00,96287.2734375,3308.39306640625
2026-01-15 05:25:00+00:00,96297.8125,3308.423828125
2026-01-15 05:26:00+00:00,96292.6328125,3308.1669921875
2026-01-15 05:27:00+00:00,96278.3828125,3307.386962890625
2026-01-15 05:28:00+00:00,96278.203125,3307.248046875
2026-01-15 05:29:00+00:00,96272.21875,3307.2578125
2026-01-15 05:30:00+00:00,96239.328125,3306.638671875
2026-01-15 05:31:00+00:00,96268.671875,3306.68115234375
2026-01-15 05:32:00+00:00,96259.8359375,3306.226318359375
2026-01-15 05:33:00+00:00,96282.8828125,3307.095703125
2026-01-15 05:34:00+00:00,96283.0703125,3306.70751953125
2026-01-15 05:35:00+00:00,96274.5546875,3306.008056640625
2026-01-15 05:36:00+00:00,96237.453125,3303.340576171875
2026-01-15 05:37:00+00:00,96257.5859375,3304.3154296875
2026-01-15 05:38:00+00:00,96307.8828125,3306.3876953125
2026-01-15 05:39:00+00:00,96354.6484375,3307.773193359375
2026-01-15 05:40:00+00:00,96339.4921875,3307.707275390625
2026-01-15 05:41:00+00:00,96330.2265625,3307.244140625
2026-01-15 05:42:00+00:00,96346.0078125,3307.6591796875
2026-01-15 05:43:00+00:00,96377.625,3308.4921875
2026-01-15 05:44:00+00:00,96400.40625,3309.336669921875
2026-01-15 05:45:00+00:00,96407.3828125,3310.06005859375
2026-01-15 05:46:00+00:00,96425.828125,3311.118896484375
2026-01-15 05:47:00+00:00,96426.4140625,3311.9677734375
2026-01-15 05:48:00+00:00,96429.125,3312.53759765625
2026-01-15 05:49:00+00:00,96468.2890625,3313.668212890625
2026-01-15 05:50:00+00:00,96465.0859375,3313.652099609375
2026-01-15 05:51:00+00:00,96440.4609375,3312.8798828125
2026-01-15 05:52:00+00:00,96419.7109375,3312.37353515625
2026-01-15 05:53:00+00:00,96419.71875,3312.286376953125
2026-01-15 05:54:00+00:00,96421.40625,3312.03125
2026-01-15 05:55:00+00:00,96404.7265625,3311.536376953125
2026-01-15 05:56:00+00:00,96389.5625,3311.258544921875
2026-01-15 05:57:00+00:00,96388.1953125,3311.175048828125
2026-01-15 05:58:00+00:00,96393.328125,3311.6455078125
2026-01-15 05:59:00+00:00,96392.03125,3311.52392578125
2026-01-15 06:01:00+00:00,96406.0390625,3311.378662109375
2026-01-15 06:02:00+00:00,96418.25,3312.3740234375
2026-01-15 06:03:00+00:00,96401.4296875,3312.1669921875
2026-01-15 06:04:00+00:00,96460.0703125,3314.184326171875
2026-01-15 06:05:00+00:00,96461.09375,3314.318115234375
2026-01-15 06:06:00+00:00,96474.015625,3315.444580078125
2026-01-15 06:07:00+00:00,96440.1640625,3314.58642578125
2026-01-15 06:08:00+00:00,96412.4609375,3313.682373046875
2026-01-15 06:09:00+00:00,96391.828125,3313.056884765625
2026-01-15 06:10:00+00:00,96388.5234375,3313.068603515625
2026-01-15 06:11:00+00:00,96377.15625,3313.3271484375
2026-01-15 06:12:00+00:00,96403.4140625,3314.378662109375
2026-01-15 06:13:00+00:00,96404.5234375,3314.557861328125
2026-01-15 06:14:00+00:00,96391.359375,3314.64892578125
2026-01-15 06:15:00+00:00,96420.703125,3315.075927734375
2026-01-15 06:16:00+00:00,96434.9453125,3318.967529296875
2026-01-15 06:17:00+00:00,96488.6875,3320.574951171875
2026-01-15 06:18:00+00:00,96501.078125,3320.4921875
2026-01-15 06:19:00+00:00,96492.34375,3320.078369140625
2026-01-15 06:20:00+00:00,96529.1015625,3320.888427734375
2026-01-15 06:21:00+00:00,96510.359375,3319.522705078125
2026-01-15 06:22:00+00:00,96472.3984375,3317.88671875
2026-01-15 06:23:00+00:00,96469.3828125,3317.41015625
2026-01-15 06:24:00+00:00,96521.53125,3319.955078125
2026-01-15 06:25:00+00:00,96509.25,3320.5673828125
2026-01-15 06:26:00+00:00,96504.875,3320.434326171875
2026-01-15 06:27:00+00:00,96479.34375,3319.27490234375
2026-01-15 06:28:00+00:00,96491.875,3319.3046875
2026-01-15 06:29:00+00:00,96487.65625,3319.664794921875
2026-01-15 06:30:00+00:00,96473.421875,3318.841552734375
2026-01-15 06:31:00+00:00,96474.703125,3319.408203125
2026-01-15 06:32:00+00:00,96438.328125,3318.17138671875
2026-01-15 06:33:00+00:00,96415.1328125,3317.6982421875
2026-01-15 06:34:00+00:00,96366.2734375,3316.299560546875
2026-01-15 06:35:00+00:00,96324.328125,3314.997314453125
2026-01-15 06:36:00+00:00,96241.7265625,3312.191162109375
2026-01-15 06:37:00+00:00,96253.40625,3313.125732421875
2026-01-15 06:38:00+00:00,96227.1328125,3312.29052734375
2026-01-15 06:39:00+00:00,96247.5859375,3312.980224609375
2026-01-15 06:40:00+00:00,96229.1171875,3312.565673828125
2026-01-15 06:41:00+00:00,96232.453125,3312.382568359375
2026-01-15 06:42:00+00:00,96240.4453125,3312.549560546875
2026-01-15 06:43:00+00:00,96236.3828125,3312.430419921875
2026-01-15 06:44:00+00:00,96188.203125,3311.6953125
2026-01-15 06:45:00+00:00,96205.6171875,3311.947265625
2026-01-15 06:46:00+00:00,96161.8046875,3310.953369140625
2026-01-15 06:47:00+00:00,96181.1953125,3311.556396484375
2026-01-15 06:48:00+00:00,96261.34375,3313.5625
2026-01-15 06:49:00+00:00,96239.3046875,3312.73974609375
2026-01-15 06:50:00+00:00,96265.203125,3314.5771484375
2026-01-15 06:51:00+00:00,96292.203125,3315.559814453125
2026-01-15 06:52:00+00:00,96267.6328125,3314.677978515625
2026-01-15 06:53:00+00:00,96256.4375,3314.567138671875
2026-01-15 06:54:00+00:00,96257.375,3314.67724609375
2026-01-15 06:55:00+00:00,96259.609375,3314.478515625
2026-01-15 06:56:00+00:00,96278.3125,3314.877685546875
2026-01-15 06:57:00+00:00,96254.328125,3314.156005859375
2026-01-15 06:58:00+00:00,96298.046875,3315.582763671875
2026-01-15 06:59:00+00:00,96281.8203125,3315.8935546875
2026-01-15 07:00:00+00:00,96275.9765625,3315.7568359375
2026-01-15 07:01:00+00:00,96222.328125,3315.524658203125
2026-01-15 07:02:00+00:00,96211.6484375,3315.441162109375
2026-01-15 07:03:00+00:00,96193.765625,3314.297607421875
2026-01-15 07:04:00+00:00,96222.2421875,3315.2216796875
2026-01-15 07:05:00+00:00,96261.3828125,3316.7841796875
2026-01-15 07:06:00+00:00,96269.9921875,3317.84375
2026-01-15 07:07:00+00:00,96254.0,3317.916259765625
2026-01-15 07:08:00+00:00,96216.9140625,3316.0771484375
2026-01-15 07:09:00+00:00,96244.8203125,3317.360107421875
2026-01-15 07:10:00+00:00,96256.984375,3317.882080078125
2026-01-15 07:11:00+00:00,96266.96875,3317.758544921875
2026-01-15 07:12:00+00:00,96249.484375,3317.487548828125
2026-01-15 07:13:00+00:00,96248.3984375,3317.503173828125
2026-01-15 07:14:00+00:00,96245.25,3317.32568359375
2026-01-15 07:15:00+00:00,96219.3828125,3316.83203125
2026-01-15 07:16:00+00:00,96241.375,3318.0556640625
2026-01-15 07:17:00+00:00,96276.78125,3318.5654296875
2026-01-15 07:18:00+00:00,96344.0546875,3322.209716796875
2026-01-15 07:19:00+00:00,96335.2109375,3321.650634765625
2026-01-15 07:20:00+00:00,96325.046875,3321.5634765625
2026-01-15 07:21:00+00:00,96337.8984375,3321.997802734375
2026-01-15 07:22:00+00:00,96353.7421875,3322.62890625
2026-01-15 07:23:00+00:00,96356.6328125,3322.855224609375
2026-01-15 07:24:00+00:00,96421.2578125,3325.439697265625
2026-01-15 07:25:00+00:00,96455.0859375,3327.02099609375
2026-01-15 07:26:00+00:00,96414.2109375,3324.314697265625
2026-01-15 07:27:00+00:00,96422.9921875,3324.479248046875
2026-01-15 07:28:00+00:00,96440.1953125,3325.23583984375
2026-01-15 07:29:00+00:00,96442.8203125,3325.626708984375
2026-01-15 07:30:00+00:00,96451.3046875,3325.656005859375
2026-01-15 07:31:00+00:00,96441.09375,3324.9638671875
2026-01-15 07:32:00+00:00,96498.609375,3326.072509765625
2026-01-15 07:33:00+00:00,96533.71875,3325.74755859375
2026-01-15 07:34:00+00:00,96509.2109375,3324.485595703125
2026-01-15 07:35:00+00:00,96514.8203125,3324.70556640625
2026-01-15 07:36:00+00:00,96485.984375,3322.61767578125
2026-01-15 07:37:00+00:00,96495.140625,3323.15234375
2026-01-15 07:38:00+00:00,96487.59375,3323.37548828125
2026-01-15 07:39:00+00:00,96524.1015625,3324.35791015625
2026-01-15 07:40:00+00:00,96536.7734375,3325.266845703125
2026-01-15 07:41:00+00:00,96592.453125,3326.705078125
2026-01-15 07:42:00+00:00,96651.6484375,3329.404052734375
2026-01-15 07:43:00+00:00,96591.28125,3328.850341796875
2026-01-15 07:44:00+00:00,96586.859375,3329.321533203125
2026-01-15 07:45:00+00:00,96591.0078125,3329.271484375
2026-01-15 07:46:00+00:00,96621.65625,3330.7822265625
2026-01-15 07:47:00+00:00,96642.203125,3333.174072265625
2026-01-15 07:48:00+00:00,96572.515625,3330.79736328125
2026-01-15 07:49:00+00:00,96571.1015625,3330.29541015625
2026-01-15 07:50:00+00:00,96544.28125,3329.572265625
2026-01-15 07:51:00+00:00,96535.96875,3329.21240234375
2026-01-15 07:52:00+00:00,96524.390625,3328.232177734375
2026-01-15 07:53:00+00:00,96527.953125,3328.353759765625
2026-01-15 07:54:00+00:00,96516.3359375,3327.865478515625
2026-01-15 07:55:00+00:00,96528.6875,3327.942138671875
2026-01-15 07:56:00+00:00,96523.8203125,3327.320556640625
2026-01-15 07:57:00+00:00,96522.9375,3327.555908203125
2026-01-15 07:58:00+00:00,96517.4140625,3327.184326171875
2026-01-15 07:59:00+00:00,96516.46875,3327.466552734375
2026-01-15 08:00:00+00:00,96560.265625,3328.045166015625
2026-01-15 08:01:00+00:00,96553.078125,3328.484375
2026-01-15 08:02:00+00:00,96486.5625,3325.953369140625
2026-01-15 08:03:00+00:00,96456.9921875,3325.4375
2026-01-15 08:04:00+00:00,96455.8125,3325.673828125
2026-01-15 08:05:00+00:00,96535.8828125,3328.560791015625
2026-01-15 08:06:00+00:00,96560.1171875,3329.355224609375
2026-01-15 08:07:00+00:00,96542.234375,3329.04443359375
2026-01-15 08:08:00+00:00,96543.6484375,3329.0712890625
2026-01-15 08:09:00+00:00,96494.6015625,3327.164794921875
2026-01-15 08:10:00+00:00,96499.21875,3326.765380859375
2026-01-15 08:11:00+00:00,96453.71875,3324.44921875
2026-01-15 08:12:00+00:00,96438.09375,3323.159912109375
2026-01-15 08:13:00+00:00,96417.171875,3322.7685546875
2026-01-15 08:14:00+00:00,96451.484375,3323.396240234375
2026-01-15 08:15:00+00:00,96446.484375,3323.22412109375
2026-01-15 08:16:00+00:00,96440.65625,3323.248779296875
2026-01-15 08:17:00+00:00,96433.5703125,3323.123046875
2026-01-15 08:18:00+00:00,96423.4453125,3322.79638671875
2026-01-15 08:19:00+00:00,96420.7109375,3322.969970703125
2026-01-15 08:20:00+00:00,96411.4296875,3322.4619140625
2026-01-15 08:21:00+00:00,96446.4765625,3323.7802734375
2026-01-15 08:22:00+00:00,96522.7421875,3327.15771484375
2026-01-15 08:23:00+00:00,96527.1015625,3327.233154296875
2026-01-15 08:24:00+00:00,96524.0625,3327.382080078125
2026-01-15 08:25:00+00:00,96514.703125,3326.593017578125
2026-01-15 08:26:00+00:00,96507.828125,3326.815673828125
2026-01-15 08:27:00+00:00,96473.125,3325.287109375
2026-01-15 08:28:00+00:00,96441.2421875,3324.6484375
2026-01-15 08:29:00+00:00,96393.375,3322.433837890625
2026-01-15 08:30:00+00:00,96351.171875,3321.6044921875
2026-01-15 08:31:00+00:00,96351.34375,3320.702392578125
2026-01-15 08:32:00+00:00,96324.21875,3320.337890625
2026-01-15 08:33:00+00:00,96312.8203125,3320.61865234375
2026-01-15 08:34:00+00:00,96309.9296875,3320.2548828125
2026-01-15 08:35:00+00:00,96319.2890625,3320.6923828125
2026-01-15 08:36:00+00:00,96315.1875,3321.10302734375
2026-01-15 08:37:00+00:00,96325.78125,3321.81103515625
2026-01-15 08:38:00+00:00,96327.3046875,3322.96533203125
2026-01-15 08:39:00+00:00,96316.1484375,3322.3896484375
2026-01-15 08:40:00+00:00,96347.7890625,3323.7265625
2026-01-15 08:42:00+00:00,96367.84375,3324.324951171875
2026-01-15 08:43:00+00:00,96372.78125,3324.52001953125
2026-01-15 08:44:00+00:00,96362.8046875,3324.733154296875
2026-01-15 08:46:00+00:00,96409.3515625,3326.510986328125
2026-01-15 08:47:00+00:00,96434.703125,3327.466064453125
2026-01-15 08:48:00+00:00,96467.9296875,3329.466064453125
2026-01-15 08:49:00+00:00,96489.7578125,3330.021240234375
2026-01-15 08:50:00+00:00,96526.0078125,3330.837646484375
2026-01-15 08:51:00+00:00,96570.25,3335.728759765625
2026-01-15 08:52:00+00:00,96558.6328125,3335.749755859375
2026-01-15 08:53:00+00:00,96564.4375,3334.371826171875
2026-01-15 08:54:00+00:00,96529.3125,3333.22314453125
2026-01-15 08:55:00+00:00,96578.703125,3334.063232421875
2026-01-15 08:56:00+00:00,96570.609375,3334.496826171875
2026-01-15 08:57:00+00:00,96608.125,3336.079833984375
2026-01-15 08:58:00+00:00,96618.5546875,3336.114990234375
2026-01-15 08:59:00+00:00,96614.46875,3335.689453125
2026-01-15 09:00:00+00:00,96617.703125,3335.68701171875
2026-01-15 09:01:00+00:00,96595.2578125,3334.574462890625
2026-01-15 09:02:00+00:00,96593.3125,3334.542236328125
2026-01-15 09:03:00+00:00,96576.0703125,3333.876220703125
2026-01-15 09:04:00+00:00,96572.1875,3333.963134765625
2026-01-15 09:05:00+00:00,96555.796875,3333.384521484375
2026-01-15 09:06:00+00:00,96598.3046875,3333.4287109375
2026-01-15 09:07:00+00:00,96570.0859375,3332.451416015625
2026-01-15 09:08:00+00:00,96594.1875,3332.966552734375
2026-01-15 09:09:00+00:00,96609.0625,3334.091796875
2026-01-15 09:10:00+00:00,96651.1796875,3335.108154296875
2026-01-15 09:11:00+00:00,96624.984375,3334.95263671875
2026-01-15 09:12:00+00:00,96591.984375,3333.6064453125
2026-01-15 09:13:00+00:00,96599.0078125,3332.7412109375
2026-01-15 09:14:00+00:00,96589.21875,3332.132568359375
2026-01-15 09:15:00+00:00,96578.7890625,3331.06298828125
2026-01-15 09:16:00+00:00,96545.96875,3330.1318359375
2026-01-15 09:17:00+00:00,96573.484375,3331.038818359375
2026-01-15 09:18:00+00:00,96600.78125,3332.962158203125
2026-01-15 09:19:00+00:00,96594.5703125,3332.796630859375
2026-01-15 09:20:00+00:00,96600.34375,3333.04833984375
2026-01-15 09:21:00+00:00,96616.3828125,3333.967529296875
2026-01-15 09:22:00+00:00,96619.8046875,3335.1650390625
2026-01-15 09:23:00+00:00,96637.75,3336.151123046875
2026-01-15 09:24:00+00:00,96601.03125,3334.649169921875
2026-01-15 09:25:00+00:00,96632.53125,3336.8291015625
2026-01-15 09:26:00+00:00,96674.0703125,3338.33544921875
2026-01-15 09:27:00+00:00,96751.3359375,3344.361083984375
2026-01-15 09:28:00+00:00,96761.2109375,3342.88427734375
2026-01-15 09:29:00+00:00,96779.1015625,3345.190185546875
2026-01-15 09:30:00+00:00,96745.7734375,3343.9921875
2026-01-15 09:31:00+00:00,96748.7265625,3344.27197265625
2026-01-15 09:32:00+00:00,96681.109375,3340.516845703125
2026-01-15 09:33:00+00:00,96740.7578125,3343.5732421875
2026-01-15 09:34:00+00:00,96752.03125,3343.804931640625
2026-01-15 09:35:00+00:00,96778.03125,3346.846923828125
2026-01-15 09:36:00+00:00,96788.8984375,3346.17919921875
2026-01-15 09:37:00+00:00,96794.9296875,3346.611328125
2026-01-15 09:38:00+00:00,96846.3203125,3351.5078125
2026-01-15 09:39:00+00:00,96863.15625,3355.20068359375
2026-01-15 09:40:00+00:00,96942.3203125,3359.28857421875
2026-01-15 09:41:00+00:00,96934.109375,3361.7587890625
2026-01-15 09:42:00+00:00,96950.75,3365.256103515625
2026-01-15 09:43:00+00:00,97026.265625,3365.137451171875
2026-01-15 09:44:00+00:00,97054.375,3367.012939453125
2026-01-15 09:45:00+00:00,97043.2265625,3368.096923828125
2026-01-15 09:46:00+00:00,97021.765625,3365.197509765625
2026-01-15 09:47:00+00:00,97003.9296875,3363.068115234375
2026-01-15 09:48:00+00:00,96999.515625,3363.38427734375
2026-01-15 09:49:00+00:00,96986.5,3365.37841796875
2026-01-15 09:50:00+00:00,96986.90625,3361.899658203125
2026-01-15 09:51:00+00:00,97052.421875,3364.52197265625
2026-01-15 09:52:00+00:00,97076.765625,3364.91650390625
2026-01-15 09:53:00+00:00,97071.9375,3364.93505859375
2026-01-15 09:54:00+00:00,97068.0078125,3367.247802734375
2026-01-15 09:55:00+00:00,97096.046875,3369.217529296875
2026-01-15 09:56:00+00:00,97150.171875,3370.601318359375
2026-01-15 09:57:00+00:00,97106.6015625,3368.921630859375
2026-01-15 09:58:00+00:00,97039.421875,3366.728515625
2026-01-15 09:59:00+00:00,97046.734375,3367.17333984375
2026-01-15 10:00:00+00:00,96994.9921875,3364.95166015625
2026-01-15 10:01:00+00:00,97013.7109375,3364.397705078125
2026-01-15 10:02:00+00:00,96997.4609375,3362.457763671875
2026-01-15 10:03:00+00:00,96997.8359375,3361.878173828125
2026-01-15 10:04:00+00:00,96942.4609375,3360.491943359375
2026-01-15 10:05:00+00:00,96920.71875,3357.450927734375
2026-01-15 10:06:00+00:00,96893.375,3358.03466796875
2026-01-15 10:07:00+00:00,96953.453125,3362.615478515625
2026-01-15 10:08:00+00:00,96936.15625,3362.27197265625
2026-01-15 10:09:00+00:00,96909.5703125,3362.8408203125
2026-01-15 10:10:00+00:00,96883.9375,3364.903076171875
2026-01-15 10:11:00+00:00,96881.9921875,3365.124755859375
2026-01-15 10:12:00+00:00,96847.609375,3363.52197265625
2026-01-15 10:13:00+00:00,96852.328125,3363.83984375
2026-01-15 10:14:00+00:00,96834.0390625,3362.865234375
2026-01-15 10:15:00+00:00,96831.4609375,3362.106689453125
2026-01-15 10:16:00+00:00,96830.6796875,3362.598388671875
2026-01-15 10:17:00+00:00,96824.0859375,3363.912109375
2026-01-15 10:18:00+00:00,96795.1171875,3362.44140625
2026-01-15 10:19:00+00:00,96788.734375,3362.509033203125
2026-01-15 10:20:00+00:00,96803.6640625,3365.484619140625
2026-01-15 10:21:00+00:00,96815.8046875,3367.910400390625
2026-01-15 10:22:00+00:00,96809.3828125,3368.533935546875
2026-01-15 10:23:00+00:00,96840.0546875,3370.68603515625
2026-01-15 10:24:00+00:00,96887.984375,3372.6865234375
2026-01-15 10:25:00+00:00,96867.125,3372.620849609375
2026-01-15 10:26:00+00:00,96867.6328125,3371.505615234375
2026-01-15 10:27:00+00:00,96837.7265625,3369.547607421875
2026-01-15 10:28:00+00:00,96825.03125,3368.934326171875
2026-01-15 10:29:00+00:00,96789.5546875,3365.31494140625
2026-01-15 10:30:00+00:00,96773.4921875,3364.759765625
2026-01-15 10:31:00+00:00,96732.1171875,3363.662841796875
2026-01-15 10:32:00+00:00,96784.734375,3365.798583984375
2026-01-15 10:33:00+00:00,96743.640625,3364.659912109375
2026-01-15 10:34:00+00:00,96742.3671875,3364.734375
2026-01-15 10:35:00+00:00,96791.75,3368.9716796875
2026-01-15 10:36:00+00:00,96779.953125,3368.044677734375
2026-01-15 10:37:00+00:00,96765.4921875,3367.51416015625
2026-01-15 10:38:00+00:00,96736.78125,3366.04345703125
2026-01-15 10:39:00+00:00,96743.21875,3365.817626953125
2026-01-15 10:40:00+00:00,96753.4921875,3366.133544921875
2026-01-15 10:41:00+00:00,96740.2890625,3365.955322265625
2026-01-15 10:42:00+00:00,96732.46875,3365.239013671875
2026-01-15 10:43:00+00:00,96720.890625,3364.47314453125
2026-01-15 10:44:00+00:00,96731.640625,3364.604248046875
2026-01-15 10:45:00+00:00,96744.3046875,3365.730224609375
2026-01-15 10:46:00+00:00,96739.3984375,3366.1376953125
2026-01-15 10:47:00+00:00,96746.0,3366.0029296875
2026-01-15 10:48:00+00:00,96753.296875,3366.10595703125
2026-01-15 10:49:00+00:00,96815.7109375,3367.66455078125
2026-01-15 10:50:00+00:00,96785.5234375,3366.265625
2026-01-15 10:51:00+00:00,96782.5703125,3365.187255859375
2026-01-15 10:52:00+00:00,96800.6015625,3366.006591796875
2026-01-15 10:53:00+00:00,96816.3359375,3366.25537109375
2026-01-15 10:54:00+00:00,96801.203125,3365.601806640625
2026-01-15 10:55:00+00:00,96816.03125,3365.96875
2026-01-15 10:57:00+00:00,96779.125,3363.466064453125
2026-01-15 10:58:00+00:00,96780.6328125,3363.141357421875
2026-01-15 10:59:00+00:00,96792.0546875,3363.36865234375
2026-01-15 11:00:00+00:00,96788.5,3363.33544921875
2026-01-15 11:01:00+00:00,96772.171875,3361.94775390625
2026-01-15 11:02:00+00:00,96795.703125,3363.268310546875
2026-01-15 11:03:00+00:00,96803.828125,3363.7919921875
2026-01-15 11:04:00+00:00,96798.2421875,3363.177001953125
2026-01-15 11:05:00+00:00,96774.765625,3361.395751953125
2026-01-15 11:06:00+00:00,96772.765625,3359.692626953125
2026-01-15 11:07:00+00:00,96768.1328125,3359.583740234375
2026-01-15 11:08:00+00:00,96716.8671875,3357.8017578125
2026-01-15 11:09:00+00:00,96733.21875,3358.447998046875
2026-01-15 11:10:00+00:00,96722.8203125,3358.173095703125
2026-01-15 11:11:00+00:00,96684.421875,3355.873779296875
2026-01-15 11:12:00+00:00,96693.4921875,3356.186279296875
2026-01-15 11:13:00+00:00,96714.171875,3357.06494140625
2026-01-15 11:14:00+00:00,96720.640625,3357.294189453125
2026-01-15 11:15:00+00:00,96716.96875,3357.28515625
2026-01-15 11:16:00+00:00,96714.796875,3357.13720703125
2026-01-15 11:17:00+00:00,96704.3515625,3356.68798828125
2026-01-15 11:18:00+00:00,96704.265625,3356.562255859375
2026-01-15 11:19:00+00:00,96692.1484375,3356.04150390625
2026-01-15 11:20:00+00:00,96744.96875,3358.064453125
2026-01-15 11:21:00+00:00,96800.53125,3361.192138671875
2026-01-15 11:22:00+00:00,96775.9765625,3359.834716796875
2026-01-15 11:23:00+00:00,96796.015625,3361.52197265625
2026-01-15 11:24:00+00:00,96790.6484375,3360.883056640625
2026-01-15 11:25:00+00:00,96774.21875,3360.039794921875
2026-01-15 11:26:00+00:00,96772.6875,3359.513916015625
2026-01-15 11:27:00+00:00,96781.734375,3359.90966796875
2026-01-15 11:28:00+00:00,96770.4609375,3359.245849609375
2026-01-15 11:29:00+00:00,96782.546875,3359.3017578125
2026-01-15 11:30:00+00:00,96792.4375,3359.618408203125
2026-01-15 11:31:00+00:00,96845.3203125,3359.82763671875
2026-01-15 11:32:00+00:00,96856.5625,3360.859130859375
2026-01-15 11:33:00+00:00,96845.8359375,3359.456298828125
2026-01-15 11:34:00+00:00,96764.40625,3353.43212890625
2026-01-15 11:35:00+00:00,96710.4921875,3349.412841796875
2026-01-15 11:36:00+00:00,96698.7890625,3349.09130859375
2026-01-15 11:37:00+00:00,96688.6484375,3348.291259765625
2026-01-15 11:38:00+00:00,96694.1171875,3348.835205078125
2026-01-15 11:39:00+00:00,96660.8359375,3347.335205078125
2026-01-15 11:40:00+00:00,96656.9765625,3348.795166015625
2026-01-15 11:41:00+00:00,96654.640625,3349.593994140625
2026-01-15 11:42:00+00:00,96662.765625,3349.82275390625
2026-01-15 11:43:00+00:00,96655.5,3349.650390625
2026-01-15 11:44:00+00:00,96643.484375,3349.59814453125
2026-01-15 11:45:00+00:00,96653.1640625,3349.519287109375
2026-01-15 11:46:00+00:00,96665.4140625,3350.349609375
2026-01-15 11:47:00+00:00,96646.5625,3350.67138671875
2026-01-15 11:48:00+00:00,96628.53125,3349.700927734375
2026-01-15 11:49:00+00:00,96578.5234375,3347.9130859375
2026-01-15 11:50:00+00:00,96577.515625,3347.408203125
2026-01-15 11:51:00+00:00,96570.375,3348.0634765625
2026-01-15 11:52:00+00:00,96582.125,3348.712890625
2026-01-15 11:53:00+00:00,96587.9296875,3349.339599609375
2026-01-15 11:54:00+00:00,96583.390625,3349.2919921875
2026-01-15 11:55:00+00:00,96563.796875,3348.801513671875
2026-01-15 11:56:00+00:00,96560.34375,3348.5380859375
2026-01-15 11:57:00+00:00,96558.1796875,3348.61376953125
2026-01-15 11:58:00+00:00,96606.4375,3349.9384765625
2026-01-15 11:59:00+00:00,96587.4453125,3349.6767578125
2026-01-15 12:00:00+00:00,96551.375,3348.79638671875
2026-01-15 12:01:00+00:00,96517.484375,3348.604248046875
2026-01-15 12:02:00+00:00,96534.90625,3348.842529296875
2026-01-15 12:03:00+00:00,96577.1796875,3350.3037109375
2026-01-15 12:04:00+00:00,96599.0234375,3351.684326171875
2026-01-15 12:05:00+00:00,96629.890625,3352.741943359375
2026-01-15 12:06:00+00:00,96618.0859375,3353.43017578125
2026-01-15 12:07:00+00:00,96622.5078125,3353.571044921875
2026-01-15 12:08:00+00:00,96614.78125,3352.765380859375
2026-01-15 12:09:00+00:00,96613.8046875,3352.37548828125
2026-01-15 12:10:00+00:00,96627.78125,3352.6396484375
2026-01-15 12:11:00+00:00,96637.890625,3353.355224609375
2026-01-15 12:12:00+00:00,96658.0078125,3354.502685546875
2026-01-15 12:13:00+00:00,96655.5,3354.13525390625
2026-01-15 12:14:00+00:00,96651.3125,3353.949462890625
2026-01-15 12:15:00+00:00,96648.0234375,3353.702880859375
2026-01-15 12:16:00+00:00,96662.875,3354.213134765625
2026-01-15 12:17:00+00:00,96648.53125,3352.368408203125
2026-01-15 12:18:00+00:00,96650.90625,3352.80908203125
2026-01-15 12:19:00+00:00,96621.4453125,3351.2314453125
2026-01-15 12:20:00+00:00,96589.8125,3349.00830078125
2026-01-15 12:21:00+00:00,96599.1171875,3348.4814453125
2026-01-15 12:22:00+00:00,96574.21875,3347.24560546875
2026-01-15 12:23:00+00:00,96531.7890625,3343.987060546875
2026-01-15 12:24:00+00:00,96586.4375,3346.63427734375
2026-01-15 12:25:00+00:00,96572.8359375,3346.29248046875
2026-01-15 12:26:00+00:00,96603.25,3347.012939453125
2026-01-15 12:27:00+00:00,96598.578125,3345.34033203125
2026-01-15 12:28:00+00:00,96615.0546875,3346.983154296875
2026-01-15 12:29:00+00:00,96600.15625,3346.1328125
2026-01-15 12:30:00+00:00,96601.140625,3345.14111328125
2026-01-15 12:31:00+00:00,96594.3515625,3344.04345703125
2026-01-15 12:32:00+00:00,96609.7578125,3344.822021484375
2026-01-15 12:33:00+00:00,96612.8203125,3345.574462890625
2026-01-15 12:34:00+00:00,96596.09375,3345.14013671875
2026-01-15 12:35:00+00:00,96640.015625,3346.684814453125
2026-01-15 12:36:00+00:00,96623.625,3346.984375
2026-01-15 12:37:00+00:00,96628.4375,3347.387451171875
2026-01-15 12:38:00+00:00,96623.7578125,3347.162353515625
2026-01-15 12:40:00+00:00,96622.71875,3347.808837890625
2026-01-15 12:41:00+00:00,96624.46875,3349.057373046875
2026-01-15 12:42:00+00:00,96640.4453125,3349.914794921875
2026-01-15 12:43:00+00:00,96646.4453125,3350.757568359375
2026-01-15 12:44:00+00:00,96703.5390625,3355.004150390625
2026-01-15 12:45:00+00:00,96722.6015625,3356.647705078125
2026-01-15 12:46:00+00:00,96733.6640625,3359.211181640625
2026-01-15 12:47:00+00:00,96741.8359375,3359.03271484375
2026-01-15 12:48:00+00:00,96744.1484375,3359.086181640625
2026-01-15 12:49:00+00:00,96755.1875,3358.767578125
2026-01-15 12:50:00+00:00,96746.65625,3358.751220703125
2026-01-15 12:51:00+00:00,96757.84375,3357.44091796875
2026-01-15 12:52:00+00:00,96795.3828125,3358.872802734375
2026-01-15 12:53:00+00:00,96797.5859375,3361.056884765625
2026-01-15 12:54:00+00:00,96854.3828125,3365.298583984375
2026-01-15 12:55:00+00:00,96917.5703125,3367.646728515625
2026-01-15 12:56:00+00:00,96861.3125,3365.926513671875
2026-01-15 12:57:00+00:00,96881.3203125,3366.38818359375
2026-01-15 12:58:00+00:00,96913.8828125,3367.733154296875
2026-01-15 12:59:00+00:00,96940.3046875,3368.1640625
2026-01-15 13:00:00+00:00,96946.40625,3368.348388671875
2026-01-15 13:01:00+00:00,96957.265625,3368.578857421875
2026-01-15 13:02:00+00:00,96939.078125,3367.58349609375
2026-01-15 13:03:00+00:00,96874.28125,3363.556396484375
2026-01-15 13:04:00+00:00,96874.671875,3363.3408203125
2026-01-15 13:05:00+00:00,96879.625,3362.947021484375
2026-01-15 13:06:00+00:00,96881.9765625,3363.609619140625
2026-01-15 13:07:00+00:00,96852.8828125,3362.22509765625
2026-01-15 13:08:00+00:00,96867.484375,3362.166259765625
2026-01-15 13:09:00+00:00,96855.7265625,3361.964111328125
2026-01-15 13:10:00+00:00,96843.0703125,3361.149169921875
2026-01-15 13:11:00+00:00,96851.6328125,3361.40283203125
2026-01-15 13:12:00+00:00,96841.3828125,3361.115966796875
2026-01-15 13:13:00+00:00,96839.8359375,3360.87890625
2026-01-15 13:14:00+00:00,96823.4921875,3360.122314453125
2026-01-15 13:15:00+00:00,96836.8671875,3360.130126953125
2026-01-15 13:16:00+00:00,96855.7265625,3361.808837890625
2026-01-15 13:17:00+00:00,96914.90625,3364.334716796875
2026-01-15 13:18:00+00:00,96902.953125,3364.156494140625
2026-01-15 13:19:00+00:00,96890.8828125,3364.719970703125
2026-01-15 13:20:00+00:00,96907.734375,3365.6787109375
2026-01-15 13:21:00+00:00,96893.203125,3365.5380859375
2026-01-15 13:22:00+00:00,96877.640625,3365.707763671875
2026-01-15 13:23:00+00:00,96875.375,3365.624267578125
2026-01-15 13:24:00+00:00,96868.515625,3365.175537109375
2026-01-15 13:25:00+00:00,96873.9453125,3365.74072265625
2026-01-15 13:26:00+00:00,96876.8359375,3366.00146484375
2026-01-15 13:27:00+00:00,96917.8515625,3369.9228515625
2026-01-15 13:28:00+00:00,96938.0390625,3370.625244140625
2026-01-15 13:29:00+00:00,96900.453125,3370.083740234375
2026-01-15 13:30:00+00:00,96904.1484375,3370.0341796875
2026-01-15 13:31:00+00:00,96840.96875,3368.1826171875
2026-01-15 13:32:00+00:00,96675.3359375,3361.009765625
2026-01-15 13:33:00+00:00,96670.8359375,3360.485107421875
2026-01-15 13:34:00+00:00,96669.640625,3360.61865234375
2026-01-15 13:35:00+00:00,96611.4453125,3357.959716796875
2026-01-15 13:36:00+00:00,96619.3046875,3358.06591796875
2026-01-15 13:37:00+00:00,96684.2109375,3361.3291015625
2026-01-15 13:38:00+00:00,96688.8359375,3361.589111328125
2026-01-15 13:39:00+00:00,96711.1015625,3363.137939453125
2026-01-15 13:40:00+00:00,96690.484375,3362.403564453125
2026-01-15 13:41:00+00:00,96700.484375,3364.26171875
2026-01-15 13:42:00+00:00,96696.03125,3364.554931640625
2026-01-15 13:43:00+00:00,96712.0,3365.758544921875
2026-01-15 13:44:00+00:00,96751.734375,3368.74169921875
2026-01-15 13:45:00+00:00,96742.484375,3367.492919921875
2026-01-15 13:46:00+00:00,96762.5625,3368.459716796875
2026-01-15 13:47:00+00:00,96820.0703125,3370.44482421875
2026-01-15 13:48:00+00:00,96851.6484375,3372.195068359375
2026-01-15 13:49:00+00:00,96955.3515625,3377.5771484375
2026-01-15 13:50:00+00:00,96963.1875,3381.73095703125
2026-01-15 13:51:00+00:00,96965.6953125,3378.63671875
2026-01-15 13:52:00+00:00,96944.4140625,3377.46044921875
2026-01-15 13:53:00+00:00,96908.09375,3375.499267578125
2026-01-15 13:54:00+00:00,96847.4375,3373.474365234375
2026-01-15 13:55:00+00:00,96868.703125,3374.509765625
2026-01-15 13:56:00+00:00,96876.703125,3374.899169921875
2026-01-15 13:57:00+00:00,96864.6875,3373.2802734375
2026-01-15 13:58:00+00:00,96847.3828125,3372.37158203125
2026-01-15 13:59:00+00:00,96817.375,3370.486572265625
2026-01-15 14:00:00+00:00,96811.3046875,3369.9853515625
2026-01-15 14:01:00+00:00,96834.78125,3370.7900390625
2026-01-15 14:02:00+00:00,96832.2890625,3371.284423828125
2026-01-15 14:03:00+00:00,96881.796875,3373.139892578125
2026-01-15 14:04:00+00:00,96931.8671875,3374.177734375
2026-01-15 14:05:00+00:00,96954.140625,3374.5234375
2026-01-15 14:06:00+00:00,96968.2890625,3374.41455078125
2026-01-15 14:07:00+00:00,96949.2109375,3371.914794921875
2026-01-15 14:08:00+00:00,96950.5,3372.15283203125
2026-01-15 14:09:00+00:00,96979.40625,3374.490478515625
2026-01-15 14:10:00+00:00,97021.3125,3377.663818359375
2026-01-15 14:11:00+00:00,97046.578125,3379.026123046875
2026-01-15 14:12:00+00:00,97083.2890625,3379.8134765625
2026-01-15 14:13:00+00:00,97048.5546875,3378.144287109375
2026-01-15 14:14:00+00:00,97092.859375,3379.90576171875
2026-01-15 14:15:00+00:00,97097.1171875,3379.977783203125
2026-01-15 14:16:00+00:00,97061.6640625,3377.645263671875
2026-01-15 14:17:00+00:00,97047.5390625,3377.197265625
2026-01-15 14:18:00+00:00,96990.28125,3375.02734375
2026-01-15 14:19:00+00:00,97010.625,3375.21044921875
2026-01-15 14:20:00+00:00,96991.3359375,3374.635498046875
2026-01-15 14:21:00+00:00,96949.140625,3374.634521484375
2026-01-15 14:22:00+00:00,96911.796875,3373.1279296875
2026-01-15 14:23:00+00:00,96865.8828125,3371.881103515625
2026-01-15 14:24:00+00:00,96776.9921875,3368.289794921875
2026-01-15 14:25:00+00:00,96764.40625,3368.46240234375
2026-01-15 14:26:00+00:00,96743.703125,3367.225341796875
2026-01-15 14:27:00+00:00,96810.0625,3371.23095703125
2026-01-15 14:28:00+00:00,96801.34375,3370.809814453125
2026-01-15 14:29:00+00:00,96719.7734375,3367.323974609375
2026-01-15 14:30:00+00:00,96748.4453125,3366.44921875
2026-01-15 14:31:00+00:00,96773.765625,3365.271484375
2026-01-15 14:32:00+00:00,96727.65625,3367.068115234375
2026-01-15 14:33:00+00:00,96619.109375,3358.60595703125
2026-01-15 14:34:00+00:00,96628.6171875,3359.9755859375
2026-01-15 14:35:00+00:00,96522.3984375,3357.83544921875
2026-01-15 14:36:00+00:00,96448.2265625,3356.922119140625
2026-01-15 14:37:00+00:00,96306.515625,3352.447509765625
2026-01-15 14:38:00+00:00,96396.0546875,3353.565673828125
2026-01-15 14:39:00+00:00,96181.40625,3345.586669921875
2026-01-15 14:40:00+00:00,96164.625,3342.623046875
2026-01-15 14:41:00+00:00,96104.625,3339.884765625
2026-01-15 14:42:00+00:00,96026.671875,3337.790771484375
2026-01-15 14:43:00+00:00,95985.2421875,3337.02880859375
2026-01-15 14:44:00+00:00,95929.7578125,3336.412841796875
2026-01-15 14:45:00+00:00,95816.2734375,3333.602294921875
2026-01-15 14:46:00+00:00,95707.84375,3328.48046875
2026-01-15 14:47:00+00:00,95627.9453125,3324.467529296875
2026-01-15 14:48:00+00:00,95670.5078125,3326.613037109375
2026-01-15 14:49:00+00:00,95797.1171875,3334.512451171875
2026-01-15 14:50:00+00:00,95976.796875,3343.17919921875
2026-01-15 14:52:00+00:00,96011.625,3342.38720703125
2026-01-15 14:53:00+00:00,95962.40625,3340.662841796875
2026-01-15 14:54:00+00:00,96130.4140625,3348.185546875
2026-01-15 14:55:00+00:00,96271.828125,3353.947265625
2026-01-15 14:57:00+00:00,96150.6171875,3348.9072265625
2026-01-15 14:58:00+00:00,96043.9609375,3342.466796875
2026-01-15 14:59:00+00:00,96019.609375,3340.79736328125
2026-01-15 15:00:00+00:00,96027.8515625,3341.322998046875
2026-01-15 15:02:00+00:00,96206.9921875,3347.9658203125
2026-01-15 15:03:00+00:00,96206.140625,3347.918212890625
2026-01-15 15:04:00+00:00,96122.875,3344.024169921875
2026-01-15 15:05:00+00:00,96090.2421875,3342.182373046875
2026-01-15 15:06:00+00:00,96093.40625,3342.312744140625
2026-01-15 15:07:00+00:00,96077.9765625,3343.461669921875
2026-01-15 15:08:00+00:00,95907.921875,3337.41064453125
2026-01-15 15:09:00+00:00,95972.8828125,3339.96923828125
2026-01-15 15:10:00+00:00,96249.34375,3351.585693359375
2026-01-15 15:11:00+00:00,96211.265625,3350.605224609375
2026-01-15 15:12:00+00:00,96282.515625,3353.060546875
2026-01-15 15:13:00+00:00,96275.7890625,3351.300537109375
2026-01-15 15:14:00+00:00,96226.09375,3349.276123046875
2026-01-15 15:15:00+00:00,96199.609375,3348.341796875
2026-01-15 15:16:00+00:00,96198.140625,3348.775390625
2026-01-15 15:17:00+00:00,96225.921875,3346.77294921875
2026-01-15 15:18:00+00:00,96331.9296875,3351.892578125
2026-01-15 15:19:00+00:00,96284.875,3348.739013671875
2026-01-15 15:20:00+00:00,96290.984375,3348.467041015625
2026-01-15 15:21:00+00:00,96186.8125,3344.263916015625
2026-01-15 15:22:00+00:00,96145.90625,3342.112548828125
2026-01-15 15:23:00+00:00,96117.1015625,3340.736572265625
2026-01-15 15:24:00+00:00,96036.3125,3338.034423828125
2026-01-15 15:25:00+00:00,96039.953125,3337.510009765625
2026-01-15 15:26:00+00:00,95841.8359375,3328.20556640625
2026-01-15 15:27:00+00:00,95887.0859375,3330.580322265625
2026-01-15 15:28:00+00:00,95977.2109375,3335.596435546875
2026-01-15 15:29:00+00:00,95856.5234375,3330.343994140625
2026-01-15 15:30:00+00:00,95822.90625,3330.75927734375
2026-01-15 15:31:00+00:00,95871.3046875,3333.228515625
2026-01-15 15:32:00+00:00,95896.71875,3334.0703125
2026-01-15 15:33:00+00:00,95929.640625,3335.604736328125
2026-01-15 15:34:00+00:00,95935.234375,3336.143310546875
2026-01-15 15:35:00+00:00,95928.9140625,3336.199462890625
2026-01-15 15:36:00+00:00,95956.1640625,3337.32763671875
2026-01-15 15:37:00+00:00,95883.46875,3334.565185546875
2026-01-15 15:38:00+00:00,95811.984375,3332.18408203125
2026-01-15 15:39:00+00:00,95633.40625,3320.43212890625
2026-01-15 15:40:00+00:00,95632.1328125,3319.196533203125
2026-01-15 15:41:00+00:00,95645.9453125,3318.496826171875
2026-01-15 15:42:00+00:00,95706.8828125,3320.66162109375
2026-01-15 15:43:00+00:00,95698.1953125,3320.54541015625
2026-01-15 15:44:00+00:00,95863.3203125,3326.195068359375
2026-01-15 15:45:00+00:00,95821.1171875,3324.86474609375
2026-01-15 15:46:00+00:00,95904.1640625,3327.88916015625
2026-01-15 15:47:00+00:00,95648.6640625,3309.79248046875
2026-01-15 15:48:00+00:00,95633.25,3306.730224609375
2026-01-15 15:49:00+00:00,95523.1953125,3295.11376953125
2026-01-15 15:50:00+00:00,95416.09375,3290.685546875
2026-01-15 15:51:00+00:00,95608.265625,3300.4462890625
2026-01-15 15:52:00+00:00,95559.4453125,3286.486083984375
2026-01-15 15:53:00+00:00,95559.0625,3290.129638671875
2026-01-15 15:54:00+00:00,95640.9296875,3293.531494140625
2026-01-15 15:55:00+00:00,95637.3125,3294.5341796875
2026-01-15 15:56:00+00:00,95689.2890625,3298.2470703125
2026-01-15 15:57:00+00:00,95910.7890625,3303.808349609375
2026-01-15 15:58:00+00:00,96198.9140625,3309.39453125
2026-01-15 15:59:00+00:00,96434.890625,3316.739990234375
2026-01-15 16:00:00+00:00,96649.9453125,3327.807373046875
2026-01-15 16:01:00+00:00,96742.9921875,3327.36572265625
2026-01-15 16:03:00+00:00,96402.9453125,3318.707763671875
2026-01-15 16:04:00+00:00,96372.609375,3317.23388671875
2026-01-15 16:05:00+00:00,96525.3359375,3319.616455078125
2026-01-15 16:06:00+00:00,96388.8828125,3315.91015625
2026-01-15 16:07:00+00:00,96263.6171875,3311.095947265625
2026-01-15 16:08:00+00:00,96273.828125,3311.565673828125
2026-01-15 16:09:00+00:00,96269.9609375,3311.65673828125
2026-01-15 16:10:00+00:00,96269.1796875,3312.3447265625
2026-01-15 16:11:00+00:00,96305.015625,3315.839599609375
2026-01-15 16:12:00+00:00,96366.1328125,3319.296142578125
2026-01-15 16:13:00+00:00,96360.1015625,3317.20703125
2026-01-15 16:14:00+00:00,96321.09375,3315.750244140625
2026-01-15 16:15:00+00:00,96307.90625,3315.076904296875
2026-01-15 16:16:00+00:00,96375.25,3317.9580078125
2026-01-15 16:17:00+00:00,96438.28125,3319.351318359375
2026-01-15 16:18:00+00:00,96427.75,3319.57421875
2026-01-15 16:19:00+00:00,96369.3515625,3318.39892578125
2026-01-15 16:20:00+00:00,96382.8046875,3319.058349609375
2026-01-15 16:21:00+00:00,96397.625,3320.028076171875
2026-01-15 16:22:00+00:00,96429.4453125,3322.033935546875
2026-01-15 16:23:00+00:00,96473.671875,3323.06494140625
2026-01-15 16:24:00+00:00,96475.9453125,3323.521728515625
2026-01-15 16:25:00+00:00,96505.71875,3324.64501953125
2026-01-15 16:26:00+00:00,96462.203125,3323.163818359375
2026-01-15 16:27:00+00:00,96459.3984375,3322.832763671875
2026-01-15 16:28:00+00:00,96393.28125,3318.77392578125
2026-01-15 16:29:00+00:00,96314.5078125,3314.18310546875
2026-01-15 16:30:00+00:00,96373.1640625,3315.369873046875
2026-01-15 16:31:00+00:00,96493.7890625,3321.35009765625
2026-01-15 16:32:00+00:00,96449.9453125,3319.937255859375
2026-01-15 16:33:00+00:00,96420.7578125,3319.412353515625
2026-01-15 16:34:00+00:00,96405.1328125,3318.105224609375
2026-01-15 16:35:00+00:00,96365.8046875,3316.81787109375
2026-01-15 16:36:00+00:00,96340.2578125,3315.02294921875
2026-01-15 16:37:00+00:00,96369.6640625,3314.112060546875
2026-01-15 16:38:00+00:00,96457.8359375,3319.146240234375
2026-01-15 16:39:00+00:00,96462.5,3318.926025390625
2026-01-15 16:40:00+00:00,96475.046875,3319.508544921875
2026-01-15 16:41:00+00:00,96499.9296875,3319.359130859375
2026-01-15 16:42:00+00:00,96617.65625,3322.948974609375
2026-01-15 16:43:00+00:00,96757.4453125,3327.44677734375
2026-01-15 16:44:00+00:00,96754.4296875,3328.1416015625
2026-01-15 16:45:00+00:00,96717.8828125,3326.90966796875
2026-01-15 16:46:00+00:00,96671.3359375,3324.61376953125
2026-01-15 16:47:00+00:00,96735.921875,3327.67919921875
2026-01-15 16:48:00+00:00,96644.7265625,3326.207275390625
2026-01-15 16:49:00+00:00,96681.8046875,3327.599609375
2026-01-15 16:50:00+00:00,96663.65625,3327.6962890625
2026-01-15 16:51:00+00:00,96609.5078125,3325.38525390625
2026-01-15 16:52:00+00:00,96554.7265625,3325.246826171875
2026-01-15 16:53:00+00:00,96587.3515625,3325.577880859375
2026-01-15 16:54:00+00:00,96587.3359375,3324.04052734375
2026-01-15 16:55:00+00:00,96602.140625,3326.368896484375
2026-01-15 16:56:00+00:00,96641.390625,3326.939453125
2026-01-15 16:57:00+00:00,96664.515625,3327.056884765625
2026-01-15 16:58:00+00:00,96737.2265625,3329.83251953125
2026-01-15 16:59:00+00:00,96797.609375,3332.88818359375
2026-01-15 17:00:00+00:00,96696.2578125,3330.1865234375
2026-01-15 17:01:00+00:00,96727.859375,3331.31982421875
2026-01-15 17:02:00+00:00,96754.4765625,3334.301025390625
2026-01-15 17:03:00+00:00,96696.6640625,3332.712890625
2026-01-15 17:04:00+00:00,96636.140625,3331.118408203125
2026-01-15 17:05:00+00:00,96646.8046875,3330.567626953125
2026-01-15 17:06:00+00:00,96675.8359375,3332.40478515625
2026-01-15 17:07:00+00:00,96512.9765625,3325.590576171875
2026-01-15 17:08:00+00:00,96513.578125,3325.12060546875
2026-01-15 17:09:00+00:00,96431.859375,3320.361083984375
2026-01-15 17:10:00+00:00,96464.2734375,3320.498779296875
2026-01-15 17:11:00+00:00,96511.109375,3322.53173828125
2026-01-15 17:12:00+00:00,96534.609375,3324.133544921875
2026-01-15 17:13:00+00:00,96523.8828125,3323.835693359375
2026-01-15 17:14:00+00:00,96527.2578125,3323.47998046875
2026-01-15 17:15:00+00:00,96490.765625,3320.253662109375
2026-01-15 17:16:00+00:00,96407.2578125,3316.305419921875
2026-01-15 17:17:00+00:00,96448.6328125,3316.883544921875
2026-01-15 17:18:00+00:00,96504.078125,3319.1552734375
2026-01-15 17:19:00+00:00,96530.4921875,3321.56396484375
2026-01-15 17:20:00+00:00,96502.0859375,3321.50634765625
2026-01-15 17:21:00+00:00,96521.78125,3320.967041015625
2026-01-15 17:22:00+00:00,96537.046875,3322.2998046875
2026-01-15 17:23:00+00:00,96580.8828125,3322.739990234375
2026-01-15 17:24:00+00:00,96573.7890625,3323.88427734375
2026-01-15 17:25:00+00:00,96535.9609375,3321.8583984375
2026-01-15 17:26:00+00:00,96566.921875,3323.41552734375
2026-01-15 17:27:00+00:00,96579.96875,3323.780517578125
2026-01-15 17:28:00+00:00,96604.0703125,3325.447509765625
2026-01-15 17:29:00+00:00,96637.078125,3325.74853515625
2026-01-15 17:30:00+00:00,96642.1875,3325.318359375
2026-01-15 17:31:00+00:00,96665.65625,3326.75634765625
2026-01-15 17:32:00+00:00,96666.4375,3326.36767578125
2026-01-15 17:33:00+00:00,96677.8046875,3325.854248046875
2026-01-15 17:34:00+00:00,96688.6484375,3326.912109375
2026-01-15 17:35:00+00:00,96726.8984375,3327.49169921875
2026-01-15 17:37:00+00:00,96756.4921875,3329.450927734375
2026-01-15 17:38:00+00:00,96831.1953125,3331.8447265625
2026-01-15 17:39:00+00:00,96804.7109375,3330.14892578125
2026-01-15 17:40:00+00:00,96785.8125,3328.43603515625
2026-01-15 17:41:00+00:00,96840.53125,3328.9541015625
2026-01-15 17:42:00+00:00,96866.6015625,3328.3125
2026-01-15 17:43:00+00:00,97015.3515625,3330.6240234375
2026-01-15 17:44:00+00:00,96946.25,3329.428466796875
2026-01-15 17:45:00+00:00,96919.8671875,3329.419677734375
2026-01-15 17:46:00+00:00,96936.2578125,3330.13232421875
2026-01-15 17:47:00+00:00,96911.0703125,3330.275146484375
2026-01-15 17:48:00+00:00,96936.546875,3329.2763671875
2026-01-15 17:49:00+00:00,96996.8359375,3329.428955078125
2026-01-15 17:50:00+00:00,96823.859375,3319.120849609375
2026-01-15 17:51:00+00:00,96781.65625,3317.786865234375
2026-01-15 17:52:00+00:00,96792.546875,3317.90087890625
2026-01-15 17:53:00+00:00,96787.09375,3318.12890625
2026-01-15 17:54:00+00:00,96664.4453125,3306.078857421875
2026-01-15 17:55:00+00:00,96630.5,3303.629150390625
2026-01-15 17:56:00+00:00,96565.1796875,3301.75341796875
2026-01-15 17:57:00+00:00,96556.328125,3302.64990234375
2026-01-15 17:58:00+00:00,96573.84375,3303.78173828125
2026-01-15 17:59:00+00:00,96598.6328125,3304.694091796875
2026-01-15 18:00:00+00:00,96548.8515625,3299.1123046875
2026-01-15 18:01:00+00:00,96545.171875,3300.253662109375
2026-01-15 18:02:00+00:00,96519.421875,3300.864990234375
2026-01-15 18:03:00+00:00,96554.703125,3302.475830078125
2026-01-15 18:04:00+00:00,96524.375,3301.431640625
2026-01-15 18:05:00+00:00,96546.5703125,3303.223876953125
2026-01-15 18:06:00+00:00,96522.7890625,3299.82763671875
2026-01-15 18:07:00+00:00,96550.078125,3300.128662109375
2026-01-15 18:08:00+00:00,96570.9765625,3300.65087890625
2026-01-15 18:09:00+00:00,96555.1015625,3300.33642578125
2026-01-15 18:10:00+00:00,96531.625,3295.77490234375
2026-01-15 18:11:00+00:00,96234.6171875,3292.613037109375
2026-01-15 18:13:00+00:00,96127.078125,3287.657470703125
2026-01-15 18:14:00+00:00,96132.4375,3288.119873046875
2026-01-15 18:16:00+00:00,96223.078125,3295.644287109375
2026-01-15 18:17:00+00:00,96152.9453125,3293.00634765625
2026-01-15 18:18:00+00:00,96125.5546875,3291.1953125
2026-01-15 18:19:00+00:00,96098.8671875,3291.234375
2026-01-15 18:20:00+00:00,96063.15625,3290.66357421875
2026-01-15 18:21:00+00:00,96095.0859375,3291.26318359375
2026-01-15 18:22:00+00:00,96079.0625,3291.459228515625
2026-01-15 18:23:00+00:00,96010.0234375,3288.471435546875
2026-01-15 18:24:00+00:00,96053.921875,3290.117431640625
2026-01-15 18:25:00+00:00,96074.171875,3291.529052734375
2026-01-15 18:26:00+00:00,96102.3671875,3292.605224609375
2026-01-15 18:27:00+00:00,96098.6796875,3293.0693359375
2026-01-15 18:28:00+00:00,96117.359375,3299.88525390625
2026-01-15 18:29:00+00:00,96133.265625,3300.527099609375
2026-01-15 18:30:00+00:00,96131.96875,3300.124755859375
2026-01-15 18:31:00+00:00,96141.2421875,3300.24609375
2026-01-15 18:32:00+00:00,96111.1328125,3303.291259765625
2026-01-15 18:33:00+00:00,96028.671875,3299.598876953125
2026-01-15 18:34:00+00:00,95964.34375,3297.155029296875
2026-01-15 18:35:00+00:00,95980.71875,3297.662353515625
2026-01-15 18:36:00+00:00,96022.796875,3298.15869140625
2026-01-15 18:37:00+00:00,95995.5390625,3296.58349609375
2026-01-15 18:39:00+00:00,95946.9609375,3292.69580078125
2026-01-15 18:40:00+00:00,95900.015625,3290.662109375
2026-01-15 18:41:00+00:00,95838.1171875,3288.548095703125
2026-01-15 18:42:00+00:00,95815.328125,3280.26953125
2026-01-15 18:43:00+00:00,95898.625,3284.120849609375
2026-01-15 18:44:00+00:00,95890.984375,3286.032958984375
2026-01-15 18:45:00+00:00,95991.828125,3290.6328125
2026-01-15 18:46:00+00:00,95963.203125,3288.675537109375
2026-01-15 18:47:00+00:00,95920.7890625,3286.1767578125
2026-01-15 18:49:00+00:00,95872.234375,3284.0390625
2026-01-15 18:50:00+00:00,95893.6328125,3284.533203125
2026-01-15 18:51:00+00:00,95828.421875,3281.23193359375
2026-01-15 18:52:00+00:00,95811.3046875,3280.596435546875
2026-01-15 18:54:00+00:00,95832.6171875,3285.15869140625
2026-01-15 18:55:00+00:00,95803.421875,3286.140625
2026-01-15 18:57:00+00:00,95889.453125,3292.08837890625
2026-01-15 18:58:00+00:00,95795.046875,3288.426513671875
2026-01-15 18:59:00+00:00,95793.5625,3285.79296875
2026-01-15 19:00:00+00:00,95797.9609375,3286.40869140625
2026-01-15 19:01:00+00:00,95768.9296875,3285.222900390625
2026-01-15 19:02:00+00:00,95664.234375,3283.677978515625
2026-01-15 19:03:00+00:00,95571.8125,3277.814453125
2026-01-15 19:04:00+00:00,95609.875,3280.966552734375
2026-01-15 19:05:00+00:00,95680.5078125,3284.802978515625
2026-01-15 19:06:00+00:00,95733.3671875,3287.307373046875
2026-01-15 19:07:00+00:00,95793.28125,3290.306640625
2026-01-15 19:08:00+00:00,95757.890625,3288.931396484375
2026-01-15 19:09:00+00:00,95777.421875,3288.281494140625
2026-01-15 19:10:00+00:00,95784.59375,3289.246337890625
2026-01-15 19:11:00+00:00,95882.234375,3293.1572265625
2026-01-15 19:12:00+00:00,95835.0625,3291.083740234375
2026-01-15 19:13:00+00:00,95771.3125,3289.04638671875
2026-01-15 19:14:00+00:00,95792.578125,3288.7666015625
2026-01-15 19:15:00+00:00,95774.6171875,3289.020263671875
2026-01-15 19:16:00+00:00,95707.2578125,3289.5283203125
2026-01-15 19:17:00+00:00,95733.96875,3292.86328125
2026-01-15 19:18:00+00:00,95781.5546875,3295.10791015625
2026-01-15 19:19:00+00:00,95821.15625,3295.60595703125
2026-01-15 19:20:00+00:00,95835.1796875,3295.933349609375
2026-01-15 19:21:00+00:00,95738.234375,3293.236328125
2026-01-15 19:22:00+00:00,95761.6875,3294.52392578125
2026-01-15 19:23:00+00:00,95762.4453125,3294.220703125
2026-01-15 19:24:00+00:00,95633.875,3290.990966796875
2026-01-15 19:25:00+00:00,95553.15625,3288.777099609375
2026-01-15 19:26:00+00:00,95583.78125,3290.109375
2026-01-15 19:27:00+00:00,95461.7265625,3284.747802734375
2026-01-15 19:28:00+00:00,95501.6484375,3286.408935546875
2026-01-15 19:29:00+00:00,95467.6484375,3285.204833984375
2026-01-15 19:30:00+00:00,95467.78125,3287.078125
2026-01-15 19:31:00+00:00,95438.3046875,3285.66064453125
2026-01-15 19:32:00+00:00,95284.75,3285.724853515625
2026-01-15 19:33:00+00:00,95351.4375,3288.944580078125
2026-01-15 19:34:00+00:00,95481.1015625,3294.145263671875
2026-01-15 19:35:00+00:00,95513.578125,3296.02880859375
2026-01-15 19:36:00+00:00,95424.890625,3292.82080078125
2026-01-15 19:37:00+00:00,95408.2421875,3291.86865234375
2026-01-15 19:38:00+00:00,95388.9765625,3291.280517578125
2026-01-15 19:39:00+00:00,95371.4765625,3290.211181640625
2026-01-15 19:40:00+00:00,95351.796875,3288.9482421875
2026-01-15 19:41:00+00:00,95354.953125,3289.291748046875
2026-01-15 19:42:00+00:00,95335.765625,3287.27978515625
2026-01-15 19:43:00+00:00,95303.6484375,3285.5771484375
2026-01-15 19:44:00+00:00,95309.828125,3286.316162109375
2026-01-15 19:45:00+00:00,95349.9453125,3287.29052734375
2026-01-15 19:46:00+00:00,95369.6875,3288.3037109375
2026-01-15 19:47:00+00:00,95409.9609375,3290.165771484375
2026-01-15 19:48:00+00:00,95426.765625,3291.236328125
2026-01-15 19:49:00+00:00,95476.7421875,3291.939697265625
2026-01-15 19:50:00+00:00,95529.0390625,3294.48828125
2026-01-15 19:51:00+00:00,95593.421875,3296.14111328125
2026-01-15 19:52:00+00:00,95595.265625,3296.336669921875
2026-01-15 19:53:00+00:00,95554.1484375,3295.8115234375
2026-01-15 19:54:00+00:00,95544.1328125,3295.095947265625
2026-01-15 19:55:00+00:00,95530.109375,3294.509521484375
2026-01-15 19:56:00+00:00,95491.1484375,3293.2880859375
2026-01-15 19:57:00+00:00,95473.21875,3292.5869140625
2026-01-15 19:59:00+00:00,95411.0859375,3292.256591796875
2026-01-15 20:01:00+00:00,95423.5546875,3293.001953125
2026-01-15 20:02:00+00:00,95438.03125,3294.52587890625
2026-01-15 20:03:00+00:00,95507.703125,3298.936279296875
2026-01-15 20:04:00+00:00,95533.390625,3299.5087890625
2026-01-15 20:06:00+00:00,95607.8984375,3304.005126953125
2026-01-15 20:08:00+00:00,95464.125,3296.2265625
2026-01-15 20:09:00+00:00,95511.359375,3298.7529296875
2026-01-15 20:10:00+00:00,95535.46875,3299.701904296875
2026-01-15 20:11:00+00:00,95450.671875,3295.568359375
2026-01-15 20:12:00+00:00,95521.9765625,3298.372314453125
2026-01-15 20:14:00+00:00,95521.4609375,3298.39208984375
2026-01-15 20:15:00+00:00,95519.1875,3298.424560546875
2026-01-15 20:16:00+00:00,95519.6171875,3297.880126953125
2026-01-15 20:17:00+00:00,95509.5703125,3297.683349609375
2026-01-15 20:18:00+00:00,95504.8671875,3296.965087890625
2026-01-15 20:19:00+00:00,95529.5859375,3297.385009765625
2026-01-15 20:21:00+00:00,95381.2109375,3290.112060546875
2026-01-15 20:22:00+00:00,95361.78125,3288.70947265625
2026-01-15 20:23:00+00:00,95405.0546875,3291.10107421875
2026-01-15 20:24:00+00:00,95402.0390625,3291.012451171875
2026-01-15 20:25:00+00:00,95373.109375,3289.9404296875
2026-01-15 20:26:00+00:00,95314.046875,3287.48046875
2026-01-15 20:27:00+00:00,95289.1015625,3287.39599609375
2026-01-15 20:28:00+00:00,95297.4296875,3287.933837890625
2026-01-15 20:29:00+00:00,95174.6875,3284.385498046875
2026-01-15 20:30:00+00:00,95157.9453125,3285.0517578125
2026-01-15 20:31:00+00:00,95171.3359375,3285.753173828125
2026-01-15 20:32:00+00:00,95138.4453125,3285.074951171875
2026-01-15 20:33:00+00:00,95123.125,3286.1904296875
2026-01-15 20:34:00+00:00,95122.4296875,3286.07421875
2026-01-15 20:35:00+00:00,95112.25,3285.8583984375
2026-01-15 20:36:00+00:00,95245.6875,3290.802001953125
2026-01-15 20:37:00+00:00,95324.40625,3291.592041015625
2026-01-15 20:39:00+00:00,95280.71875,3287.509521484375
2026-01-15 20:40:00+00:00,95265.484375,3286.756103515625
2026-01-15 20:41:00+00:00,95259.390625,3284.654296875
2026-01-15 20:42:00+00:00,95279.09375,3284.271484375
2026-01-15 20:43:00+00:00,95287.546875,3284.816650390625
2026-01-15 20:44:00+00:00,95254.8046875,3283.0224609375
2026-01-15 20:45:00+00:00,95232.875,3281.98486328125
2026-01-15 20:46:00+00:00,95248.1328125,3282.6435546875
2026-01-15 20:47:00+00:00,95243.015625,3282.814208984375
2026-01-15 20:48:00+00:00,95230.7890625,3280.63427734375
2026-01-15 20:49:00+00:00,95201.6171875,3278.546875
2026-01-15 20:50:00+00:00,95123.65625,3277.148681640625
2026-01-15 20:51:00+00:00,95133.40625,3279.79052734375
2026-01-15 20:52:00+00:00,95182.703125,3281.464111328125
2026-01-15 20:53:00+00:00,95200.296875,3281.971435546875
2026-01-15 20:54:00+00:00,95254.296875,3285.287353515625
2026-01-15 20:55:00+00:00,95249.328125,3285.151123046875
2026-01-15 20:56:00+00:00,95248.40625,3285.419189453125
2026-01-15 20:57:00+00:00,95230.75,3284.92919921875
2026-01-15 20:58:00+00:00,95213.71875,3284.71826171875
2026-01-15 20:59:00+00:00,95143.53125,3284.2412109375
2026-01-15 21:00:00+00:00,95177.4765625,3285.48779296875
2026-01-15 21:01:00+00:00,95166.8515625,3283.848388671875
2026-01-15 21:02:00+00:00,95309.2734375,3289.124755859375
2026-01-15 21:03:00+00:00,95399.375,3292.60302734375
2026-01-15 21:04:00+00:00,95364.5625,3292.390625
2026-01-15 21:05:00+00:00,95342.4375,3293.61181640625
2026-01-15 21:06:00+00:00,95324.1015625,3293.9912109375
2026-01-15 21:07:00+00:00,95301.984375,3293.77880859375
2026-01-15 21:08:00+00:00,95294.6015625,3290.609619140625
2026-01-15 21:09:00+00:00,95287.1640625,3290.197021484375
2026-01-15 21:10:00+00:00,95278.640625,3290.064453125
2026-01-15 21:11:00+00:00,95275.4765625,3289.623291015625
2026-01-15 21:12:00+00:00,95285.625,3290.76953125
2026-01-15 21:13:00+00:00,95289.78125,3292.867919921875
2026-01-15 21:14:00+00:00,95287.546875,3291.269775390625
2026-01-15 21:15:00+00:00,95284.8984375,3291.63623046875
2026-01-15 21:16:00+00:00,95298.53125,3292.288330078125
2026-01-15 21:17:00+00:00,95303.6875,3292.363037109375
2026-01-15 21:18:00+00:00,95342.3203125,3293.282958984375
2026-01-15 21:19:00+00:00,95327.6953125,3293.173583984375
2026-01-15 21:20:00+00:00,95315.4765625,3292.99609375
2026-01-15 21:21:00+00:00,95338.9140625,3294.798095703125
2026-01-15 21:22:00+00:00,95361.96875,3295.877197265625
2026-01-15 21:23:00+00:00,95398.125,3296.889892578125
2026-01-15 21:24:00+00:00,95376.6328125,3296.980224609375
2026-01-15 21:25:00+00:00,95369.4296875,3296.963623046875
2026-01-15 21:26:00+00:00,95378.078125,3297.10498046875
2026-01-15 21:27:00+00:00,95389.9140625,3297.56201171875
2026-01-15 21:28:00+00:00,95390.046875,3297.615478515625
2026-01-15 21:29:00+00:00,95394.4921875,3297.751220703125
2026-01-15 21:30:00+00:00,95399.7265625,3297.7900390625
2026-01-15 21:31:00+00:00,95367.5390625,3295.8857421875
2026-01-15 21:32:00+00:00,95398.0703125,3296.269287109375
2026-01-15 21:33:00+00:00,95405.09375,3296.27490234375
2026-01-15 21:34:00+00:00,95413.4453125,3296.592529296875
2026-01-15 21:35:00+00:00,95408.9765625,3297.05224609375
2026-01-15 21:36:00+00:00,95423.1796875,3297.21923828125
2026-01-15 21:37:00+00:00,95431.8046875,3297.31396484375
2026-01-15 21:38:00+00:00,95436.1796875,3297.69970703125
2026-01-15 21:39:00+00:00,95442.609375,3297.870361328125
2026-01-15 21:40:00+00:00,95459.6484375,3297.810791015625
2026-01-15 21:41:00+00:00,95431.8046875,3296.344970703125
2026-01-15 21:42:00+00:00,95385.8671875,3295.494140625
2026-01-15 21:43:00+00:00,95390.3125,3295.6416015625
2026-01-15 21:44:00+00:00,95432.1015625,3298.68603515625
2026-01-15 21:45:00+00:00,95452.2890625,3298.990966796875
2026-01-15 21:46:00+00:00,95479.6171875,3298.7529296875
2026-01-15 21:47:00+00:00,95519.9140625,3299.74267578125
2026-01-15 21:49:00+00:00,95549.953125,3301.8525390625
2026-01-15 21:50:00+00:00,95575.203125,3303.10791015625
2026-01-15 21:51:00+00:00,95573.890625,3303.406494140625
2026-01-15 21:52:00+00:00,95561.640625,3302.21826171875
2026-01-15 21:53:00+00:00,95550.1171875,3300.708740234375
2026-01-15 21:54:00+00:00,95559.234375,3300.881591796875
2026-01-15 21:55:00+00:00,95526.1640625,3298.6064453125
2026-01-15 21:56:00+00:00,95534.5,3298.411865234375
2026-01-15 21:57:00+00:00,95533.0234375,3298.259765625
2026-01-15 21:58:00+00:00,95533.78125,3297.994384765625
2026-01-15 21:59:00+00:00,95548.5234375,3298.0712890625
2026-01-15 22:00:00+00:00,95553.2109375,3298.069580078125
2026-01-15 22:01:00+00:00,95552.34375,3299.234375
2026-01-15 22:02:00+00:00,95531.2421875,3299.188232421875
2026-01-15 22:03:00+00:00,95519.5546875,3299.10693359375
2026-01-15 22:04:00+00:00,95549.3046875,3299.656494140625
2026-01-15 22:05:00+00:00,95625.6640625,3302.748779296875
2026-01-15 22:06:00+00:00,95625.90625,3302.953857421875
2026-01-15 22:07:00+00:00,95638.921875,3303.341796875
2026-01-15 22:08:00+00:00,95665.4765625,3303.578369140625
2026-01-15 22:09:00+00:00,95674.6953125,3303.478515625
2026-01-15 22:10:00+00:00,95684.8671875,3304.489013671875
2026-01-15 22:11:00+00:00,95677.796875,3304.641845703125
2026-01-15 22:12:00+00:00,95655.765625,3303.83056640625
2026-01-15 22:13:00+00:00,95608.75,3302.679931640625
2026-01-15 22:14:00+00:00,95491.828125,3297.0029296875
2026-01-15 22:15:00+00:00,95530.4609375,3298.563720703125
2026-01-15 22:16:00+00:00,95472.9921875,3296.6943359375
2026-01-15 22:17:00+00:00,95482.9140625,3296.61083984375
2026-01-15 22:18:00+00:00,95485.84375,3297.060791015625
2026-01-15 22:19:00+00:00,95511.328125,3299.712158203125
2026-01-15 22:20:00+00:00,95538.3203125,3299.83203125
2026-01-15 22:22:00+00:00,95576.4921875,3301.3779296875
2026-01-15 22:23:00+00:00,95566.6875,3301.33251953125
2026-01-15 22:24:00+00:00,95566.2734375,3303.73876953125
2026-01-15 22:25:00+00:00,95596.21875,3302.71142578125
2026-01-15 22:26:00+00:00,95623.9921875,3303.812255859375
2026-01-15 22:27:00+00:00,95626.515625,3304.18994140625
2026-01-15 22:28:00+00:00,95654.09375,3304.994140625
2026-01-15 22:29:00+00:00,95688.421875,3306.9013671875
2026-01-15 22:31:00+00:00,95705.796875,3308.14697265625
2026-01-15 22:32:00+00:00,95701.8828125,3308.022705078125
2026-01-15 22:34:00+00:00,95784.0390625,3312.09423828125
2026-01-15 22:35:00+00:00,95778.8203125,3310.69189453125
2026-01-15 22:36:00+00:00,95731.4921875,3308.5087890625
2026-01-15 22:37:00+00:00,95688.734375,3307.727294921875
2026-01-15 22:39:00+00:00,95701.578125,3309.239013671875
2026-01-15 22:40:00+00:00,95736.875,3313.33251953125
2026-01-15 22:41:00+00:00,95735.484375,3316.2158203125
2026-01-15 22:42:00+00:00,95759.1015625,3316.202392578125
2026-01-15 22:43:00+00:00,95707.6328125,3312.712646484375
2026-01-15 22:44:00+00:00,95632.609375,3308.163818359375
2026-01-15 22:45:00+00:00,95632.59375,3308.504638671875
2026-01-15 22:47:00+00:00,95652.875,3309.5712890625
2026-01-15 22:48:00+00:00,95606.703125,3306.7333984375
2026-01-15 22:49:00+00:00,95606.96875,3306.755615234375
2026-01-15 22:50:00+00:00,95628.140625,3307.848876953125
2026-01-15 22:51:00+00:00,95633.0390625,3309.280029296875
2026-01-15 22:52:00+00:00,95612.7109375,3307.276123046875
2026-01-15 22:53:00+00:00,95575.9765625,3305.726318359375
2026-01-15 22:54:00+00:00,95564.59375,3305.546630859375
2026-01-15 22:55:00+00:00,95589.796875,3305.36767578125
2026-01-15 22:56:00+00:00,95567.0390625,3304.666259765625
2026-01-15 22:57:00+00:00,95531.9375,3303.46875
2026-01-15 22:59:00+00:00,95522.6484375,3305.22607421875
2026-01-15 23:00:00+00:00,95571.3046875,3308.170166015625
2026-01-15 23:02:00+00:00,95503.375,3306.3681640625
2026-01-15 23:03:00+00:00,95508.8203125,3307.151123046875
2026-01-15 23:04:00+00:00,95507.984375,3306.46142578125
2026-01-15 23:05:00+00:00,95468.78125,3304.9951171875
2026-01-15 23:06:00+00:00,95436.625,3303.823974609375
2026-01-15 23:07:00+00:00,95424.953125,3302.83251953125
2026-01-15 23:08:00+00:00,95377.84375,3301.54638671875
2026-01-15 23:09:00+00:00,95415.9140625,3302.33740234375
2026-01-15 23:10:00+00:00,95413.96875,3302.270751953125
2026-01-15 23:11:00+00:00,95453.3671875,3304.130126953125
2026-01-15 23:12:00+00:00,95465.1640625,3304.799560546875
2026-01-15 23:13:00+00:00,95469.1328125,3304.99560546875
2026-01-15 23:14:00+00:00,95466.125,3306.975830078125
2026-01-15 23:15:00+00:00,95555.1796875,3309.70458984375
2026-01-15 23:16:00+00:00,95549.203125,3309.52001953125
2026-01-15 23:17:00+00:00,95636.6328125,3311.88427734375
2026-01-15 23:18:00+00:00,95619.6953125,3312.197509765625
2026-01-15 23:19:00+00:00,95639.4609375,3313.010986328125
2026-01-15 23:20:00+00:00,95642.5859375,3313.232666015625
2026-01-15 23:21:00+00:00,95646.8359375,3313.684814453125
2026-01-15 23:22:00+00:00,95607.6875,3311.975830078125
2026-01-15 23:23:00+00:00,95632.4296875,3312.0302734375
2026-01-15 23:24:00+00:00,95647.5390625,3312.72900390625
2026-01-15 23:25:00+00:00,95656.5234375,3312.889404296875
2026-01-15 23:26:00+00:00,95663.1953125,3313.581787109375
2026-01-15 23:27:00+00:00,95662.2265625,3313.8330078125
2026-01-15 23:28:00+00:00,95655.1875,3313.8642578125
2026-01-15 23:29:00+00:00,95652.9609375,3314.220947265625
2026-01-15 23:30:00+00:00,95593.484375,3312.799072265625
2026-01-15 23:31:00+00:00,95493.0,3310.538330078125
2026-01-15 23:32:00+00:00,95482.2890625,3309.964111328125
2026-01-15 23:33:00+00:00,95472.8828125,3310.35986328125
2026-01-15 23:34:00+00:00,95487.1328125,3311.232421875
2026-01-15 23:35:00+00:00,95468.375,3310.565673828125
2026-01-15 23:36:00+00:00,95459.3125,3309.915771484375
2026-01-15 23:37:00+00:00,95459.4609375,3309.717041015625
2026-01-15 23:38:00+00:00,95464.90625,3310.831298828125
2026-01-15 23:39:00+00:00,95496.9921875,3311.641357421875
2026-01-15 23:40:00+00:00,95503.375,3312.054931640625
2026-01-15 23:41:00+00:00,95488.703125,3311.712890625
2026-01-15 23:42:00+00:00,95481.7265625,3311.14453125
2026-01-15 23:43:00+00:00,95487.1015625,3311.8310546875
2026-01-15 23:44:00+00:00,95491.09375,3312.230224609375
2026-01-15 23:45:00+00:00,95491.375,3312.35791015625
2026-01-15 23:47:00+00:00,95513.0234375,3314.481689453125
2026-01-15 23:48:00+00:00,95551.890625,3317.03857421875
2026-01-15 23:49:00+00:00,95550.0078125,3317.513916015625
2026-01-15 23:50:00+00:00,95573.375,3318.326904296875
2026-01-15 23:51:00+00:00,95574.4765625,3318.154541015625
2026-01-15 23:52:00+00:00,95554.546875,3319.353759765625
2026-01-15 23:53:00+00:00,95573.9296875,3320.035888671875
2026-01-15 23:54:00+00:00,95551.90625,3316.225830078125
2026-01-15 23:55:00+00:00,95577.4375,3317.966552734375
2026-01-15 23:56:00+00:00,95577.0390625,3317.676025390625
2026-01-15 23:57:00+00:00,95563.875,3317.4052734375
2026-01-15 23:58:00+00:00,95546.2578125,3316.51025390625
2026-01-16 00:00:00+00:00,95562.78125,3317.557373046875
2026-01-16 00:01:00+00:00,95548.1015625,3317.057861328125
2026-01-16 00:02:00+00:00,95615.5625,3319.165771484375
2026-01-16 00:03:00+00:00,95632.9296875,3320.3681640625
2026-01-16 00:04:00+00:00,95642.8515625,3320.784912109375
2026-01-16 00:05:00+00:00,95645.515625,3320.923583984375
2026-01-16 00:06:00+00:00,95655.484375,3321.16064453125
2026-01-16 00:07:00+00:00,95677.765625,3321.927734375
2026-01-16 00:08:00+00:00,95657.7890625,3320.899658203125
2026-01-16 00:09:00+00:00,95655.3203125,3320.681640625
2026-01-16 00:10:00+00:00,95623.8671875,3319.453125
2026-01-16 00:12:00+00:00,95645.34375,3319.886962890625
2026-01-16 00:14:00+00:00,95622.140625,3317.009033203125
2026-01-16 00:15:00+00:00,95626.125,3316.776611328125
2026-01-16 00:17:00+00:00,95704.75,3318.766357421875
2026-01-16 00:18:00+00:00,95705.3359375,3318.874755859375
2026-01-16 00:19:00+00:00,95723.2890625,3319.797119140625
2026-01-16 00:20:00+00:00,95721.1640625,3319.604248046875
2026-01-16 00:21:00+00:00,95714.78125,3319.492431640625
2026-01-16 00:22:00+00:00,95694.4375,3319.241943359375
2026-01-16 00:23:00+00:00,95722.296875,3320.566650390625
2026-01-16 00:24:00+00:00,95707.0078125,3321.005615234375
2026-01-16 00:26:00+00:00,95626.9609375,3319.101806640625
2026-01-16 00:27:00+00:00,95629.328125,3319.235107421875
2026-01-16 00:28:00+00:00,95640.390625,3319.449951171875
2026-01-16 00:29:00+00:00,95657.40625,3319.80859375
2026-01-16 00:30:00+00:00,95652.1640625,3319.400146484375
2026-01-16 00:31:00+00:00,95693.9140625,3321.0615234375
2026-01-16 00:32:00+00:00,95674.5859375,3320.655029296875
2026-01-16 00:33:00+00:00,95701.078125,3322.2880859375
2026-01-16 00:34:00+00:00,95697.296875,3322.1845703125
2026-01-16 00:35:00+00:00,95750.2578125,3324.831787109375
2026-01-16 00:36:00+00:00,95735.0625,3323.987548828125
2026-01-16 00:37:00+00:00,95746.1875,3324.62939453125
2026-01-16 00:39:00+00:00,95733.1328125,3324.496337890625
2026-01-16 00:40:00+00:00,95734.3046875,3324.731201171875
2026-01-16 00:41:00+00:00,95759.5625,3325.19482421875
2026-01-16 00:42:00+00:00,95724.859375,3323.52294921875
2026-01-16 00:43:00+00:00,95733.3359375,3323.334228515625
2026-01-16 00:44:00+00:00,95754.3203125,3323.892578125
2026-01-16 00:45:00+00:00,95754.1640625,3324.08203125
2026-01-16 00:46:00+00:00,95742.265625,3323.5888671875
2026-01-16 00:47:00+00:00,95706.4609375,3321.759765625
2026-01-16 00:48:00+00:00,95737.5,3323.22509765625
2026-01-16 00:49:00+00:00,95731.125,3323.236328125
2026-01-16 00:50:00+00:00,95725.4296875,3323.4326171875
2026-01-16 00:51:00+00:00,95699.9296875,3322.819091796875
2026-01-16 00:52:00+00:00,95663.828125,3321.382568359375
2026-01-16 00:53:00+00:00,95654.3671875,3321.009521484375
2026-01-16 00:54:00+00:00,95673.5703125,3321.378662109375
2026-01-16 00:55:00+00:00,95664.84375,3321.146240234375
2026-01-16 00:56:00+00:00,95611.53125,3318.793701171875
2026-01-16 00:57:00+00:00,95592.921875,3317.92724609375
2026-01-16 00:58:00+00:00,95606.1953125,3318.20458984375
2026-01-16 00:59:00+00:00,95574.8046875,3315.81103515625
2026-01-16 01:00:00+00:00,95574.0,3315.886962890625
2026-01-16 01:01:00+00:00,95589.4453125,3316.29736328125
2026-01-16 01:02:00+00:00,95577.234375,3315.104248046875
2026-01-16 01:03:00+00:00,95562.875,3314.13671875
2026-01-16 01:04:00+00:00,95557.3125,3313.972412109375
2026-01-16 01:05:00+00:00,95570.34375,3313.78466796875
2026-01-16 01:06:00+00:00,95496.8203125,3308.060546875
2026-01-16 01:07:00+00:00,95490.6484375,3308.525390625
2026-01-16 01:08:00+00:00,95502.40625,3308.86181640625
2026-01-16 01:09:00+00:00,95493.4609375,3308.042724609375
2026-01-16 01:10:00+00:00,95467.796875,3305.96826171875
2026-01-16 01:11:00+00:00,95445.6328125,3304.90673828125
2026-01-16 01:12:00+00:00,95425.015625,3302.091552734375
2026-01-16 01:13:00+00:00,95419.078125,3303.723388671875
2026-01-16 01:14:00+00:00,95418.8203125,3303.9296875
2026-01-16 01:15:00+00:00,95422.96875,3304.35888671875
2026-01-16 01:17:00+00:00,95460.3125,3305.940185546875
2026-01-16 01:18:00+00:00,95485.671875,3307.021484375
2026-01-16 01:19:00+00:00,95482.171875,3306.9638671875
2026-01-16 01:20:00+00:00,95482.5234375,3306.75927734375
2026-01-16 01:21:00+00:00,95471.1875,3306.032958984375
2026-01-16 01:22:00+00:00,95460.1328125,3305.43505859375
2026-01-16 01:23:00+00:00,95460.84375,3305.115234375
2026-01-16 01:24:00+00:00,95472.9609375,3305.852294921875
2026-01-16 01:25:00+00:00,95514.4140625,3307.666015625
2026-01-16 01:26:00+00:00,95516.5859375,3307.784423828125
2026-01-16 01:27:00+00:00,95506.453125,3307.827880859375
2026-01-16 01:28:00+00:00,95524.2421875,3308.339111328125
2026-01-16 01:29:00+00:00,95537.0625,3309.3076171875
2026-01-16 01:30:00+00:00,95582.46875,3309.744873046875
2026-01-16 01:31:00+00:00,95689.640625,3314.139404296875
2026-01-16 01:32:00+00:00,95734.1796875,3316.999755859375
2026-01-16 01:33:00+00:00,95733.25,3317.101318359375
2026-01-16 01:34:00+00:00,95736.3984375,3317.901123046875
2026-01-16 01:35:00+00:00,95724.0,3317.11474609375
2026-01-16 01:36:00+00:00,95701.8515625,3315.953857421875
2026-01-16 01:37:00+00:00,95682.8671875,3315.6435546875
2026-01-16 01:38:00+00:00,95666.125,3315.829833984375
2026-01-16 01:39:00+00:00,95650.71875,3314.180419921875
2026-01-16 01:40:00+00:00,95671.3984375,3315.379150390625
2026-01-16 01:41:00+00:00,95654.7578125,3314.91259765625
2026-01-16 01:42:00+00:00,95662.5546875,3315.396728515625
2026-01-16 01:43:00+00:00,95635.5078125,3313.735107421875
2026-01-16 01:44:00+00:00,95624.8046875,3313.294677734375
2026-01-16 01:45:00+00:00,95609.3359375,3312.745849609375
2026-01-16 01:46:00+00:00,95619.953125,3313.11083984375
2026-01-16 01:47:00+00:00,95676.7265625,3315.211669921875
2026-01-16 01:48:00+00:00,95684.78125,3315.3720703125
2026-01-16 01:49:00+00:00,95676.484375,3315.66845703125
2026-01-16 01:50:00+00:00,95697.90625,3316.345458984375
2026-01-16 01:51:00+00:00,95706.9296875,3316.820068359375
2026-01-16 01:52:00+00:00,95719.7890625,3317.098388671875
2026-01-16 01:53:00+00:00,95681.40625,3315.378173828125
2026-01-16 01:54:00+00:00,95670.46875,3315.953125
2026-01-16 01:55:00+00:00,95653.234375,3315.602294921875
2026-01-16 01:56:00+00:00,95673.4765625,3316.4345703125
2026-01-16 01:57:00+00:00,95670.953125,3316.533935546875
2026-01-16 01:58:00+00:00,95663.4765625,3316.455322265625
2026-01-16 01:59:00+00:00,95617.4609375,3313.74951171875
2026-01-16 02:00:00+00:00,95628.453125,3313.474609375
2026-01-16 02:01:00+00:00,95568.578125,3311.1376953125
2026-01-16 02:02:00+00:00,95556.1796875,3310.130615234375
2026-01-16 02:03:00+00:00,95521.25,3308.599853515625
2026-01-16 02:04:00+00:00,95504.2421875,3305.897705078125
2026-01-16 02:05:00+00:00,95441.234375,3303.269775390625
2026-01-16 02:06:00+00:00,95446.2421875,3302.57958984375
2026-01-16 02:07:00+00:00,95482.3359375,3301.905517578125
2026-01-16 02:08:00+00:00,95453.6640625,3298.130859375
2026-01-16 02:09:00+00:00,95453.046875,3297.263427734375
2026-01-16 02:11:00+00:00,95463.6875,3298.97021484375
2026-01-16 02:12:00+00:00,95463.34375,3299.536865234375
2026-01-16 02:13:00+00:00,95437.8515625,3298.859619140625
2026-01-16 02:14:00+00:00,95430.1875,3298.7099609375
2026-01-16 02:15:00+00:00,95438.703125,3299.306396484375
2026-01-16 02:16:00+00:00,95368.6171875,3294.55224609375
2026-01-16 02:17:00+00:00,95421.9765625,3296.879638671875
2026-01-16 02:18:00+00:00,95401.921875,3296.549072265625
2026-01-16 02:19:00+00:00,95396.7421875,3296.549560546875
2026-01-16 02:20:00+00:00,95416.2578125,3297.515869140625
2026-01-16 02:21:00+00:00,95377.6640625,3292.7802734375
2026-01-16 02:22:00+00:00,95404.7734375,3294.25146484375
2026-01-16 02:23:00+00:00,95418.0859375,3295.8974609375
2026-01-16 02:24:00+00:00,95427.328125,3296.540283203125
2026-01-16 02:25:00+00:00,95439.796875,3298.386962890625
2026-01-16 02:26:00+00:00,95468.40625,3300.733642578125
2026-01-16 02:27:00+00:00,95482.8828125,3303.236328125
2026-01-16 02:28:00+00:00,95524.3125,3304.12158203125
2026-01-16 02:29:00+00:00,95605.578125,3305.743408203125
2026-01-16 02:30:00+00:00,95636.4375,3306.98876953125
2026-01-16 02:31:00+00:00,95602.6953125,3305.197509765625
2026-01-16 02:32:00+00:00,95589.5546875,3303.46533203125
2026-01-16 02:33:00+00:00,95602.984375,3303.746337890625
2026-01-16 02:34:00+00:00,95594.828125,3303.30517578125
2026-01-16 02:35:00+00:00,95570.2109375,3303.088134765625
2026-01-16 02:36:00+00:00,95597.6484375,3304.124755859375
2026-01-16 02:37:00+00:00,95571.3671875,3303.0166015625
2026-01-16 02:38:00+00:00,95559.7109375,3302.715087890625
2026-01-16 02:39:00+00:00,95521.734375,3301.631103515625
2026-01-16 02:40:00+00:00,95497.625,3300.94384765625
2026-01-16 02:41:00+00:00,95508.1875,3300.876708984375
2026-01-16 02:42:00+00:00,95503.46875,3301.0078125
2026-01-16 02:43:00+00:00,95430.78125,3298.812744140625
2026-01-16 02:44:00+00:00,95444.4453125,3299.0283203125
2026-01-16 02:45:00+00:00,95440.4296875,3299.118408203125
2026-01-16 02:46:00+00:00,95456.2734375,3299.1396484375
2026-01-16 02:47:00+00:00,95463.96875,3299.046630859375
2026-01-16 02:48:00+00:00,95465.890625,3299.294921875
2026-01-16 02:49:00+00:00,95481.5703125,3299.989990234375
2026-01-16 02:50:00+00:00,95487.125,3301.558349609375
2026-01-16 02:51:00+00:00,95500.2109375,3302.005615234375
2026-01-16 02:52:00+00:00,95485.5703125,3301.5078125
2026-01-16 02:53:00+00:00,95485.15625,3300.708251953125
2026-01-16 02:54:00+00:00,95487.1796875,3300.92919921875
2026-01-16 02:55:00+00:00,95487.2734375,3300.97021484375
2026-01-16 02:56:00+00:00,95477.359375,3300.658935546875
2026-01-16 02:57:00+00:00,95489.046875,3300.95361328125
2026-01-16 02:58:00+00:00,95481.625,3301.18115234375
2026-01-16 02:59:00+00:00,95477.90625,3301.388427734375
2026-01-16 03:00:00+00:00,95466.359375,3301.532958984375
2026-01-16 03:01:00+00:00,95506.71875,3302.91748046875
2026-01-16 03:02:00+00:00,95497.765625,3302.91650390625
2026-01-16 03:03:00+00:00,95477.171875,3302.491943359375
2026-01-16 03:04:00+00:00,95484.78125,3303.527099609375
2026-01-16 03:05:00+00:00,95478.9609375,3303.0947265625
2026-01-16 03:06:00+00:00,95469.6328125,3302.9638671875
2026-01-16 03:07:00+00:00,95480.6328125,3303.420654296875
2026-01-16 03:08:00+00:00,95497.84375,3304.802490234375
2026-01-16 03:09:00+00:00,95517.140625,3305.483642578125
2026-01-16 03:10:00+00:00,95520.2734375,3305.36767578125
2026-01-16 03:11:00+00:00,95517.1015625,3304.936767578125
2026-01-16 03:12:00+00:00,95529.0078125,3304.80029296875
2026-01-16 03:13:00+00:00,95538.328125,3305.795654296875
2026-01-16 03:14:00+00:00,95537.375,3305.244384765625
2026-01-16 03:15:00+00:00,95540.3203125,3305.334716796875
2026-01-16 03:16:00+00:00,95467.59375,3302.592041015625
2026-01-16 03:17:00+00:00,95480.7890625,3302.53076171875
2026-01-16 03:18:00+00:00,95476.890625,3301.67431640625
2026-01-16 03:19:00+00:00,95498.046875,3303.17724609375
2026-01-16 03:20:00+00:00,95500.125,3303.030517578125
2026-01-16 03:21:00+00:00,95495.03125,3303.183837890625
2026-01-16 03:22:00+00:00,95463.8359375,3301.577392578125
2026-01-16 03:23:00+00:00,95500.375,3302.23779296875
2026-01-16 03:24:00+00:00,95501.296875,3302.846923828125
2026-01-16 03:25:00+00:00,95514.09375,3304.840087890625
2026-01-16 03:26:00+00:00,95503.1328125,3304.476806640625
2026-01-16 03:27:00+00:00,95465.296875,3303.578857421875
2026-01-16 03:28:00+00:00,95474.453125,3303.7490234375
2026-01-16 03:29:00+00:00,95474.8125,3303.75146484375
2026-01-16 03:30:00+00:00,95460.25,3302.54052734375
2026-01-16 03:31:00+00:00,95449.625,3301.551025390625
2026-01-16 03:32:00+00:00,95407.4375,3298.818359375
2026-01-16 03:33:00+00:00,95389.1796875,3297.66845703125
2026-01-16 03:34:00+00:00,95406.390625,3297.693603515625
2026-01-16 03:35:00+00:00,95410.5234375,3297.89404296875
2026-01-16 03:36:00+00:00,95394.890625,3297.436767578125
2026-01-16 03:37:00+00:00,95403.359375,3298.281005859375
2026-01-16 03:38:00+00:00,95427.2890625,3298.68017578125
2026-01-16 03:39:00+00:00,95403.9453125,3297.762451171875
2026-01-16 03:40:00+00:00,95385.3671875,3297.44677734375
2026-01-16 03:41:00+00:00,95402.71875,3297.88623046875
2026-01-16 03:42:00+00:00,95400.9609375,3297.175048828125
2026-01-16 03:43:00+00:00,95403.8671875,3297.67578125
2026-01-16 03:44:00+00:00,95413.5703125,3298.43701171875
2026-01-16 03:45:00+00:00,95404.0078125,3297.920654296875
2026-01-16 03:46:00+00:00,95392.265625,3297.824462890625
2026-01-16 03:47:00+00:00,95398.03125,3297.9599609375
2026-01-16 03:48:00+00:00,95393.9375,3297.664794921875
2026-01-16 03:49:00+00:00,95391.5,3297.780517578125
2026-01-16 03:50:00+00:00,95366.546875,3296.66064453125
2026-01-16 03:51:00+00:00,95365.8828125,3296.233154296875
2026-01-16 03:52:00+00:00,95354.328125,3296.45556640625
2026-01-16 03:53:00+00:00,95346.0859375,3296.7470703125
2026-01-16 03:54:00+00:00,95339.1796875,3296.784912109375
2026-01-16 03:55:00+00:00,95358.7421875,3297.622802734375
2026-01-16 03:56:00+00:00,95363.7890625,3297.730712890625
2026-01-16 03:57:00+00:00,95297.765625,3295.061279296875
2026-01-16 03:58:00+00:00,95329.4921875,3295.692138671875
2026-01-16 03:59:00+00:00,95325.96875,3294.90283203125
2026-01-16 04:00:00+00:00,95306.4375,3294.143310546875
2026-01-16 04:01:00+00:00,95305.984375,3294.419921875
2026-01-16 04:02:00+00:00,95309.96875,3295.219482421875
2026-01-16 04:03:00+00:00,95306.9296875,3294.43994140625
2026-01-16 04:04:00+00:00,95304.828125,3293.35546875
2026-01-16 04:05:00+00:00,95329.40625,3295.137939453125
2026-01-16 04:06:00+00:00,95335.0078125,3295.56982421875
2026-01-16 04:07:00+00:00,95321.890625,3295.187744140625
2026-01-16 04:08:00+00:00,95335.265625,3294.4814453125
2026-01-16 04:10:00+00:00,95332.953125,3294.5048828125
2026-01-16 04:11:00+00:00,95349.21875,3295.270751953125
2026-01-16 04:13:00+00:00,95388.3828125,3296.63671875
2026-01-16 04:14:00+00:00,95393.734375,3297.2001953125
2026-01-16 04:16:00+00:00,95406.3203125,3297.45556640625
2026-01-16 04:17:00+00:00,95470.640625,3299.699462890625
2026-01-16 04:18:00+00:00,95494.171875,3300.940185546875
2026-01-16 04:19:00+00:00,95513.1171875,3301.55224609375
2026-01-16 04:20:00+00:00,95505.0,3302.36669921875
2026-01-16 04:21:00+00:00,95471.3671875,3301.2431640625
2026-01-16 04:22:00+00:00,95418.984375,3299.33740234375
2026-01-16 04:23:00+00:00,95432.5078125,3299.098388671875
2026-01-16 04:24:00+00:00,95456.4609375,3298.91650390625
2026-01-16 04:25:00+00:00,95488.296875,3299.361572265625
2026-01-16 04:26:00+00:00,95503.2265625,3300.653564453125
2026-01-16 04:27:00+00:00,95516.9921875,3301.08984375
2026-01-16 04:28:00+00:00,95520.359375,3301.20703125
2026-01-16 04:29:00+00:00,95505.6640625,3300.998291015625
2026-01-16 04:30:00+00:00,95375.65625,3298.310546875
2026-01-16 04:31:00+00:00,95386.234375,3297.929931640625
2026-01-16 04:32:00+00:00,95343.5078125,3295.392333984375
2026-01-16 04:33:00+00:00,95343.5078125,3294.081787109375
2026-01-16 04:34:00+00:00,95309.96875,3290.040283203125
2026-01-16 04:35:00+00:00,95298.8125,3283.127685546875
2026-01-16 04:36:00+00:00,95258.703125,3282.391357421875
2026-01-16 04:37:00+00:00,95269.34375,3283.504638671875
2026-01-16 04:39:00+00:00,95220.1953125,3280.95849609375
2026-01-16 04:40:00+00:00,95239.34375,3283.583984375
2026-01-16 04:41:00+00:00,95134.15625,3276.583251953125
2026-01-16 04:42:00+00:00,95213.484375,3280.15966796875
2026-01-16 04:43:00+00:00,95220.9453125,3281.381103515625
2026-01-16 04:44:00+00:00,95213.6328125,3282.00048828125
2026-01-16 04:45:00+00:00,95198.125,3281.71875
2026-01-16 04:46:00+00:00,95248.453125,3282.855712890625
2026-01-16 04:47:00+00:00,95226.1640625,3282.9384765625
2026-01-16 04:48:00+00:00,95228.8671875,3283.51220703125
2026-01-16 04:49:00+00:00,95193.984375,3282.101318359375
2026-01-16 04:50:00+00:00,95199.78125,3282.413818359375
2026-01-16 04:51:00+00:00,95183.6953125,3281.834228515625
2026-01-16 04:52:00+00:00,95167.203125,3281.377685546875
2026-01-16 04:54:00+00:00,95135.9296875,3280.511962890625
2026-01-16 04:55:00+00:00,95150.5390625,3281.95751953125
2026-01-16 04:56:00+00:00,95150.0078125,3282.236572265625
2026-01-16 04:57:00+00:00,95135.9921875,3281.682373046875
2026-01-16 04:59:00+00:00,95125.375,3281.786865234375
2026-01-16 05:00:00+00:00,95222.0703125,3286.541748046875
2026-01-16 05:01:00+00:00,95272.2890625,3288.135986328125
2026-01-16 05:02:00+00:00,95345.0859375,3290.061279296875
2026-01-16 05:03:00+00:00,95341.0390625,3289.322998046875
2026-01-16 05:04:00+00:00,95312.7890625,3288.32177734375
2026-01-16 05:05:00+00:00,95275.6484375,3286.4453125
2026-01-16 05:06:00+00:00,95253.8046875,3284.4775390625
2026-01-16 05:07:00+00:00,95244.484375,3283.69970703125
2026-01-16 05:08:00+00:00,95302.921875,3287.838134765625
2026-01-16 05:10:00+00:00,95347.8828125,3289.44189453125
2026-01-16 05:11:00+00:00,95371.6796875,3291.357421875
2026-01-16 05:12:00+00:00,95381.703125,3292.8662109375
2026-01-16 05:13:00+00:00,95394.3828125,3292.90576171875
2026-01-16 05:14:00+00:00,95385.8984375,3291.693603515625
2026-01-16 05:15:00+00:00,95376.953125,3291.477294921875
2026-01-16 05:16:00+00:00,95375.375,3291.37939453125
2026-01-16 05:17:00+00:00,95340.765625,3289.992431640625
2026-01-16 05:18:00+00:00,95394.28125,3292.136474609375
2026-01-16 05:19:00+00:00,95334.6171875,3290.45751953125
2026-01-16 05:21:00+00:00,95310.59375,3289.714111328125
2026-01-16 05:22:00+00:00,95306.625,3290.38232421875
2026-01-16 05:23:00+00:00,95269.2265625,3288.252197265625
2026-01-16 05:24:00+00:00,95274.296875,3288.640869140625
2026-01-16 05:25:00+00:00,95262.8046875,3288.75830078125
2026-01-16 05:26:00+00:00,95242.9765625,3288.20849609375
2026-01-16 05:27:00+00:00,95256.9921875,3288.814453125
2026-01-16 05:28:00+00:00,95251.1953125,3288.8828125
2026-01-16 05:29:00+00:00,95262.4609375,3289.63818359375
2026-01-16 05:32:00+00:00,95273.734375,3290.661376953125
2026-01-16 05:33:00+00:00,95332.890625,3292.430908203125
2026-01-16 05:34:00+00:00,95313.921875,3291.848388671875
2026-01-16 05:35:00+00:00,95315.5,3291.35595703125
2026-01-16 05:36:00+00:00,95347.4609375,3292.78369140625
2026-01-16 05:37:00+00:00,95357.2734375,3293.491455078125
2026-01-16 05:39:00+00:00,95412.5546875,3297.05712890625
2026-01-16 05:40:00+00:00,95426.390625,3303.09521484375
2026-01-16 05:41:00+00:00,95457.390625,3303.68212890625
2026-01-16 05:42:00+00:00,95480.34375,3304.708984375
2026-01-16 05:43:00+00:00,95479.828125,3304.86328125
2026-01-16 05:44:00+00:00,95572.6328125,3310.01611328125
2026-01-16 05:45:00+00:00,95562.4453125,3309.977294921875
2026-01-16 05:46:00+00:00,95543.1484375,3309.5546875
2026-01-16 05:48:00+00:00,95610.6171875,3311.426025390625
2026-01-16 05:49:00+00:00,95581.2734375,3311.147705078125
2026-01-16 05:50:00+00:00,95581.828125,3310.97412109375
2026-01-16 05:51:00+00:00,95569.0390625,3311.39892578125
2026-01-16 05:52:00+00:00,95569.8828125,3310.330810546875
2026-01-16 05:53:00+00:00,95569.609375,3309.163330078125
2026-01-16 05:54:00+00:00,95587.703125,3309.34716796875
2026-01-16 05:55:00+00:00,95568.1484375,3307.806640625
2026-01-16 05:56:00+00:00,95557.265625,3308.22705078125
2026-01-16 05:57:00+00:00,95603.7578125,3308.66796875
2026-01-16 05:58:00+00:00,95605.546875,3308.540283203125
2026-01-16 05:59:00+00:00,95612.265625,3308.265625
2026-01-16 06:00:00+00:00,95613.5703125,3308.051025390625
2026-01-16 06:01:00+00:00,95643.0546875,3309.4443359375
2026-01-16 06:02:00+00:00,95645.625,3308.673828125
2026-01-16 06:03:00+00:00,95652.6640625,3308.240234375
2026-01-16 06:04:00+00:00,95661.2109375,3307.98095703125
2026-01-16 06:05:00+00:00,95660.078125,3307.66064453125
2026-01-16 06:06:00+00:00,95710.2890625,3307.32373046875
2026-01-16 06:07:00+00:00,95759.96875,3308.4755859375
2026-01-16 06:09:00+00:00,95644.0234375,3305.399658203125
2026-01-16 06:10:00+00:00,95640.8125,3305.236083984375
2026-01-16 06:11:00+00:00,95587.46875,3303.162109375
2026-01-16 06:12:00+00:00,95596.7265625,3303.556396484375
2026-01-16 06:13:00+00:00,95583.0859375,3303.108154296875
2026-01-16 06:14:00+00:00,95564.6953125,3303.52685546875
2026-01-16 06:15:00+00:00,95565.3046875,3303.2998046875
2026-01-16 06:16:00+00:00,95560.359375,3303.548095703125
2026-01-16 06:17:00+00:00,95556.1953125,3304.202392578125
2026-01-16 06:18:00+00:00,95559.859375,3304.005126953125
2026-01-16 06:19:00+00:00,95561.8671875,3304.017333984375
2026-01-16 06:20:00+00:00,95509.8984375,3301.786376953125
2026-01-16 06:21:00+00:00,95514.25,3302.174560546875
2026-01-16 06:22:00+00:00,95575.7265625,3305.605224609375
2026-01-16 06:23:00+00:00,95618.953125,3307.414794921875
2026-01-16 06:24:00+00:00,95630.3671875,3307.567138671875
2026-01-16 06:25:00+00:00,95631.0546875,3306.824462890625
2026-01-16 06:26:00+00:00,95618.2421875,3306.177978515625
2026-01-16 06:27:00+00:00,95635.6640625,3307.1845703125
2026-01-16 06:28:00+00:00,95636.0390625,3307.387451171875
2026-01-16 06:29:00+00:00,95633.1953125,3307.25537109375
2026-01-16 06:30:00+00:00,95619.46875,3306.9697265625
2026-01-16 06:31:00+00:00,95618.9375,3306.9033203125
2026-01-16 06:32:00+00:00,95620.1171875,3308.2998046875
2026-01-16 06:33:00+00:00,95603.6796875,3308.901611328125
2026-01-16 06:35:00+00:00,95627.03125,3309.168701171875
2026-01-16 06:36:00+00:00,95624.34375,3310.080322265625
2026-01-16 06:38:00+00:00,95611.796875,3309.973876953125
2026-01-16 06:39:00+00:00,95608.453125,3309.985595703125
2026-01-16 06:40:00+00:00,95611.3203125,3309.95458984375
2026-01-16 06:41:00+00:00,95655.9609375,3312.352294921875
2026-01-16 06:42:00+00:00,95662.625,3313.801513671875
2026-01-16 06:43:00+00:00,95686.4296875,3313.949951171875
2026-01-16 06:44:00+00:00,95678.234375,3313.990234375
2026-01-16 06:45:00+00:00,95675.65625,3313.90478515625
2026-01-16 06:46:00+00:00,95701.1875,3314.075927734375
2026-01-16 06:47:00+00:00,95695.2421875,3315.33154296875
2026-01-16 06:48:00+00:00,95667.9453125,3313.993896484375
2026-01-16 06:49:00+00:00,95681.3046875,3314.04052734375
2026-01-16 06:50:00+00:00,95685.6171875,3313.89453125
2026-01-16 06:51:00+00:00,95679.1015625,3313.33203125
2026-01-16 06:52:00+00:00,95663.34375,3312.66162109375
2026-01-16 06:53:00+00:00,95665.9453125,3312.50244140625
2026-01-16 06:54:00+00:00,95675.7890625,3312.779052734375
2026-01-16 06:55:00+00:00,95667.65625,3312.377685546875
2026-01-16 06:56:00+00:00,95685.359375,3312.944091796875
2026-01-16 06:57:00+00:00,95714.015625,3313.71435546875
2026-01-16 06:58:00+00:00,95709.1796875,3313.456787109375
2026-01-16 06:59:00+00:00,95710.625,3313.0703125
2026-01-16 07:00:00+00:00,95713.9140625,3313.0234375
2026-01-16 07:01:00+00:00,95713.1015625,3313.282470703125
2026-01-16 07:02:00+00:00,95700.46875,3312.6572265625
2026-01-16 07:03:00+00:00,95689.0,3311.943115234375
2026-01-16 07:04:00+00:00,95682.1875,3311.6787109375
2026-01-16 07:06:00+00:00,95736.7734375,3313.100341796875
2026-01-16 07:07:00+00:00,95689.140625,3311.55810546875
2026-01-16 07:08:00+00:00,95689.4453125,3311.419189453125
2026-01-16 07:09:00+00:00,95686.8125,3311.500732421875
2026-01-16 07:11:00+00:00,95691.59375,3312.736083984375
2026-01-16 07:12:00+00:00,95688.6640625,3313.2138671875
2026-01-16 07:13:00+00:00,95684.0390625,3313.693359375
2026-01-16 07:14:00+00:00,95686.2890625,3313.56298828125
2026-01-16 07:15:00+00:00,95685.1640625,3314.309326171875
2026-01-16 07:16:00+00:00,95667.1484375,3313.99658203125
2026-01-16 07:17:00+00:00,95643.3828125,3312.664794921875
2026-01-16 07:18:00+00:00,95636.3828125,3312.192626953125
2026-01-16 07:19:00+00:00,95643.015625,3312.085693359375
2026-01-16 07:20:00+00:00,95638.671875,3311.916259765625
2026-01-16 07:21:00+00:00,95649.3828125,3312.373291015625
2026-01-16 07:22:00+00:00,95651.7734375,3312.430419921875
2026-01-16 07:23:00+00:00,95640.625,3312.166259765625
2026-01-16 07:24:00+00:00,95650.6328125,3312.51611328125
2026-01-16 07:25:00+00:00,95640.921875,3312.9365234375
2026-01-16 07:26:00+00:00,95631.6328125,3312.938720703125
2026-01-16 07:27:00+00:00,95614.4375,3311.9208984375
2026-01-16 07:28:00+00:00,95597.328125,3309.703369140625
2026-01-16 07:29:00+00:00,95555.0859375,3307.673583984375
2026-01-16 07:31:00+00:00,95482.0390625,3302.335205078125
2026-01-16 07:32:00+00:00,95494.015625,3303.944580078125
2026-01-16 07:33:00+00:00,95500.484375,3304.100341796875
2026-01-16 07:34:00+00:00,95510.328125,3304.234375
2026-01-16 07:35:00+00:00,95515.359375,3305.34326171875
2026-01-16 07:36:00+00:00,95502.4140625,3305.110595703125
2026-01-16 07:37:00+00:00,95487.5390625,3303.577392578125
2026-01-16 07:39:00+00:00,95468.9296875,3303.104736328125
2026-01-16 07:40:00+00:00,95459.3828125,3302.937255859375
2026-01-16 07:41:00+00:00,95458.3046875,3302.91259765625
2026-01-16 07:42:00+00:00,95459.4609375,3303.162841796875
2026-01-16 07:43:00+00:00,95464.15625,3303.226806640625
2026-01-16 07:44:00+00:00,95452.953125,3303.073486328125
2026-01-16 07:45:00+00:00,95460.734375,3303.040283203125
2026-01-16 07:46:00+00:00,95479.890625,3303.97216796875
2026-01-16 07:47:00+00:00,95505.7421875,3304.812744140625
2026-01-16 07:48:00+00:00,95513.15625,3304.714599609375
2026-01-16 07:49:00+00:00,95508.6484375,3304.87646484375
2026-01-16 07:50:00+00:00,95524.2421875,3305.59521484375
2026-01-16 07:51:00+00:00,95545.8203125,3305.7998046875
2026-01-16 07:52:00+00:00,95539.40625,3304.826416015625
2026-01-16 07:53:00+00:00,95543.421875,3305.052001953125
2026-01-16 07:54:00+00:00,95552.8984375,3304.91455078125
2026-01-16 07:55:00+00:00,95565.9921875,3305.351806640625
2026-01-16 07:56:00+00:00,95614.34375,3307.1787109375
2026-01-16 07:57:00+00:00,95613.6484375,3307.2294921875
2026-01-16 07:58:00+00:00,95618.3203125,3307.470703125
2026-01-16 07:59:00+00:00,95633.5390625,3308.354736328125
2026-01-16 08:00:00+00:00,95630.6875,3308.295654296875
2026-01-16 08:01:00+00:00,95603.1015625,3308.50244140625
2026-01-16 08:02:00+00:00,95615.203125,3310.278076171875
2026-01-16 08:03:00+00:00,95605.375,3310.757568359375
2026-01-16 08:04:00+00:00,95592.5703125,3310.299560546875
2026-01-16 08:05:00+00:00,95574.125,3309.817626953125
2026-01-16 08:06:00+00:00,95541.15625,3308.1708984375
2026-01-16 08:07:00+00:00,95559.7265625,3308.661376953125
2026-01-16 08:08:00+00:00,95589.46875,3309.683837890625
2026-01-16 08:09:00+00:00,95594.5703125,3311.501953125
2026-01-16 08:10:00+00:00,95598.09375,3312.45166015625
2026-01-16 08:11:00+00:00,95630.453125,3313.661865234375
2026-01-16 08:12:00+00:00,95677.625,3317.05615234375
2026-01-16 08:13:00+00:00,95667.546875,3316.61865234375
2026-01-16 08:14:00+00:00,95679.3671875,3316.81396484375
2026-01-16 08:15:00+00:00,95673.9765625,3317.074462890625
2026-01-16 08:16:00+00:00,95678.609375,3316.833984375
2026-01-16 08:17:00+00:00,95656.9375,3315.221923828125
2026-01-16 08:18:00+00:00,95658.578125,3314.443603515625
2026-01-16 08:19:00+00:00,95685.9765625,3315.96875
2026-01-16 08:20:00+00:00,95699.1328125,3316.55810546875
2026-01-16 08:21:00+00:00,95715.3828125,3316.984130859375
2026-01-16 08:22:00+00:00,95685.5078125,3314.871826171875
2026-01-16 08:23:00+00:00,95691.984375,3315.718017578125
2026-01-16 08:24:00+00:00,95686.046875,3315.111083984375
2026-01-16 08:25:00+00:00,95680.3046875,3314.943603515625
2026-01-16 08:26:00+00:00,95688.4609375,3315.567138671875
2026-01-16 08:27:00+00:00,95708.3046875,3315.511962890625
2026-01-16 08:28:00+00:00,95713.421875,3315.426513671875
2026-01-16 08:29:00+00:00,95719.8671875,3315.48583984375
2026-01-16 08:30:00+00:00,95773.5859375,3316.152099609375
2026-01-16 08:31:00+00:00,95801.890625,3317.130126953125
2026-01-16 08:32:00+00:00,95738.859375,3315.02490234375
2026-01-16 08:33:00+00:00,95731.4921875,3315.201171875
2026-01-16 08:34:00+00:00,95739.7890625,3315.279052734375
2026-01-16 08:35:00+00:00,95728.78125,3315.109130859375
2026-01-16 08:36:00+00:00,95654.8984375,3312.54833984375
2026-01-16 08:37:00+00:00,95642.890625,3311.59033203125
2026-01-16 08:38:00+00:00,95639.65625,3311.971435546875
2026-01-16 08:39:00+00:00,95661.9140625,3313.67138671875
2026-01-16 08:40:00+00:00,95671.625,3313.8486328125
2026-01-16 08:41:00+00:00,95681.90625,3314.18603515625
2026-01-16 08:42:00+00:00,95693.5234375,3314.587646484375
2026-01-16 08:43:00+00:00,95701.609375,3314.988037109375
2026-01-16 08:44:00+00:00,95739.3984375,3316.2529296875
2026-01-16 08:45:00+00:00,95758.171875,3316.162353515625
2026-01-16 08:46:00+00:00,95694.3671875,3314.29541015625
2026-01-16 08:47:00+00:00,95666.8984375,3313.550537109375
2026-01-16 08:48:00+00:00,95665.40625,3313.77197265625
2026-01-16 08:49:00+00:00,95726.6484375,3315.9404296875
2026-01-16 08:50:00+00:00,95688.6875,3314.33544921875
2026-01-16 08:51:00+00:00,95721.28125,3315.6796875
2026-01-16 08:52:00+00:00,95723.1875,3315.02587890625
2026-01-16 08:53:00+00:00,95683.09375,3313.59033203125
2026-01-16 08:55:00+00:00,95720.125,3314.57421875
2026-01-16 08:57:00+00:00,95680.703125,3313.300048828125
2026-01-16 08:59:00+00:00,95643.59375,3312.12353515625
2026-01-16 09:01:00+00:00,95634.2265625,3311.451171875
2026-01-16 09:02:00+00:00,95647.328125,3311.951171875
2026-01-16 09:03:00+00:00,95672.5078125,3313.447021484375
2026-01-16 09:04:00+00:00,95674.4609375,3313.3779296875
2026-01-16 09:05:00+00:00,95662.875,3312.72998046875
2026-01-16 09:06:00+00:00,95680.1640625,3313.50927734375
2026-01-16 09:07:00+00:00,95703.78125,3314.2783203125
2026-01-16 09:08:00+00:00,95708.3203125,3313.457275390625
2026-01-16 09:09:00+00:00,95699.6328125,3313.20263671875
2026-01-16 09:10:00+00:00,95686.5234375,3312.426025390625
2026-01-16 09:11:00+00:00,95703.890625,3313.527587890625
2026-01-16 09:12:00+00:00,95702.0859375,3313.01416015625
2026-01-16 09:13:00+00:00,95668.0625,3311.6953125
2026-01-16 09:14:00+00:00,95672.3671875,3312.343994140625
2026-01-16 09:15:00+00:00,95664.453125,3312.035400390625
2026-01-16 09:16:00+00:00,95608.453125,3310.0927734375
2026-01-16 09:17:00+00:00,95557.2421875,3307.955078125
2026-01-16 09:18:00+00:00,95573.453125,3308.53173828125
2026-01-16 09:19:00+00:00,95562.4765625,3308.042724609375
2026-01-16 09:20:00+00:00,95566.5,3308.463134765625
2026-01-16 09:21:00+00:00,95557.09375,3308.0390625
2026-01-16 09:22:00+00:00,95567.234375,3307.885498046875
2026-01-16 09:23:00+00:00,95568.8203125,3307.57177734375
2026-01-16 09:24:00+00:00,95572.453125,3307.935546875
2026-01-16 09:25:00+00:00,95578.5078125,3307.973388671875
2026-01-16 09:26:00+00:00,95584.2109375,3308.302001953125
2026-01-16 09:27:00+00:00,95582.609375,3308.247314453125
2026-01-16 09:28:00+00:00,95594.9609375,3308.32861328125
2026-01-16 09:29:00+00:00,95615.4140625,3309.101318359375
2026-01-16 09:31:00+00:00,95643.46875,3310.212646484375
2026-01-16 09:32:00+00:00,95629.296875,3309.68603515625
2026-01-16 09:33:00+00:00,95625.0546875,3309.883056640625
2026-01-16 09:34:00+00:00,95616.140625,3309.201904296875
2026-01-16 09:35:00+00:00,95612.7578125,3308.307373046875
2026-01-16 09:36:00+00:00,95618.125,3308.505859375
2026-01-16 09:37:00+00:00,95626.6171875,3309.130126953125
2026-01-16 09:38:00+00:00,95611.8046875,3309.3076171875
2026-01-16 09:39:00+00:00,95629.125,3309.7275390625
2026-01-16 09:40:00+00:00,95626.9765625,3309.942626953125
2026-01-16 09:41:00+00:00,95622.0703125,3309.746337890625
2026-01-16 09:42:00+00:00,95628.828125,3309.914794921875
2026-01-16 09:43:00+00:00,95630.2578125,3310.044189453125
2026-01-16 09:44:00+00:00,95636.59375,3310.115966796875
2026-01-16 09:45:00+00:00,95618.046875,3309.361328125
2026-01-16 09:46:00+00:00,95618.0390625,3309.40673828125
2026-01-16 09:47:00+00:00,95584.3984375,3308.134033203125
2026-01-16 09:48:00+00:00,95590.3671875,3308.357177734375
2026-01-16 09:49:00+00:00,95574.9765625,3307.947265625
2026-01-16 09:50:00+00:00,95562.46875,3307.841796875
2026-01-16 09:51:00+00:00,95567.09375,3307.950927734375
2026-01-16 09:52:00+00:00,95577.1875,3308.02099609375
2026-01-16 09:53:00+00:00,95601.609375,3309.342529296875
2026-01-16 09:55:00+00:00,95592.03125,3308.71435546875
2026-01-16 09:57:00+00:00,95598.7421875,3308.762939453125
2026-01-16 09:59:00+00:00,95577.734375,3307.778564453125
2026-01-16 10:00:00+00:00,95573.9296875,3306.789306640625
2026-01-16 10:01:00+00:00,95587.84375,3306.8623046875
2026-01-16 10:02:00+00:00,95570.1953125,3306.865966796875
2026-01-16 10:03:00+00:00,95549.8046875,3306.0439453125
2026-01-16 10:04:00+00:00,95506.1484375,3303.321533203125
2026-01-16 10:06:00+00:00,95513.15625,3304.01171875
2026-01-16 10:07:00+00:00,95459.3046875,3301.634033203125
2026-01-16 10:08:00+00:00,95473.8359375,3302.285888671875
2026-01-16 10:09:00+00:00,95475.6875,3302.42724609375
2026-01-16 10:10:00+00:00,95486.625,3302.658447265625
2026-01-16 10:11:00+00:00,95485.4140625,3302.744873046875
2026-01-16 10:12:00+00:00,95505.8828125,3303.75146484375
2026-01-16 10:13:00+00:00,95518.375,3304.66943359375
2026-01-16 10:14:00+00:00,95516.65625,3304.628662109375
2026-01-16 10:15:00+00:00,95519.5078125,3304.74560546875
2026-01-16 10:16:00+00:00,95478.6640625,3303.495361328125
2026-01-16 10:17:00+00:00,95399.5703125,3301.178955078125
2026-01-16 10:18:00+00:00,95409.203125,3301.702392578125
2026-01-16 10:19:00+00:00,95409.234375,3301.729736328125
2026-01-16 10:20:00+00:00,95418.546875,3302.2763671875
2026-01-16 10:21:00+00:00,95434.3203125,3303.3662109375
2026-01-16 10:22:00+00:00,95432.6640625,3304.15771484375
2026-01-16 10:23:00+00:00,95432.6640625,3304.15771484375
2026-01-16 10:24:00+00:00,95385.5546875,3302.30419921875
2026-01-16 10:25:00+00:00,95376.8984375,3302.44384765625
2026-01-16 10:26:00+00:00,95393.1875,3302.8818359375
2026-01-16 10:28:00+00:00,95393.359375,3303.22705078125
2026-01-16 10:29:00+00:00,95398.9375,3303.341064453125
2026-01-16 10:30:00+00:00,95386.6953125,3303.180908203125
2026-01-16 10:31:00+00:00,95373.078125,3302.09130859375
2026-01-16 10:32:00+00:00,95379.0546875,3300.681884765625
2026-01-16 10:33:00+00:00,95372.703125,3300.18115234375
2026-01-16 10:34:00+00:00,95360.5625,3298.962158203125
2026-01-16 10:35:00+00:00,95346.015625,3298.5615234375
2026-01-16 10:36:00+00:00,95350.6171875,3298.676025390625
2026-01-16 10:37:00+00:00,95362.3515625,3299.087646484375
2026-01-16 10:39:00+00:00,95331.703125,3297.791748046875
2026-01-16 10:40:00+00:00,95293.59375,3296.0263671875
2026-01-16 10:41:00+00:00,95284.4453125,3296.152587890625
2026-01-16 10:42:00+00:00,95286.59375,3296.57373046875
2026-01-16 10:43:00+00:00,95280.71875,3296.001953125
2026-01-16 10:44:00+00:00,95268.9296875,3294.835693359375
2026-01-16 10:45:00+00:00,95320.4921875,3296.9814453125
2026-01-16 10:46:00+00:00,95351.375,3298.337646484375
2026-01-16 10:47:00+00:00,95366.078125,3298.8037109375
2026-01-16 10:48:00+00:00,95364.421875,3298.986328125
2026-01-16 10:49:00+00:00,95374.0,3299.34716796875
2026-01-16 10:50:00+00:00,95362.3125,3298.44189453125
2026-01-16 10:51:00+00:00,95322.984375,3296.57080078125
2026-01-16 10:52:00+00:00,95280.734375,3295.32080078125
2026-01-16 10:53:00+00:00,95293.53125,3294.632080078125
2026-01-16 10:54:00+00:00,95291.8046875,3294.745361328125
2026-01-16 10:55:00+00:00,95279.3984375,3293.935546875
2026-01-16 10:56:00+00:00,95292.890625,3295.798583984375
2026-01-16 10:57:00+00:00,95295.78125,3295.779052734375
2026-01-16 10:58:00+00:00,95295.78125,3295.779052734375
2026-01-16 10:59:00+00:00,95272.90625,3295.94287109375
2026-01-16 11:00:00+00:00,95273.109375,3295.999267578125
2026-01-16 11:01:00+00:00,95267.7890625,3295.806884765625
2026-01-16 11:02:00+00:00,95266.0859375,3295.812744140625
2026-01-16 11:03:00+00:00,95236.3671875,3294.873046875
2026-01-16 11:04:00+00:00,95226.6796875,3294.631591796875
2026-01-16 11:05:00+00:00,95229.578125,3295.073974609375
2026-01-16 11:06:00+00:00,95249.828125,3295.36962890625
2026-01-16 11:07:00+00:00,95270.3984375,3298.089111328125
2026-01-16 11:08:00+00:00,95279.328125,3297.889404296875
2026-01-16 11:09:00+00:00,95293.03125,3297.7236328125
2026-01-16 11:10:00+00:00,95294.5859375,3297.336669921875
2026-01-16 11:11:00+00:00,95305.8984375,3298.087646484375
2026-01-16 11:12:00+00:00,95334.5625,3299.453857421875
2026-01-16 11:13:00+00:00,95303.0,3298.646240234375
2026-01-16 11:14:00+00:00,95294.3125,3298.3994140625
2026-01-16 11:15:00+00:00,95276.3046875,3297.416748046875
2026-01-16 11:16:00+00:00,95284.0859375,3296.71044921875
2026-01-16 11:17:00+00:00,95254.078125,3295.87890625
2026-01-16 11:18:00+00:00,95231.625,3294.134765625
2026-01-16 11:19:00+00:00,95289.5625,3296.926025390625
2026-01-16 11:20:00+00:00,95323.6484375,3298.106201171875
2026-01-16 11:21:00+00:00,95312.28125,3297.4833984375
2026-01-16 11:22:00+00:00,95295.9765625,3296.047119140625
2026-01-16 11:23:00+00:00,95326.46875,3297.424072265625
2026-01-16 11:24:00+00:00,95345.9375,3297.868896484375
2026-01-16 11:25:00+00:00,95335.7890625,3298.419921875
2026-01-16 11:26:00+00:00,95318.5703125,3299.603271484375
2026-01-16 11:27:00+00:00,95322.625,3299.749267578125
2026-01-16 11:28:00+00:00,95299.0703125,3299.05126953125
2026-01-16 11:29:00+00:00,95298.0859375,3299.31103515625
2026-01-16 11:31:00+00:00,95291.5,3298.12255859375
2026-01-16 11:32:00+00:00,95300.390625,3298.92919921875
2026-01-16 11:33:00+00:00,95302.671875,3299.181396484375
2026-01-16 11:34:00+00:00,95319.625,3299.616943359375
2026-01-16 11:35:00+00:00,95334.4140625,3302.553466796875
2026-01-16 11:36:00+00:00,95354.265625,3303.905029296875
2026-01-16 11:37:00+00:00,95346.8359375,3303.7587890625
2026-01-16 11:38:00+00:00,95349.171875,3304.034912109375
2026-01-16 11:39:00+00:00,95341.8359375,3302.81005859375
2026-01-16 11:40:00+00:00,95339.3125,3301.7783203125
2026-01-16 11:41:00+00:00,95330.859375,3301.765625
2026-01-16 11:42:00+00:00,95319.2890625,3301.69384765625
2026-01-16 11:43:00+00:00,95311.7265625,3301.46728515625
2026-01-16 11:44:00+00:00,95309.65625,3299.36865234375
2026-01-16 11:45:00+00:00,95277.25,3297.431640625
2026-01-16 11:46:00+00:00,95287.859375,3297.982177734375
2026-01-16 11:47:00+00:00,95318.0546875,3299.039306640625
2026-01-16 11:48:00+00:00,95347.6015625,3300.207275390625
2026-01-16 11:49:00+00:00,95363.1171875,3300.669189453125
2026-01-16 11:50:00+00:00,95386.6171875,3301.1826171875
2026-01-16 11:51:00+00:00,95398.9765625,3302.13916015625
2026-01-16 11:52:00+00:00,95421.484375,3302.688720703125
2026-01-16 11:53:00+00:00,95431.671875,3302.85009765625
2026-01-16 11:54:00+00:00,95430.828125,3301.51953125
2026-01-16 11:55:00+00:00,95423.96875,3301.224853515625
2026-01-16 11:56:00+00:00,95375.8671875,3299.775146484375
2026-01-16 11:57:00+00:00,95396.890625,3301.146484375
2026-01-16 11:58:00+00:00,95385.2734375,3300.495361328125
2026-01-16 11:59:00+00:00,95389.3203125,3300.4013671875
2026-01-16 12:00:00+00:00,95397.6015625,3300.78759765625
2026-01-16 12:01:00+00:00,95382.96875,3300.308837890625
2026-01-16 12:02:00+00:00,95393.5703125,3300.30908203125
2026-01-16 12:04:00+00:00,95417.9453125,3301.79052734375
2026-01-16 12:05:00+00:00,95417.3203125,3301.377685546875
2026-01-16 12:06:00+00:00,95426.9296875,3301.33935546875
2026-01-16 12:07:00+00:00,95438.109375,3301.588623046875
2026-01-16 12:08:00+00:00,95424.5234375,3302.586181640625
2026-01-16 12:09:00+00:00,95430.03125,3303.15185546875
2026-01-16 12:10:00+00:00,95433.5234375,3303.476318359375
2026-01-16 12:11:00+00:00,95420.7890625,3302.87109375
2026-01-16 12:12:00+00:00,95435.046875,3304.265869140625
2026-01-16 12:13:00+00:00,95422.6953125,3304.3115234375
2026-01-16 12:14:00+00:00,95412.734375,3304.164306640625
2026-01-16 12:15:00+00:00,95424.0390625,3304.587158203125
2026-01-16 12:16:00+00:00,95450.28125,3305.47119140625
2026-01-16 12:17:00+00:00,95444.7578125,3305.29150390625
2026-01-16 12:18:00+00:00,95473.1328125,3305.994384765625
2026-01-16 12:19:00+00:00,95471.5390625,3306.2119140625
2026-01-16 12:20:00+00:00,95463.9453125,3307.287841796875
2026-01-16 12:21:00+00:00,95481.484375,3309.446044921875
2026-01-16 12:22:00+00:00,95440.625,3308.05029296875
2026-01-16 12:23:00+00:00,95473.078125,3309.059814453125
2026-01-16 12:24:00+00:00,95486.96875,3309.607177734375
2026-01-16 12:25:00+00:00,95485.5859375,3310.20166015625
2026-01-16 12:26:00+00:00,95491.1328125,3310.221923828125
2026-01-16 12:27:00+00:00,95499.34375,3310.6044921875
2026-01-16 12:29:00+00:00,95538.640625,3311.52001953125
2026-01-16 12:30:00+00:00,95531.328125,3310.943603515625
2026-01-16 12:31:00+00:00,95524.5390625,3309.65380859375
2026-01-16 12:32:00+00:00,95465.390625,3307.878173828125
2026-01-16 12:33:00+00:00,95439.2421875,3307.02392578125
2026-01-16 12:34:00+00:00,95426.90625,3306.842529296875
2026-01-16 12:35:00+00:00,95439.3125,3308.421630859375
2026-01-16 12:36:00+00:00,95405.921875,3308.514404296875
2026-01-16 12:37:00+00:00,95413.96875,3308.85498046875
2026-01-16 12:38:00+00:00,95417.4609375,3308.171142578125
2026-01-16 12:40:00+00:00,95442.671875,3309.738525390625
2026-01-16 12:41:00+00:00,95445.703125,3310.1259765625
2026-01-16 12:42:00+00:00,95487.6484375,3312.510986328125
2026-01-16 12:43:00+00:00,95464.34375,3310.687744140625
2026-01-16 12:44:00+00:00,95448.0078125,3310.1025390625
2026-01-16 12:45:00+00:00,95469.359375,3311.0009765625
2026-01-16 12:46:00+00:00,95473.0625,3311.4384765625
2026-01-16 12:47:00+00:00,95452.1484375,3310.22314453125
2026-01-16 12:48:00+00:00,95424.3515625,3308.9267578125
2026-01-16 12:49:00+00:00,95394.7578125,3307.625732421875
2026-01-16 12:50:00+00:00,95383.0703125,3307.246337890625
2026-01-16 12:51:00+00:00,95327.4375,3304.672607421875
2026-01-16 12:52:00+00:00,95358.0859375,3304.73876953125
2026-01-16 12:53:00+00:00,95357.2734375,3304.17578125
2026-01-16 12:54:00+00:00,95356.25,3304.1669921875
2026-01-16 12:55:00+00:00,95355.4375,3304.100830078125
2026-01-16 12:56:00+00:00,95378.015625,3304.516845703125
2026-01-16 12:57:00+00:00,95406.9453125,3304.9248046875
2026-01-16 12:58:00+00:00,95397.859375,3305.744140625
2026-01-16 12:59:00+00:00,95409.296875,3305.861572265625
2026-01-16 13:00:00+00:00,95415.3125,3307.026123046875
2026-01-16 13:01:00+00:00,95415.625,3307.141845703125
2026-01-16 13:02:00+00:00,95381.328125,3305.38427734375
2026-01-16 13:03:00+00:00,95404.453125,3305.95947265625
2026-01-16 13:04:00+00:00,95415.578125,3306.21484375
2026-01-16 13:05:00+00:00,95406.6796875,3305.9990234375
2026-01-16 13:06:00+00:00,95369.8515625,3304.717041015625
2026-01-16 13:07:00+00:00,95368.921875,3304.417724609375
2026-01-16 13:08:00+00:00,95365.9375,3303.798095703125
2026-01-16 13:09:00+00:00,95371.5234375,3304.73193359375
2026-01-16 13:10:00+00:00,95403.7734375,3304.879638671875
2026-01-16 13:11:00+00:00,95410.15625,3304.72998046875
2026-01-16 13:12:00+00:00,95424.296875,3305.2763671875
2026-01-16 13:13:00+00:00,95432.625,3305.6796875
2026-01-16 13:14:00+00:00,95464.4140625,3306.940185546875
2026-01-16 13:15:00+00:00,95488.6484375,3308.064208984375
2026-01-16 13:16:00+00:00,95498.5859375,3308.942626953125
2026-01-16 13:17:00+00:00,95492.296875,3308.40380859375
2026-01-16 13:18:00+00:00,95496.5234375,3308.055419921875
2026-01-16 13:19:00+00:00,95471.4375,3306.491943359375
2026-01-16 13:20:00+00:00,95467.71875,3305.836181640625
2026-01-16 13:21:00+00:00,95457.1015625,3304.1328125
2026-01-16 13:22:00+00:00,95501.875,3306.064208984375
2026-01-16 13:23:00+00:00,95509.328125,3306.4560546875
2026-01-16 13:24:00+00:00,95508.6875,3306.79833984375
2026-01-16 13:25:00+00:00,95508.484375,3306.948974609375
2026-01-16 13:26:00+00:00,95520.1171875,3307.570068359375
2026-01-16 13:27:00+00:00,95523.640625,3307.5380859375
2026-01-16 13:28:00+00:00,95515.4296875,3307.31787109375
2026-01-16 13:29:00+00:00,95521.9453125,3307.474853515625
2026-01-16 13:31:00+00:00,95494.453125,3307.0703125
2026-01-16 13:32:00+00:00,95504.421875,3307.176025390625
2026-01-16 13:33:00+00:00,95472.46875,3305.21875
2026-01-16 13:34:00+00:00,95441.53125,3303.696533203125
2026-01-16 13:35:00+00:00,95417.515625,3302.700439453125
2026-01-16 13:36:00+00:00,95434.9453125,3303.2412109375
2026-01-16 13:37:00+00:00,95410.765625,3303.022705078125
2026-01-16 13:38:00+00:00,95417.28125,3303.26025390625
2026-01-16 13:39:00+00:00,95384.3203125,3301.85791015625
2026-01-16 13:40:00+00:00,95293.8828125,3297.04638671875
2026-01-16 13:41:00+00:00,95278.5078125,3296.965087890625
2026-01-16 13:42:00+00:00,95274.6953125,3297.44091796875
2026-01-16 13:43:00+00:00,95363.21875,3301.28466796875
2026-01-16 13:44:00+00:00,95384.3515625,3304.2890625
2026-01-16 13:45:00+00:00,95387.96875,3303.156982421875
2026-01-16 13:46:00+00:00,95404.890625,3303.95068359375
2026-01-16 13:47:00+00:00,95421.15625,3304.94140625
2026-01-16 13:48:00+00:00,95400.8671875,3303.928466796875
2026-01-16 13:49:00+00:00,95447.40625,3304.498779296875
2026-01-16 13:50:00+00:00,95439.53125,3304.580078125
2026-01-16 13:51:00+00:00,95428.9609375,3304.660888671875
2026-01-16 13:52:00+00:00,95431.140625,3305.33251953125
2026-01-16 13:53:00+00:00,95394.484375,3304.861572265625
2026-01-16 13:54:00+00:00,95395.4765625,3304.736083984375
2026-01-16 13:55:00+00:00,95400.671875,3304.457275390625
2026-01-16 13:56:00+00:00,95398.9296875,3304.765625
2026-01-16 13:57:00+00:00,95399.5859375,3304.71240234375
2026-01-16 13:58:00+00:00,95414.65625,3305.824462890625
2026-01-16 13:59:00+00:00,95418.40625,3306.869384765625
2026-01-16 14:00:00+00:00,95412.2578125,3306.529296875
2026-01-16 14:01:00+00:00,95409.6796875,3307.016845703125
2026-01-16 14:02:00+00:00,95426.1171875,3308.380615234375
2026-01-16 14:03:00+00:00,95483.3828125,3310.538818359375
2026-01-16 14:05:00+00:00,95449.7109375,3309.639892578125
2026-01-16 14:06:00+00:00,95444.0234375,3307.273681640625
2026-01-16 14:07:00+00:00,95441.421875,3305.717041015625
2026-01-16 14:08:00+00:00,95407.1171875,3303.964599609375
2026-01-16 14:09:00+00:00,95412.1015625,3303.533935546875
2026-01-16 14:10:00+00:00,95417.390625,3303.7451171875
2026-01-16 14:11:00+00:00,95411.1015625,3303.575439453125
2026-01-16 14:12:00+00:00,95403.4921875,3302.77001953125
2026-01-16 14:13:00+00:00,95412.0078125,3302.267578125
2026-01-16 14:14:00+00:00,95402.34375,3302.266845703125
2026-01-16 14:15:00+00:00,95403.4140625,3302.305419921875
2026-01-16 14:16:00+00:00,95399.6484375,3302.368408203125
2026-01-16 14:17:00+00:00,95380.5390625,3302.135498046875
2026-01-16 14:18:00+00:00,95350.953125,3301.4296875
2026-01-16 14:19:00+00:00,95351.3359375,3302.642578125
2026-01-16 14:20:00+00:00,95351.90625,3303.505859375
2026-01-16 14:21:00+00:00,95387.515625,3305.015380859375
2026-01-16 14:22:00+00:00,95382.015625,3304.645263671875
2026-01-16 14:23:00+00:00,95367.65625,3305.206298828125
2026-01-16 14:24:00+00:00,95348.2265625,3304.8017578125
2026-01-16 14:25:00+00:00,95350.40625,3304.539306640625
2026-01-16 14:26:00+00:00,95375.6171875,3305.49951171875
2026-01-16 14:27:00+00:00,95447.125,3308.1044921875
2026-01-16 14:28:00+00:00,95498.703125,3308.994384765625
2026-01-16 14:29:00+00:00,95530.140625,3309.110595703125
2026-01-16 14:30:00+00:00,95635.9140625,3311.10107421875
2026-01-16 14:31:00+00:00,95611.3515625,3310.981689453125
2026-01-16 14:32:00+00:00,95483.390625,3307.78369140625
2026-01-16 14:33:00+00:00,95427.2578125,3302.536865234375
2026-01-16 14:34:00+00:00,95564.7890625,3302.09375
2026-01-16 14:35:00+00:00,95563.0703125,3303.094482421875
2026-01-16 14:36:00+00:00,95480.265625,3302.256103515625
2026-01-16 14:37:00+00:00,95352.0078125,3297.89599609375
2026-01-16 14:39:00+00:00,95426.609375,3299.114501953125
2026-01-16 14:40:00+00:00,95294.8828125,3294.8974609375
2026-01-16 14:41:00+00:00,95293.953125,3295.634765625
2026-01-16 14:42:00+00:00,95341.015625,3296.80224609375
2026-01-16 14:43:00+00:00,95252.9765625,3295.328857421875
2026-01-16 14:44:00+00:00,95241.203125,3294.663330078125
2026-01-16 14:45:00+00:00,95221.1328125,3293.950927734375
2026-01-16 14:46:00+00:00,95412.65625,3301.1484375
2026-01-16 14:47:00+00:00,95349.9296875,3299.538818359375
2026-01-16 14:48:00+00:00,95338.65625,3299.165771484375
2026-01-16 14:49:00+00:00,95374.34375,3300.65576171875
2026-01-16 14:50:00+00:00,95254.4921875,3294.939208984375
2026-01-16 14:51:00+00:00,95239.65625,3294.6064453125
2026-01-16 14:52:00+00:00,95236.7578125,3293.416015625
2026-01-16 14:53:00+00:00,95249.59375,3294.250732421875
2026-01-16 14:54:00+00:00,95256.3671875,3294.64697265625
2026-01-16 14:55:00+00:00,95272.984375,3295.141357421875
2026-01-16 14:56:00+00:00,95317.9296875,3296.279296875
2026-01-16 14:57:00+00:00,95274.2265625,3295.380126953125
2026-01-16 14:58:00+00:00,95223.375,3294.5302734375
2026-01-16 15:00:00+00:00,95151.796875,3293.033447265625
2026-01-16 15:02:00+00:00,95100.796875,3290.3544921875
2026-01-16 15:03:00+00:00,95109.203125,3289.07421875
2026-01-16 15:04:00+00:00,95175.546875,3294.64404296875
2026-01-16 15:05:00+00:00,95216.0703125,3295.154052734375
2026-01-16 15:07:00+00:00,95324.078125,3299.248291015625
2026-01-16 15:08:00+00:00,95399.6171875,3301.5771484375
2026-01-16 15:09:00+00:00,95536.4609375,3304.3818359375
2026-01-16 15:10:00+00:00,95527.8046875,3302.84814453125
2026-01-16 15:11:00+00:00,95541.5546875,3305.4091796875
2026-01-16 15:12:00+00:00,95581.2890625,3308.326416015625
2026-01-16 15:13:00+00:00,95509.5390625,3305.78564453125
2026-01-16 15:14:00+00:00,95521.4921875,3307.133056640625
2026-01-16 15:15:00+00:00,95505.828125,3306.775146484375
2026-01-16 15:16:00+00:00,95503.5234375,3307.283447265625
2026-01-16 15:17:00+00:00,95452.8046875,3305.190673828125
2026-01-16 15:18:00+00:00,95427.5703125,3304.345458984375
2026-01-16 15:19:00+00:00,95214.359375,3297.00439453125
2026-01-16 15:20:00+00:00,94931.109375,3289.461669921875
2026-01-16 15:21:00+00:00,94961.0859375,3288.86474609375
2026-01-16 15:22:00+00:00,94876.5625,3288.992919921875
2026-01-16 15:23:00+00:00,94865.4296875,3289.69140625
2026-01-16 15:24:00+00:00,95056.6953125,3299.576416015625
2026-01-16 15:25:00+00:00,94972.1015625,3296.137451171875
2026-01-16 15:26:00+00:00,94924.640625,3294.039306640625
2026-01-16 15:27:00+00:00,94909.3046875,3293.416259765625
2026-01-16 15:28:00+00:00,94986.921875,3296.311279296875
2026-01-16 15:29:00+00:00,94824.0625,3291.52880859375
2026-01-16 15:31:00+00:00,94749.4765625,3290.440185546875
2026-01-16 15:32:00+00:00,94688.7265625,3288.655517578125
2026-01-16 15:33:00+00:00,94641.0625,3284.71240234375
2026-01-16 15:34:00+00:00,94479.765625,3271.52734375
2026-01-16 15:35:00+00:00,94469.9765625,3271.05517578125
2026-01-16 15:36:00+00:00,94501.5234375,3273.455322265625
2026-01-16 15:37:00+00:00,94456.75,3270.864990234375
2026-01-16 15:38:00+00:00,94591.9296875,3276.69580078125
2026-01-16 15:39:00+00:00,94693.578125,3281.614990234375
2026-01-16 15:40:00+00:00,94688.34375,3277.8017578125
2026-01-16 15:41:00+00:00,94550.6015625,3273.3095703125
2026-01-16 15:42:00+00:00,94382.0390625,3261.36181640625
2026-01-16 15:43:00+00:00,94410.515625,3261.603759765625
2026-01-16 15:44:00+00:00,94410.515625,3261.603759765625
2026-01-16 15:45:00+00:00,94470.8828125,3266.821533203125
2026-01-16 15:46:00+00:00,94489.2734375,3263.7568359375
2026-01-16 15:47:00+00:00,94381.46875,3260.97607421875
2026-01-16 15:48:00+00:00,94268.7734375,3254.869384765625
2026-01-16 15:49:00+00:00,94317.8515625,3256.055908203125
2026-01-16 15:50:00+00:00,94314.78125,3254.264404296875
2026-01-16 15:51:00+00:00,94455.5390625,3259.979736328125
2026-01-16 15:52:00+00:00,94358.3515625,3253.92578125
2026-01-16 15:53:00+00:00,94402.0859375,3257.576904296875
2026-01-16 15:54:00+00:00,94403.7109375,3258.793701171875
2026-01-16 15:55:00+00:00,94476.1015625,3260.54296875
2026-01-16 15:56:00+00:00,94586.3828125,3263.13818359375
2026-01-16 15:57:00+00:00,94587.671875,3264.163330078125
2026-01-16 15:58:00+00:00,94594.25,3263.149658203125
2026-01-16 15:59:00+00:00,94605.625,3263.950927734375
2026-01-16 16:00:00+00:00,94559.625,3262.860595703125
2026-01-16 16:01:00+00:00,94541.84375,3261.552734375
2026-01-16 16:02:00+00:00,94572.9140625,3263.908447265625
2026-01-16 16:03:00+00:00,94527.5390625,3263.33984375
2026-01-16 16:04:00+00:00,94517.3515625,3260.9443359375
2026-01-16 16:05:00+00:00,94536.765625,3263.259521484375
2026-01-16 16:06:00+00:00,94581.9140625,3264.647216796875
2026-01-16 16:08:00+00:00,94783.890625,3270.099365234375
2026-01-16 16:10:00+00:00,94788.0,3269.283447265625
2026-01-16 16:11:00+00:00,94755.140625,3269.034912109375
2026-01-16 16:12:00+00:00,94712.703125,3268.593505859375
2026-01-16 16:13:00+00:00,94651.4609375,3268.214111328125
2026-01-16 16:14:00+00:00,94616.8671875,3266.812744140625
2026-01-16 16:15:00+00:00,94700.3359375,3269.9697265625
2026-01-16 16:16:00+00:00,94693.25,3268.970947265625
2026-01-16 16:17:00+00:00,94604.5078125,3262.87646484375
2026-01-16 16:18:00+00:00,94659.3359375,3263.969482421875
2026-01-16 16:20:00+00:00,94730.25,3273.088134765625
2026-01-16 16:21:00+00:00,94844.5703125,3277.3466796875
2026-01-16 16:22:00+00:00,94845.703125,3276.04248046875
2026-01-16 16:23:00+00:00,94870.0546875,3279.132080078125
2026-01-16 16:24:00+00:00,94898.5234375,3279.766357421875
2026-01-16 16:25:00+00:00,94883.9453125,3279.6171875
2026-01-16 16:26:00+00:00,94879.1328125,3280.06591796875
2026-01-16 16:27:00+00:00,94858.5859375,3279.19775390625
2026-01-16 16:28:00+00:00,94845.0859375,3278.842529296875
2026-01-16 16:29:00+00:00,94879.890625,3280.762939453125
2026-01-16 16:30:00+00:00,94833.546875,3278.381103515625
2026-01-16 16:31:00+00:00,94776.671875,3276.990478515625
2026-01-16 16:32:00+00:00,94800.78125,3278.957763671875
2026-01-16 16:33:00+00:00,94673.8984375,3272.639892578125
2026-01-16 16:34:00+00:00,94658.390625,3272.3232421875
2026-01-16 16:35:00+00:00,94662.8203125,3271.670654296875
2026-01-16 16:36:00+00:00,94718.515625,3273.440673828125
2026-01-16 16:37:00+00:00,94804.3828125,3279.31103515625
2026-01-16 16:39:00+00:00,94800.5703125,3279.5224609375
2026-01-16 16:40:00+00:00,94824.9765625,3280.181884765625
2026-01-16 16:41:00+00:00,94869.546875,3280.90185546875
2026-01-16 16:42:00+00:00,94850.375,3280.65625
2026-01-16 16:43:00+00:00,94866.5703125,3280.880126953125
2026-01-16 16:44:00+00:00,94887.3203125,3281.862060546875
2026-01-16 16:45:00+00:00,94858.8515625,3280.770263671875
2026-01-16 16:46:00+00:00,94937.5,3284.8740234375
2026-01-16 16:47:00+00:00,94913.3125,3282.653076171875
2026-01-16 16:48:00+00:00,94868.125,3280.602783203125
2026-01-16 16:49:00+00:00,94892.0234375,3281.336181640625
2026-01-16 16:50:00+00:00,94890.4921875,3281.8544921875
2026-01-16 16:51:00+00:00,94908.0625,3282.464111328125
2026-01-16 16:52:00+00:00,94916.734375,3283.02490234375
2026-01-16 16:53:00+00:00,94928.546875,3283.892333984375
2026-01-16 16:54:00+00:00,94918.265625,3283.216064453125
2026-01-16 16:55:00+00:00,94865.7109375,3279.311279296875
2026-01-16 16:56:00+00:00,94887.9453125,3280.143310546875
2026-01-16 16:57:00+00:00,94772.4140625,3276.52685546875
2026-01-16 16:58:00+00:00,94799.6953125,3276.913818359375
2026-01-16 16:59:00+00:00,94795.359375,3276.943359375
2026-01-16 17:00:00+00:00,94831.453125,3277.48779296875
2026-01-16 17:02:00+00:00,94752.46875,3275.2138671875
2026-01-16 17:03:00+00:00,94764.9765625,3274.704345703125
2026-01-16 17:04:00+00:00,94751.6484375,3274.35546875
2026-01-16 17:05:00+00:00,94762.078125,3274.640625
2026-01-16 17:06:00+00:00,94773.6328125,3275.31005859375
2026-01-16 17:07:00+00:00,94676.546875,3271.336181640625
2026-01-16 17:08:00+00:00,94697.453125,3272.53173828125
2026-01-16 17:09:00+00:00,94698.3046875,3272.18359375
2026-01-16 17:10:00+00:00,94732.5390625,3273.85302734375
2026-01-16 17:11:00+00:00,94729.125,3273.4619140625
2026-01-16 17:12:00+00:00,94716.2890625,3273.359375
2026-01-16 17:13:00+00:00,94641.7109375,3270.742919921875
2026-01-16 17:14:00+00:00,94623.0,3269.587890625
2026-01-16 17:15:00+00:00,94741.7421875,3274.143798828125
2026-01-16 17:16:00+00:00,94761.0390625,3275.093994140625
2026-01-16 17:17:00+00:00,94762.3046875,3274.5576171875
2026-01-16 17:18:00+00:00,94788.703125,3275.213134765625
2026-01-16 17:19:00+00:00,94838.7734375,3277.5078125
2026-01-16 17:20:00+00:00,94793.3984375,3275.06689453125
2026-01-16 17:21:00+00:00,94763.9609375,3274.093505859375
2026-01-16 17:22:00+00:00,94743.3984375,3273.890380859375
2026-01-16 17:23:00+00:00,94748.578125,3273.20361328125
2026-01-16 17:24:00+00:00,94754.6953125,3273.0712890625
2026-01-16 17:25:00+00:00,94662.1953125,3269.360595703125
2026-01-16 17:26:00+00:00,94538.2265625,3265.990966796875
2026-01-16 17:27:00+00:00,94600.59375,3268.01025390625
2026-01-16 17:28:00+00:00,94634.46875,3269.6591796875
2026-01-16 17:29:00+00:00,94696.4453125,3271.718505859375
2026-01-16 17:31:00+00:00,94711.078125,3272.86962890625
2026-01-16 17:32:00+00:00,94759.1640625,3276.228759765625
2026-01-16 17:33:00+00:00,94784.015625,3276.989013671875
2026-01-16 17:34:00+00:00,94792.734375,3277.98974609375
2026-01-16 17:35:00+00:00,94775.515625,3276.86865234375
2026-01-16 17:36:00+00:00,94749.65625,3275.450439453125
2026-01-16 17:37:00+00:00,94737.5859375,3275.56298828125
2026-01-16 17:38:00+00:00,94825.8359375,3279.99072265625
2026-01-16 17:39:00+00:00,94754.09375,3277.463623046875
2026-01-16 17:40:00+00:00,94779.7578125,3278.370361328125
2026-01-16 17:41:00+00:00,94788.09375,3278.00048828125
2026-01-16 17:42:00+00:00,94828.6171875,3280.228271484375
2026-01-16 17:43:00+00:00,94814.625,3280.209228515625
2026-01-16 17:44:00+00:00,94848.828125,3281.55419921875
2026-01-16 17:45:00+00:00,94864.2109375,3282.277099609375
2026-01-16 17:46:00+00:00,94876.7578125,3281.850341796875
2026-01-16 17:47:00+00:00,94850.765625,3281.8701171875
2026-01-16 17:48:00+00:00,94843.40625,3280.406005859375
2026-01-16 17:49:00+00:00,94821.15625,3279.78662109375
2026-01-16 17:50:00+00:00,94828.84375,3279.103271484375
2026-01-16 17:51:00+00:00,94808.40625,3278.308349609375
2026-01-16 17:52:00+00:00,94814.5859375,3278.310302734375
2026-01-16 17:53:00+00:00,94792.671875,3277.934326171875
2026-01-16 17:54:00+00:00,94765.4609375,3276.89013671875
2026-01-16 17:55:00+00:00,94759.25,3275.883544921875
2026-01-16 17:56:00+00:00,94784.640625,3276.89013671875
2026-01-16 17:57:00+00:00,94876.7421875,3279.955322265625
2026-01-16 17:58:00+00:00,94870.0703125,3279.8291015625
2026-01-16 17:59:00+00:00,94893.2578125,3280.21435546875
2026-01-16 18:00:00+00:00,95032.8671875,3283.21044921875
2026-01-16 18:01:00+00:00,95072.8828125,3284.565185546875
2026-01-16 18:02:00+00:00,95043.0078125,3284.13916015625
2026-01-16 18:03:00+00:00,95048.2578125,3283.987548828125
2026-01-16 18:04:00+00:00,95082.8515625,3284.81396484375
2026-01-16 18:05:00+00:00,95030.546875,3282.517578125
2026-01-16 18:06:00+00:00,95073.078125,3283.64501953125
2026-01-16 18:07:00+00:00,95095.0234375,3284.14208984375
2026-01-16 18:08:00+00:00,95076.4453125,3283.5556640625
2026-01-16 18:09:00+00:00,95079.1484375,3282.9619140625
2026-01-16 18:10:00+00:00,95074.3515625,3283.37841796875
2026-01-16 18:12:00+00:00,95027.78125,3280.75927734375
2026-01-16 18:13:00+00:00,95045.75,3280.984619140625
2026-01-16 18:14:00+00:00,95065.609375,3280.845703125
2026-01-16 18:16:00+00:00,95033.3671875,3280.1591796875
2026-01-16 18:17:00+00:00,95071.9921875,3281.396728515625
2026-01-16 18:18:00+00:00,95125.609375,3282.988037109375
2026-01-16 18:19:00+00:00,95126.5625,3283.247802734375
2026-01-16 18:20:00+00:00,95087.8359375,3281.324462890625
2026-01-16 18:21:00+00:00,95047.171875,3279.4541015625
2026-01-16 18:22:00+00:00,95012.7109375,3277.87548828125
2026-01-16 18:23:00+00:00,95022.828125,3277.618896484375
2026-01-16 18:24:00+00:00,95053.3203125,3278.848388671875
2026-01-16 18:25:00+00:00,95087.5546875,3280.397216796875
2026-01-16 18:26:00+00:00,95113.734375,3280.8310546875
2026-01-16 18:27:00+00:00,95134.4765625,3281.981201171875
2026-01-16 18:28:00+00:00,95140.84375,3282.80029296875
2026-01-16 18:29:00+00:00,95113.21875,3281.21435546875
2026-01-16 18:30:00+00:00,95151.3984375,3282.032470703125
2026-01-16 18:31:00+00:00,95156.140625,3282.103271484375
2026-01-16 18:32:00+00:00,95139.2890625,3282.790283203125
2026-01-16 18:33:00+00:00,95128.953125,3283.27685546875
2026-01-16 18:34:00+00:00,95117.4375,3283.164306640625
2026-01-16 18:35:00+00:00,95117.4375,3283.164306640625
2026-01-16 18:36:00+00:00,95117.4375,3283.164306640625
2026-01-16 18:37:00+00:00,95135.0546875,3283.18994140625
2026-01-16 18:38:00+00:00,95118.4921875,3283.42236328125
2026-01-16 18:39:00+00:00,95082.3046875,3282.291015625
2026-01-16 18:40:00+00:00,95087.8125,3281.935546875
2026-01-16 18:41:00+00:00,95063.4140625,3281.316162109375
2026-01-16 18:42:00+00:00,95083.3671875,3281.327392578125
2026-01-16 18:43:00+00:00,95116.21875,3282.10107421875
2026-01-16 18:44:00+00:00,95089.875,3282.093994140625
2026-01-16 18:45:00+00:00,95083.3203125,3281.919189453125
2026-01-16 18:46:00+00:00,95114.234375,3283.236328125
2026-01-16 18:47:00+00:00,95081.1640625,3281.996337890625
2026-01-16 18:49:00+00:00,95027.75,3279.698974609375
2026-01-16 18:50:00+00:00,94963.34375,3277.41943359375
2026-01-16 18:51:00+00:00,94995.21875,3278.82080078125
2026-01-16 18:52:00+00:00,95014.5625,3278.73046875
2026-01-16 18:53:00+00:00,95015.6015625,3278.96630859375
2026-01-16 18:55:00+00:00,95037.5546875,3279.674072265625
2026-01-16 18:56:00+00:00,95031.640625,3279.287353515625
2026-01-16 18:58:00+00:00,95003.015625,3278.709716796875
2026-01-16 18:59:00+00:00,94988.109375,3277.8076171875
2026-01-16 19:00:00+00:00,94955.8515625,3277.01220703125
2026-01-16 19:01:00+00:00,94925.8671875,3276.09130859375
2026-01-16 19:02:00+00:00,94946.09375,3277.1328125
2026-01-16 19:03:00+00:00,94902.5703125,3275.548095703125
2026-01-16 19:04:00+00:00,94905.421875,3275.0322265625
2026-01-16 19:05:00+00:00,94921.5625,3276.36376953125
2026-01-16 19:07:00+00:00,94919.328125,3275.84716796875
2026-01-16 19:08:00+00:00,94924.65625,3275.426025390625
2026-01-16 19:09:00+00:00,94889.5,3273.484375
2026-01-16 19:10:00+00:00,94930.71875,3274.61328125
2026-01-16 19:11:00+00:00,94942.5859375,3274.57275390625
2026-01-16 19:12:00+00:00,94934.203125,3274.820556640625
2026-01-16 19:13:00+00:00,94947.0625,3275.012451171875
2026-01-16 19:14:00+00:00,94953.625,3274.542236328125
2026-01-16 19:15:00+00:00,94933.9375,3273.7841796875
2026-01-16 19:16:00+00:00,94924.75,3273.451904296875
2026-01-16 19:17:00+00:00,94920.0234375,3272.547607421875
2026-01-16 19:18:00+00:00,94855.890625,3270.52294921875
2026-01-16 19:19:00+00:00,94839.2109375,3269.880615234375
2026-01-16 19:20:00+00:00,94891.0546875,3270.98876953125
