Datetime,BTC-USD,ETH-USD,Spread,Z_Score,Position,Spread_Change,Strategy_PnL_Gross,Trades,Cost,Strategy_PnL_Net,Cumulative_PnL
2026-01-14 04:11:00+00:00,95382.4296875,3343.3232421875,-690.4482496959868,,0,,,,,,
2026-01-14 04:12:00+00:00,95375.34375,3342.4013671875,-691.0704567930575,,0,-0.6222070970707136,-0.0,0.0,0.0,-0.0,0.0
2026-01-14 04:13:00+00:00,95358.7265625,3340.817138671875,-691.9519359927717,,0,-0.8814791997142493,-0.0,0.0,0.0,-0.0,0.0
2026-01-14 04:14:00+00:00,95389.5703125,3342.40869140625,-691.6647811423718,,0,0.2871548503999293,0.0,0.0,0.0,0.0,0.0
2026-01-14 04:15:00+00:00,95375.984375,3340.85400390625,-692.6449124315732,,0,-0.9801312892013812,-0.0,0.0,0.0,-0.0,0.0
2026-01-14 04:16:00+00:00,95393.0703125,3341.22607421875,-692.9954151110323,,0,-0.3505026794591686,-0.0,0.0,0.0,-0.0,0.0
2026-01-14 04:17:00+00:00,95441.453125,3343.317138671875,-692.9504844206876,,0,0.04493069034469954,0.0,0.0,0.0,0.0,0.0
2026-01-14 04:18:00+00:00,95427.0234375,3341.68701171875,-693.9703725461272,,0,-1.0198881254395928,-0.0,0.0,0.0,-0.0,0.0
2026-01-14 04:19:00+00:00,95441.609375,3341.999267578125,-694.2749634064539,,0,-0.304590860326698,-0.0,0.0,0.0,-0.0,0.0
2026-01-14 04:20:00+00:00,95439.328125,3341.87255859375,-694.305197167394,,0,-0.030233760940063803,-0.0,0.0,0.0,-0.0,0.0
2026-01-14 04:21:00+00:00,95384.5859375,3340.056884765625,-693.8057960276838,,0,0.499401139710244,0.0,0.0,0.0,0.0,0.0
2026-01-14 04:22:00+00:00,95382.9375,3339.682861328125,-694.110106204414,,0,-0.3043101767302687,-0.0,0.0,0.0,-0.0,0.0
2026-01-14 04:23:00+00:00,95441.171875,3343.10498046875,-693.1507484181839,,0,0.9593577862301572,0.0,0.0,0.0,0.0,0.0
2026-01-14 04:24:00+00:00,95422.7890625,3341.825927734375,-693.6523826568664,,0,-0.5016342386825272,-0.0,0.0,0.0,-0.0,0.0
2026-01-14 04:25:00+00:00,95435.3359375,3342.9951171875,-693.0138069326331,,0,0.6385757242333057,0.0,0.0,0.0,0.0,0.0
2026-01-14 04:26:00+00:00,95452.03125,3343.35400390625,-693.360973475802,,0,-0.34716654316889617,-0.0,0.0,0.0,-0.0,0.0
2026-01-14 04:27:00+00:00,95439.375,3342.370361328125,-693.8093768006238,,0,-0.4484033248218111,-0.0,0.0,0.0,-0.0,0.0
2026-01-14 04:28:00+00:00,95468.515625,3343.947021484375,-693.4650885053738,,0,0.3442882952499531,0.0,0.0,0.0,0.0,0.0
2026-01-14 04:29:00+00:00,95468.90625,3343.904296875,-693.5243328447891,,0,-0.05924433941527241,-0.0,0.0,0.0,-0.0,0.0
2026-01-14 04:30:00+00:00,95432.2421875,3343.992431640625,-691.8856562175897,,0,1.638676627199402,0.0,0.0,0.0,0.0,0.0
2026-01-14 04:31:00+00:00,95384.5859375,3340.899658203125,-692.9630225901838,,0,-1.0773663725940423,-0.0,0.0,0.0,-0.0,0.0
2026-01-14 04:32:00+00:00,95387.8984375,3340.827392578125,-693.1753755259247,,0,-0.21235293574090974,-0.0,0.0,0.0,-0.0,0.0
2026-01-14 04:33:00+00:00,95357.640625,3339.70458984375,-693.018559971385,,0,0.15681555453966212,0.0,0.0,0.0,0.0,0.0
2026-01-14 04:34:00+00:00,95392.328125,3340.8984375,-693.2916643427056,,0,-0.2731043713206418,-0.0,0.0,0.0,-0.0,0.0
2026-01-14 04:35:00+00:00,95376.25,3341.81982421875,-691.6903255355005,,0,1.6013388072051384,0.0,0.0,0.0,0.0,0.0
2026-01-14 04:36:00+00:00,95391.765625,3342.76513671875,-691.4011767126981,,0,0.28914882280241727,0.0,0.0,0.0,0.0,0.0
2026-01-14 04:37:00+00:00,95338.21875,3341.50244140625,-690.3993474312856,,0,1.0018292814124834,0.0,0.0,0.0,0.0,0.0
2026-01-14 04:38:00+00:00,95324.328125,3342.976318359375,-688.3380288779308,,0,2.061318553354795,0.0,0.0,0.0,0.0,0.0
2026-01-14 04:39:00+00:00,95319.40625,3342.886474609375,-688.219724029424,,0,0.11830484850679568,0.0,0.0,0.0,0.0,0.0
2026-01-14 04:40:00+00:00,95310.765625,3342.61962890625,-688.1211533040596,,0,0.09857072536442502,0.0,0.0,0.0,0.0,0.0
2026-01-14 04:41:00+00:00,95269.875,3341.34814453125,-687.6633523384503,,0,0.4578009656092945,0.0,0.0,0.0,0.0,0.0
2026-01-14 04:42:00+00:00,95262.0390625,3340.590576171875,-688.0895349132184,,0,-0.4261825747680632,-0.0,0.0,0.0,-0.0,0.0
2026-01-14 04:43:00+00:00,95243.296875,3339.33544921875,-688.5520452190144,,0,-0.4625103057960587,-0.0,0.0,0.0,-0.0,0.0
2026-01-14 04:44:00+00:00,95230.15625,3336.65185546875,-690.6799152504614,,0,-2.127870031446946,-0.0,0.0,0.0,-0.0,0.0
2026-01-14 04:45:00+00:00,95243.9609375,3336.38916015625,-691.5264178225825,,0,-0.8465025721211532,-0.0,0.0,0.0,-0.0,0.0
2026-01-14 04:46:00+00:00,95252.328125,3336.68994140625,-691.5794891900441,,0,-0.05307136746159813,-0.0,0.0,0.0,-0.0,0.0
2026-01-14 04:47:00+00:00,95263.1015625,3337.53857421875,-691.1864705320531,,0,0.3930186579909787,0.0,0.0,0.0,0.0,0.0
2026-01-14 04:48:00+00:00,95267.3515625,3337.263427734375,-691.6413516792654,,0,-0.45488114721229067,-0.0,0.0,0.0,-0.0,0.0
2026-01-14 04:49:00+00:00,95273.4375,3337.541015625,-691.6211411826671,,0,0.020210496598338068,0.0,0.0,0.0,0.0,0.0
2026-01-14 04:50:00+00:00,95273.265625,3337.561767578125,-691.5931205483244,,0,0.02802063434273805,0.0,0.0,0.0,0.0,0.0
2026-01-14 04:51:00+00:00,95247.9453125,3336.737060546875,-691.3470186783679,,0,0.24610186995641925,0.0,0.0,0.0,0.0,0.0
2026-01-14 04:52:00+00:00,95200.65625,3335.54052734375,-690.5436733628248,,0,0.8033453155430834,0.0,0.0,0.0,0.0,0.0
2026-01-14 04:53:00+00:00,95200.359375,3335.028564453125,-691.0430812586192,,0,-0.4994078957943202,-0.0,0.0,0.0,-0.0,0.0
2026-01-14 04:54:00+00:00,95208.671875,3335.08837890625,-691.33480666075,,0,-0.29172540213085085,-0.0,0.0,0.0,-0.0,0.0
2026-01-14 04:55:00+00:00,95231.7578125,3337.353271484375,-690.0462301280013,,0,1.2885765327487206,0.0,0.0,0.0,0.0,0.0
2026-01-14 04:56:00+00:00,95219.3515625,3337.087646484375,-689.7871885019244,,0,0.25904162607685066,0.0,0.0,0.0,0.0,0.0
2026-01-14 04:57:00+00:00,95203.7890625,3337.152099609375,-689.0645893321221,,0,0.722599169802379,0.0,0.0,0.0,0.0,0.0
2026-01-14 04:58:00+00:00,95182.9765625,3336.67578125,-688.6607364749548,,0,0.40385285716729413,0.0,0.0,0.0,0.0,0.0
2026-01-14 04:59:00+00:00,95202.515625,3336.825927734375,-689.3369068871912,,0,-0.6761704122363881,-0.0,0.0,0.0,-0.0,0.0
2026-01-14 05:00:00+00:00,95191.1328125,3336.98583984375,-688.6956098444443,,0,0.6412970427468281,0.0,0.0,0.0,0.0,0.0
2026-01-14 05:01:00+00:00,95155.1796875,3335.374267578125,-688.7867061571683,,0,-0.09109631272394836,-0.0,0.0,0.0,-0.0,0.0
2026-01-14 05:02:00+00:00,95115.9140625,3333.56787109375,-688.9325393779013,,0,-0.14583322073303862,-0.0,0.0,0.0,-0.0,0.0
2026-01-14 05:03:00+00:00,95148.8046875,3335.07275390625,-688.8186178347869,,0,0.11392154311442937,0.0,0.0,0.0,0.0,0.0
2026-01-14 05:04:00+00:00,95124.3671875,3333.772216796875,-689.0856806328461,,0,-0.2670627980592144,-0.0,0.0,0.0,-0.0,0.0
2026-01-14 05:05:00+00:00,95164.21875,3335.496826171875,-689.0464141165489,,0,0.03926651629717526,0.0,0.0,0.0,0.0,0.0
2026-01-14 05:06:00+00:00,95139.8203125,3334.9521484375,-688.559269512612,,0,0.48714460393694026,0.0,0.0,0.0,0.0,0.0
2026-01-14 05:07:00+00:00,95125.5703125,3334.534912109375,-688.3738660888703,,0,0.18540342374171814,0.0,0.0,0.0,0.0,0.0
2026-01-14 05:08:00+00:00,95141.390625,3335.215087890625,-688.3627393742486,,0,0.01112671462169601,0.0,0.0,0.0,0.0,0.0
2026-01-14 05:09:00+00:00,95132.0703125,3334.787353515625,-688.3963129904892,,0,-0.033573616240573756,-0.0,0.0,0.0,-0.0,0.0
2026-01-14 05:10:00+00:00,95101.359375,3333.2021484375,-688.682736892853,1.149896777298227,0,-0.286423902363822,-0.0,0.0,0.0,-0.0,0.0
2026-01-14 05:11:00+00:00,95090.8046875,3333.02001953125,-688.4185026934165,1.2466805398041207,0,0.26423419943648696,0.0,0.0,0.0,0.0,0.0
2026-01-14 05:12:00+00:00,95127.0078125,3333.792236328125,-689.177334476668,0.858694607475337,0,-0.7588317832514804,-0.0,0.0,0.0,-0.0,0.0
2026-01-14 05:13:00+00:00,95128.6953125,3333.78466796875,-689.256268069817,0.7963101247937302,0,-0.07893359314903137,-0.0,0.0,0.0,-0.0,0.0
2026-01-14 05:14:00+00:00,95132.5703125,3333.404052734375,-689.8007590261909,0.5198940106530491,0,-0.5444909563739202,-0.0,0.0,0.0,-0.0,0.0
2026-01-14 05:15:00+00:00,95164.8984375,3333.8642578125,-690.7077268061935,0.07083878328719406,0,-0.9069677800025602,-0.0,0.0,0.0,-0.0,0.0
2026-01-14 05:16:00+00:00,95174.421875,3334.013916015625,-690.960819621449,-0.06796978686494934,0,-0.2530928152555134,-0.0,0.0,0.0,-0.0,0.0
2026-01-14 05:17:00+00:00,95161.6015625,3332.8544921875,-691.5780659096545,-0.38208867744555125,0,-0.6172462882054788,-0.0,0.0,0.0,-0.0,0.0
2026-01-14 05:18:00+00:00,95171.828125,3333.213623046875,-691.6514215827319,-0.44557895664868846,0,-0.07335567307745805,-0.0,0.0,0.0,-0.0,0.0
2026-01-14 05:19:00+00:00,95168.4140625,3333.069091796875,-691.6515703921805,-0.47948476628857767,0,-0.00014880944854667177,-0.0,0.0,0.0,-0.0,0.0
2026-01-14 05:20:00+00:00,95183.984375,3334.15380859375,-691.2253300347083,-0.29594230147275163,0,0.42624035747212474,0.0,0.0,0.0,0.0,0.0
2026-01-14 05:21:00+00:00,95204.1328125,3335.157470703125,-691.0737556008075,-0.24576253598458556,0,0.15157443390080516,0.0,0.0,0.0,0.0,0.0
2026-01-14 05:22:00+00:00,95136.6484375,3332.240478515625,-691.1367992265605,-0.31617391895675767,0,-0.06304362575292544,-0.0,0.0,0.0,-0.0,0.0
2026-01-14 05:23:00+00:00,94984.453125,3327.666748046875,-689.2741124770432,0.6952018021304152,0,1.8626867495172519,0.0,0.0,0.0,0.0,0.0
2026-01-14 05:24:00+00:00,94966.53125,3327.0478515625,-689.1350837471732,0.7483555468212808,0,0.13902872987000592,0.0,0.0,0.0,0.0,0.0
2026-01-14 05:25:00+00:00,94967.0625,3326.279052734375,-689.9263494081529,0.2661085872993437,0,-0.7912656609796613,-0.0,0.0,0.0,-0.0,0.0
2026-01-14 05:26:00+00:00,94986.9296875,3326.052978515625,-690.9926170967483,-0.39565863081265845,0,-1.066267688595417,-0.0,0.0,0.0,-0.0,0.0
2026-01-14 05:27:00+00:00,95004.2109375,3326.927734375,-690.8486940943521,-0.3517166119916792,0,0.14392300239614997,0.0,0.0,0.0,0.0,0.0
2026-01-14 05:28:00+00:00,94978.828125,3326.79443359375,-689.908542817589,0.20917072987388308,0,0.9401512767631175,0.0,0.0,0.0,0.0,0.0
2026-01-14 05:29:00+00:00,94934.296875,3324.91162109375,-689.9081060930052,0.17734681325121504,0,0.00043672458377841394,0.0,0.0,0.0,0.0,0.0
2026-01-14 05:30:00+00:00,94985.59375,3326.322998046875,-690.6661000887607,-0.3543834938436399,0,-0.7579939957554416,-0.0,0.0,0.0,-0.0,0.0
2026-01-14 05:31:00+00:00,94976.6796875,3325.849365234375,-690.762752661743,-0.45998053457888116,0,-0.09665257298229335,-0.0,0.0,0.0,-0.0,0.0
2026-01-14 05:32:00+00:00,95006.7265625,3325.795166015625,-692.0876495151861,-1.4441982465207361,0,-1.3248968534430787,-0.0,0.0,0.0,-0.0,0.0
2026-01-14 05:33:00+00:00,95015.265625,3326.453857421875,-691.7900794076149,-1.2762147087365852,0,0.29757010757111857,0.0,0.0,0.0,0.0,0.0
2026-01-14 05:34:00+00:00,95029.8671875,3327.125732421875,-691.7357119165181,-1.30252686634581,0,0.05436749109685479,0.0,0.0,0.0,0.0,0.0
2026-01-14 05:35:00+00:00,95050.3359375,3328.486572265625,-691.2405059268754,-0.9321572626351285,0,0.4952059896427272,0.0,0.0,0.0,0.0,0.0
2026-01-14 05:36:00+00:00,95058.078125,3330.068603515625,-689.9858957262722,0.024350644817989424,0,1.2546102006031106,0.0,0.0,0.0,0.0,0.0
2026-01-14 05:37:00+00:00,95064.59375,3330.10107421875,-690.228974120218,-0.1686360866451712,0,-0.24307839394577968,-0.0,0.0,0.0,-0.0,0.0
2026-01-14 05:38:00+00:00,95079.4921875,3331.055908203125,-689.9042026395769,0.10835193950119097,0,0.324771480641175,0.0,0.0,0.0,0.0,0.0
2026-01-14 05:39:00+00:00,95183.6328125,3334.578125,-690.7861458714224,-0.5690642781000315,0,-0.8819432318455256,-0.0,0.0,0.0,-0.0,0.0
2026-01-14 05:40:00+00:00,95128.90625,3335.619873046875,-687.4299836459136,2.1009253933120005,-1,3.356162225508797,0.0,1.0,3.335619873046875,-3.335619873046875,-3.335619873046875
2026-01-14 05:41:00+00:00,95136.4609375,3336.03564453125,-687.3337037405163,2.1536564511512517,-1,0.0962799053972958,-0.0962799053972958,0.0,0.0,-0.0962799053972958,-3.431899778444171
2026-01-14 05:42:00+00:00,95090.1953125,3334.174072265625,-687.2386791801787,2.1712795670007523,-1,0.09502456033760609,-0.09502456033760609,0.0,0.0,-0.09502456033760609,-3.526924338781777
2026-01-14 05:43:00+00:00,95073.3203125,3333.2763671875,-687.4227319205665,1.9690783703478507,-1,-0.18405274038786956,0.18405274038786956,0.0,0.0,0.18405274038786956,-3.3428715983939075
2026-01-14 05:44:00+00:00,95076.8125,3333.974365234375,-686.8724202602511,2.2378344515628226,-1,0.5503116603154012,-0.5503116603154012,0.0,0.0,-0.5503116603154012,-3.8931832587093087
2026-01-14 05:45:00+00:00,95003.25,3331.44384765625,-686.2919422772034,2.480060697818965,-1,0.5804779830477855,-0.5804779830477855,0.0,0.0,-0.5804779830477855,-4.473661241757094
2026-01-14 05:46:00+00:00,95106.7265625,3335.20263671875,-686.9092297023553,1.9561286047300526,-1,-0.6172874251519715,0.6172874251519715,0.0,0.0,0.6172874251519715,-3.8563738166051227
2026-01-14 05:47:00+00:00,95032.6328125,3332.51220703125,-686.4661969958279,2.1304755873718464,-1,0.44303270652744686,-0.44303270652744686,0.0,0.0,-0.44303270652744686,-4.2994065231325695
2026-01-14 05:48:00+00:00,94994.609375,3331.1943359375,-686.1760375674639,2.194579928343079,-1,0.2901594283639497,-0.2901594283639497,0.0,0.0,-0.2901594283639497,-4.589565951496519
2026-01-14 05:49:00+00:00,95017.859375,3332.204345703125,-686.149282133832,2.0992243215031468,-1,0.026755433631933556,-0.026755433631933556,0.0,0.0,-0.026755433631933556,-4.616321385128453
2026-01-14 05:50:00+00:00,94990.71875,3331.38916015625,-685.8166768375131,2.1817349561282313,-1,0.3326052963188886,-0.3326052963188886,0.0,0.0,-0.3326052963188886,-4.948926681447341
2026-01-14 05:51:00+00:00,94981.2109375,3331.22509765625,-685.5786491083345,2.1955816351509534,-1,0.23802772917861148,-0.23802772917861148,0.0,0.0,-0.23802772917861148,-5.186954410625953
2026-01-14 05:52:00+00:00,94996.984375,3331.855712890625,-685.615100572983,2.0561647113329626,-1,-0.03645146464850768,0.03645146464850768,0.0,0.0,0.03645146464850768,-5.150502945977445
2026-01-14 05:53:00+00:00,95013.3359375,3332.718505859375,-685.4438235037164,2.0408567246702365,-1,0.17127706926657993,-0.17127706926657993,0.0,0.0,-0.17127706926657993,-5.321780015244025
2026-01-14 05:54:00+00:00,94966.84375,3330.0224609375,-686.1736901562053,1.5791051723012752,-1,-0.7298666524889086,0.7298666524889086,0.0,0.0,0.7298666524889086,-4.5919133627551165
2026-01-14 05:55:00+00:00,94975.453125,3329.815673828125,-686.7445721156669,1.2267916257357674,-1,-0.5708819594615306,0.5708819594615306,0.0,0.0,0.5708819594615306,-4.021031403293586
2026-01-14 05:56:00+00:00,94986.8984375,3329.91357421875,-687.1306998152199,0.9891653496578423,-1,-0.3861276995530716,0.3861276995530716,0.0,0.0,0.3861276995530716,-3.6349037037405143
2026-01-14 05:57:00+00:00,94985.453125,3328.589111328125,-688.3940397046963,0.31095300518160884,0,-1.263339889476356,1.263339889476356,1.0,3.328589111328125,-2.065249221851769,-5.700152925592283
2026-01-14 05:58:00+00:00,94990.3125,3328.917236328125,-688.2714201463964,0.37232261452084303,0,0.12261955829990256,0.0,0.0,0.0,0.0,-5.700152925592283
2026-01-14 05:59:00+00:00,94988.1640625,3328.727783203125,-688.3700147561754,0.3112530240028037,0,-0.09859460977895651,-0.0,0.0,0.0,-0.0,-5.700152925592283
2026-01-14 06:00:00+00:00,94970.9765625,3328.762451171875,-687.6084786656561,0.7029039170111517,0,0.7615360905192574,0.0,0.0,0.0,0.0,-5.700152925592283
2026-01-14 06:01:00+00:00,94959.65625,3327.57861328125,-688.3135747797155,0.3257822561097419,0,-0.7050961140594154,-0.0,0.0,0.0,-0.0,-5.700152925592283
2026-01-14 06:02:00+00:00,94883.5703125,3325.749267578125,-686.9252074656083,1.0316991597367873,0,1.3883673141071995,0.0,0.0,0.0,0.0,-5.700152925592283
2026-01-14 06:03:00+00:00,94846.625,3325.43115234375,-685.6808866327797,1.6176527229612607,0,1.2443208328286346,0.0,0.0,0.0,0.0,-5.700152925592283
2026-01-14 06:04:00+00:00,94846.1953125,3325.499755859375,-685.5941114141106,1.5962304871369848,0,0.08677521866911775,0.0,0.0,0.0,0.0,-5.700152925592283
2026-01-14 06:05:00+00:00,94872.515625,3326.853759765625,-685.35320691797,1.6462963331712464,0,0.24090449614050158,0.0,0.0,0.0,0.0,-5.700152925592283
2026-01-14 06:06:00+00:00,94853.9375,3326.33447265625,-685.0868156666324,1.7039015963457498,0,0.266391251337609,0.0,0.0,0.0,0.0,-5.700152925592283
2026-01-14 06:07:00+00:00,94800.109375,3324.814697265625,-684.3301722577166,1.9635735071970073,0,0.7566434089158065,0.0,0.0,0.0,0.0,-5.700152925592283
2026-01-14 06:08:00+00:00,94742.4765625,3322.459228515625,-684.2483200375837,1.9071350316807207,0,0.08185222013298699,0.0,0.0,0.0,0.0,-5.700152925592283
2026-01-14 06:09:00+00:00,94732.46875,3323.041015625,-683.2432974445783,2.2162694073864615,-1,1.0050225930053784,0.0,1.0,3.323041015625,-3.323041015625,-9.023193941217283
2026-01-14 06:10:00+00:00,94763.9765625,3324.032958984375,-683.5838355102469,1.9661842904356517,-1,-0.34053806566862477,0.34053806566862477,0.0,0.0,0.34053806566862477,-8.682655875548658
2026-01-14 06:11:00+00:00,94717.8984375,3322.884033203125,-682.7840939359535,2.1637724272516117,-1,0.7997415742934209,-0.7997415742934209,0.0,0.0,-0.7997415742934209,-9.482397449842079
2026-01-14 06:12:00+00:00,94845.5703125,3327.416015625,-683.6514200804213,1.7398478700318698,-1,-0.8673261444678246,0.8673261444678246,0.0,0.0,0.8673261444678246,-8.615071305374254
2026-01-14 06:13:00+00:00,94843.4375,3328.019775390625,-682.9574625887767,1.9066593149424094,-1,0.6939574916445963,-0.6939574916445963,0.0,0.0,-0.6939574916445963,-9.30902879701885
2026-01-14 06:14:00+00:00,94831.890625,3327.620849609375,-682.8680651500381,1.8469463782257414,-1,0.08939743873861516,-0.08939743873861516,0.0,0.0,-0.08939743873861516,-9.398426235757466
2026-01-14 06:15:00+00:00,94823.1171875,3327.29833984375,-682.8195417789598,1.7818387626174588,-1,0.04852337107831772,-0.04852337107831772,0.0,0.0,-0.04852337107831772,-9.446949606835783
2026-01-14 06:16:00+00:00,94839.0,3327.881591796875,-682.9079820492698,1.678843645877073,-1,-0.08844027031000223,0.08844027031000223,0.0,0.0,0.08844027031000223,-9.358509336525781
2026-01-14 06:17:00+00:00,94796.453125,3325.990966796875,-682.9992780532903,1.587254406520372,-1,-0.091296004020478,0.091296004020478,0.0,0.0,0.091296004020478,-9.267213332505303
2026-01-14 06:18:00+00:00,94787.4296875,3325.658935546875,-682.949703539361,1.5491407835578779,-1,0.0495745139292012,-0.0495745139292012,0.0,0.0,-0.0495745139292012,-9.316787846434504
2026-01-14 06:19:00+00:00,94747.796875,3323.626708984375,-683.3058382919812,1.3802645115726,-1,-0.35613475262016436,0.35613475262016436,0.0,0.0,0.35613475262016436,-8.96065309381434
2026-01-14 06:20:00+00:00,94738.6796875,3324.04736328125,-682.4996134959679,1.6015004297356732,-1,0.8062247960133391,-0.8062247960133391,0.0,0.0,-0.8062247960133391,-9.76687788982768
2026-01-14 06:21:00+00:00,94733.6328125,3323.61572265625,-682.7178192088481,1.4737085438942557,-1,-0.21820571288026258,0.21820571288026258,0.0,0.0,0.21820571288026258,-9.548672176947417
2026-01-14 06:22:00+00:00,94717.7265625,3323.333984375,-682.3268740828607,1.5534445056756012,-1,0.3909451259874004,-0.3909451259874004,0.0,0.0,-0.3909451259874004,-9.939617302934817
2026-01-14 06:23:00+00:00,94726.609375,3323.03857421875,-682.9979429002251,1.2755143834293994,-1,-0.6710688173643575,0.6710688173643575,0.0,0.0,0.6710688173643575,-9.26854848557046
2026-01-14 06:24:00+00:00,94692.6015625,3322.09619140625,-682.5021180154245,1.3918631313638483,-1,0.4958248848006406,-0.4958248848006406,0.0,0.0,-0.4958248848006406,-9.7643733703711
2026-01-14 06:25:00+00:00,94658.625,3321.410400390625,-681.7510229121517,1.582298933675599,-1,0.7510951032727462,-0.7510951032727462,0.0,0.0,-0.7510951032727462,-10.515468473643846
2026-01-14 06:26:00+00:00,94664.171875,3321.5771484375,-681.8188550318478,1.508522521691266,-1,-0.06783211969604963,0.06783211969604963,0.0,0.0,0.06783211969604963,-10.447636353947797
2026-01-14 06:27:00+00:00,94682.4765625,3321.6337890625,-682.5363289565321,1.2304755521987922,-1,-0.7174739246843274,0.7174739246843274,0.0,0.0,0.7174739246843274,-9.73016242926347
2026-01-14 06:28:00+00:00,94687.1796875,3322.555419921875,-681.8135956468413,1.4229110153677016,-1,0.7227333096907387,-0.7227333096907387,0.0,0.0,-0.7227333096907387,-10.452895738954208
2026-01-14 06:29:00+00:00,94662.421875,3321.77099609375,-681.5509989850175,1.4584445097870156,-1,0.26259666182386354,-0.26259666182386354,0.0,0.0,-0.26259666182386354,-10.715492400778071
2026-01-14 06:30:00+00:00,94668.828125,3321.462158203125,-682.1307604483022,1.2281225423113888,-1,-0.5797614632847399,0.5797614632847399,0.0,0.0,0.5797614632847399,-10.135730937493332
2026-01-14 06:31:00+00:00,94706.3359375,3323.859619140625,-681.3195239892634,1.4580901029218043,-1,0.8112364590388097,-0.8112364590388097,0.0,0.0,-0.8112364590388097,-10.946967396532141
2026-01-14 06:32:00+00:00,94644.9453125,3322.27685546875,-680.3060468880185,1.7635398103211863,-1,1.0134771012449164,-1.0134771012449164,0.0,0.0,-1.0134771012449164,-11.960444497777058
2026-01-14 06:33:00+00:00,94660.3046875,3322.73486328125,-680.4975948606998,1.6639452168517492,-1,-0.19154797268129187,0.19154797268129187,0.0,0.0,0.19154797268129187,-11.768896525095766
2026-01-14 06:34:00+00:00,94650.7421875,3323.9287109375,-678.8993442130654,2.1623227476487377,-1,1.5982506476343588,-1.5982506476343588,0.0,0.0,-1.5982506476343588,-13.367147172730125
2026-01-14 06:35:00+00:00,94627.390625,3324.07568359375,-677.7648220950114,2.4562356411496085,-1,1.1345221180540648,-1.1345221180540648,0.0,0.0,-1.1345221180540648,-14.50166929078419
2026-01-14 06:36:00+00:00,94583.046875,3323.537841796875,-676.4273441377218,2.7341894076807858,-1,1.3374779572895932,-1.3374779572895932,0.0,0.0,-1.3374779572895932,-15.839147248073782
2026-01-14 06:37:00+00:00,94637.359375,3323.66064453125,-678.6014446681374,1.9362449124667174,-1,-2.1741005304156715,2.1741005304156715,0.0,0.0,2.1741005304156715,-13.665046717658111
2026-01-14 06:38:00+00:00,94699.40625,3325.014404296875,-679.8716788221,1.4708025369508322,-1,-1.2702341539625195,1.2702341539625195,0.0,0.0,1.2702341539625195,-12.394812563695591
2026-01-14 06:39:00+00:00,94777.234375,3326.741455078125,-681.4360190540615,0.9206855627600331,-1,-1.5643402319615234,1.5643402319615234,0.0,0.0,1.5643402319615234,-10.830472331734068
2026-01-14 06:40:00+00:00,94753.625,3326.40087890625,-680.778142742306,1.1153489168857484,-1,0.6578763117554445,-0.6578763117554445,0.0,0.0,-0.6578763117554445,-11.488348643489513
2026-01-14 06:41:00+00:00,94776.46875,3327.494384765625,-680.6507106956828,1.1227946743059696,-1,0.1274320466231984,-0.1274320466231984,0.0,0.0,-0.1274320466231984,-11.615780690112711
2026-01-14 06:42:00+00:00,94802.8359375,3329.44873046875,-679.8114467702721,1.3707806755703786,-1,0.8392639254107053,-0.8392639254107053,0.0,0.0,-0.8392639254107053,-12.455044615523416
2026-01-14 06:43:00+00:00,94809.09375,3329.678955078125,-679.8458682361415,1.3140715689616194,-1,-0.03442146586939998,0.03442146586939998,0.0,0.0,0.03442146586939998,-12.420623149654016
2026-01-14 06:44:00+00:00,94838.8984375,3330.00244140625,-680.7828373100847,0.9518056547815344,-1,-0.9369690739431462,0.9369690739431462,0.0,0.0,0.9369690739431462,-11.48365407571087
2026-01-14 06:45:00+00:00,94851.765625,3332.143310546875,-679.186128076984,1.4600520906962025,-1,1.5967092331006825,-1.5967092331006825,0.0,0.0,-1.5967092331006825,-13.080363308811553
2026-01-14 06:46:00+00:00,94918.453125,3333.682861328125,-680.4668256081991,0.9789545909549148,-1,-1.2806975312150826,1.2806975312150826,0.0,0.0,1.2806975312150826,-11.79966577759647
2026-01-14 06:47:00+00:00,94898.4453125,3332.57421875,-680.7293276136643,0.8569896214219574,-1,-0.2625020054651941,0.2625020054651941,0.0,0.0,0.2625020054651941,-11.537163772131276
2026-01-14 06:48:00+00:00,94901.1640625,3331.786865234375,-681.6316584503693,0.5148905074377358,-1,-0.9023308367050049,0.9023308367050049,0.0,0.0,0.9023308367050049,-10.634832935426271
2026-01-14 06:49:00+00:00,94883.109375,3331.24951171875,-681.4054700435358,0.5716897712200177,-1,0.22618840683344388,-0.22618840683344388,0.0,0.0,-0.22618840683344388,-10.861021342259715
2026-01-14 06:50:00+00:00,94884.84375,3331.009765625,-681.7185637386642,0.43784360049810805,0,-0.31309369512837293,0.31309369512837293,1.0,3.331009765625,-3.0179160704966272,-13.878937412756342
2026-01-14 06:51:00+00:00,94913.2421875,3331.673095703125,-682.2562180344626,0.22493531075702453,0,-0.5376542957983474,-0.0,0.0,0.0,-0.0,-13.878937412756342
2026-01-14 06:52:00+00:00,94897.9765625,3331.353759765625,-681.9299629219913,0.32401127624416926,0,0.3262551124712445,0.0,0.0,0.0,0.0,-13.878937412756342
2026-01-14 06:53:00+00:00,94906.09375,3331.637451171875,-681.9895515059766,0.28305633679444875,0,-0.0595885839852599,-0.0,0.0,0.0,-0.0,-13.878937412756342
2026-01-14 06:54:00+00:00,94922.796875,3331.8251953125,-682.5081910218714,0.06939693642119936,0,-0.5186395158948471,-0.0,0.0,0.0,-0.0,-13.878937412756342
2026-01-14 06:55:00+00:00,94920.71875,3330.654296875,-683.5912044955571,-0.363833635343845,0,-1.0830134736856962,-0.0,0.0,0.0,-0.0,-13.878937412756342
2026-01-14 06:56:00+00:00,94954.71875,3331.3720703125,-684.3113083607573,-0.6721599719727545,0,-0.7201038652001444,-0.0,0.0,0.0,-0.0,-13.878937412756342
2026-01-14 06:57:00+00:00,94974.09375,3332.09326171875,-684.4094955645019,-0.7676889589584561,0,-0.09818720374460099,-0.0,0.0,0.0,-0.0,-13.878937412756342
2026-01-14 06:58:00+00:00,94959.671875,3331.468505859375,-684.4243429907924,-0.8355674008011018,0,-0.014847426290543808,-0.0,0.0,0.0,-0.0,-13.878937412756342
2026-01-14 06:59:00+00:00,94976.859375,3331.81640625,-684.8033107219367,-1.0723698159932171,0,-0.3789677311442574,-0.0,0.0,0.0,-0.0,-13.878937412756342
2026-01-14 07:00:00+00:00,94985.765625,3332.021240234375,-684.9751265824784,-1.2117522518721726,0,-0.17181586054175568,-0.0,0.0,0.0,-0.0,-13.878937412756342
2026-01-14 07:01:00+00:00,94972.9453125,3332.62939453125,-683.8247947456834,-0.7615873399423596,0,1.150331836794976,0.0,0.0,0.0,0.0,-13.878937412756342
2026-01-14 07:02:00+00:00,94944.4921875,3332.685791015625,-682.5651011251794,-0.18300103618466224,0,1.2596936205040947,0.0,0.0,0.0,0.0,-13.878937412756342
2026-01-14 07:03:00+00:00,94937.046875,3332.349609375,-682.5864167112381,-0.22711843257589803,0,-0.02131558605879036,-0.0,0.0,0.0,-0.0,-13.878937412756342
2026-01-14 07:04:00+00:00,94916.0625,3332.06005859375,-681.9885275947281,0.06151663100728857,0,0.5978891165100322,0.0,0.0,0.0,0.0,-13.878937412756342
2026-01-14 07:05:00+00:00,94982.6484375,3337.043701171875,-679.8208381992577,1.220427389178612,0,2.167689395470461,0.0,0.0,0.0,0.0,-13.878937412756342
2026-01-14 07:06:00+00:00,95006.984375,3337.7001953125,-680.1935232401374,0.9842393464320933,0,-0.37268504087978727,-0.0,0.0,0.0,-0.0,-13.878937412756342
2026-01-14 07:07:00+00:00,95040.234375,3338.701416015625,-680.5984619580354,0.7274542417521597,0,-0.40493871789794866,-0.0,0.0,0.0,-0.0,-13.878937412756342
2026-01-14 07:08:00+00:00,95052.453125,3339.485595703125,-680.3310194261935,0.8522019006342386,0,0.2674425318418798,0.0,0.0,0.0,0.0,-13.878937412756342
2026-01-14 07:09:00+00:00,95064.703125,3337.6552734375,-682.6794004258795,-0.5182752601794718,0,-2.3483809996860145,-0.0,0.0,0.0,-0.0,-13.878937412756342
2026-01-14 07:10:00+00:00,95038.9140625,3333.535888671875,-685.7081526142497,-2.1876485632551423,1,-3.028752188370163,-0.0,1.0,3.333535888671875,-3.333535888671875,-17.21247330142822
2026-01-14 07:11:00+00:00,95023.9296875,3333.468994140625,-685.1413503011572,-1.7985002769508927,1,0.5668023130924666,0.5668023130924666,0.0,0.0,0.5668023130924666,-16.645670988335752
2026-01-14 07:12:00+00:00,95066.125,3334.780517578125,-685.6142881026008,-1.9860784331172383,1,-0.4729378014435497,-0.4729378014435497,0.0,0.0,-0.4729378014435497,-17.1186087897793
2026-01-14 07:13:00+00:00,95017.65625,3333.001220703125,-685.3438168742114,-1.7751035153275858,1,0.27047122838939686,0.27047122838939686,0.0,0.0,0.27047122838939686,-16.848137561389905
2026-01-14 07:14:00+00:00,95009.296875,3332.123046875,-685.8684684794757,-1.9584012624039115,1,-0.5246516052643528,-0.5246516052643528,0.0,0.0,-0.5246516052643528,-17.372789166654258
2026-01-14 07:15:00+00:00,94997.203125,3331.860107421875,-685.6199570905555,-1.7630092650608935,1,0.24851138892017843,0.24851138892017843,0.0,0.0,0.24851138892017843,-17.12427777773408
2026-01-14 07:16:00+00:00,94977.078125,3332.083251953125,-684.5457160676342,-1.2079574376834212,1,1.074241022921342,1.074241022921342,0.0,0.0,1.074241022921342,-16.050036754812737
2026-01-14 07:17:00+00:00,95118.78125,3334.4775390625,-688.1441262276462,-2.7272472041222744,1,-3.5984101600120084,-3.5984101600120084,0.0,0.0,-3.5984101600120084,-19.648446914824746
2026-01-14 07:18:00+00:00,95044.265625,3331.845947265625,-687.6244143220506,-2.339482108571232,1,0.5197119055956136,0.5197119055956136,0.0,0.0,0.5197119055956136,-19.128735009229132
2026-01-14 07:19:00+00:00,95058.2109375,3332.150634765625,-687.9094811844861,-2.3188067944712554,1,-0.28506686243554213,-0.28506686243554213,0.0,0.0,-0.28506686243554213,-19.413801871664674
2026-01-14 07:20:00+00:00,95060.453125,3332.39990234375,-687.7550368567918,-2.130310378992843,1,0.1544443276943639,0.1544443276943639,0.0,0.0,0.1544443276943639,-19.25935754397031
2026-01-14 07:21:00+00:00,95042.2578125,3332.736572265625,-686.6488779096439,-1.6269669398570128,1,1.1061589471478328,1.1061589471478328,0.0,0.0,1.1061589471478328,-18.153198596822477
2026-01-14 07:22:00+00:00,95017.234375,3332.114013671875,-686.2131825970177,-1.4081702089329113,1,0.4356953126261942,0.4356953126261942,0.0,0.0,0.4356953126261942,-17.717503284196283
2026-01-14 07:23:00+00:00,95024.5078125,3334.432861328125,-684.2019323141167,-0.6318019389202201,1,2.0112502829010737,2.0112502829010737,0.0,0.0,2.0112502829010737,-15.70625300129521
2026-01-14 07:24:00+00:00,95005.8984375,3333.702392578125,-684.1454011250007,-0.5980608033969903,1,0.056531189115958114,0.056531189115958114,0.0,0.0,0.056531189115958114,-15.649721812179251
2026-01-14 07:25:00+00:00,95019.328125,3335.1611328125,-683.2546092094085,-0.25117311946121695,0,0.8907919155922173,0.8907919155922173,1.0,3.3351611328125,-2.4443692172202827,-18.094091029399536
2026-01-14 07:26:00+00:00,95016.125,3335.90869140625,-682.3715888293286,0.08699023199272658,0,0.8830203800798699,0.0,0.0,0.0,0.0,-18.094091029399536
2026-01-14 07:27:00+00:00,94962.203125,3331.464599609375,-684.5352970914528,-0.7176473753910932,0,-2.163708262124146,-0.0,0.0,0.0,-0.0,-18.094091029399536
2026-01-14 07:28:00+00:00,94938.9375,3330.895263671875,-684.1207179077578,-0.5456692452481609,0,0.4145791836949684,0.0,0.0,0.0,0.0,-18.094091029399536
2026-01-14 07:29:00+00:00,94912.21875,3329.85888671875,-684.0271453261321,-0.4945715171107444,0,0.0935725816257218,0.0,0.0,0.0,0.0,-18.094091029399536
2026-01-14 07:30:00+00:00,94908.359375,3330.114501953125,-683.6083151589601,-0.32738155892309717,0,0.41883016717201826,0.0,0.0,0.0,0.0,-18.094091029399536
2026-01-14 07:31:00+00:00,94885.34375,3329.772705078125,-682.9767695399905,-0.07943039741499958,0,0.6315456189695396,0.0,0.0,0.0,0.0,-18.094091029399536
2026-01-14 07:32:00+00:00,94846.390625,3328.510986328125,-682.5911408103807,0.08106105194253768,0,0.3856287296098344,0.0,0.0,0.0,0.0,-18.094091029399536
2026-01-14 07:33:00+00:00,94840.03125,3328.5029296875,-682.3302562459512,0.19307617714488667,0,0.2608845644294888,0.0,0.0,0.0,0.0,-18.094091029399536
2026-01-14 07:34:00+00:00,94854.7578125,3328.311767578125,-683.1442121778423,-0.09310048125105409,0,-0.813955931891087,-0.0,0.0,0.0,-0.0,-18.094091029399536
2026-01-14 07:35:00+00:00,94874.140625,3328.010986328125,-684.2647024324374,-0.504866840096343,0,-1.1204902545950972,-0.0,0.0,0.0,-0.0,-18.094091029399536
2026-01-14 07:36:00+00:00,94913.40625,3328.70556640625,-685.2306856179544,-0.8856107052169389,0,-0.9659831855169614,-0.0,0.0,0.0,-0.0,-18.094091029399536
2026-01-14 07:37:00+00:00,94920.703125,3327.861328125,-686.3835124563557,-1.3474035127043835,0,-1.1528268384013245,-0.0,0.0,0.0,-0.0,-18.094091029399536
2026-01-14 07:38:00+00:00,94920.53125,3327.259765625,-686.9778062751379,-1.5520326511494622,0,-0.594293818782262,-0.0,0.0,0.0,-0.0,-18.094091029399536
2026-01-14 07:39:00+00:00,94894.296875,3326.97119140625,-686.1569154243875,-1.154766069020468,0,0.820890850750402,0.0,0.0,0.0,0.0,-18.094091029399536
2026-01-14 07:40:00+00:00,94867.9765625,3326.294677734375,-685.720329686153,-0.9343705917377845,0,0.4365857382344984,0.0,0.0,0.0,0.0,-18.094091029399536
2026-01-14 07:41:00+00:00,94868.484375,3326.567138671875,-685.4693443977053,-0.7972113271708333,0,0.2509852884477368,0.0,0.0,0.0,0.0,-18.094091029399536
2026-01-14 07:42:00+00:00,94980.4453125,3328.945068359375,-687.8262997343309,-1.7668844576311622,0,-2.3569553366255604,-0.0,0.0,0.0,-0.0,-18.094091029399536
2026-01-14 07:43:00+00:00,94957.0234375,3327.3662109375,-688.4146341429946,-1.9468107339444953,0,-0.5883344086637408,-0.0,0.0,0.0,-0.0,-18.094091029399536
2026-01-14 07:44:00+00:00,94968.703125,3328.360107421875,-687.9146775868221,-1.6647020305125708,0,0.49995655617249213,0.0,0.0,0.0,0.0,-18.094091029399536
2026-01-14 07:45:00+00:00,94975.4453125,3328.724365234375,-687.8355503148159,-1.5951176397798592,0,0.07912727200618974,0.0,0.0,0.0,0.0,-18.094091029399536
2026-01-14 07:46:00+00:00,94988.4609375,3329.44140625,-687.668946704131,-1.4759928017787565,0,0.16660361068488783,0.0,0.0,0.0,0.0,-18.094091029399536
2026-01-14 07:47:00+00:00,95063.3984375,3332.88720703125,-687.3922909337953,-1.314395486266361,0,0.27665577033576483,0.0,0.0,0.0,0.0,-18.094091029399536
2026-01-14 07:49:00+00:00,95162.2734375,3335.78076171875,-688.6802103140735,-1.8038081825588173,0,-1.2879193802782538,-0.0,0.0,0.0,-0.0,-18.094091029399536
2026-01-14 07:50:00+00:00,95157.0078125,3335.20263671875,-689.0356493531312,-1.8749735424147425,0,-0.3554390390577282,-0.0,0.0,0.0,-0.0,-18.094091029399536
2026-01-14 07:51:00+00:00,95161.046875,3335.433837890625,-688.9752621898724,-1.7724283470518203,0,0.06038716325883797,0.0,0.0,0.0,0.0,-18.094091029399536
2026-01-14 07:52:00+00:00,95157.140625,3335.122314453125,-689.1215883269701,-1.7552816867605778,0,-0.14632613709773068,-0.0,0.0,0.0,-0.0,-18.094091029399536
2026-01-14 07:53:00+00:00,95160.453125,3333.84130859375,-690.542681497086,-2.2169217763586677,1,-1.4210931701159097,-0.0,1.0,3.33384130859375,-3.33384130859375,-21.427932337993287
2026-01-14 07:54:00+00:00,95162.9140625,3333.453125,-691.0349393900892,-2.276911808493219,1,-0.49225789300317047,-0.49225789300317047,0.0,0.0,-0.49225789300317047,-21.920190230996457
2026-01-14 07:55:00+00:00,95157.25,3333.01708984375,-691.2314384607562,-2.218350595294251,1,-0.1964990706669596,-0.1964990706669596,0.0,0.0,-0.1964990706669596,-22.116689301663417
2026-01-14 07:56:00+00:00,95164.2734375,3332.865234375,-691.6803186756292,-2.2415405547335725,1,-0.44888021487304286,-0.44888021487304286,0.0,0.0,-0.44888021487304286,-22.56556951653646
2026-01-14 07:57:00+00:00,95158.140625,3332.72509765625,-691.5610956327482,-2.07637892670996,1,0.1192230428810035,0.1192230428810035,0.0,0.0,0.1192230428810035,-22.446346473655456
2026-01-14 07:58:00+00:00,95163.640625,3332.916015625,-691.602775462964,-1.9815155816089502,1,-0.041679830215798574,-0.041679830215798574,0.0,0.0,-0.041679830215798574,-22.488026303871255
2026-01-14 07:59:00+00:00,95176.1328125,3333.45849609375,-691.5885959609,-1.8797191500087762,1,0.01417950206405294,0.01417950206405294,0.0,0.0,0.01417950206405294,-22.473846801807202
2026-01-14 08:00:00+00:00,95162.828125,3333.4990234375,-690.9854066119806,-1.6131549467835002,1,0.6031893489193862,0.6031893489193862,0.0,0.0,0.6031893489193862,-21.870657452887816
2026-01-14 08:01:00+00:00,95194.9296875,3334.887939453125,-690.9540820110601,-1.5400963086092256,1,0.0313246009204704,0.0313246009204704,0.0,0.0,0.0313246009204704,-21.839332851967345
2026-01-14 08:02:00+00:00,95189.53125,3336.79248046875,-688.8212383262794,-0.8441267535943316,1,2.1328436847807097,2.1328436847807097,0.0,0.0,2.1328436847807097,-19.706489167186636
2026-01-14 08:03:00+00:00,95210.6953125,3338.22705078125,-688.2817069873581,-0.6502633384083962,1,0.5395313389212788,0.5395313389212788,0.0,0.0,0.5395313389212788,-19.166957828265357
2026-01-14 08:04:00+00:00,95192.671875,3336.250244140625,-689.4962932839276,-0.9991528877480692,1,-1.2145862965694505,-1.2145862965694505,0.0,0.0,-1.2145862965694505,-20.381544124834807
2026-01-14 08:05:00+00:00,95220.625,3336.06884765625,-690.8598416499804,-1.3826046707216713,1,-1.3635483660527825,-1.3635483660527825,0.0,0.0,-1.3635483660527825,-21.74509249088759
2026-01-14 08:06:00+00:00,95215.65625,3335.198974609375,-691.5195837307438,-1.5574632892763212,1,-0.659742080763408,-0.659742080763408,0.0,0.0,-0.659742080763408,-22.404834571650998
2026-01-14 08:07:00+00:00,95205.953125,3335.47802734375,-690.83018090217,-1.3097601570071296,1,0.6894028285737477,0.6894028285737477,0.0,0.0,0.6894028285737477,-21.71543174307725
2026-01-14 08:08:00+00:00,95231.53125,3336.1650390625,-691.2248811064528,-1.41000437135908,1,-0.39470020428279895,-0.39470020428279895,0.0,0.0,-0.39470020428279895,-22.11013194736005
2026-01-14 08:09:00+00:00,95225.0859375,3336.44921875,-690.6681258732897,-1.2041398656432734,1,0.5567552331631305,0.5567552331631305,0.0,0.0,0.5567552331631305,-21.55337671419692
2026-01-14 08:10:00+00:00,95176.8203125,3335.3828125,-689.6933542795209,-0.8379722526804513,1,0.9747715937687644,0.9747715937687644,0.0,0.0,0.9747715937687644,-20.578605120428154
2026-01-14 08:11:00+00:00,95194.2109375,3336.141357421875,-689.6702677390363,-0.8042607675534418,1,0.023086540484655416,0.023086540484655416,0.0,0.0,0.023086540484655416,-20.5555185799435
2026-01-14 08:12:00+00:00,95202.7421875,3336.805908203125,-689.3665078618642,-0.673610228809647,1,0.30375987717206954,0.30375987717206954,0.0,0.0,0.30375987717206954,-20.25175870277143
2026-01-14 08:13:00+00:00,95231.328125,3338.996826171875,-688.3845037374572,-0.31223027376072127,0,0.9820041244070126,0.9820041244070126,1.0,3.338996826171875,-2.3569927017648626,-22.608751404536292
2026-01-14 08:14:00+00:00,95225.0859375,3338.8720703125,-688.2452743107897,-0.24706392336377214,0,0.13922942666749805,0.0,0.0,0.0,0.0,-22.608751404536292
2026-01-14 08:15:00+00:00,95222.8984375,3339.00146484375,-688.0233692913143,-0.1560084450550536,0,0.22190501947534358,0.0,0.0,0.0,0.0,-22.608751404536292
2026-01-14 08:16:00+00:00,95220.890625,3338.5751953125,-688.3647274101577,-0.26217696421560244,0,-0.34135811884334544,-0.0,0.0,0.0,-0.0,-22.608751404536292
2026-01-14 08:17:00+00:00,95223.0390625,3338.918701171875,-688.1120800660037,-0.15226444469361475,0,0.2526473441539565,0.0,0.0,0.0,0.0,-22.608751404536292
2026-01-14 08:18:00+00:00,95229.34375,3340.239990234375,-687.0574194463529,0.221834949698042,0,1.0546606196508037,0.0,0.0,0.0,0.0,-22.608751404536292
2026-01-14 08:19:00+00:00,95215.3515625,3338.95263671875,-687.7530362319376,-0.028425678399967874,0,-0.6956167855846616,-0.0,0.0,0.0,-0.0,-22.608751404536292
2026-01-14 08:20:00+00:00,95182.109375,3337.2138671875,-688.0859767367656,-0.1474967479359089,0,-0.3329405048280023,-0.0,0.0,0.0,-0.0,-22.608751404536292
2026-01-14 08:21:00+00:00,95191.765625,3337.751708984375,-687.9565026664845,-0.09955875465056616,0,0.12947407028104863,0.0,0.0,0.0,0.0,-22.608751404536292
2026-01-14 08:22:00+00:00,95213.234375,3338.486328125,-688.1298078888694,-0.1533348755929164,0,-0.1733052223848972,-0.0,0.0,0.0,-0.0,-22.608751404536292
2026-01-14 08:23:00+00:00,95200.4296875,3336.821044921875,-689.2535743412764,-0.5408868079336424,0,-1.123766452406926,-0.0,0.0,0.0,-0.0,-22.608751404536292
2026-01-14 08:25:00+00:00,95199.0078125,3336.66650390625,-689.3479835395551,-0.5504572860540132,0,-0.09440919827875405,-0.0,0.0,0.0,-0.0,-22.608751404536292
2026-01-14 08:26:00+00:00,95177.9296875,3336.11083984375,-689.012242969085,-0.40396521022464305,0,0.33574057047007955,0.0,0.0,0.0,0.0,-22.608751404536292
2026-01-14 08:27:00+00:00,95162.8671875,3336.141845703125,-688.3442363193594,-0.1281487710356233,0,0.6680066497256121,0.0,0.0,0.0,0.0,-22.608751404536292
2026-01-14 08:28:00+00:00,95149.5234375,3336.1943359375,-687.7274321068107,0.14656824842372104,0,0.6168042125486863,0.0,0.0,0.0,0.0,-22.608751404536292
2026-01-14 08:29:00+00:00,95144.9453125,3335.846435546875,-687.8817212613649,0.10937375630907294,0,-0.15428915455413517,-0.0,0.0,0.0,-0.0,-22.608751404536292
2026-01-14 08:30:00+00:00,95138.4609375,3335.49462890625,-687.959300383322,0.10632842194415504,0,-0.0775791219571147,-0.0,0.0,0.0,-0.0,-22.608751404536292
2026-01-14 08:31:00+00:00,95114.078125,3334.05859375,-688.364173990462,-0.031924036659044815,0,-0.4048736071399617,-0.0,0.0,0.0,-0.0,-22.608751404536292
2026-01-14 08:32:00+00:00,95128.984375,3334.888916015625,-688.1642446231717,0.08815942970779153,0,0.19992936729022404,0.0,0.0,0.0,0.0,-22.608751404536292
2026-01-14 08:33:00+00:00,95132.9375,3334.877197265625,-688.3431430411783,0.05139255889283341,0,-0.17889841800661088,-0.0,0.0,0.0,-0.0,-22.608751404536292
2026-01-14 08:34:00+00:00,95107.21875,3333.824951171875,-688.3077301090811,0.11963388406443694,0,0.03541293209718788,0.0,0.0,0.0,0.0,-22.608751404536292
2026-01-14 08:35:00+00:00,95098.1015625,3332.3818359375,-689.3652748443174,-0.3772120516898263,0,-1.0575447352362062,-0.0,0.0,0.0,-0.0,-22.608751404536292
2026-01-14 08:36:00+00:00,95101.234375,3330.445068359375,-691.434530657365,-1.512645932793229,0,-2.0692558130476755,-0.0,0.0,0.0,-0.0,-22.608751404536292
2026-01-14 08:37:00+00:00,95079.3046875,3329.86865234375,-691.0835290285327,-1.3060957241390545,0,0.3510016288323641,0.0,0.0,0.0,0.0,-22.608751404536292
2026-01-14 08:38:00+00:00,95024.5546875,3329.268798828125,-689.3679771817215,-0.23983097597603537,0,1.715551846811195,0.0,0.0,0.0,0.0,-22.608751404536292
2026-01-14 08:39:00+00:00,94990.6640625,3328.549560546875,-688.6539636846828,0.23974231987296707,0,0.7140134970386498,0.0,0.0,0.0,0.0,-22.608751404536292
2026-01-14 08:40:00+00:00,94971.8984375,3328.144287109375,-688.265629291051,0.5108261597687055,0,0.38833439363179423,0.0,0.0,0.0,0.0,-22.608751404536292
2026-01-14 08:41:00+00:00,94954.59375,3327.474853515625,-688.2032388440193,0.5906540888266354,0,0.062390447031702934,0.0,0.0,0.0,0.0,-22.608751404536292
2026-01-14 08:42:00+00:00,94951.8125,3327.603759765625,-687.9567121161331,0.8138446244821422,0,0.2465267278862484,0.0,0.0,0.0,0.0,-22.608751404536292
2026-01-14 08:43:00+00:00,94910.015625,3325.834228515625,-687.9586322518303,0.8873133362638485,0,-0.0019201356972189387,-0.0,0.0,0.0,-0.0,-22.608751404536292
2026-01-14 08:44:00+00:00,94906.8828125,3325.886474609375,-687.7738979231581,1.0224627199199225,0,0.18473432867222073,0.0,0.0,0.0,0.0,-22.608751404536292
2026-01-14 08:45:00+00:00,94915.140625,3326.075927734375,-687.9336718912082,0.8947036227368338,0,-0.15977396805010358,-0.0,0.0,0.0,-0.0,-22.608751404536292
2026-01-14 08:46:00+00:00,94929.4609375,3326.659912109375,-687.9553008194821,0.8797011913217392,0,-0.021628928273912607,-0.0,0.0,0.0,-0.0,-22.608751404536292
2026-01-14 08:47:00+00:00,94929.7265625,3326.5078125,-688.1186338452844,0.7654002287226617,0,-0.16333302580233067,-0.0,0.0,0.0,-0.0,-22.608751404536292
2026-01-14 08:48:00+00:00,94917.078125,3326.85888671875,-687.2326507678326,1.403984921474589,0,0.8859830774517832,0.0,0.0,0.0,0.0,-22.608751404536292
2026-01-14 08:49:00+00:00,94899.484375,3326.948974609375,-686.3985142361962,1.963503983654565,0,0.8341365316364318,0.0,0.0,0.0,0.0,-22.608751404536292
2026-01-14 08:50:00+00:00,94901.3359375,3327.354736328125,-686.071056037837,2.0864476040695594,-1,0.32745819835918155,0.0,1.0,3.3273547363281253,-3.3273547363281253,-25.936106140864418
2026-01-14 08:51:00+00:00,94887.3515625,3326.788818359375,-686.0455676711472,1.9972244463472966,-1,0.025488366689842223,-0.025488366689842223,0.0,0.0,-0.025488366689842223,-25.96159450755426
2026-01-14 08:52:00+00:00,94885.1875,3327.126953125,-685.6159136010997,2.154788104025517,-1,0.4296540700474907,-0.4296540700474907,0.0,0.0,-0.4296540700474907,-26.39124857760175
2026-01-14 08:53:00+00:00,94875.5546875,3327.86669921875,-684.4687909645581,2.6605802363483924,-1,1.1471226365415532,-1.1471226365415532,0.0,0.0,-1.1471226365415532,-27.538371214143304
2026-01-14 08:54:00+00:00,94891.109375,3328.896240234375,-684.0970655991341,2.6633319939015756,-1,0.3717253654240267,-0.3717253654240267,0.0,0.0,-0.3717253654240267,-27.91009657956733
2026-01-14 08:55:00+00:00,94860.3125,3326.690673828125,-685.0002164890138,2.0462017693345573,-1,-0.9031508898797256,0.9031508898797256,0.0,0.0,0.9031508898797256,-27.006945689687605
2026-01-14 08:56:00+00:00,94872.8515625,3326.876953125,-685.3442205264296,1.7819845787270128,-1,-0.34400403741574337,0.34400403741574337,0.0,0.0,0.34400403741574337,-26.66294165227186
2026-01-14 08:57:00+00:00,94887.40625,3326.83056640625,-686.0061323864779,1.379491454209831,-1,-0.6619118600483489,0.6619118600483489,0.0,0.0,0.6619118600483489,-26.001029792223513
2026-01-14 08:58:00+00:00,94881.1875,3327.385986328125,-685.1877183623628,1.7681725241928834,-1,0.8184140241150999,-0.8184140241150999,0.0,0.0,-0.8184140241150999,-26.819443816338612
2026-01-14 08:59:00+00:00,94868.3046875,3326.9052734375,-685.1236105562616,1.7450864738913738,-1,0.06410780610121947,-0.06410780610121947,0.0,0.0,-0.06410780610121947,-26.883551622439832
2026-01-14 09:00:00+00:00,94852.8203125,3326.349853515625,-685.0241883793428,1.74373734525631,-1,0.09942217691877886,-0.09942217691877886,0.0,0.0,-0.09942217691877886,-26.98297379935861
2026-01-14 09:01:00+00:00,94879.0390625,3327.291748046875,-685.1910981283918,1.596072149024017,-1,-0.16690974904895484,0.16690974904895484,0.0,0.0,0.16690974904895484,-26.816064050309656
2026-01-14 09:02:00+00:00,94866.8984375,3327.310302734375,-684.6591102312418,1.8183678084015567,-1,0.5319878971499747,-0.5319878971499747,0.0,0.0,-0.5319878971499747,-27.34805194745963
2026-01-14 09:03:00+00:00,94849.390625,3327.332763671875,-683.8962349933395,2.1093297649924523,-1,0.7628752379023354,-0.7628752379023354,0.0,0.0,-0.7628752379023354,-28.110927185361966
2026-01-14 09:04:00+00:00,94855.9765625,3327.478515625,-684.0290056886925,1.936856103719182,-1,-0.13277069535297414,0.13277069535297414,0.0,0.0,0.13277069535297414,-27.978156490008992
2026-01-14 09:05:00+00:00,94853.4609375,3327.1650390625,-684.2360951897335,1.7497206584501181,-1,-0.20708950104108226,0.20708950104108226,0.0,0.0,0.20708950104108226,-27.77106698896791
2026-01-14 09:06:00+00:00,94865.265625,3327.165771484375,-684.734589009674,1.4538544984724586,-1,-0.4984938199404496,0.4984938199404496,0.0,0.0,0.4984938199404496,-27.27257316902746
2026-01-14 09:07:00+00:00,94922.109375,3328.955322265625,-685.3489893438755,1.119807712182262,-1,-0.6144003342014912,0.6144003342014912,0.0,0.0,0.6144003342014912,-26.65817283482597
2026-01-14 09:08:00+00:00,94937.734375,3328.739990234375,-686.2251105767341,0.6453099797600358,-1,-0.8761212328586225,0.8761212328586225,0.0,0.0,0.8761212328586225,-25.782051601967346
2026-01-14 09:09:00+00:00,94948.6796875,3329.45654296875,-685.9714406780859,0.7544343226757939,-1,0.25366989864824063,-0.25366989864824063,0.0,0.0,-0.25366989864824063,-26.035721500615587
2026-01-14 09:10:00+00:00,94943.3515625,3328.56787109375,-686.6347834353373,0.3701319862669915,0,-0.6633427572514847,0.6633427572514847,1.0,3.32856787109375,-2.6652251138422653,-28.700946614457852
2026-01-14 09:11:00+00:00,95005.296875,3329.75341796875,-688.0689353501139,-0.44566507660086835,0,-1.4341519147765212,-0.0,0.0,0.0,-0.0,-28.700946614457852
2026-01-14 09:12:00+00:00,95040.7890625,3329.49365234375,-689.8296836465674,-1.430306361111711,0,-1.7607482964535848,-0.0,0.0,0.0,-0.0,-28.700946614457852
2026-01-14 09:13:00+00:00,95013.5859375,3328.767333984375,-689.4055680059423,-1.1916616969200657,0,0.4241156406251321,0.0,0.0,0.0,0.0,-28.700946614457852
2026-01-14 09:14:00+00:00,95032.1328125,3330.058349609375,-688.8989091632516,-0.8996118815487996,0,0.5066588426907401,0.0,0.0,0.0,0.0,-28.700946614457852
2026-01-14 09:15:00+00:00,95051.640625,3330.287109375,-689.4951447158346,-1.208367369946895,0,-0.596235552583039,-0.0,0.0,0.0,-0.0,-28.700946614457852
2026-01-14 09:16:00+00:00,95060.765625,3329.85986328125,-690.3082917033239,-1.6021854760103516,0,-0.81314698748929,-0.0,0.0,0.0,-0.0,-28.700946614457852
2026-01-14 09:17:00+00:00,95073.3359375,3329.52294921875,-691.176810678518,-1.9813755498774661,0,-0.8685189751940925,-0.0,0.0,0.0,-0.0,-28.700946614457852
2026-01-14 09:18:00+00:00,95068.0390625,3329.1298828125,-691.3458695454228,-1.9743176264573796,0,-0.16905886690483385,-0.0,0.0,0.0,-0.0,-28.700946614457852
2026-01-14 09:19:00+00:00,95068.9375,3329.364501953125,-691.1492457838904,-1.7893151887893284,0,0.19662376153246441,0.0,0.0,0.0,0.0,-28.700946614457852
2026-01-14 09:20:00+00:00,95089.375,3329.622314453125,-691.7557455595943,-1.9843728227467792,0,-0.6064997757039237,-0.0,0.0,0.0,-0.0,-28.700946614457852
2026-01-14 09:21:00+00:00,95094.21875,3329.744140625,-691.8387640402179,-1.9299855440197473,0,-0.08301848062365025,-0.0,0.0,0.0,-0.0,-28.700946614457852
2026-01-14 09:22:00+00:00,95088.578125,3328.31005859375,-693.0343011696873,-2.32508177371108,1,-1.1955371294693578,-0.0,1.0,3.32831005859375,-3.32831005859375,-32.0292566730516
2026-01-14 09:23:00+00:00,95086.578125,3328.72265625,-692.5371224956311,-2.0025221194635985,1,0.49717867405615834,0.49717867405615834,0.0,0.0,0.49717867405615834,-31.53207799899544
2026-01-14 09:24:00+00:00,95110.3515625,3329.078369140625,-693.1868003752534,-2.163931819067117,1,-0.6496778796222316,-0.6496778796222316,0.0,0.0,-0.6496778796222316,-32.18175587861767
2026-01-14 09:25:00+00:00,95131.5234375,3330.706298828125,-692.454240055933,-1.7982876509117283,1,0.7325603193203278,0.7325603193203278,0.0,0.0,0.7325603193203278,-31.449195559297344
2026-01-14 09:26:00+00:00,95119.75,3331.209228515625,-691.4534057050209,-1.3649989646901974,1,1.0008343509121005,1.0008343509121005,0.0,0.0,1.0008343509121005,-30.448361208385244
2026-01-14 09:27:00+00:00,95112.0078125,3330.760009765625,-691.575203405624,-1.3691535339130942,1,-0.12179770060311057,-0.12179770060311057,0.0,0.0,-0.12179770060311057,-30.570158908988354
2026-01-14 09:28:00+00:00,95076.6328125,3330.381591796875,-690.4575946219325,-0.9153217272268441,1,1.117608783691594,1.117608783691594,0.0,0.0,1.117608783691594,-29.45255012529676
2026-01-14 09:29:00+00:00,95023.328125,3329.195556640625,-689.3893474168949,-0.49685266662538113,0,1.0682472050375509,1.0682472050375509,1.0,3.329195556640625,-2.260948351603074,-31.713498476899833
2026-01-14 09:30:00+00:00,95017.5859375,3329.574951171875,-688.7671128540542,-0.25452584223343167,0,0.6222345628407311,0.0,0.0,0.0,0.0,-31.713498476899833
2026-01-14 09:31:00+00:00,95011.4140625,3330.380126953125,-687.7009253381689,0.14723009767960837,0,1.0661875158853036,0.0,0.0,0.0,0.0,-31.713498476899833
2026-01-14 09:32:00+00:00,95024.4296875,3330.741943359375,-687.8895463368585,0.07366861316096736,0,-0.18862099868965743,-0.0,0.0,0.0,-0.0,-31.713498476899833
2026-01-14 09:33:00+00:00,95029.0390625,3330.60595703125,-688.2204654794582,-0.053101996793009,0,-0.3309191425996687,-0.0,0.0,0.0,-0.0,-31.713498476899833
2026-01-14 09:34:00+00:00,95049.71875,3331.437744140625,-688.263232878412,-0.0696694976577428,0,-0.04276739895385617,-0.0,0.0,0.0,-0.0,-31.713498476899833
2026-01-14 09:35:00+00:00,95074.21875,3331.9853515625,-688.7517429246591,-0.2599516243014591,0,-0.4885100462470291,-0.0,0.0,0.0,-0.0,-31.713498476899833
2026-01-14 09:36:00+00:00,95058.4375,3333.057861328125,-687.0118360654092,0.38037064471548365,0,1.7399068592499134,0.0,0.0,0.0,0.0,-31.713498476899833
2026-01-14 09:37:00+00:00,95023.09375,3331.831298828125,-686.7436933913709,0.46087637202096315,0,0.2681426740382449,0.0,0.0,0.0,0.0,-31.713498476899833
2026-01-14 09:38:00+00:00,94982.140625,3330.656982421875,-686.1860813002054,0.657252131861773,0,0.557612091165538,0.0,0.0,0.0,0.0,-31.713498476899833
2026-01-14 09:39:00+00:00,94973.5234375,3330.17529296875,-686.3033455086429,0.5948833882981895,0,-0.11726420843751839,-0.0,0.0,0.0,-0.0,-31.713498476899833
2026-01-14 09:40:00+00:00,94971.421875,3330.235595703125,-686.1541666266517,0.6371647603348096,0,0.14917888199124718,0.0,0.0,0.0,0.0,-31.713498476899833
2026-01-14 09:41:00+00:00,94961.546875,3329.906982421875,-686.0651611324852,0.6555690091470684,0,0.08900549416648573,0.0,0.0,0.0,0.0,-31.713498476899833
2026-01-14 09:42:00+00:00,94960.0703125,3329.686767578125,-686.2229313966832,0.5817311202769447,0,-0.15777026419800677,-0.0,0.0,0.0,-0.0,-31.713498476899833
2026-01-14 09:43:00+00:00,94970.109375,3329.029541015625,-687.3047150212165,0.1605038732314625,0,-1.0817836245332728,-0.0,0.0,0.0,-0.0,-31.713498476899833
2026-01-14 09:44:00+00:00,94965.4765625,3328.8798828125,-687.2584492260648,0.1749788169901837,0,0.04626579515161211,0.0,0.0,0.0,0.0,-31.713498476899833
2026-01-14 09:45:00+00:00,94962.2578125,3328.526611328125,-687.4755981349085,0.08836599209923489,0,-0.21714890884368288,-0.0,0.0,0.0,-0.0,-31.713498476899833
2026-01-14 09:46:00+00:00,94975.1328125,3328.03662109375,-688.5100786714088,-0.30644637389262835,0,-1.0344805365002685,-0.0,0.0,0.0,-0.0,-31.713498476899833
2026-01-14 09:47:00+00:00,94962.9921875,3327.5732421875,-688.4600243680088,-0.28484329494929955,0,0.05005430339997474,0.0,0.0,0.0,0.0,-31.713498476899833
2026-01-14 09:48:00+00:00,94975.0703125,3328.770751953125,-687.7733046552275,-0.017101357828113013,0,0.6867197127812688,0.0,0.0,0.0,0.0,-31.713498476899833
2026-01-14 09:49:00+00:00,94990.2578125,3328.64599609375,-688.5403476185656,-0.2990857845049601,0,-0.7670429633380991,-0.0,0.0,0.0,-0.0,-31.713498476899833
2026-01-14 09:50:00+00:00,94988.546875,3328.453857421875,-688.6601298728647,-0.3295348732064777,0,-0.11978225429902523,-0.0,0.0,0.0,-0.0,-31.713498476899833
2026-01-14 09:51:00+00:00,95003.640625,3329.0712890625,-688.6810206009936,-0.3216332418408181,0,-0.0208907281289612,-0.0,0.0,0.0,-0.0,-31.713498476899833
2026-01-14 09:52:00+00:00,94964.609375,3326.264404296875,-689.8372539410007,-0.7440267515546585,0,-1.1562333400070202,-0.0,0.0,0.0,-0.0,-31.713498476899833
2026-01-14 09:53:00+00:00,94925.109375,3323.477294921875,-690.9538882143343,-1.140844544555353,0,-1.1166342733336023,-0.0,0.0,0.0,-0.0,-31.713498476899833
2026-01-14 09:54:00+00:00,94978.6015625,3323.939208984375,-692.754185983541,-1.7742373493577372,0,-1.8002977692067361,-0.0,0.0,0.0,-0.0,-31.713498476899833
2026-01-14 09:55:00+00:00,94972.1015625,3323.809814453125,-692.6086922069217,-1.6507402523811485,0,0.1454937766193325,0.0,0.0,0.0,0.0,-31.713498476899833
2026-01-14 09:56:00+00:00,95021.90625,3325.00048828125,-693.5242839589237,-1.9084293227211149,0,-0.9155917520020012,-0.0,0.0,0.0,-0.0,-31.713498476899833
2026-01-14 09:57:00+00:00,95040.4921875,3325.4921875,-693.8185934954872,-1.9201892593538175,0,-0.29430953656355996,-0.0,0.0,0.0,-0.0,-31.713498476899833
2026-01-14 09:58:00+00:00,95040.40625,3325.47119140625,-693.8359552486281,-1.8425964716139742,0,-0.017361753140903602,-0.0,0.0,0.0,-0.0,-31.713498476899833
2026-01-14 09:59:00+00:00,95038.109375,3325.782470703125,-693.4275399391167,-1.6313485173548468,0,0.4084153095113834,0.0,0.0,0.0,0.0,-31.713498476899833
2026-01-14 10:00:00+00:00,95051.1640625,3326.150634765625,-693.6114652545607,-1.633972072635647,0,-0.18392531544395752,-0.0,0.0,0.0,-0.0,-31.713498476899833
2026-01-14 10:01:00+00:00,95046.171875,3326.380859375,-693.1701184952717,-1.4278465132075358,0,0.44134675928899014,0.0,0.0,0.0,0.0,-31.713498476899833
2026-01-14 10:02:00+00:00,95056.0390625,3326.9912109375,-692.9770553135872,-1.3195122097222896,0,0.19306318168446523,0.0,0.0,0.0,0.0,-31.713498476899833
2026-01-14 10:03:00+00:00,95058.8203125,3327.270263671875,-692.815623057099,-1.2326632341685562,0,0.16143225648829684,0.0,0.0,0.0,0.0,-31.713498476899833
2026-01-14 10:04:00+00:00,95055.1796875,3327.074951171875,-692.856971673124,-1.2196139552009089,0,-0.04134861602506135,-0.0,0.0,0.0,-0.0,-31.713498476899833
2026-01-14 10:05:00+00:00,95046.9609375,3326.16064453125,-693.4237031937027,-1.3969087570150072,0,-0.5667315205787418,-0.0,0.0,0.0,-0.0,-31.713498476899833
2026-01-14 10:06:00+00:00,95044.59375,3325.633544921875,-693.8506932390342,-1.5170974133947537,0,-0.42699004533142215,-0.0,0.0,0.0,-0.0,-31.713498476899833
2026-01-14 10:07:00+00:00,95038.09375,3325.3837890625,-693.8255607905403,-1.4644314816619737,0,0.025132448493877746,0.0,0.0,0.0,0.0,-31.713498476899833
2026-01-14 10:08:00+00:00,95038.5703125,3325.7392578125,-693.4902461111892,-1.2943266024048783,0,0.33531467935108594,0.0,0.0,0.0,0.0,-31.713498476899833
2026-01-14 10:10:00+00:00,95076.515625,3327.0908203125,-693.7434101872955,-1.3508013358130333,0,-0.253164076106259,-0.0,0.0,0.0,-0.0,-31.713498476899833
2026-01-14 10:11:00+00:00,95094.4296875,3327.887939453125,-693.7038858663145,-1.2932590659561574,0,0.03952432098094505,0.0,0.0,0.0,0.0,-31.713498476899833
2026-01-14 10:12:00+00:00,95111.765625,3328.783447265625,-693.5415236729991,-1.1883561245941106,0,0.1623621933154027,0.0,0.0,0.0,0.0,-31.713498476899833
2026-01-14 10:13:00+00:00,95113.84375,3329.32568359375,-693.087172308688,-0.9839751207735341,0,0.454351364311151,0.0,0.0,0.0,0.0,-31.713498476899833
2026-01-14 10:14:00+00:00,95125.0546875,3329.77197265625,-693.1149994983421,-0.9646433311375892,0,-0.027827189654090034,-0.0,0.0,0.0,-0.0,-31.713498476899833
2026-01-14 10:15:00+00:00,95126.7421875,3329.930908203125,-693.0274291852406,-0.9019059866870979,0,0.08757031310142338,0.0,0.0,0.0,0.0,-31.713498476899833
2026-01-14 10:16:00+00:00,95148.78125,3330.411376953125,-693.4790036041095,-1.0400444375678535,0,-0.45157441886885863,-0.0,0.0,0.0,-0.0,-31.713498476899833
2026-01-14 10:17:00+00:00,95172.515625,3330.952392578125,-693.9417267763529,-1.177460752508246,0,-0.4627231722433862,-0.0,0.0,0.0,-0.0,-31.713498476899833
2026-01-14 10:18:00+00:00,95229.0390625,3331.8828125,-695.4017117912963,-1.6545770731664369,0,-1.4599850149434133,-0.0,0.0,0.0,-0.0,-31.713498476899833
2026-01-14 10:19:00+00:00,95213.5859375,3330.967529296875,-695.6634744740309,-1.6815062874181537,0,-0.26176268273457026,-0.0,0.0,0.0,-0.0,-31.713498476899833
2026-01-14 10:20:00+00:00,95155.390625,3328.072998046875,-696.0968963426399,-1.7573223400894982,0,-0.43342186860900256,-0.0,0.0,0.0,-0.0,-31.713498476899833
2026-01-14 10:21:00+00:00,95042.1875,3317.940673828125,-701.4418027957367,-3.2160309618250085,1,-5.344906453096883,-0.0,1.0,3.317940673828125,-3.317940673828125,-35.031439150727955
2026-01-14 10:22:00+00:00,95037.484375,3318.56982421875,-700.6137548554275,-2.7202036975824506,1,0.8280479403092613,0.8280479403092613,0.0,0.0,0.8280479403092613,-34.203391210418694
2026-01-14 10:23:00+00:00,94996.4453125,3313.588134765625,-703.8598814705279,-3.272919111049229,1,-3.2461266151003656,-3.2461266151003656,0.0,0.0,-3.2461266151003656,-37.44951782551906
2026-01-14 10:24:00+00:00,94907.6484375,3308.6318359375,-705.0609152659117,-3.2086207029023015,1,-1.2010337953838643,-1.2010337953838643,0.0,0.0,-1.2010337953838643,-38.650551620902924
2026-01-14 10:25:00+00:00,94924.28125,3313.017333984375,-701.3788273241489,-2.1966109044691504,1,3.682087941762802,3.682087941762802,0.0,0.0,3.682087941762802,-34.96846367914012
2026-01-14 10:26:00+00:00,94905.484375,3311.873291015625,-701.7279408833642,-2.150576935840649,1,-0.3491135592153114,-0.3491135592153114,0.0,0.0,-0.3491135592153114,-35.31757723835543
2026-01-14 10:27:00+00:00,94901.8046875,3310.30810546875,-703.13751057326,-2.3056989856388768,1,-1.4095696898957613,-1.4095696898957613,0.0,0.0,-1.4095696898957613,-36.727146928251194
2026-01-14 10:28:00+00:00,94870.0546875,3307.594970703125,-704.5079216812169,-2.4174133013622243,1,-1.3704111079568975,-1.3704111079568975,0.0,0.0,-1.3704111079568975,-38.09755803620809
2026-01-14 10:29:00+00:00,94903.9609375,3310.925537109375,-702.611267842457,-1.9351814702161452,1,1.896653838759903,1.896653838759903,0.0,0.0,1.896653838759903,-36.20090419744819
2026-01-14 10:30:00+00:00,94963.7578125,3313.77783203125,-702.2878131951379,-1.7859714672536449,1,0.3234546473190676,0.3234546473190676,0.0,0.0,0.3234546473190676,-35.87744955012912
2026-01-14 10:32:00+00:00,95029.84375,3313.70556640625,-705.1548867483407,-2.1902071485517127,1,-2.867073553202772,-2.867073553202772,0.0,0.0,-2.867073553202772,-38.74452310333189
2026-01-14 10:33:00+00:00,95045.375,3313.906982421875,-705.6102951991147,-2.146572538998789,1,-0.4554084507740299,-0.4554084507740299,0.0,0.0,-0.4554084507740299,-39.19993155410592
2026-01-14 10:34:00+00:00,95085.0859375,3315.38134765625,-705.8153257206277,-2.06688651350562,1,-0.20503052151298107,-0.20503052151298107,0.0,0.0,-0.20503052151298107,-39.404962075618904
2026-01-14 10:35:00+00:00,94981.25,3310.673828125,-706.1315706125883,-2.0115449964194,1,-0.3162448919606504,-0.3162448919606504,0.0,0.0,-0.3162448919606504,-39.721206967579555
2026-01-14 10:36:00+00:00,94919.359375,3307.62646484375,-706.5615478662671,-1.9779264376703893,1,-0.4299772536787714,-0.4299772536787714,0.0,0.0,-0.4299772536787714,-40.151184221258326
2026-01-14 10:37:00+00:00,94930.328125,3307.1572265625,-707.4946601670463,-2.0176941723714314,1,-0.9331123007791575,-0.9331123007791575,0.0,0.0,-0.9331123007791575,-41.084296522037484
2026-01-14 10:38:00+00:00,94953.703125,3309.048095703125,-706.5923316720277,-1.7958984594715601,1,0.9023284950185371,0.9023284950185371,0.0,0.0,0.9023284950185371,-40.18196802701895
2026-01-14 10:39:00+00:00,94973.03125,3308.875,-707.5828236175425,-1.8631083339904773,1,-0.9904919455148047,-0.9904919455148047,0.0,0.0,-0.9904919455148047,-41.17245997253375
2026-01-14 10:40:00+00:00,95074.625,3311.758544921875,-708.9957300845258,-1.9825497186020966,1,-1.4129064669832587,-1.4129064669832587,0.0,0.0,-1.4129064669832587,-42.58536643951701
2026-01-14 10:41:00+00:00,95107.6484375,3313.46484375,-708.6860092340003,-1.8555768716540169,1,0.30972085052553666,0.30972085052553666,0.0,0.0,0.30972085052553666,-42.27564558899147
2026-01-14 10:42:00+00:00,95088.4921875,3312.74658203125,-708.5941433915782,-1.7706154857375422,1,0.09186584242206663,0.09186584242206663,0.0,0.0,0.09186584242206663,-42.18377974656941
2026-01-14 10:43:00+00:00,95068.8359375,3311.912353515625,-708.5970990915798,-1.7063817124015284,1,-0.002955700001621153,-0.002955700001621153,0.0,0.0,-0.002955700001621153,-42.18673544657103
2026-01-14 10:44:00+00:00,95057.1015625,3311.60009765625,-708.413102260547,-1.6219332945585834,1,0.1839968310328004,0.1839968310328004,0.0,0.0,0.1839968310328004,-42.00273861553823
2026-01-14 10:45:00+00:00,95056.1796875,3311.252197265625,-708.7220160882771,-1.6067697345524419,1,-0.30891382773006626,-0.30891382773006626,0.0,0.0,-0.30891382773006626,-42.311652443268294
2026-01-14 10:46:00+00:00,95073.953125,3312.9033203125,-707.8225407582318,-1.4302012518206124,1,0.899475330045334,0.899475330045334,0.0,0.0,0.899475330045334,-41.41217711322296
2026-01-14 10:47:00+00:00,95074.0078125,3312.9599609375,-707.768212895437,-1.377789584180753,1,0.05432786279470747,0.05432786279470747,0.0,0.0,0.05432786279470747,-41.35784925042825
2026-01-14 10:48:00+00:00,95074.984375,3312.748779296875,-708.0206938611627,-1.3681460287267042,1,-0.252480965725681,-0.252480965725681,0.0,0.0,-0.252480965725681,-41.61033021615393
2026-01-14 10:49:00+00:00,95073.765625,3312.934326171875,-707.7836054284371,-1.2925374519503223,1,0.23708843272561353,0.23708843272561353,0.0,0.0,0.23708843272561353,-41.37324178342832
2026-01-14 10:50:00+00:00,95070.09375,3313.755615234375,-706.8070309035593,-1.1185394849137553,1,0.976574524877833,0.976574524877833,0.0,0.0,0.976574524877833,-40.39666725855049
2026-01-14 10:51:00+00:00,95096.90625,3315.073974609375,-706.6225857985196,-1.0595563340959266,1,0.1844451050396856,0.1844451050396856,0.0,0.0,0.1844451050396856,-40.2122221535108
2026-01-14 10:52:00+00:00,95123.3046875,3316.24609375,-706.5668700140118,-1.0207711631292553,1,0.055715784507810895,0.055715784507810895,0.0,0.0,0.055715784507810895,-40.15650636900299
2026-01-14 10:53:00+00:00,95144.1796875,3316.94873046875,-706.7470476686108,-1.018099793446144,1,-0.18017765459899238,-0.18017765459899238,0.0,0.0,-0.18017765459899238,-40.33668402360198
2026-01-14 10:54:00+00:00,95136.8359375,3316.49365234375,-706.8915548688547,-1.0092939436585084,1,-0.1445072002438792,-0.1445072002438792,0.0,0.0,-0.1445072002438792,-40.48119122384586
2026-01-14 10:55:00+00:00,95114.3671875,3315.72705078125,-706.7079415594417,-0.9504913041544029,1,0.18361330941297638,0.18361330941297638,0.0,0.0,0.18361330941297638,-40.297577914432885
2026-01-14 10:56:00+00:00,95094.5859375,3313.6435546875,-707.9548785239554,-1.1077449662076282,1,-1.2469369645136794,-1.2469369645136794,0.0,0.0,-1.2469369645136794,-41.544514878946565
2026-01-14 10:57:00+00:00,95080.0390625,3313.973876953125,-707.009361511633,-0.9292321735257565,1,0.9455170123223979,0.9455170123223979,0.0,0.0,0.9455170123223979,-40.59899786662417
2026-01-14 10:58:00+00:00,95070.0234375,3312.771484375,-707.7881882115271,-1.0176420822188499,1,-0.7788266998941253,-0.7788266998941253,0.0,0.0,-0.7788266998941253,-41.37782456651829
2026-01-14 10:59:00+00:00,95059.109375,3312.41552734375,-707.6825839854537,-0.9685227529335446,1,0.10560422607341025,0.10560422607341025,0.0,0.0,0.10560422607341025,-41.27222034044488
2026-01-14 11:00:00+00:00,95042.328125,3311.359375,-708.0290487266761,-0.9904069862546363,1,-0.3464647412224622,-0.3464647412224622,0.0,0.0,-0.3464647412224622,-41.618685081667344
2026-01-14 11:01:00+00:00,95042.125,3311.28271484375,-708.097118623305,-0.9694521707546575,1,-0.06806989662891283,-0.06806989662891283,0.0,0.0,-0.06806989662891283,-41.68675497829626
2026-01-14 11:02:00+00:00,94995.28125,3307.78369140625,-709.615096034383,-1.1745115450913546,1,-1.5179774110779363,-1.5179774110779363,0.0,0.0,-1.5179774110779363,-43.20473238937419
2026-01-14 11:03:00+00:00,94958.6015625,3307.88330078125,-707.9642840086071,-0.8801040203330821,1,1.6508120257758492,1.6508120257758492,0.0,0.0,1.6508120257758492,-41.553920363598344
2026-01-14 11:04:00+00:00,94945.09375,3307.232666015625,-708.0436665094417,-0.8649659885722519,1,-0.07938250083452658,-0.07938250083452658,0.0,0.0,-0.07938250083452658,-41.63330286443287
2026-01-14 11:05:00+00:00,94949.4296875,3307.18408203125,-708.275619497263,-0.8758425387314174,1,-0.23195298782138707,-0.23195298782138707,0.0,0.0,-0.23195298782138707,-41.86525585225426
2026-01-14 11:06:00+00:00,94965.421875,3305.696533203125,-710.4394860732341,-1.2064524622783075,1,-2.163866575971042,-2.163866575971042,0.0,0.0,-2.163866575971042,-44.0291224282253
2026-01-14 11:07:00+00:00,94989.71875,3306.435791015625,-710.7277554692355,-1.2213841624101764,1,-0.28826939600139667,-0.28826939600139667,0.0,0.0,-0.28826939600139667,-44.317391824226696
2026-01-14 11:08:00+00:00,94955.2265625,3306.77099609375,-708.9338582285595,-0.8846938217884924,1,1.7938972406759603,1.7938972406759603,0.0,0.0,1.7938972406759603,-42.523494583550736
2026-01-14 11:09:00+00:00,94956.953125,3306.511474609375,-709.2663969197124,-0.9164886082834899,1,-0.3325386911528767,-0.3325386911528767,0.0,0.0,-0.3325386911528767,-42.85603327470361
2026-01-14 11:10:00+00:00,94951.96875,3306.26318359375,-709.3038961800244,-0.8986378701636142,1,-0.037499260311960825,-0.037499260311960825,0.0,0.0,-0.037499260311960825,-42.893532535015574
2026-01-14 11:11:00+00:00,94891.0703125,3297.19287109375,-715.7987827667553,-2.0219960331014755,1,-6.4948865867309,-6.4948865867309,0.0,0.0,-6.4948865867309,-49.38841912174647
2026-01-14 11:12:00+00:00,94879.53125,3295.180419921875,-717.3232411132421,-2.213926150227233,1,-1.524458346486881,-1.524458346486881,0.0,0.0,-1.524458346486881,-50.912877468233354
2026-01-14 11:13:00+00:00,94863.1484375,3296.1884765625,-715.6223469947308,-1.8548524948591674,1,1.7008941185113144,1.7008941185113144,0.0,0.0,1.7008941185113144,-49.21198334972204
2026-01-14 11:14:00+00:00,94869.0,3296.624267578125,-715.4340215351081,-1.7857603479715514,1,0.18832545962277436,0.18832545962277436,0.0,0.0,0.18832545962277436,-49.023657890099265
2026-01-14 11:15:00+00:00,94868.0625,3296.80712890625,-715.2115128548867,-1.719539244083494,1,0.22250868022138093,0.22250868022138093,0.0,0.0,0.22250868022138093,-48.801149209877885
2026-01-14 11:16:00+00:00,94828.5703125,3293.70556640625,-716.6429306478212,-1.9685760924529248,1,-1.4314177929345533,-1.4314177929345533,0.0,0.0,-1.4314177929345533,-50.23256700281244
2026-01-14 11:17:00+00:00,94838.2109375,3294.42578125,-716.3304227414637,-1.8886947788446111,1,0.3125079063574958,0.3125079063574958,0.0,0.0,0.3125079063574958,-49.92005909645494
2026-01-14 11:18:00+00:00,94836.203125,3294.65087890625,-716.0204136728071,-1.8157000797168361,1,0.31000906865665456,0.31000906865665456,0.0,0.0,0.31000906865665456,-49.61005002779829
2026-01-14 11:19:00+00:00,94840.84375,3293.493896484375,-717.3736504875596,-2.0671306608634734,1,-1.353236814752563,-1.353236814752563,0.0,0.0,-1.353236814752563,-50.96328684255085
2026-01-14 11:20:00+00:00,94784.4453125,3290.697998046875,-717.7844303018542,-2.1235029170524307,1,-0.4107798142945285,-0.4107798142945285,0.0,0.0,-0.4107798142945285,-51.37406665684538
2026-01-14 11:21:00+00:00,94844.8984375,3292.694580078125,-718.3444416916273,-2.211849823902622,1,-0.5600113897730807,-0.5600113897730807,0.0,0.0,-0.5600113897730807,-51.93407804661846
2026-01-14 11:22:00+00:00,94883.484375,3293.4990234375,-719.1718172656242,-2.2761208351908437,1,-0.8273755739969602,-0.8273755739969602,0.0,0.0,-0.8273755739969602,-52.76145362061542
2026-01-14 11:23:00+00:00,94893.5703125,3294.2275390625,-718.8698410702627,-2.1187658166471794,1,0.30197619536147613,0.30197619536147613,0.0,0.0,0.30197619536147613,-52.459477425253944
2026-01-14 11:24:00+00:00,94906.3671875,3294.919189453125,-718.7193770357549,-1.9846167042623193,1,0.15046403450787693,0.15046403450787693,0.0,0.0,0.15046403450787693,-52.30901339074607
2026-01-14 11:25:00+00:00,94928.4765625,3295.3798828125,-719.1937003966559,-1.9799136398509514,1,-0.4743233609010531,-0.4743233609010531,0.0,0.0,-0.4743233609010531,-52.78333675164712
2026-01-14 11:26:00+00:00,94936.1875,3296.47265625,-718.4270264301495,-1.759534699861309,1,0.7666739665064597,0.7666739665064597,0.0,0.0,0.7666739665064597,-52.01666278514066
2026-01-14 11:27:00+00:00,94908.046875,3295.673095703125,-718.0365056249279,-1.6258308146775506,1,0.390520805221513,0.390520805221513,0.0,0.0,0.390520805221513,-51.62614197991915
2026-01-14 11:28:00+00:00,94927.796875,3296.396728515625,-718.1481103632609,-1.5912838150846176,1,-0.11160473833297146,-0.11160473833297146,0.0,0.0,-0.11160473833297146,-51.73774671825212
2026-01-14 11:29:00+00:00,94928.7421875,3296.483154296875,-718.1016623287082,-1.5236648698194344,1,0.046448034552668105,0.046448034552668105,0.0,0.0,0.046448034552668105,-51.69129868369945
2026-01-14 11:30:00+00:00,94924.9453125,3296.05615234375,-718.3680925058425,-1.529518854197431,1,-0.26643017713422523,-0.26643017713422523,0.0,0.0,-0.26643017713422523,-51.957728860833676
2026-01-14 11:31:00+00:00,94923.4921875,3295.60400390625,-718.7587875475929,-1.563165963445992,1,-0.3906950417504049,-0.3906950417504049,0.0,0.0,-0.3906950417504049,-52.34842390258408
2026-01-14 11:32:00+00:00,94919.453125,3295.3251953125,-718.8667821327272,-1.5276243656323327,1,-0.10799458513429272,-0.10799458513429272,0.0,0.0,-0.10799458513429272,-52.45641848771837
2026-01-14 11:33:00+00:00,94929.453125,3296.380859375,-718.2340231592566,-1.3498417361063983,1,0.6327589734705725,0.6327589734705725,0.0,0.0,0.6327589734705725,-51.8236595142478
2026-01-14 11:34:00+00:00,94932.96875,3294.179443359375,-720.5841167452431,-1.7535970257330902,1,-2.350093585986542,-2.350093585986542,0.0,0.0,-2.350093585986542,-54.17375310023434
2026-01-14 11:35:00+00:00,94924.8671875,3291.64794921875,-722.7729916848343,-2.0813281427917625,1,-2.1888749395911873,-2.1888749395911873,0.0,0.0,-2.1888749395911873,-56.36262803982553
2026-01-14 11:36:00+00:00,94917.5546875,3291.871337890625,-722.2403536666066,-1.8854095473559875,1,0.5326380182277717,0.5326380182277717,0.0,0.0,0.5326380182277717,-55.82999002159776
2026-01-14 11:37:00+00:00,94909.2890625,3289.98974609375,-723.7723879758305,-2.063697824146015,1,-1.5320343092239455,-1.5320343092239455,0.0,0.0,-1.5320343092239455,-57.362024330821704
2026-01-14 11:38:00+00:00,94866.6328125,3287.629638671875,-724.3285408773145,-2.0566875537808618,1,-0.5561529014839834,-0.5561529014839834,0.0,0.0,-0.5561529014839834,-57.91817723230569
2026-01-14 11:39:00+00:00,94875.015625,3288.090087890625,-724.2226050652275,-1.9378879170769212,1,0.10593581208695468,0.10593581208695468,0.0,0.0,0.10593581208695468,-57.81224142021873
2026-01-14 11:40:00+00:00,94923.7890625,3290.105712890625,-724.2696335580486,-1.8531695567174127,1,-0.04702849282102761,-0.04702849282102761,0.0,0.0,-0.04702849282102761,-57.85926991303976
2026-01-14 11:41:00+00:00,94912.828125,3289.821533203125,-724.0902696206199,-1.7413568889788527,1,0.1793639374286613,0.1793639374286613,0.0,0.0,0.1793639374286613,-57.6799059756111
2026-01-14 11:42:00+00:00,94896.1875,3288.09814453125,-725.1099177927817,-1.8246499914229444,1,-1.019648172161851,-1.019648172161851,0.0,0.0,-1.019648172161851,-58.69955414777295
2026-01-14 11:43:00+00:00,94878.0703125,3286.163330078125,-726.278547166642,-1.9186965031995824,1,-1.1686293738603126,-1.1686293738603126,0.0,0.0,-1.1686293738603126,-59.86818352163326
2026-01-14 11:44:00+00:00,94884.6171875,3287.214599609375,-725.5041483108657,-1.7169326715346709,1,0.774398855776326,0.774398855776326,0.0,0.0,0.774398855776326,-59.09378466585694
2026-01-14 11:45:00+00:00,94875.453125,3287.3896484375,-724.9415466159976,-1.5634552106226598,1,0.5626016948681354,0.5626016948681354,0.0,0.0,0.5626016948681354,-58.5311829709888
2026-01-14 11:46:00+00:00,94877.3515625,3288.373291015625,-724.0381899258678,-1.3726034295537564,1,0.90335669012984,0.90335669012984,0.0,0.0,0.90335669012984,-57.62782628085896
2026-01-14 11:47:00+00:00,94856.8046875,3287.523193359375,-724.0193497820028,-1.322631362996232,1,0.018840143864963466,0.018840143864963466,0.0,0.0,0.018840143864963466,-57.608986136994
2026-01-14 11:48:00+00:00,94850.4296875,3287.59619140625,-723.6767497408714,-1.227445750593366,1,0.34260004113139075,0.34260004113139075,0.0,0.0,0.34260004113139075,-57.26638609586261
2026-01-14 11:49:00+00:00,94837.40625,3285.26953125,-725.4526420975808,-1.4474430246731749,1,-1.7758923567093916,-1.7758923567093916,0.0,0.0,-1.7758923567093916,-59.042278452572
2026-01-14 11:50:00+00:00,94820.9140625,3285.914794921875,-724.109915423408,-1.2034910184919207,1,1.342726674172809,1.342726674172809,0.0,0.0,1.342726674172809,-57.69955177839919
2026-01-14 11:51:00+00:00,94775.28125,3285.35205078125,-722.7428247007356,-0.962867460807777,1,1.3670907226724012,1.3670907226724012,0.0,0.0,1.3670907226724012,-56.33246105572679
2026-01-14 11:52:00+00:00,94737.0546875,3284.919189453125,-721.5590652471255,-0.7521400398859585,1,1.1837594536100369,1.1837594536100369,0.0,0.0,1.1837594536100369,-55.14870160211675
2026-01-14 11:53:00+00:00,94761.3515625,3285.659912109375,-721.8458697993765,-0.7707562934521429,1,-0.2868045522509419,-0.2868045522509419,0.0,0.0,-0.2868045522509419,-55.435506154367694
2026-01-14 11:54:00+00:00,94748.375,3284.744873046875,-722.2121234299407,-0.8028655655815183,1,-0.3662536305641879,-0.3662536305641879,0.0,0.0,-0.3662536305641879,-55.80175978493188
2026-01-14 11:55:00+00:00,94736.5390625,3283.771484375,-722.6849642815973,-0.853833715294416,1,-0.472840851656656,-0.472840851656656,0.0,0.0,-0.472840851656656,-56.27460063658854
2026-01-14 11:56:00+00:00,94767.3671875,3285.61669921875,-722.143486532621,-0.737080287034645,1,0.5414777489763765,0.5414777489763765,0.0,0.0,0.5414777489763765,-55.73312288761216
2026-01-14 11:57:00+00:00,94747.2890625,3284.08251953125,-722.828552096054,-0.8283931744865408,1,-0.6850655634329996,-0.6850655634329996,0.0,0.0,-0.6850655634329996,-56.41818845104516
2026-01-14 11:58:00+00:00,94715.703125,3282.867919921875,-722.7073663343776,-0.7818691566862327,1,0.12118576167631545,0.12118576167631545,0.0,0.0,0.12118576167631545,-56.297002689368846
2026-01-14 11:59:00+00:00,94706.0078125,3282.48046875,-722.6847978066544,-0.7534060688576126,1,0.022568527723251464,0.022568527723251464,0.0,0.0,0.022568527723251464,-56.274434161645594
2026-01-14 12:00:00+00:00,94727.6953125,3283.47216796875,-722.6102739997368,-0.7155451221094018,1,0.07452380691756844,0.07452380691756844,0.0,0.0,0.07452380691756844,-56.199910354728026
2026-01-14 12:01:00+00:00,94737.578125,3283.8408203125,-722.6595708260043,-0.7013227288786064,1,-0.0492968262674367,-0.0492968262674367,0.0,0.0,-0.0492968262674367,-56.24920718099546
2026-01-14 12:02:00+00:00,94701.1328125,3281.7197265625,-723.2393737632524,-0.7891833410015247,1,-0.5798029372481324,-0.5798029372481324,0.0,0.0,-0.5798029372481324,-56.829010118243595
2026-01-14 12:03:00+00:00,94706.3984375,3283.893310546875,-721.2884757398197,-0.3718851916470097,0,1.9508980234327282,1.9508980234327282,1.0,3.2838933105468753,-1.332995287114147,-58.16200540535774
2026-01-14 12:04:00+00:00,94725.203125,3284.492431640625,-721.4846144502053,-0.3850847993439382,0,-0.19613871038563957,-0.0,0.0,0.0,-0.0,-58.16200540535774
2026-01-14 12:05:00+00:00,94749.203125,3286.6591796875,-720.332838617001,-0.09333804960471166,0,1.1517758332042831,0.0,0.0,0.0,0.0,-58.16200540535774
2026-01-14 12:06:00+00:00,94801.8203125,3289.26904296875,-719.9481829721676,0.03445206711376066,0,0.3846556448334013,0.0,0.0,0.0,0.0,-58.16200540535774
2026-01-14 12:07:00+00:00,94852.953125,3291.366455078125,-720.0132035250563,0.05894570416769038,0,-0.06502055288865449,-0.0,0.0,0.0,-0.0,-58.16200540535774
2026-01-14 12:08:00+00:00,94870.953125,3291.343505859375,-720.7973819040594,-0.09760256195170333,0,-0.7841783790031513,-0.0,0.0,0.0,-0.0,-58.16200540535774
2026-01-14 12:10:00+00:00,94841.65625,3290.05517578125,-720.8467322291685,-0.06349467817469824,0,-0.049350325109116966,-0.0,0.0,0.0,-0.0,-58.16200540535774
2026-01-14 12:11:00+00:00,94899.6875,3292.518310546875,-720.8377685583173,-0.0033868067049068035,0,0.008963670851244387,0.0,0.0,0.0,0.0,-58.16200540535774
2026-01-14 12:12:00+00:00,94918.6328125,3293.68212890625,-720.4751571058923,0.14829747970126234,0,0.3626114524249715,0.0,0.0,0.0,0.0,-58.16200540535774
2026-01-14 12:13:00+00:00,94941.7421875,3294.11181640625,-721.0227768350715,-0.019372300562622496,0,-0.5476197291791323,-0.0,0.0,0.0,-0.0,-58.16200540535774
2026-01-14 12:14:00+00:00,94953.0703125,3293.87451171875,-721.7391536937375,-0.24110747481246309,0,-0.7163768586660808,-0.0,0.0,0.0,-0.0,-58.16200540535774
2026-01-14 12:15:00+00:00,94961.9921875,3293.8896484375,-722.1013276091062,-0.34352685506879255,0,-0.3621739153686576,-0.0,0.0,0.0,-0.0,-58.16200540535774
2026-01-14 12:16:00+00:00,94954.6484375,3293.69970703125,-721.9806980906001,-0.2679945960502286,0,0.1206295185061208,0.0,0.0,0.0,0.0,-58.16200540535774
2026-01-14 12:17:00+00:00,94942.5703125,3292.309326171875,-722.8602888971318,-0.5856004732534389,0,-0.8795908065317235,-0.0,0.0,0.0,-0.0,-58.16200540535774
2026-01-14 12:18:00+00:00,94936.8203125,3291.530517578125,-723.3959270646897,-0.7769069269077479,0,-0.5356381675578632,-0.0,0.0,0.0,-0.0,-58.16200540535774
2026-01-14 12:19:00+00:00,94936.4609375,3291.64501953125,-723.2662269599277,-0.7024956407646322,0,0.12970010476192328,0.0,0.0,0.0,0.0,-58.16200540535774
2026-01-14 12:20:00+00:00,94942.03125,3292.07373046875,-723.0730873728012,-0.5941365814138668,0,0.19313958712655221,0.0,0.0,0.0,0.0,-58.16200540535774
2026-01-14 12:21:00+00:00,94933.6875,3291.5234375,-723.2705189078924,-0.6561233415932163,0,-0.19743153509125477,-0.0,0.0,0.0,-0.0,-58.16200540535774
2026-01-14 12:22:00+00:00,94956.9140625,3292.9111328125,-722.8650867435831,-0.4472965884482332,0,0.4054321643093317,0.0,0.0,0.0,0.0,-58.16200540535774
2026-01-14 12:23:00+00:00,94972.6171875,3293.70361328125,-722.7366994224499,-0.36512658108270774,0,0.12838732113323204,0.0,0.0,0.0,0.0,-58.16200540535774
2026-01-14 12:24:00+00:00,95043.21875,3296.125244140625,-723.3008445705427,-0.6036667748296929,0,-0.5641451480928481,-0.0,0.0,0.0,-0.0,-58.16200540535774
2026-01-14 12:25:00+00:00,95036.7734375,3294.851318359375,-724.3021948061291,-1.0479932811947261,0,-1.0013502355864148,-0.0,0.0,0.0,-0.0,-58.16200540535774
2026-01-14 12:26:00+00:00,95040.0234375,3294.98486328125,-724.3060940381888,-1.0174074507588233,0,-0.0038992320596662466,-0.0,0.0,0.0,-0.0,-58.16200540535774
2026-01-14 12:27:00+00:00,95033.4140625,3293.7939453125,-725.2174981746584,-1.4217534557685356,0,-0.9114041364696277,-0.0,0.0,0.0,-0.0,-58.16200540535774
2026-01-14 12:28:00+00:00,95021.40625,3292.4462890625,-726.0573379232223,-1.7886097815283801,0,-0.839839748563918,-0.0,0.0,0.0,-0.0,-58.16200540535774
2026-01-14 12:29:00+00:00,95033.640625,3292.810791015625,-726.2102339149569,-1.8189853468402344,0,-0.15289599173456736,-0.0,0.0,0.0,-0.0,-58.16200540535774
2026-01-14 12:30:00+00:00,95027.4375,3292.27490234375,-726.4837892737933,-1.9115609377636609,0,-0.2735553588363473,-0.0,0.0,0.0,-0.0,-58.16200540535774
2026-01-14 12:31:00+00:00,95031.203125,3292.23046875,-726.6874730651307,-1.9642335642543283,0,-0.20368379133742565,-0.0,0.0,0.0,-0.0,-58.16200540535774
2026-01-14 12:33:00+00:00,95032.7109375,3290.423095703125,-728.558612269961,-2.7579590880984153,1,-1.8711392048303424,-0.0,1.0,3.290423095703125,-3.290423095703125,-61.452428501060865
2026-01-14 12:34:00+00:00,95037.109375,3290.03466796875,-729.1330521645887,-2.852136124706164,1,-0.5744398946276306,-0.5744398946276306,0.0,0.0,-0.5744398946276306,-62.026868395688496
2026-01-14 12:35:00+00:00,95056.6796875,3290.583984375,-729.4113742333534,-2.831752857767322,1,-0.2783220687647372,-0.2783220687647372,0.0,0.0,-0.2783220687647372,-62.30519046445323
2026-01-14 12:36:00+00:00,95064.8515625,3292.732666015625,-727.6082853451699,-1.8967795726023202,1,1.803088888183538,1.803088888183538,0.0,0.0,1.803088888183538,-60.502101576269695
2026-01-14 12:37:00+00:00,95102.671875,3295.203857421875,-726.7365342014127,-1.4382674611590958,1,0.8717511437571375,0.8717511437571375,0.0,0.0,0.8717511437571375,-59.63035043251256
2026-01-14 12:38:00+00:00,95081.4453125,3293.936767578125,-727.1059419147778,-1.5417000334888622,1,-0.3694077133650353,-0.3694077133650353,0.0,0.0,-0.3694077133650353,-59.99975814587759
2026-01-14 12:39:00+00:00,95071.3203125,3294.573486328125,-726.0410317621354,-1.0395350933443723,1,1.0649101526423692,1.0649101526423692,0.0,0.0,1.0649101526423692,-58.93484799323522
2026-01-14 12:40:00+00:00,95092.390625,3296.21142578125,-725.2941665473795,-0.6995608714623511,1,0.7468652147558714,0.7468652147558714,0.0,0.0,0.7468652147558714,-58.18798277847935
2026-01-14 12:42:00+00:00,95063.171875,3295.12451171875,-725.1454048028718,-0.6253725909368979,1,0.1487617445077376,0.1487617445077376,0.0,0.0,0.1487617445077376,-58.039221033971614
2026-01-14 12:44:00+00:00,95016.1171875,3294.236328125,-724.0436217159777,-0.14286314883282936,0,1.1017830868941019,1.1017830868941019,1.0,3.2942363281250002,-2.1924532412308984,-60.231674275202515
2026-01-14 12:45:00+00:00,95013.2265625,3293.352294921875,-724.8054089168054,-0.4717226583352363,0,-0.7617872008277118,-0.0,0.0,0.0,-0.0,-60.231674275202515
2026-01-14 12:46:00+00:00,95014.25,3292.21923828125,-725.9817472501354,-0.976602311782427,0,-1.1763383333300226,-0.0,0.0,0.0,-0.0,-60.231674275202515
2026-01-14 12:47:00+00:00,95018.46875,3292.513671875,-725.8657267408198,-0.9318491175738975,0,0.1160205093156037,0.0,0.0,0.0,0.0,-60.231674275202515
2026-01-14 12:48:00+00:00,95023.1796875,3292.574462890625,-726.00416366948,-0.9856159735263087,0,-0.1384369286602123,-0.0,0.0,0.0,-0.0,-60.231674275202515
2026-01-14 12:49:00+00:00,95008.03125,3293.029052734375,-724.9089386947703,-0.5077680664664502,0,1.0952249747097085,0.0,0.0,0.0,0.0,-60.231674275202515
2026-01-14 12:50:00+00:00,95013.9765625,3293.752197265625,-724.4372244547326,-0.29871179573559203,0,0.471714240037727,0.0,0.0,0.0,0.0,-60.231674275202515
2026-01-14 12:52:00+00:00,95016.125,3293.600830078125,-724.6794501574536,-0.399105176601019,0,-0.2422257027210435,-0.0,0.0,0.0,-0.0,-60.231674275202515
2026-01-14 12:53:00+00:00,95014.0078125,3292.906982421875,-725.2837608768855,-0.6484406091824868,0,-0.6043107194318509,-0.0,0.0,0.0,-0.0,-60.231674275202515
2026-01-14 12:54:00+00:00,95011.046875,3293.09912109375,-724.966402651306,-0.5152940875258865,0,0.3173582255794827,0.0,0.0,0.0,0.0,-60.231674275202515
2026-01-14 12:55:00+00:00,95021.59375,3293.4287109375,-725.0828455186415,-0.5575108273525541,0,-0.116442867335536,-0.0,0.0,0.0,-0.0,-60.231674275202515
2026-01-14 12:56:00+00:00,95030.5703125,3294.261474609375,-724.6297052430905,-0.34741832823215485,0,0.45314027555104985,0.0,0.0,0.0,0.0,-60.231674275202515
2026-01-14 12:57:00+00:00,95030.9296875,3294.38623046875,-724.5201475353529,-0.28055682133525,0,0.10955770773762197,0.0,0.0,0.0,0.0,-60.231674275202515
2026-01-14 12:58:00+00:00,95029.65625,3294.350830078125,-724.5016936060465,-0.2547015357827864,0,0.018453929306360806,0.0,0.0,0.0,0.0,-60.231674275202515
2026-01-14 12:59:00+00:00,95031.6484375,3294.65478515625,-724.2819891511267,-0.1433776221699918,0,0.21970445491979262,0.0,0.0,0.0,0.0,-60.231674275202515
2026-01-14 13:00:00+00:00,95028.859375,3294.587646484375,-724.2311769505145,-0.10976392240685985,0,0.050812200612199376,0.0,0.0,0.0,0.0,-60.231674275202515
2026-01-14 13:01:00+00:00,95024.078125,3294.9521484375,-723.6644735016971,0.15388942745218923,0,0.5667034488174068,0.0,0.0,0.0,0.0,-60.231674275202515
2026-01-14 13:02:00+00:00,95008.3359375,3293.072265625,-724.878611193577,-0.37324605390171595,0,-1.2141376918798414,-0.0,0.0,0.0,-0.0,-60.231674275202515
2026-01-14 13:03:00+00:00,95000.65625,3293.57666015625,-724.0494387697363,0.007323508428503462,0,0.8291724238406459,0.0,0.0,0.0,0.0,-60.231674275202515
2026-01-14 13:04:00+00:00,94968.1953125,3291.964599609375,-724.2887097502698,-0.08823777072749553,0,-0.23927098053354712,-0.0,0.0,0.0,-0.0,-60.231674275202515
2026-01-14 13:05:00+00:00,94919.03125,3290.809326171875,-723.3648099649085,0.33388385826943956,0,0.9238997853613,0.0,0.0,0.0,0.0,-60.231674275202515
2026-01-14 13:06:00+00:00,94903.171875,3290.234130859375,-723.2693042377759,0.3824653744125511,0,0.09550572713260408,0.0,0.0,0.0,0.0,-60.231674275202515
2026-01-14 13:07:00+00:00,94943.4765625,3288.999267578125,-726.2086732645748,-0.9185991661503462,0,-2.939369026798886,-0.0,0.0,0.0,-0.0,-60.231674275202515
2026-01-14 13:08:00+00:00,95011.7265625,3291.835693359375,-726.258574715951,-0.9105252942683716,0,-0.04990145137617219,-0.0,0.0,0.0,-0.0,-60.231674275202515
2026-01-14 13:09:00+00:00,94996.1484375,3291.963623046875,-725.4718381944472,-0.5301532187531041,0,0.7867365215038262,0.0,0.0,0.0,0.0,-60.231674275202515
2026-01-14 13:10:00+00:00,95001.1015625,3293.40087890625,-724.2440525119819,0.0637373637502901,0,1.22778568246531,0.0,0.0,0.0,0.0,-60.231674275202515
2026-01-14 13:11:00+00:00,94992.9921875,3293.37109375,-723.9308880725971,0.252267519204978,0,0.3131644393847637,0.0,0.0,0.0,0.0,-60.231674275202515
2026-01-14 13:12:00+00:00,94983.1484375,3293.693115234375,-723.192569391209,0.6652947551934727,0,0.7383186813881366,0.0,0.0,0.0,0.0,-60.231674275202515
2026-01-14 13:13:00+00:00,94986.171875,3293.926025390625,-723.0875219454701,0.7581793686818662,0,0.10504744573881908,0.0,0.0,0.0,0.0,-60.231674275202515
2026-01-14 13:14:00+00:00,94976.40625,3293.60693359375,-722.9936204913397,0.8485894029012723,0,0.09390145413044593,0.0,0.0,0.0,0.0,-60.231674275202515
2026-01-14 13:15:00+00:00,94922.03125,3292.15234375,-722.1486639134923,1.3413285442327596,0,0.8449565778473698,0.0,0.0,0.0,0.0,-60.231674275202515
2026-01-14 13:16:00+00:00,94925.7578125,3292.06982421875,-722.3887816693259,1.267046681481676,0,-0.2401177558335803,-0.0,0.0,0.0,-0.0,-60.231674275202515
2026-01-14 13:17:00+00:00,94940.3125,3293.492919921875,-721.5812111074993,1.7473742850413665,0,0.8075705618266511,0.0,0.0,0.0,0.0,-60.231674275202515
2026-01-14 13:18:00+00:00,94967.6875,3294.267822265625,-721.9640114449671,1.5358681124063815,0,-0.3828003374678701,-0.0,0.0,0.0,-0.0,-60.231674275202515
2026-01-14 13:19:00+00:00,94992.234375,3296.198974609375,-721.0709589369444,2.0038877034841294,-1,0.8930525080227198,0.0,1.0,3.296198974609375,-3.296198974609375,-63.52787324981189
2026-01-14 13:20:00+00:00,94988.984375,3295.95947265625,-721.1730167361347,1.9135227835685684,-1,-0.10205779919033375,0.10205779919033375,0.0,0.0,0.10205779919033375,-63.425815450621556
2026-01-14 13:21:00+00:00,95067.546875,3302.97607421875,-717.478863279322,3.508978938422769,-1,3.694153456812728,-3.694153456812728,0.0,0.0,-3.694153456812728,-67.11996890743428
2026-01-14 13:22:00+00:00,95095.703125,3302.673828125,-718.9718515143704,2.574490029876568,-1,-1.492988235048415,1.492988235048415,0.0,0.0,1.492988235048415,-65.62698067238587
2026-01-14 13:23:00+00:00,95159.796875,3302.839599609375,-721.5166373349934,1.3459139006351046,-1,-2.5447858206230194,2.5447858206230194,0.0,0.0,2.5447858206230194,-63.08219485176285
2026-01-14 13:24:00+00:00,95183.5625,3303.23193359375,-722.1293637262652,1.0476843840583498,-1,-0.6127263912717353,0.6127263912717353,0.0,0.0,0.6127263912717353,-62.469468460491115
2026-01-14 13:25:00+00:00,95146.828125,3299.931884765625,-723.8758971414086,0.2470618508421113,0,-1.7465334151434035,1.7465334151434035,1.0,3.299931884765625,-1.5533984696222216,-64.02286693011334
2026-01-14 13:26:00+00:00,95102.234375,3299.125,-722.7968895256431,0.7449308361039944,0,1.0790076157654767,0.0,0.0,0.0,0.0,-64.02286693011334
2026-01-14 13:27:00+00:00,95101.2578125,3298.3642578125,-723.5163323880424,0.4200890809925661,0,-0.719442862399319,-0.0,0.0,0.0,-0.0,-64.02286693011334
2026-01-14 13:28:00+00:00,95124.765625,3298.958984375,-723.9157631793623,0.24007463737720264,0,-0.3994307913199009,-0.0,0.0,0.0,-0.0,-64.02286693011334
2026-01-14 13:29:00+00:00,95169.0078125,3303.56787109375,-721.1779010849668,1.4601649428889176,0,2.7378620943954957,0.0,0.0,0.0,0.0,-64.02286693011334
2026-01-14 13:30:00+00:00,95141.6015625,3304.23876953125,-719.3479783878456,2.1638458799249003,-1,1.8299226971212192,0.0,1.0,3.30423876953125,-3.30423876953125,-67.32710569964459
2026-01-14 13:31:00+00:00,95079.9765625,3301.18603515625,-719.7945601517017,1.8725188645339081,-1,-0.44658176385610204,0.44658176385610204,0.0,0.0,0.44658176385610204,-66.88052393578849
2026-01-14 13:32:00+00:00,95068.6953125,3300.840576171875,-719.6629293325154,1.8373258534452381,-1,0.1316308191862845,-0.1316308191862845,0.0,0.0,-0.1316308191862845,-67.01215475497477
2026-01-14 13:33:00+00:00,95058.0390625,3299.5478515625,-720.5049957063934,1.4329146829510089,-1,-0.8420663738779695,0.8420663738779695,0.0,0.0,0.8420663738779695,-66.1700883810968
2026-01-14 13:34:00+00:00,95039.484375,3299.669921875,-719.5982382169832,1.7267174015443723,-1,0.9067574894102108,-0.9067574894102108,0.0,0.0,-0.9067574894102108,-67.07684587050701
2026-01-14 13:35:00+00:00,95034.2109375,3299.11572265625,-719.9294210801904,1.533316484835208,-1,-0.331182863207232,0.331182863207232,0.0,0.0,0.331182863207232,-66.74566300729978
2026-01-14 13:37:00+00:00,95099.4296875,3301.360595703125,-720.442682160829,1.2975339782011965,-1,-0.5132610806385856,0.5132610806385856,0.0,0.0,0.5132610806385856,-66.2324019266612
2026-01-14 13:38:00+00:00,95067.1484375,3299.921875,-720.5162123734312,1.247616480282841,-1,-0.07353021260223613,0.07353021260223613,0.0,0.0,0.07353021260223613,-66.15887171405896
2026-01-14 13:39:00+00:00,95057.8515625,3300.064453125,-719.9804646734742,1.4588889620690446,-1,0.5357476999570281,-0.5357476999570281,0.0,0.0,-0.5357476999570281,-66.69461941401599
2026-01-14 13:40:00+00:00,95038.5859375,3299.1640625,-720.0661022128907,1.3859101879963827,-1,-0.08563753941643881,0.08563753941643881,0.0,0.0,0.08563753941643881,-66.60898187459955
2026-01-14 13:41:00+00:00,95050.328125,3299.884033203125,-719.8427145947744,1.4378803502099913,-1,0.22338761811624863,-0.22338761811624863,0.0,0.0,-0.22338761811624863,-66.8323694927158
2026-01-14 13:43:00+00:00,95044.5546875,3300.2109375,-719.2716486879053,1.6386885724365037,-1,0.5710659068690802,-0.5710659068690802,0.0,0.0,-0.5710659068690802,-67.40343539958488
2026-01-14 13:44:00+00:00,95064.359375,3301.013427734375,-719.306708766569,1.5650126574282142,-1,-0.03506007866371874,0.03506007866371874,0.0,0.0,0.03506007866371874,-67.36837532092116
2026-01-14 13:45:00+00:00,95036.8359375,3300.53515625,-718.6210000723108,1.78526892237599,-1,0.68570869425821,-0.68570869425821,0.0,0.0,-0.68570869425821,-68.05408401517937
2026-01-14 13:46:00+00:00,95035.2109375,3300.80224609375,-718.2851881515935,1.842386721794874,-1,0.3358119207173331,-0.3358119207173331,0.0,0.0,-0.3358119207173331,-68.3898959358967
2026-01-14 13:47:00+00:00,95004.296875,3298.22412109375,-719.5559417162108,1.2586512801029521,-1,-1.27075356461728,1.27075356461728,0.0,0.0,1.27075356461728,-67.11914237127942
2026-01-14 13:48:00+00:00,94984.4296875,3297.729736328125,-719.2101330119908,1.3531944068133142,-1,0.34580870421996224,-0.34580870421996224,0.0,0.0,-0.34580870421996224,-67.46495107549939
2026-01-14 13:49:00+00:00,94934.8203125,3295.736083984375,-719.105779640634,1.3526370819259046,-1,0.10435337135686495,-0.10435337135686495,0.0,0.0,-0.10435337135686495,-67.56930444685625
2026-01-14 13:50:00+00:00,94928.8671875,3296.294677734375,-718.2954252048212,1.6303224162832846,-1,0.8103544358127692,-0.8103544358127692,0.0,0.0,-0.8103544358127692,-68.37965888266902
2026-01-14 13:51:00+00:00,94905.046875,3296.516357421875,-717.0663723794692,2.045934731260872,-1,1.2290528253520279,-1.2290528253520279,0.0,0.0,-1.2290528253520279,-69.60871170802105
2026-01-14 13:52:00+00:00,94866.671875,3296.924560546875,-715.0352709753188,2.6620914637080273,-1,2.0311014041503768,-2.0311014041503768,0.0,0.0,-2.0311014041503768,-71.63981311217142
2026-01-14 13:53:00+00:00,94861.1015625,3297.121826171875,-714.6024339999453,2.619203250442868,-1,0.4328369753734478,-0.4328369753734478,0.0,0.0,-0.4328369753734478,-72.07265008754487
2026-01-14 13:54:00+00:00,94884.2109375,3297.871826171875,-714.829741229124,2.375947365067232,-1,-0.22730722917867752,0.22730722917867752,0.0,0.0,0.22730722917867752,-71.8453428583662
2026-01-14 13:55:00+00:00,94882.8515625,3297.55322265625,-715.090856084209,2.164471730079928,-1,-0.26111485508499754,0.26111485508499754,0.0,0.0,0.26111485508499754,-71.5842280032812
2026-01-14 13:56:00+00:00,94882.8515625,3297.55322265625,-715.090856084209,2.0562456831948768,-1,0.0,-0.0,0.0,0.0,-0.0,-71.5842280032812
2026-01-14 13:57:00+00:00,94888.0703125,3297.23583984375,-715.6289424900465,1.7979861337977212,-1,-0.5380864058374755,0.5380864058374755,0.0,0.0,0.5380864058374755,-71.04614159744372
2026-01-14 13:58:00+00:00,94889.75,3297.224609375,-715.7112077979691,1.6985943430639474,-1,-0.08226530792262565,0.08226530792262565,0.0,0.0,0.08226530792262565,-70.9638762895211
2026-01-14 13:59:00+00:00,94937.046875,3300.42333984375,-714.5126862424881,1.9864744017126577,-1,1.1985215554809656,-1.1985215554809656,0.0,0.0,-1.1985215554809656,-72.16239784500206
2026-01-14 14:00:00+00:00,94958.4921875,3301.250244140625,-714.5927151248206,1.872796097082438,-1,-0.08002888233249905,0.08002888233249905,0.0,0.0,0.08002888233249905,-72.08236896266956
2026-01-14 14:01:00+00:00,94951.84375,3300.95361328125,-714.6081801789114,1.7872796967779465,-1,-0.01546505409078236,0.01546505409078236,0.0,0.0,0.01546505409078236,-72.06690390857878
2026-01-14 14:02:00+00:00,94968.9765625,3301.344482421875,-714.9418663978499,1.619165562855971,-1,-0.33368621893851014,0.33368621893851014,0.0,0.0,0.33368621893851014,-71.73321768964027
2026-01-14 14:03:00+00:00,95084.1328125,3304.794921875,-716.3614433605794,1.150040375513679,-1,-1.4195769627294794,1.4195769627294794,0.0,0.0,1.4195769627294794,-70.31364072691079
2026-01-14 14:04:00+00:00,95101.9296875,3304.847412109375,-717.0615920268365,0.9089612376216875,-1,-0.7001486662570642,0.7001486662570642,0.0,0.0,0.7001486662570642,-69.61349206065373
2026-01-14 14:05:00+00:00,95178.2890625,3306.412841796875,-718.725439167597,0.3789611487990629,0,-1.6638471407604811,1.6638471407604811,1.0,3.3064128417968752,-1.642565701036394,-71.25605776169012
2026-01-14 14:06:00+00:00,95226.1171875,3307.650390625,-719.5105660855957,0.11388184804443881,0,-0.7851269179986957,-0.0,0.0,0.0,-0.0,-71.25605776169012
2026-01-14 14:07:00+00:00,95194.546875,3306.449462890625,-719.3763692381208,0.13650008901890917,0,0.13419684747486826,0.0,0.0,0.0,0.0,-71.25605776169012
2026-01-14 14:08:00+00:00,95261.671875,3307.2998046875,-721.3647778513559,-0.5073154748024915,0,-1.9884086132351513,-0.0,0.0,0.0,-0.0,-71.25605776169012
2026-01-14 14:09:00+00:00,95271.0703125,3307.854736328125,-721.207310915498,-0.5011687474038343,0,0.15746693585788307,0.0,0.0,0.0,0.0,-71.25605776169012
2026-01-14 14:10:00+00:00,95287.375,3310.099365234375,-719.6522155411267,-0.024145000646728712,0,1.5550953743713762,0.0,0.0,0.0,0.0,-71.25605776169012
2026-01-14 14:11:00+00:00,95327.84375,3310.6728515625,-720.7901732451678,-0.4597040331336812,0,-1.1379577040411277,-0.0,0.0,0.0,-0.0,-71.25605776169012
2026-01-14 14:12:00+00:00,95412.9765625,3310.7119140625,-724.3514207101316,-1.7302278755352944,0,-3.561247464963799,-0.0,0.0,0.0,-0.0,-71.25605776169012
2026-01-14 14:13:00+00:00,95439.71875,3309.844970703125,-726.3493047880593,-2.3609644207523073,1,-1.9978840779276652,-0.0,1.0,3.309844970703125,-3.309844970703125,-74.56590273239324
2026-01-14 14:14:00+00:00,95425.2109375,3309.2001953125,-726.3805374049907,-2.277361067830157,1,-0.03123261693144741,-0.03123261693144741,0.0,0.0,-0.03123261693144741,-74.59713534932469
2026-01-14 14:15:00+00:00,95436.8046875,3309.97216796875,-726.0988703363341,-2.1064958477255673,1,0.2816670686565885,0.2816670686565885,0.0,0.0,0.2816670686565885,-74.3154682806681
2026-01-14 14:16:00+00:00,95422.1875,3309.6806640625,-725.7722059444795,-1.9393085544065307,1,0.3266643918545924,0.3266643918545924,0.0,0.0,0.3266643918545924,-73.98880388881351
2026-01-14 14:17:00+00:00,95569.71875,3314.546142578125,-727.1458990704418,-2.2574751183460102,1,-1.3736931259622907,-1.3736931259622907,0.0,0.0,-1.3736931259622907,-75.3624970147758
2026-01-14 14:18:00+00:00,95557.796875,3314.85400390625,-726.3338555814894,-1.9340005275314383,1,0.8120434889524404,0.8120434889524404,0.0,0.0,0.8120434889524404,-74.55045352582336
2026-01-14 14:19:00+00:00,95575.3125,3314.0419921875,-727.8866119952427,-2.2638157874907714,1,-1.5527564137532863,-1.5527564137532863,0.0,0.0,-1.5527564137532863,-76.10320993957664
2026-01-14 14:20:00+00:00,95557.8984375,3313.54248046875,-727.6496741487999,-2.0917584559901123,1,0.23693784644274274,0.23693784644274274,0.0,0.0,0.23693784644274274,-75.8662720931339
2026-01-14 14:21:00+00:00,95603.015625,3315.133056640625,-727.9671267965696,-2.0682025641864956,1,-0.31745264776964177,-0.31745264776964177,0.0,0.0,-0.31745264776964177,-76.18372474090354
2026-01-14 14:22:00+00:00,95647.0703125,3315.99267578125,-728.9706028098794,-2.202712202919217,1,-1.0034760133098644,-1.0034760133098644,0.0,0.0,-1.0034760133098644,-77.1872007542134
2026-01-14 14:23:00+00:00,95622.5078125,3318.8017578125,-725.1227601537012,-1.1846946278734851,1,3.8478426561782726,3.8478426561782726,0.0,0.0,3.8478426561782726,-73.33935809803513
2026-01-14 14:24:00+00:00,95693.5859375,3320.707275390625,-726.2231726536929,-1.408242097304302,1,-1.1004124999917622,-1.1004124999917622,0.0,0.0,-1.1004124999917622,-74.4397705980269
2026-01-14 14:25:00+00:00,95751.5859375,3322.409912109375,-726.9733854513138,-1.5398748900455876,1,-0.7502127976208612,-0.7502127976208612,0.0,0.0,-0.7502127976208612,-75.18998339564776
2026-01-14 14:26:00+00:00,95734.6328125,3322.571533203125,-726.0948080738185,-1.2930479402892276,1,0.8785773774952759,0.8785773774952759,0.0,0.0,0.8785773774952759,-74.31140601815248
2026-01-14 14:27:00+00:00,95614.4453125,3317.15673828125,-726.4268124569212,-1.3476324502968107,1,-0.3320043831026851,-0.3320043831026851,0.0,0.0,-0.3320043831026851,-74.64341040125517
2026-01-14 14:28:00+00:00,95564.9765625,3315.294921875,-726.1965702508787,-1.2645109139100765,1,0.23024220604247603,0.23024220604247603,0.0,0.0,0.23024220604247603,-74.41316819521269
2026-01-14 14:29:00+00:00,95592.8359375,3315.15576171875,-727.5139175535965,-1.5308521977777594,1,-1.3173473027177351,-1.3173473027177351,0.0,0.0,-1.3173473027177351,-75.73051549793043
2026-01-14 14:30:00+00:00,95617.6328125,3315.479736328125,-728.2386154071742,-1.6482293973764706,1,-0.7246978535777089,-0.7246978535777089,0.0,0.0,-0.7246978535777089,-76.45521335150814
2026-01-14 14:31:00+00:00,95600.328125,3316.827392578125,-726.1591351163929,-1.1471473820956632,1,2.079480290781248,2.079480290781248,0.0,0.0,2.079480290781248,-74.37573306072689
2026-01-14 14:32:00+00:00,95459.96875,3312.353271484375,-724.697386812094,-0.7977781243110543,1,1.461748304298908,1.461748304298908,0.0,0.0,1.461748304298908,-72.91398475642798
2026-01-14 14:33:00+00:00,95352.71875,3308.2802734375,-724.2347277791282,-0.6764098779645834,1,0.4626590329658029,0.4626590329658029,0.0,0.0,0.4626590329658029,-72.45132572346218
2026-01-14 14:34:00+00:00,95446.0234375,3311.604248046875,-724.8566558871585,-0.791386392952693,1,-0.6219281080302608,-0.6219281080302608,0.0,0.0,-0.6219281080302608,-73.07325383149244
2026-01-14 14:35:00+00:00,95516.171875,3317.13330078125,-722.2942162734048,-0.22006855029529232,0,2.562439613753668,2.562439613753668,1.0,3.3171333007812502,-0.7546936870275824,-73.82794751852002
2026-01-14 14:36:00+00:00,95435.0703125,3314.029541015625,-721.9681496880808,-0.1396648337848611,0,0.32606658532404253,0.0,0.0,0.0,0.0,-73.82794751852002
2026-01-14 14:37:00+00:00,95480.6953125,3315.66015625,-722.2670389224027,-0.19709449948925262,0,-0.29888923432190495,-0.0,0.0,0.0,-0.0,-73.82794751852002
2026-01-14 14:38:00+00:00,95623.7109375,3320.038330078125,-723.9370686565999,-0.5515310829010864,0,-1.6700297341972146,-0.0,0.0,0.0,-0.0,-73.82794751852002
2026-01-14 14:39:00+00:00,95822.6015625,3326.24560546875,-726.1409790132493,-1.0075685964899552,0,-2.2039103566494305,-0.0,0.0,0.0,-0.0,-73.82794751852002
2026-01-14 14:40:00+00:00,95784.0390625,3323.778076171875,-726.9776805605543,-1.1524979077527588,0,-0.8367015473049833,-0.0,0.0,0.0,-0.0,-73.82794751852002
2026-01-14 14:41:00+00:00,95874.5625,3326.712158203125,-727.8718807688233,-1.299540359208907,0,-0.8942002082690124,-0.0,0.0,0.0,-0.0,-73.82794751852002
2026-01-14 14:42:00+00:00,95834.9453125,3323.2509765625,-729.6576313887699,-1.610328641734795,0,-1.7857506199466116,-0.0,0.0,0.0,-0.0,-73.82794751852002
2026-01-14 14:43:00+00:00,95912.890625,3323.033203125,-733.1717517584939,-2.202707905743836,1,-3.514120369723969,-0.0,1.0,3.323033203125,-3.323033203125,-77.15098072164503
2026-01-14 14:44:00+00:00,95913.4921875,3321.931640625,-734.2987546427557,-2.2760675390148872,1,-1.1270028842618558,-1.1270028842618558,0.0,0.0,-1.1270028842618558,-78.27798360590688
2026-01-14 14:45:00+00:00,95828.78125,3321.283203125,-731.3647234862351,-1.6414841121581325,1,2.934031156520632,2.934031156520632,0.0,0.0,2.934031156520632,-75.34395244938625
2026-01-14 14:46:00+00:00,95896.0390625,3324.428955078125,-731.0633386514342,-1.5224229345186127,1,0.301384834800956,0.301384834800956,0.0,0.0,0.301384834800956,-75.0425676145853
2026-01-14 14:47:00+00:00,96204.5234375,3333.16064453125,-735.3776104056651,-2.184155291427422,1,-4.314271754230958,-4.314271754230958,0.0,0.0,-4.314271754230958,-79.35683936881625
2026-01-14 14:48:00+00:00,96354.8671875,3337.388671875,-737.507696759792,-2.392023623299636,1,-2.130086354126888,-2.130086354126888,0.0,0.0,-2.130086354126888,-81.48692572294314
2026-01-14 14:49:00+00:00,96493.546875,3338.47705078125,-742.2841524124178,-2.9121191860372204,1,-4.7764556526258275,-4.7764556526258275,0.0,0.0,-4.7764556526258275,-86.26338137556897
2026-01-14 14:50:00+00:00,96510.4765625,3340.095947265625,-741.3812210279857,-2.5674026157635277,1,0.9029313844321223,0.9029313844321223,0.0,0.0,0.9029313844321223,-85.36044999113685
2026-01-14 14:51:00+00:00,96466.703125,3336.661376953125,-742.9645903921796,-2.600192261017847,1,-1.5833693641939135,-1.5833693641939135,0.0,0.0,-1.5833693641939135,-86.94381935533076
2026-01-14 14:52:00+00:00,96553.8828125,3342.466552734375,-740.8462879613039,-2.1802833341681107,1,2.1183024308757012,2.1183024308757012,0.0,0.0,2.1183024308757012,-84.82551692445506
2026-01-14 14:53:00+00:00,96543.3359375,3348.239013671875,-734.6277943127184,-1.2811626202363446,1,6.218493648585536,6.218493648585536,0.0,0.0,6.218493648585536,-78.60702327586952
2026-01-14 14:54:00+00:00,96625.2109375,3354.527587890625,-731.8017555103966,-0.861077637099508,1,2.8260388023218184,2.8260388023218184,0.0,0.0,2.8260388023218184,-75.7809844735477
2026-01-14 14:55:00+00:00,96734.7109375,3354.71533203125,-736.244822094644,-1.4364054604029226,1,-4.44306658424739,-4.44306658424739,0.0,0.0,-4.44306658424739,-80.2240510577951
2026-01-14 14:56:00+00:00,96692.53125,3351.01611328125,-738.1602403949018,-1.6460307676293482,1,-1.9154183002578975,-1.9154183002578975,0.0,0.0,-1.9154183002578975,-82.13946935805299
2026-01-14 14:57:00+00:00,96654.171875,3349.717041015625,-737.8370751705779,-1.5473005395770856,1,0.3231652243239296,0.3231652243239296,0.0,0.0,0.3231652243239296,-81.81630413372906
2026-01-14 14:58:00+00:00,96472.75,3349.133056640625,-730.748636125702,-0.5311438044324376,1,7.0884390448759405,7.0884390448759405,0.0,0.0,7.0884390448759405,-74.72786508885312
2026-01-14 14:59:00+00:00,96460.421875,3348.0380859375,-731.3222441487578,-0.5875164266815982,1,-0.57360802305584,-0.57360802305584,0.0,0.0,-0.57360802305584,-75.30147311190896
2026-01-14 15:00:00+00:00,96450.109375,3347.33447265625,-731.5897365569463,-0.6015060972703434,1,-0.26749240818844555,-0.26749240818844555,0.0,0.0,-0.26749240818844555,-75.56896552009741
2026-01-14 15:01:00+00:00,96444.3046875,3340.4541015625,-738.2246244622988,-1.557623066117164,1,-6.634887905352571,-6.634887905352571,0.0,0.0,-6.634887905352571,-82.20385342544998
2026-01-14 15:02:00+00:00,96388.2109375,3335.4130859375,-740.8934068535241,-1.9028209897287736,1,-2.6687823912252497,-2.6687823912252497,0.0,0.0,-2.6687823912252497,-84.87263581667523
2026-01-14 15:03:00+00:00,96237.953125,3329.556884765625,-740.3951286681313,-1.7696939899007165,1,0.4982781853927918,0.4982781853927918,0.0,0.0,0.4982781853927918,-84.37435763128244
2026-01-14 15:04:00+00:00,96232.4453125,3330.27099609375,-739.4480891464395,-1.5784349447766834,1,0.9470395216917495,0.9470395216917495,0.0,0.0,0.9470395216917495,-83.42731810959069
2026-01-14 15:05:00+00:00,96306.984375,3331.23388671875,-741.6374934077126,-1.8427337209109484,1,-2.189404261273012,-2.189404261273012,0.0,0.0,-2.189404261273012,-85.6167223708637
2026-01-14 15:06:00+00:00,96397.6953125,3335.428955078125,-741.2786367582758,-1.723003379508163,1,0.3588566494368024,0.3588566494368024,0.0,0.0,0.3588566494368024,-85.2578657214269
2026-01-14 15:07:00+00:00,96569.96875,3342.56591796875,-741.427205209985,-1.6855521444319235,1,-0.14856845170925226,-0.14856845170925226,0.0,0.0,-0.14856845170925226,-85.40643417313615
2026-01-14 15:08:00+00:00,96391.5234375,3339.295654296875,-737.1509258048904,-1.0054953545613527,1,4.276279405094556,4.276279405094556,0.0,0.0,4.276279405094556,-81.13015476804159
2026-01-14 15:09:00+00:00,96428.9765625,3339.6279296875,-738.4025621305209,-1.1597318418910338,1,-1.251636325630443,-1.251636325630443,0.0,0.0,-1.251636325630443,-82.38179109367204
2026-01-14 15:10:00+00:00,96432.7890625,3338.173095703125,-740.0186286800881,-1.3687860912850218,1,-1.616066549567222,-1.616066549567222,0.0,0.0,-1.616066549567222,-83.99785764323926
2026-01-14 15:11:00+00:00,96575.1640625,3343.102783203125,-741.1100523851446,-1.490380975087366,1,-1.0914237050565134,-1.0914237050565134,0.0,0.0,-1.0914237050565134,-85.08928134829577
2026-01-14 15:12:00+00:00,96761.046875,3351.033935546875,-741.0399787783299,-1.4262049232636027,1,0.07007360681473074,0.07007360681473074,0.0,0.0,0.07007360681473074,-85.01920774148104
2026-01-14 15:13:00+00:00,96916.4375,3357.5166015625,-741.1288613727011,-1.386953835318104,1,-0.08888259437117085,-0.08888259437117085,0.0,0.0,-0.08888259437117085,-85.10809033585221
2026-01-14 15:14:00+00:00,96984.578125,3359.454833984375,-742.0723306590407,-1.472499028550834,1,-0.9434692863396776,-0.9434692863396776,0.0,0.0,-0.9434692863396776,-86.05155962219189
2026-01-14 15:15:00+00:00,96946.0625,3359.92041015625,-739.9779091052005,-1.1180884815231813,1,2.0944215538402204,2.0944215538402204,0.0,0.0,2.0944215538402204,-83.95713806835167
2026-01-14 15:16:00+00:00,96904.4375,3354.661376953125,-743.4765998752409,-1.5790350091941898,1,-3.4986907700404117,-3.4986907700404117,0.0,0.0,-3.4986907700404117,-87.45582883839208
2026-01-14 15:17:00+00:00,96853.5390625,3351.593505859375,-744.3919501447513,-1.6429598798378284,1,-0.915350269510327,-0.915350269510327,0.0,0.0,-0.915350269510327,-88.3711791079024
2026-01-14 15:18:00+00:00,96883.609375,3354.5986328125,-742.6585120101217,-1.3408615285430252,1,1.7334381346295231,1.7334381346295231,0.0,0.0,1.7334381346295231,-86.63774097327288
2026-01-14 15:19:00+00:00,96810.96875,3351.674072265625,-742.5110635587189,-1.2731668439077333,1,0.1474484514028518,0.1474484514028518,0.0,0.0,0.1474484514028518,-86.49029252187003
2026-01-14 15:20:00+00:00,96854.7265625,3353.592041015625,-742.4436349678235,-1.2200437039707008,1,0.06742859089536068,0.06742859089536068,0.0,0.0,0.06742859089536068,-86.42286393097467
2026-01-14 15:21:00+00:00,96847.640625,3352.49755859375,-743.2384494867692,-1.2863398934621637,1,-0.7948145189457136,-0.7948145189457136,0.0,0.0,-0.7948145189457136,-87.21767844992038
2026-01-14 15:22:00+00:00,96906.0625,3354.830078125,-743.3766207803328,-1.2602123043889697,1,-0.13817129356357327,-0.13817129356357327,0.0,0.0,-0.13817129356357327,-87.35584974348396
2026-01-14 15:23:00+00:00,96872.5546875,3354.163818359375,-742.6258181031089,-1.1184376685242285,1,0.7508026772238736,0.7508026772238736,0.0,0.0,0.7508026772238736,-86.60504706626008
2026-01-14 15:24:00+00:00,96810.9140625,3352.976806640625,-741.2060164215131,-0.8885456224656252,1,1.4198016815958,1.4198016815958,0.0,0.0,1.4198016815958,-85.18524538466428
2026-01-14 15:25:00+00:00,96881.078125,3355.46533203125,-741.6847649407109,-0.9248594835665842,1,-0.4787485191977794,-0.4787485191977794,0.0,0.0,-0.4787485191977794,-85.66399390386206
2026-01-14 15:26:00+00:00,96885.7734375,3355.292236328125,-742.0564277989197,-0.9461689997084981,1,-0.3716628582087651,-0.3716628582087651,0.0,0.0,-0.3716628582087651,-86.03565676207083
2026-01-14 15:27:00+00:00,96924.3359375,3357.558837890625,-741.4206539859888,-0.8267009633121204,1,0.6357738129308927,0.6357738129308927,0.0,0.0,0.6357738129308927,-85.39988294913994
2026-01-14 15:28:00+00:00,96871.25,3355.319091796875,-741.4153687672742,-0.7980015124543242,1,0.005285218714561779,0.005285218714561779,0.0,0.0,0.005285218714561779,-85.39459773042537
2026-01-14 15:29:00+00:00,96847.484375,3352.462646484375,-743.266753704128,-1.033331130115692,1,-1.8513849368537194,-1.8513849368537194,0.0,0.0,-1.8513849368537194,-87.2459826672791
2026-01-14 15:30:00+00:00,96746.7109375,3350.41796875,-741.0496714827291,-0.6833105767899749,1,2.2170822213988686,2.2170822213988686,0.0,0.0,2.2170822213988686,-85.02890044588023
2026-01-14 15:31:00+00:00,96721.6953125,3346.09228515625,-744.3174315647038,-1.1301738916301025,1,-3.2677600819747568,-3.2677600819747568,0.0,0.0,-3.2677600819747568,-88.29666052785498
2026-01-14 15:32:00+00:00,96668.4921875,3343.53173828125,-744.6279912082273,-1.1460877679102732,1,-0.31055964352344745,-0.31055964352344745,0.0,0.0,-0.31055964352344745,-88.60722017137843
2026-01-14 15:33:00+00:00,96674.0234375,3345.275390625,-743.1182582418464,-0.8936539285549845,1,1.5097329663808523,1.5097329663808523,0.0,0.0,1.5097329663808523,-87.09748720499758
2026-01-14 15:34:00+00:00,96749.1328125,3349.6318359375,-741.9382266214784,-0.6862429987517379,1,1.1800316203680268,1.1800316203680268,0.0,0.0,1.1800316203680268,-85.91745558462955
2026-01-14 15:35:00+00:00,96850.84375,3354.842041015625,-741.0294288512237,-0.5175013824823801,1,0.9087977702547505,0.9087977702547505,0.0,0.0,0.9087977702547505,-85.0086578143748
2026-01-14 15:36:00+00:00,96850.90625,3355.57666015625,-740.2974528674054,-0.3659661942947613,0,0.7319759838183018,0.7319759838183018,1.0,3.3555766601562502,-2.6236006763379485,-87.63225849071274
2026-01-14 15:37:00+00:00,96752.578125,3351.66455078125,-740.0512157966832,-0.28961169656948155,0,0.2462370707221453,0.0,0.0,0.0,0.0,-87.63225849071274
2026-01-14 15:38:00+00:00,96594.578125,3346.074951171875,-738.9589149993931,-0.031135751888996737,0,1.092300797290136,0.0,0.0,0.0,0.0,-87.63225849071274
2026-01-14 15:39:00+00:00,96439.7890625,3339.097900390625,-739.3898575549088,-0.08011325771253686,0,-0.43094255551568494,-0.0,0.0,0.0,-0.0,-87.63225849071274
2026-01-14 15:40:00+00:00,96442.625,3342.57568359375,-736.0320075918758,0.7478840804927502,0,3.3578499630330043,0.0,0.0,0.0,0.0,-87.63225849071274
2026-01-14 15:41:00+00:00,96464.203125,3342.62353515625,-736.8967059167971,0.6159434092070514,0,-0.8646983249213918,-0.0,0.0,0.0,-0.0,-87.63225849071274
2026-01-14 15:42:00+00:00,96351.5625,3339.688720703125,-735.0678910155266,1.149554638990548,0,1.8288149012705617,0.0,0.0,0.0,0.0,-87.63225849071274
2026-01-14 15:43:00+00:00,96390.1640625,3340.370849609375,-736.0182418318504,0.926431977318728,0,-0.9503508163238621,-0.0,0.0,0.0,-0.0,-87.63225849071274
2026-01-14 15:44:00+00:00,96348.8671875,3336.474365234375,-738.168260346999,0.37246548221109965,0,-2.150018515148531,-0.0,0.0,0.0,-0.0,-87.63225849071274
2026-01-14 15:45:00+00:00,96410.0625,3335.991455078125,-741.2391514113488,-0.4384035617090397,0,-3.07089106434978,-0.0,0.0,0.0,-0.0,-87.63225849071274
2026-01-14 15:46:00+00:00,96396.8203125,3335.29736328125,-741.3732243598606,-0.45103672096352787,0,-0.13407294851185725,-0.0,0.0,0.0,-0.0,-87.63225849071274
2026-01-14 15:47:00+00:00,96479.6640625,3335.41357421875,-744.7605177692885,-1.4185172945825728,0,-3.3872934094279117,-0.0,0.0,0.0,-0.0,-87.63225849071274
2026-01-14 15:48:00+00:00,96549.9921875,3340.373779296875,-742.7745248876035,-0.7965916814601426,0,1.9859928816849788,0.0,0.0,0.0,0.0,-87.63225849071274
2026-01-14 15:49:00+00:00,96576.2421875,3339.55615234375,-744.7022776994309,-1.3454038326410083,0,-1.927752811827304,-0.0,0.0,0.0,-0.0,-87.63225849071274
2026-01-14 15:50:00+00:00,96610.1328125,3339.0439453125,-746.6477365089695,-1.8409693418628046,0,-1.9454588095386498,-0.0,0.0,0.0,-0.0,-87.63225849071274
2026-01-14 15:51:00+00:00,96603.2578125,3338.6025390625,-746.7983955102618,-1.821406388419369,0,-0.15065900129229703,-0.0,0.0,0.0,-0.0,-87.63225849071274
2026-01-14 15:52:00+00:00,96538.1015625,3335.966552734375,-746.6788908676795,-1.7156931353191207,0,0.11950464258234206,0.0,0.0,0.0,0.0,-87.63225849071274
2026-01-14 15:53:00+00:00,96513.4765625,3335.41259765625,-746.1914421640695,-1.5317552925825202,0,0.48744870360997083,0.0,0.0,0.0,0.0,-87.63225849071274
2026-01-14 15:54:00+00:00,96651.0,3341.757568359375,-745.6624076189014,-1.3723860513638912,0,0.5290345451680878,0.0,0.0,0.0,0.0,-87.63225849071274
2026-01-14 15:55:00+00:00,96728.671875,3342.841064453125,-747.8636946463471,-1.9083879621707311,0,-2.2012870274456873,-0.0,0.0,0.0,-0.0,-87.63225849071274
2026-01-14 15:56:00+00:00,96791.1640625,3344.999755859375,-748.3478296519302,-1.9408569184998206,0,-0.4841350055830844,-0.0,0.0,0.0,-0.0,-87.63225849071274
2026-01-14 15:57:00+00:00,96746.6328125,3345.349609375,-746.1147269117209,-1.2883438261334328,0,2.233102740209233,0.0,0.0,0.0,0.0,-87.63225849071274
2026-01-14 15:58:00+00:00,96745.9296875,3345.215087890625,-746.2195128820235,-1.3242317600468052,0,-0.10478597030260062,-0.0,0.0,0.0,-0.0,-87.63225849071274
2026-01-14 15:59:00+00:00,96710.59375,3344.540771484375,-745.3994545088362,-1.0967320103171838,0,0.8200583731872939,0.0,0.0,0.0,0.0,-87.63225849071274
2026-01-14 16:00:00+00:00,96699.578125,3344.38037109375,-745.0939985123273,-1.0158878770379463,0,0.30545599650895383,0.0,0.0,0.0,0.0,-87.63225849071274
2026-01-14 16:01:00+00:00,96768.484375,3346.582275390625,-745.8061745945456,-1.212829140762919,0,-0.7121760822183205,-0.0,0.0,0.0,-0.0,-87.63225849071274
2026-01-14 16:02:00+00:00,96785.2421875,3347.50244140625,-745.5947049976457,-1.1059884050060929,0,0.21146959689986033,0.0,0.0,0.0,0.0,-87.63225849071274
2026-01-14 16:03:00+00:00,96902.484375,3350.748291015625,-747.3070871625396,-1.6029810684988748,0,-1.7123821648938247,-0.0,0.0,0.0,-0.0,-87.63225849071274
2026-01-14 16:04:00+00:00,97002.390625,3354.226318359375,-748.0541459738743,-1.763635921367611,0,-0.7470588113346821,-0.0,0.0,0.0,-0.0,-87.63225849071274
2026-01-14 16:05:00+00:00,96971.9140625,3353.282958984375,-747.7086360111371,-1.587002283704145,0,0.3455099627371965,0.0,0.0,0.0,0.0,-87.63225849071274
2026-01-14 16:06:00+00:00,96953.2890625,3353.231689453125,-746.9722448140701,-1.3103334275235485,0,0.7363911970669506,0.0,0.0,0.0,0.0,-87.63225849071274
2026-01-14 16:07:00+00:00,96898.03125,3348.06494140625,-749.8021118494562,-2.0598010643574742,1,-2.829867035386087,-0.0,1.0,3.34806494140625,-3.34806494140625,-90.980323432119
2026-01-14 16:08:00+00:00,96925.9609375,3348.05908203125,-750.9891319223316,-2.2913222371241075,1,-1.1870200728753844,-1.1870200728753844,0.0,0.0,-1.1870200728753844,-92.16734350499438
2026-01-14 16:09:00+00:00,97033.8671875,3354.389404296875,-749.222219883015,-1.7105458943415526,1,1.766912039316594,1.766912039316594,0.0,0.0,1.766912039316594,-90.40043146567778
2026-01-14 16:10:00+00:00,97233.75,3361.310546875,-750.7542231664656,-2.0372674443443186,1,-1.5320032834506492,-1.5320032834506492,0.0,0.0,-1.5320032834506492,-91.93243474912843
2026-01-14 16:11:00+00:00,97293.65625,3365.092529296875,-749.5057065435576,-1.6189057910794045,1,1.2485166229080278,1.2485166229080278,0.0,0.0,1.2485166229080278,-90.6839181262204
2026-01-14 16:12:00+00:00,97239.203125,3360.1767578125,-752.1186276603275,-2.1941760751498482,1,-2.6129211167699395,-2.6129211167699395,0.0,0.0,-2.6129211167699395,-93.29683924299034
2026-01-14 16:13:00+00:00,97379.78125,3367.51220703125,-750.728298888449,-1.746765174049797,1,1.3903287718785577,1.3903287718785577,0.0,0.0,1.3903287718785577,-91.90651047111179
2026-01-14 16:14:00+00:00,97463.875,3371.8525390625,-749.9443343402554,-1.4857945366678362,1,0.7839645481935804,0.7839645481935804,0.0,0.0,0.7839645481935804,-91.1225459229182
2026-01-14 16:15:00+00:00,97364.6171875,3368.7802734375,-748.8189365620374,-1.161870524617022,1,1.12539777821803,1.12539777821803,0.0,0.0,1.12539777821803,-89.99714814470018
2026-01-14 16:16:00+00:00,97440.4609375,3370.62451171875,-750.1821690653951,-1.4500010186266958,1,-1.3632325033577217,-1.3632325033577217,0.0,0.0,-1.3632325033577217,-91.3603806480579
2026-01-14 16:17:00+00:00,97312.328125,3366.6298828125,-748.7579961238553,-1.0696277111588406,1,1.4241729415398368,1.4241729415398368,0.0,0.0,1.4241729415398368,-89.93620770651806
2026-01-14 16:18:00+00:00,97219.7109375,3363.4619140625,-748.009136881321,-0.8605073455399994,1,0.7488592425343086,0.7488592425343086,0.0,0.0,0.7488592425343086,-89.18734846398375
2026-01-14 16:19:00+00:00,97192.5,3363.096923828125,-747.2233627210944,-0.6491186714114356,1,0.7857741602265378,0.7857741602265378,0.0,0.0,0.7857741602265378,-88.40157430375722
2026-01-14 16:20:00+00:00,97227.0859375,3366.96435546875,-744.8185879782304,-0.05549519017428806,0,2.4047747428639923,2.4047747428639923,1.0,3.3669643554687503,-0.962189612604758,-89.36376391636198
2026-01-14 16:21:00+00:00,97315.0703125,3371.915283203125,-743.5885642381127,0.2454757482031578,0,1.2300237401177583,0.0,0.0,0.0,0.0,-89.36376391636198
2026-01-14 16:22:00+00:00,97339.4296875,3373.64208984375,-742.8919279627953,0.41288108896825165,0,0.6966362753173598,0.0,0.0,0.0,0.0,-89.36376391636198
2026-01-14 16:23:00+00:00,97275.6015625,3373.399169921875,-740.4355239960996,0.9952007889132369,0,2.4564039666956887,0.0,0.0,0.0,0.0,-89.36376391636198
2026-01-14 16:24:00+00:00,97181.6484375,3370.039794921875,-739.8215735268277,1.1318217020651888,0,0.6139504692719129,0.0,0.0,0.0,0.0,-89.36376391636198
2026-01-14 16:25:00+00:00,97163.21875,3366.96337890625,-742.1185886791554,0.5819105525530145,0,-2.297015152327731,-0.0,0.0,0.0,-0.0,-89.36376391636198
2026-01-14 16:26:00+00:00,97202.890625,3366.8623046875,-743.8974066807896,0.16157380627072002,0,-1.7788180016341357,-0.0,0.0,0.0,-0.0,-89.36376391636198
2026-01-14 16:27:00+00:00,97226.2890625,3367.87890625,-743.870336947698,0.17880634695138922,0,0.027069733091593662,0.0,0.0,0.0,0.0,-89.36376391636198
2026-01-14 16:28:00+00:00,97231.6171875,3369.193115234375,-742.7814570810715,0.4499756496273283,0,1.0888798666264847,0.0,0.0,0.0,0.0,-89.36376391636198
2026-01-14 16:29:00+00:00,97233.1953125,3372.75244140625,-739.2888706185586,1.267175591133186,0,3.492586462512918,0.0,0.0,0.0,0.0,-89.36376391636198
2026-01-14 16:30:00+00:00,97243.7734375,3374.3095703125,-738.1790960017979,1.5016438912988364,0,1.1097746167606601,0.0,0.0,0.0,0.0,-89.36376391636198
2026-01-14 16:31:00+00:00,97256.1953125,3375.6845703125,-737.3294234170762,1.636300279375211,0,0.8496725847217022,0.0,0.0,0.0,0.0,-89.36376391636198
2026-01-14 16:32:00+00:00,97433.6875,3388.129638671875,-732.3905899933734,2.5717313935506954,-1,4.9388334237028175,0.0,1.0,3.388129638671875,-3.388129638671875,-92.75189355503385
2026-01-14 16:33:00+00:00,97399.5859375,3391.451904296875,-727.6261519358623,3.221476300691596,-1,4.764438057511143,-4.764438057511143,0.0,0.0,-4.764438057511143,-97.51633161254499
2026-01-14 16:34:00+00:00,97361.953125,3388.95068359375,-728.5358618469136,2.7926918969721855,-1,-0.9097099110513227,0.9097099110513227,0.0,0.0,0.9097099110513227,-96.60662170149367
2026-01-14 16:35:00+00:00,97164.328125,3381.483154296875,-727.6457293218446,2.7277991741277194,-1,0.8901325250690206,-0.8901325250690206,0.0,0.0,-0.8901325250690206,-97.49675422656269
2026-01-14 16:36:00+00:00,97020.0546875,3371.821044921875,-731.2064416037929,2.019266888533472,-1,-3.5607122819483266,3.5607122819483266,0.0,0.0,3.5607122819483266,-93.93604194461436
2026-01-14 16:37:00+00:00,97142.2109375,3377.239501953125,-730.9540345507176,1.9717353971761404,-1,0.2524070530753306,-0.2524070530753306,0.0,0.0,-0.2524070530753306,-94.18844899768969
2026-01-14 16:38:00+00:00,97238.2421875,3383.058349609375,-729.1963973275533,2.147025537698363,-1,1.757637223164238,-1.757637223164238,0.0,0.0,-1.757637223164238,-95.94608622085393
2026-01-14 16:39:00+00:00,97312.359375,3385.41845703125,-729.9707434835082,1.9416174097368186,-1,-0.774346155954845,0.774346155954845,0.0,0.0,0.774346155954845,-95.17174006489908
2026-01-14 16:40:00+00:00,97473.9921875,3391.49755859375,-730.7271758170473,1.780491392826046,-1,-0.7564323335391236,0.7564323335391236,0.0,0.0,0.7564323335391236,-94.41530773135996
2026-01-14 16:41:00+00:00,97461.84375,3389.82275390625,-731.8882169002964,1.5725176185795167,-1,-1.1610410832490743,1.1610410832490743,0.0,0.0,1.1610410832490743,-93.25426664811089
2026-01-14 16:42:00+00:00,97462.515625,3387.301513671875,-734.4378710703404,1.1978849768583868,-1,-2.5496541700440503,2.5496541700440503,0.0,0.0,2.5496541700440503,-90.70461247806684
2026-01-14 16:43:00+00:00,97467.2421875,3386.94091796875,-734.9983555069521,1.1111149505557691,-1,-0.5604844366116595,0.5604844366116595,0.0,0.0,0.5604844366116595,-90.14412804145518
2026-01-14 16:44:00+00:00,97498.265625,3387.27734375,-735.9739266854958,0.9603287782101873,-1,-0.9755711785437597,0.9755711785437597,0.0,0.0,0.9755711785437597,-89.16855686291142
2026-01-14 16:45:00+00:00,97457.3046875,3384.3720703125,-737.1469412309789,0.7774998004760005,-1,-1.1730145454830563,1.1730145454830563,0.0,0.0,1.1730145454830563,-87.99554231742836
2026-01-14 16:46:00+00:00,97514.734375,3385.201171875,-738.7465703789912,0.5404016152902948,-1,-1.5996291480123546,1.5996291480123546,0.0,0.0,1.5996291480123546,-86.395913169416
2026-01-14 16:47:00+00:00,97471.203125,3380.9443359375,-741.1624476008101,0.18597261791276934,0,-2.415877221818846,2.415877221818846,1.0,3.3809443359375,-0.965067114118654,-87.36098028353466
2026-01-14 16:48:00+00:00,97583.1796875,3387.051513671875,-739.7908156797621,0.37493102333283995,0,1.3716319210479924,0.0,0.0,0.0,0.0,-87.36098028353466
2026-01-14 16:49:00+00:00,97566.859375,3384.69580078125,-741.4563342493075,0.12893375114015626,0,-1.6655185695453838,-0.0,0.0,0.0,-0.0,-87.36098028353466
2026-01-14 16:50:00+00:00,97477.1953125,3382.28857421875,-740.0716219783772,0.31231727223721234,0,1.3847122709303221,0.0,0.0,0.0,0.0,-87.36098028353466
2026-01-14 16:51:00+00:00,97464.828125,3380.311279296875,-741.5259022471791,0.09123637997792895,0,-1.4542802688019947,-0.0,0.0,0.0,-0.0,-87.36098028353466
2026-01-14 16:52:00+00:00,97437.1796875,3378.2197265625,-742.4481884893075,-0.05200835278698137,0,-0.9222862421283935,-0.0,0.0,0.0,-0.0,-87.36098028353466
2026-01-14 16:53:00+00:00,97448.859375,3379.08251953125,-742.0793354487596,-0.008602658151112963,0,0.3688530405479469,0.0,0.0,0.0,0.0,-87.36098028353466
2026-01-14 16:54:00+00:00,97475.6796875,3375.98681640625,-746.3092832383209,-0.6200696281032788,0,-4.229947789561265,-0.0,0.0,0.0,-0.0,-87.36098028353466
2026-01-14 16:55:00+00:00,97445.21875,3373.400390625,-747.6075004710356,-0.8092576450802235,0,-1.2982172327147055,-0.0,0.0,0.0,-0.0,-87.36098028353466
2026-01-14 16:56:00+00:00,97331.9375,3368.256591796875,-747.9605775874988,-0.862120644200294,0,-0.35307711646328244,-0.0,0.0,0.0,-0.0,-87.36098028353466
2026-01-14 16:57:00+00:00,97220.5859375,3364.819580078125,-746.6884750609861,-0.6755121932919899,0,1.2721025265127537,0.0,0.0,0.0,0.0,-87.36098028353466
2026-01-14 16:58:00+00:00,97153.671875,3367.084716796875,-741.5935085863475,0.052224967831167354,0,5.094966474638568,0.0,0.0,0.0,0.0,-87.36098028353466
2026-01-14 16:59:00+00:00,97212.4921875,3368.241455078125,-742.9243112545528,-0.14764157137515044,0,-1.3308026682052514,-0.0,0.0,0.0,-0.0,-87.36098028353466
2026-01-14 17:00:00+00:00,97245.53125,3369.7021484375,-742.8608566619787,-0.14405953127924942,0,0.06345459257408947,0.0,0.0,0.0,0.0,-87.36098028353466
2026-01-14 17:01:00+00:00,97267.453125,3365.8125,-747.6775923493351,-0.8399502849347218,0,-4.816735687356413,-0.0,0.0,0.0,-0.0,-87.36098028353466
2026-01-14 17:02:00+00:00,97252.890625,3367.406005859375,-745.4682309540613,-0.5188507505053395,0,2.209361395273845,0.0,0.0,0.0,0.0,-87.36098028353466
2026-01-14 17:03:00+00:00,97343.9765625,3369.358642578125,-747.3676648860883,-0.79504847595911,0,-1.8994339320270228,-0.0,0.0,0.0,-0.0,-87.36098028353466
2026-01-14 17:04:00+00:00,97458.1015625,3373.76318359375,-747.7895281990113,-0.8575703337000068,0,-0.4218633129230511,-0.0,0.0,0.0,-0.0,-87.36098028353466
2026-01-14 17:05:00+00:00,97375.8203125,3370.069580078125,-748.003415778966,-0.8874382716340865,0,-0.21388757995464402,-0.0,0.0,0.0,-0.0,-87.36098028353466
2026-01-14 17:06:00+00:00,97480.75,3372.201171875,-750.309353865493,-1.2052418761321235,0,-2.3059380865270214,-0.0,0.0,0.0,-0.0,-87.36098028353466
2026-01-14 17:07:00+00:00,97514.125,3371.093994140625,-752.8279773345039,-1.5462008910049638,0,-2.5186234690108904,-0.0,0.0,0.0,-0.0,-87.36098028353466
2026-01-14 17:08:00+00:00,97560.0390625,3371.590087890625,-754.2736126534301,-1.7243602985150221,0,-1.445635318926179,-0.0,0.0,0.0,-0.0,-87.36098028353466
2026-01-14 17:09:00+00:00,97560.0390625,3371.590087890625,-754.2736126534301,-1.6849478457692493,0,0.0,0.0,0.0,0.0,0.0,-87.36098028353466
2026-01-14 17:10:00+00:00,97614.7265625,3375.516845703125,-752.65961704656,-1.4476364489658171,0,1.6139956068700485,0.0,0.0,0.0,0.0,-87.36098028353466
2026-01-14 17:11:00+00:00,97604.46875,3375.9423828125,-751.8002718263288,-1.3154007695337897,0,0.8593452202312619,0.0,0.0,0.0,0.0,-87.36098028353466
2026-01-14 17:12:00+00:00,97656.9609375,3375.59619140625,-754.366384555382,-1.649594347343139,0,-2.566112729053202,-0.0,0.0,0.0,-0.0,-87.36098028353466
2026-01-14 17:13:00+00:00,97625.953125,3373.724365234375,-754.9268745566651,-1.6930214582887588,0,-0.5604900012831422,-0.0,0.0,0.0,-0.0,-87.36098028353466
2026-01-14 17:14:00+00:00,97703.515625,3377.703369140625,-754.2280282472002,-1.5696436379472634,0,0.6988463094648978,0.0,0.0,0.0,0.0,-87.36098028353466
2026-01-14 17:15:00+00:00,97671.90625,3378.15478515625,-752.4398356767206,-1.3127820830050827,0,1.788192570479623,0.0,0.0,0.0,0.0,-87.36098028353466
2026-01-14 17:16:00+00:00,97695.9296875,3377.086181640625,-754.5244025898191,-1.558008215567577,0,-2.08456691309857,-0.0,0.0,0.0,-0.0,-87.36098028353466
2026-01-14 17:17:00+00:00,97694.5234375,3376.15087890625,-755.4002342960493,-1.6282980289229152,0,-0.8758317062302012,-0.0,0.0,0.0,-0.0,-87.36098028353466
2026-01-14 17:18:00+00:00,97747.125,3379.2177734375,-754.557886612014,-1.483999517130165,0,0.8423476840353032,0.0,0.0,0.0,0.0,-87.36098028353466
2026-01-14 17:19:00+00:00,97586.109375,3374.529052734375,-752.4371745925637,-1.1948462074678212,0,2.120712019450366,0.0,0.0,0.0,0.0,-87.36098028353466
2026-01-14 17:20:00+00:00,97643.5703125,3377.0478515625,-752.3484280533539,-1.1552690013767362,0,0.08874653920975106,0.0,0.0,0.0,0.0,-87.36098028353466
2026-01-14 17:21:00+00:00,97667.2265625,3377.2041015625,-753.1926129045887,-1.2234508791279732,0,-0.844184851234786,-0.0,0.0,0.0,-0.0,-87.36098028353466
2026-01-14 17:22:00+00:00,97614.34375,3372.960205078125,-755.2000683361202,-1.417262580340623,0,-2.0074554315315254,-0.0,0.0,0.0,-0.0,-87.36098028353466
2026-01-14 17:23:00+00:00,97641.546875,3373.45458984375,-755.8561175704954,-1.4399670891372411,0,-0.6560492343751321,-0.0,0.0,0.0,-0.0,-87.36098028353466
2026-01-14 17:24:00+00:00,97646.71875,3373.6796875,-755.8497411399776,-1.3866761311032394,0,0.006376430517775589,0.0,0.0,0.0,0.0,-87.36098028353466
2026-01-14 17:25:00+00:00,97606.796875,3372.028076171875,-755.8130360579935,-1.335507721144034,0,0.03670508198410971,0.0,0.0,0.0,0.0,-87.36098028353466
2026-01-14 17:26:00+00:00,97617.5859375,3370.791259765625,-757.5061274079544,-1.4740250688942664,0,-1.6930913499609233,-0.0,0.0,0.0,-0.0,-87.36098028353466
2026-01-14 17:27:00+00:00,97659.421875,3372.017578125,-758.0490721358856,-1.4795719220075954,0,-0.5429447279311717,-0.0,0.0,0.0,-0.0,-87.36098028353466
2026-01-14 17:28:00+00:00,97690.9453125,3372.794677734375,-758.6051147407561,-1.483141095927184,0,-0.5560426048705267,-0.0,0.0,0.0,-0.0,-87.36098028353466
2026-01-14 17:29:00+00:00,97626.546875,3373.970947265625,-754.7054025150765,-1.0299302444638851,0,3.89971222567965,0.0,0.0,0.0,0.0,-87.36098028353466
2026-01-14 17:30:00+00:00,97581.5703125,3371.045166015625,-755.7291020482462,-1.1015472289595374,0,-1.0236995331697472,-0.0,0.0,0.0,-0.0,-87.36098028353466
2026-01-14 17:31:00+00:00,97438.7265625,3366.465087890625,-754.2682452921417,-0.9155214707160956,0,1.4608567561044765,0.0,0.0,0.0,0.0,-87.36098028353466
2026-01-14 17:32:00+00:00,97451.453125,3366.847412109375,-754.4241338781021,-0.9023097657713893,0,-0.15588858596038335,-0.0,0.0,0.0,-0.0,-87.36098028353466
2026-01-14 17:33:00+00:00,97370.8359375,3365.662841796875,-752.1993623049029,-0.6394950740625404,0,2.2247715731991775,0.0,0.0,0.0,0.0,-87.36098028353466
2026-01-14 17:34:00+00:00,97256.25,3360.10400390625,-752.9123025855324,-0.6944085900584237,0,-0.712940280629482,-0.0,0.0,0.0,-0.0,-87.36098028353466
2026-01-14 17:35:00+00:00,97106.7578125,3351.64599609375,-755.0482097116428,-0.9180822068082681,0,-2.1359071261103963,-0.0,0.0,0.0,-0.0,-87.36098028353466
2026-01-14 17:36:00+00:00,96967.125,3349.55126953125,-751.2377935739687,-0.44156005986054775,0,3.8104161376741104,0.0,0.0,0.0,0.0,-87.36098028353466
2026-01-14 17:37:00+00:00,96953.3515625,3340.755126953125,-759.4514504708759,-1.4113819098270064,0,-8.213656896907196,-0.0,0.0,0.0,-0.0,-87.36098028353466
2026-01-14 17:38:00+00:00,96996.9453125,3341.363525390625,-760.6866539058637,-1.5435683781161607,0,-1.2352034349878522,-0.0,0.0,0.0,-0.0,-87.36098028353466
2026-01-14 17:39:00+00:00,96918.484375,3340.648681640625,-758.083344679987,-1.1966413495598507,0,2.6033092258767283,0.0,0.0,0.0,0.0,-87.36098028353466
2026-01-14 17:40:00+00:00,96894.046875,3342.37060546875,-755.3279465405458,-0.8143129435391779,0,2.7553981394412403,0.0,0.0,0.0,0.0,-87.36098028353466
2026-01-14 17:41:00+00:00,97062.609375,3347.876953125,-756.9501927912488,-1.0283115755087042,0,-1.6222462507030286,-0.0,0.0,0.0,-0.0,-87.36098028353466
2026-01-14 17:42:00+00:00,97077.5390625,3347.713134765625,-757.7453952327605,-1.1264634434765008,0,-0.7952024415117194,-0.0,0.0,0.0,-0.0,-87.36098028353466
2026-01-14 17:43:00+00:00,97077.5390625,3347.713134765625,-757.7453952327605,-1.110178553343958,0,0.0,0.0,0.0,0.0,0.0,-87.36098028353466
2026-01-14 17:44:00+00:00,97176.53125,3351.70849609375,-757.9364638914258,-1.123738420978148,0,-0.19106865866524458,-0.0,0.0,0.0,-0.0,-87.36098028353466
2026-01-14 17:45:00+00:00,97195.59375,3353.9228515625,-756.5282712486378,-0.8755646118591137,0,1.4081926427879807,0.0,0.0,0.0,0.0,-87.36098028353466
2026-01-14 17:46:00+00:00,97189.359375,3352.8427734375,-757.3446944821962,-0.9932738692203998,0,-0.8164232335584529,-0.0,0.0,0.0,-0.0,-87.36098028353466
2026-01-14 17:47:00+00:00,97314.6328125,3355.48974609375,-759.9955992498426,-1.4203243794501084,0,-2.6509047676463524,-0.0,0.0,0.0,-0.0,-87.36098028353466
2026-01-14 17:48:00+00:00,97331.3203125,3358.7509765625,-757.4400916484101,-0.9466861944500568,0,2.5555076014325095,0.0,0.0,0.0,0.0,-87.36098028353466
2026-01-14 17:49:00+00:00,97416.71875,3360.293701171875,-759.5089104204262,-1.2976809334454238,0,-2.0688187720161295,-0.0,0.0,0.0,-0.0,-87.36098028353466
2026-01-14 17:50:00+00:00,97360.46875,3359.065673828125,-758.3580966383861,-1.066596501401426,0,1.1508137820401316,0.0,0.0,0.0,0.0,-87.36098028353466
2026-01-14 17:51:00+00:00,97148.609375,3349.8369140625,-758.6272156194018,-1.0999460594014898,0,-0.2691189810157084,-0.0,0.0,0.0,-0.0,-87.36098028353466
2026-01-14 17:52:00+00:00,97062.4609375,3346.16943359375,-758.651434825083,-1.0843317259949747,0,-0.024219205681220046,-0.0,0.0,0.0,-0.0,-87.36098028353466
2026-01-14 17:53:00+00:00,96978.5625,3341.9931640625,-759.2795967382963,-1.2004382756140404,0,-0.6281619132132619,-0.0,0.0,0.0,-0.0,-87.36098028353466
2026-01-14 17:54:00+00:00,97000.6796875,3342.61669921875,-759.5914086969233,-1.2316359600171536,0,-0.31181195862700406,-0.0,0.0,0.0,-0.0,-87.36098028353466
2026-01-14 17:55:00+00:00,96967.6640625,3340.95849609375,-759.8533642389248,-1.248289464442992,0,-0.26195554200148763,-0.0,0.0,0.0,-0.0,-87.36098028353466
2026-01-14 17:56:00+00:00,96928.3203125,3339.24755859375,-759.9004345292742,-1.2188627077762952,0,-0.04707029034943844,-0.0,0.0,0.0,-0.0,-87.36098028353466
2026-01-14 17:57:00+00:00,97027.5625,3344.271240234375,-759.0737555026653,-1.00802438832668,0,0.8266790266088719,0.0,0.0,0.0,0.0,-87.36098028353466
2026-01-14 17:58:00+00:00,97012.3125,3343.892578125,-758.8074873512705,-0.9488836411869233,0,0.2662681513947973,0.0,0.0,0.0,0.0,-87.36098028353466
2026-01-14 17:59:00+00:00,96941.90625,3341.46826171875,-758.2542876150728,-0.8099470138896274,0,0.5531997361977119,0.0,0.0,0.0,0.0,-87.36098028353466
2026-01-14 18:00:00+00:00,96953.8359375,3342.084228515625,-758.1428333736258,-0.7819397712085552,0,0.1114542414470634,0.0,0.0,0.0,0.0,-87.36098028353466
2026-01-14 18:01:00+00:00,96872.4296875,3338.90478515625,-757.8795649926205,-0.6856282900769344,0,0.26326838100521854,0.0,0.0,0.0,0.0,-87.36098028353466
2026-01-14 18:02:00+00:00,96931.4296875,3340.18310546875,-759.0963847053945,-1.045898484220038,0,-1.2168197127739404,-0.0,0.0,0.0,-0.0,-87.36098028353466
2026-01-14 18:03:00+00:00,97015.2421875,3343.08984375,-759.7341197015721,-1.241445577705562,0,-0.6377349961776417,-0.0,0.0,0.0,-0.0,-87.36098028353466
2026-01-14 18:04:00+00:00,96891.4765625,3339.39599609375,-758.1938560918816,-0.7207821990770574,0,1.5402636096905553,0.0,0.0,0.0,0.0,-87.36098028353466
2026-01-14 18:05:00+00:00,96964.734375,3342.34814453125,-758.3398178261232,-0.7633768296964373,0,-0.14596173424160952,-0.0,0.0,0.0,-0.0,-87.36098028353466
2026-01-14 18:06:00+00:00,97028.3046875,3344.3447265625,-759.0316566616166,-1.0052802414266682,0,-0.6918388354933995,-0.0,0.0,0.0,-0.0,-87.36098028353466
2026-01-14 18:07:00+00:00,97085.6171875,3348.382080078125,-757.418077937492,-0.35198273666678964,0,1.6135787241246362,0.0,0.0,0.0,0.0,-87.36098028353466
2026-01-14 18:08:00+00:00,97086.8515625,3349.40087890625,-756.4514814562935,0.04590255209644583,0,0.966596481198394,0.0,0.0,0.0,0.0,-87.36098028353466
2026-01-14 18:09:00+00:00,97032.4921875,3347.092041015625,-756.4614337145231,0.056895960385413405,0,-0.009952258229532163,-0.0,0.0,0.0,-0.0,-87.36098028353466
2026-01-14 18:10:00+00:00,97066.671875,3349.2216796875,-755.7772714211669,0.36037418552669503,0,0.6841622933561666,0.0,0.0,0.0,0.0,-87.36098028353466
2026-01-14 18:11:00+00:00,97018.8515625,3349.8701171875,-753.1064885696442,1.4896091608130508,0,2.6707828515227447,0.0,0.0,0.0,0.0,-87.36098028353466
2026-01-14 18:12:00+00:00,96942.7109375,3347.149169921875,-752.6074100558308,1.6585021264866102,0,0.4990785138134015,0.0,0.0,0.0,0.0,-87.36098028353466
2026-01-14 18:13:00+00:00,96929.3828125,3346.251953125,-752.9409736637335,1.4854242842645928,0,-0.33356360790276085,-0.0,0.0,0.0,-0.0,-87.36098028353466
2026-01-14 18:14:00+00:00,96720.921875,3339.7841796875,-750.5928279679742,2.315095350644751,-1,2.3481456957592854,0.0,1.0,3.3397841796875,-3.3397841796875,-90.70076446322216
2026-01-14 18:15:00+00:00,96761.140625,3339.339599609375,-752.7382794510395,1.4882798340151393,-1,-2.1454514830652442,2.1454514830652442,0.0,0.0,2.1454514830652442,-88.55531298015691
2026-01-14 18:16:00+00:00,96710.1953125,3333.91796875,-756.00540711857,0.22626547113902168,0,-3.2671276675305307,3.2671276675305307,1.0,3.3339179687500002,-0.0667903012194695,-88.62210328137638
2026-01-14 18:17:00+00:00,96749.265625,3334.455810546875,-757.1198687203173,-0.19914567399621524,0,-1.11446160174728,-0.0,0.0,0.0,-0.0,-88.62210328137638
2026-01-14 18:18:00+00:00,96780.6953125,3335.311279296875,-757.5935774493523,-0.3666853355805503,0,-0.4737087290350246,-0.0,0.0,0.0,-0.0,-88.62210328137638
2026-01-14 18:19:00+00:00,96825.6640625,3337.67626953125,-757.1303385372066,-0.15719002205558036,0,0.4632389121456981,0.0,0.0,0.0,0.0,-88.62210328137638
2026-01-14 18:20:00+00:00,96854.375,3338.9326171875,-757.0881910389126,-0.11135021634103921,0,0.04214749829407083,0.0,0.0,0.0,0.0,-88.62210328137638
2026-01-14 18:21:00+00:00,96859.9296875,3338.7880859375,-757.4676328500846,-0.24389581434645732,0,-0.3794418111720006,-0.0,0.0,0.0,-0.0,-88.62210328137638
2026-01-14 18:22:00+00:00,96860.765625,3338.509765625,-757.7813053848704,-0.3595709862429523,0,-0.31367253478583734,-0.0,0.0,0.0,-0.0,-88.62210328137638
2026-01-14 18:23:00+00:00,96864.4296875,3338.56005859375,-757.8859674838977,-0.38982520533352105,0,-0.10466209902733681,-0.0,0.0,0.0,-0.0,-88.62210328137638
2026-01-14 18:24:00+00:00,96892.7578125,3340.60498046875,-757.0390564314139,-0.021840444227590856,0,0.846911052483847,0.0,0.0,0.0,0.0,-88.62210328137638
2026-01-14 18:25:00+00:00,96957.265625,3344.4189453125,-755.9531598065041,0.4413465991052093,0,1.0858966249097648,0.0,0.0,0.0,0.0,-88.62210328137638
2026-01-14 18:26:00+00:00,96982.609375,3344.398681640625,-757.0452235633884,-0.02676241642928251,0,-1.0920637568842722,-0.0,0.0,0.0,-0.0,-88.62210328137638
2026-01-14 18:27:00+00:00,96983.6015625,3345.025146484375,-756.4607188339405,0.21115171028099056,0,0.5845047294478718,0.0,0.0,0.0,0.0,-88.62210328137638
2026-01-14 18:28:00+00:00,96970.8671875,3346.378662109375,-754.5686600096296,0.9851599838336735,0,1.8920588243108796,0.0,0.0,0.0,0.0,-88.62210328137638
2026-01-14 18:29:00+00:00,96973.7265625,3346.61474609375,-754.453500449149,1.0304503199586748,0,0.11515956048060616,0.0,0.0,0.0,0.0,-88.62210328137638
2026-01-14 18:30:00+00:00,97050.6796875,3350.39599609375,-753.92663726707,1.2273703921803754,0,0.5268631820790688,0.0,0.0,0.0,0.0,-88.62210328137638
2026-01-14 18:31:00+00:00,96995.203125,3347.943115234375,-754.0333860661349,1.178752499269502,0,-0.10674879906491697,-0.0,0.0,0.0,-0.0,-88.62210328137638
2026-01-14 18:32:00+00:00,96947.1328125,3346.55419921875,-753.3893841030113,1.4281915518238577,0,0.6440019631236282,0.0,0.0,0.0,0.0,-88.62210328137638
2026-01-14 18:33:00+00:00,96771.9140625,3338.77685546875,-753.7566377461735,1.3098577349634106,0,-0.3672536431622575,-0.0,0.0,0.0,-0.0,-88.62210328137638
2026-01-14 18:34:00+00:00,96556.4609375,3329.2783203125,-754.1435506014445,1.1698027401533777,0,-0.3869128552710208,-0.0,0.0,0.0,-0.0,-88.62210328137638
2026-01-14 18:35:00+00:00,96508.5234375,3329.112548828125,-752.2820208152843,1.8948268530403627,0,1.8615297861601903,0.0,0.0,0.0,0.0,-88.62210328137638
2026-01-14 18:36:00+00:00,96456.125,3323.374755859375,-755.8038571964407,0.4825618760440296,0,-3.5218363811563904,-0.0,0.0,0.0,-0.0,-88.62210328137638
2026-01-14 18:37:00+00:00,96470.84375,3324.501953125,-755.2991233587309,0.6771699473327095,0,0.504733837709864,0.0,0.0,0.0,0.0,-88.62210328137638
2026-01-14 18:38:00+00:00,96420.4375,3322.08203125,-755.5873392693416,0.5250726643791358,0,-0.2882159106106883,-0.0,0.0,0.0,-0.0,-88.62210328137638
2026-01-14 18:39:00+00:00,96376.3203125,3322.488037109375,-753.3155950992254,1.4860127106332859,0,2.271744170116108,0.0,0.0,0.0,0.0,-88.62210328137638
2026-01-14 18:40:00+00:00,96330.5703125,3320.936767578125,-752.9320738481656,1.6060516268877625,0,0.3835212510598467,0.0,0.0,0.0,0.0,-88.62210328137638
2026-01-14 18:41:00+00:00,96383.890625,3322.305908203125,-753.8178763736546,1.184924566898995,0,-0.8858025254889981,-0.0,0.0,0.0,-0.0,-88.62210328137638
2026-01-14 18:42:00+00:00,96425.4453125,3323.94580078125,-753.9353526772074,1.098172339941342,0,-0.11747630355284855,-0.0,0.0,0.0,-0.0,-88.62210328137638
2026-01-14 18:43:00+00:00,96518.4609375,3326.21484375,-755.5999878256325,0.37623910655904436,0,-1.6646351484250772,-0.0,0.0,0.0,-0.0,-88.62210328137638
2026-01-14 18:44:00+00:00,96461.8125,3325.494140625,-753.9249997002012,1.0534412289000077,0,1.674988125431355,0.0,0.0,0.0,0.0,-88.62210328137638
2026-01-14 18:45:00+00:00,96384.15625,3321.18603515625,-754.9489828369569,0.6076564604121151,0,-1.02398313675576,-0.0,0.0,0.0,-0.0,-88.62210328137638
2026-01-14 18:46:00+00:00,96295.0625,3316.77685546875,-755.5903424968856,0.32531852165207525,0,-0.6413596599286393,-0.0,0.0,0.0,-0.0,-88.62210328137638
2026-01-14 18:47:00+00:00,96461.890625,3322.806884765625,-756.6155595055839,-0.13320898159097158,0,-1.0252170086982915,-0.0,0.0,0.0,-0.0,-88.62210328137638
2026-01-14 18:48:00+00:00,96555.734375,3325.5791015625,-757.8120426535697,-0.6442514543281769,0,-1.196483147985873,-0.0,0.0,0.0,-0.0,-88.62210328137638
2026-01-14 18:49:00+00:00,96557.609375,3323.55029296875,-759.9201459515125,-1.540056399911627,0,-2.108103297942762,-0.0,0.0,0.0,-0.0,-88.62210328137638
2026-01-14 18:50:00+00:00,96667.8984375,3327.2841796875,-760.8504398123159,-1.8734647231391386,0,-0.930293860803431,-0.0,0.0,0.0,-0.0,-88.62210328137638
2026-01-14 18:51:00+00:00,96677.734375,3328.583251953125,-759.9673343491036,-1.4786533287447712,0,0.8831054632123596,0.0,0.0,0.0,0.0,-88.62210328137638
2026-01-14 18:52:00+00:00,96738.8984375,3332.51513671875,-758.622108913175,-0.9241093835426969,0,1.345225435928569,0.0,0.0,0.0,0.0,-88.62210328137638
2026-01-14 18:53:00+00:00,96791.7421875,3335.479736328125,-757.8922983836396,-0.6382203157604992,0,0.7298105295353707,0.0,0.0,0.0,0.0,-88.62210328137638
2026-01-14 18:54:00+00:00,96758.75,3336.180419921875,-755.7963583906935,0.21122714803878334,0,2.095939992946114,0.0,0.0,0.0,0.0,-88.62210328137638
2026-01-14 18:55:00+00:00,96772.859375,3337.003662109375,-755.5698088522458,0.2821916150362398,0,0.22654953844767078,0.0,0.0,0.0,0.0,-88.62210328137638
2026-01-14 18:56:00+00:00,96853.140625,3339.378173828125,-756.59043205136,-0.18545756605545025,0,-1.0206231991141976,-0.0,0.0,0.0,-0.0,-88.62210328137638
2026-01-14 18:57:00+00:00,96816.3984375,3339.342041015625,-755.072719056278,0.4594042409168859,0,1.5177129950820927,0.0,0.0,0.0,0.0,-88.62210328137638
2026-01-14 18:58:00+00:00,96844.9296875,3340.86181640625,-754.7595447477902,0.5746275058135929,0,0.31317430848775984,0.0,0.0,0.0,0.0,-88.62210328137638
2026-01-14 18:59:00+00:00,96835.984375,3340.9208984375,-754.3221608986191,0.7450059831261162,0,0.43738384917105577,0.0,0.0,0.0,0.0,-88.62210328137638
2026-01-14 19:00:00+00:00,96801.8359375,3339.408447265625,-754.3904572703786,0.6887896095574652,0,-0.06829637175951575,-0.0,0.0,0.0,-0.0,-88.62210328137638
2026-01-14 19:01:00+00:00,96747.1171875,3336.985595703125,-754.4992250488458,0.6160732431193184,0,-0.10876777846715413,-0.0,0.0,0.0,-0.0,-88.62210328137638
2026-01-14 19:02:00+00:00,96721.109375,3334.685302734375,-755.6996343915184,0.04395274704885428,0,-1.2004093426726286,-0.0,0.0,0.0,-0.0,-88.62210328137638
2026-01-14 19:03:00+00:00,96694.8359375,3332.914794921875,-756.3590251615142,-0.29705444853916696,0,-0.6593907699957526,-0.0,0.0,0.0,-0.0,-88.62210328137638
2026-01-14 19:04:00+00:00,96713.3984375,3334.04443359375,-756.0144040611499,-0.15137390832218353,0,0.34462110036429294,0.0,0.0,0.0,0.0,-88.62210328137638
2026-01-14 19:05:00+00:00,96767.984375,3343.189208984375,-749.1780957463438,2.8933580610213805,-1,6.836308314806047,0.0,1.0,3.343189208984375,-3.343189208984375,-91.96529249036075
2026-01-14 19:06:00+00:00,96716.765625,3338.333984375,-751.8672533528465,1.6162245654586345,-1,-2.689157606502704,2.689157606502704,0.0,0.0,2.689157606502704,-89.27613488385805
2026-01-14 19:07:00+00:00,96777.65625,3341.277099609375,-751.4992336371397,1.706271099462751,-1,0.36801971570685055,-0.36801971570685055,0.0,0.0,-0.36801971570685055,-89.6441545995649
2026-01-14 19:08:00+00:00,96753.65625,3340.66455078125,-751.096810251594,1.7974639905907368,-1,0.4024233855457169,-0.4024233855457169,0.0,0.0,-0.4024233855457169,-90.04657798511062
2026-01-14 19:09:00+00:00,96807.203125,3342.53857421875,-751.4873114080065,1.5620959896604465,-1,-0.3905011564124834,0.3905011564124834,0.0,0.0,0.3905011564124834,-89.65607682869813
2026-01-14 19:10:00+00:00,96895.109375,3348.349853515625,-749.393632159381,2.2969211039655404,-1,2.093679248625449,-2.093679248625449,0.0,0.0,-2.093679248625449,-91.74975607732358
2026-01-14 19:11:00+00:00,96913.828125,3349.302490234375,-749.2326209041576,2.2444472673756817,-1,0.16101125522345683,-0.16101125522345683,0.0,0.0,-0.16101125522345683,-91.91076733254704
2026-01-14 19:12:00+00:00,96880.4765625,3347.399658203125,-749.7249983845741,1.978626351108148,-1,-0.49237748041650775,0.49237748041650775,0.0,0.0,0.49237748041650775,-91.41838985213053
2026-01-14 19:13:00+00:00,96845.1328125,3345.8896484375,-749.7403029761608,1.9002796654299443,-1,-0.015304591586755123,0.015304591586755123,0.0,0.0,0.015304591586755123,-91.40308526054378
2026-01-14 19:14:00+00:00,96839.328125,3344.9140625,-750.4704057252634,1.6279205901654097,-1,-0.7301027491025707,0.7301027491025707,0.0,0.0,0.7301027491025707,-90.6729825114412
2026-01-14 19:15:00+00:00,96951.03125,3348.77001953125,-751.3384306963126,1.2874552951342804,-1,-0.8680249710491807,0.8680249710491807,0.0,0.0,0.8680249710491807,-89.80495754039202
2026-01-14 19:16:00+00:00,97006.5703125,3351.70068359375,-750.7565418509294,1.4437173528942369,-1,0.5818888453832187,-0.5818888453832187,0.0,0.0,-0.5818888453832187,-90.38684638577524
2026-01-14 19:17:00+00:00,97061.8046875,3354.223388671875,-750.5697266004909,1.453515086704432,-1,0.18681525043848524,-0.18681525043848524,0.0,0.0,-0.18681525043848524,-90.57366163621373
2026-01-14 19:18:00+00:00,97066.953125,3351.39013671875,-753.6207085955457,0.34988906119053725,0,-3.0509819950548263,3.0509819950548263,1.0,3.35139013671875,-0.3004081416639237,-90.87406977787765
2026-01-14 19:19:00+00:00,97087.828125,3350.355224609375,-755.5384350782697,-0.34817823722875596,0,-1.9177264827239924,-0.0,0.0,0.0,-0.0,-90.87406977787765
2026-01-14 19:20:00+00:00,97123.984375,3351.0595703125,-756.3631555876664,-0.6517918961955326,0,-0.8247205093966841,-0.0,0.0,0.0,-0.0,-90.87406977787765
2026-01-14 19:21:00+00:00,97194.3125,3360.404052734375,-749.9928853622314,1.585315455143179,0,6.370270225434979,0.0,0.0,0.0,0.0,-90.87406977787765
2026-01-14 19:22:00+00:00,97128.1484375,3357.096435546875,-750.5023906755205,1.3552437229209977,0,-0.5095053132890826,-0.0,0.0,0.0,-0.0,-90.87406977787765
2026-01-14 19:23:00+00:00,97202.03125,3357.74755859375,-752.9758093684504,0.4521709194298655,0,-2.473418692929954,-0.0,0.0,0.0,-0.0,-90.87406977787765
2026-01-14 19:24:00+00:00,97312.359375,3359.890625,-755.4985755147582,-0.4685347424709952,0,-2.522766146307731,-0.0,0.0,0.0,-0.0,-90.87406977787765
2026-01-14 19:26:00+00:00,97312.265625,3360.319580078125,-755.0656557014236,-0.31777705799775446,0,0.4329198133345926,0.0,0.0,0.0,0.0,-90.87406977787765
2026-01-14 19:27:00+00:00,97312.59375,3360.219970703125,-755.1791416496571,-0.3733631991392383,0,-0.11348594823357416,-0.0,0.0,0.0,-0.0,-90.87406977787765
2026-01-14 19:28:00+00:00,97355.3203125,3360.8056640625,-756.4003763620804,-0.8215040759697977,0,-1.221234712423211,-0.0,0.0,0.0,-0.0,-90.87406977787765
2026-01-14 19:29:00+00:00,97369.0390625,3362.09765625,-755.6885570935929,-0.5523869662618669,0,0.7118192684874884,0.0,0.0,0.0,0.0,-90.87406977787765
2026-01-14 19:30:00+00:00,97519.5234375,3389.095947265625,-735.0543268786596,5.103628197337467,-1,20.634230214933268,0.0,1.0,3.3890959472656252,-3.3890959472656252,-94.26316572514328
2026-01-14 19:31:00+00:00,97368.9453125,3374.7626953125,-743.0195532958833,2.703681747534839,-1,-7.9652264172236755,7.9652264172236755,0.0,0.0,7.9652264172236755,-86.2979393079196
2026-01-14 19:32:00+00:00,97321.3046875,3374.908447265625,-740.8590550670542,2.9474712390446376,-1,2.1604982288290557,-2.1604982288290557,0.0,0.0,-2.1604982288290557,-88.45843753674866
2026-01-14 19:33:00+00:00,97305.0703125,3372.935546875,-742.1453954772078,2.462775317662408,-1,-1.2863404101535707,1.2863404101535707,0.0,0.0,1.2863404101535707,-87.17209712659509
2026-01-14 19:34:00+00:00,97310.9609375,3373.3720703125,-741.9579895687139,2.341782916138955,-1,0.18740590849392902,-0.18740590849392902,0.0,0.0,-0.18740590849392902,-87.35950303508902
2026-01-14 19:35:00+00:00,97276.078125,3371.499755859375,-742.3550921292481,2.1292498267307396,-1,-0.397102560534222,0.397102560534222,0.0,0.0,0.397102560534222,-86.9624004745548
2026-01-14 19:36:00+00:00,97209.9453125,3368.00537109375,-743.052686599066,1.895552014109568,-1,-0.6975944698178864,0.6975944698178864,0.0,0.0,0.6975944698178864,-86.26480600473691
2026-01-14 19:37:00+00:00,97150.359375,3364.87890625,-743.6592318224812,1.6985437813705666,-1,-0.6065452234151962,0.6065452234151962,0.0,0.0,0.6065452234151962,-85.65826078132172
2026-01-14 19:38:00+00:00,97127.9921875,3363.00439453125,-744.5878237991292,1.462185164878754,-1,-0.928591976648022,0.928591976648022,0.0,0.0,0.928591976648022,-84.7296688046737
2026-01-14 19:39:00+00:00,97200.109375,3367.324462890625,-743.3176279997779,1.6300029883764913,-1,1.2701957993513133,-1.2701957993513133,0.0,0.0,-1.2701957993513133,-85.999864604025
2026-01-14 19:40:00+00:00,97291.5859375,3371.5439453125,-742.9667359587202,1.625356365578121,-1,0.3508920410577048,-0.3508920410577048,0.0,0.0,-0.3508920410577048,-86.35075664508271
2026-01-14 19:41:00+00:00,97419.4609375,3373.7109375,-746.2076425971836,1.0106918508315974,-1,-3.240906638463457,3.240906638463457,0.0,0.0,3.240906638463457,-83.10985000661925
2026-01-14 19:42:00+00:00,97379.4453125,3371.203857421875,-747.022441529989,0.8401701063051596,-1,-0.8147989328053882,0.8147989328053882,0.0,0.0,0.8147989328053882,-82.29505107381387
2026-01-14 19:43:00+00:00,97355.8671875,3369.68359375,-747.5455742966369,0.7255854208310748,-1,-0.5231327666479046,0.5231327666479046,0.0,0.0,0.5231327666479046,-81.77191830716596
2026-01-14 19:44:00+00:00,97368.03125,3369.447509765625,-748.2960826744638,0.5714519654462983,-1,-0.7505083778269181,0.7505083778269181,0.0,0.0,0.7505083778269181,-81.02140992933904
2026-01-14 19:45:00+00:00,97366.5546875,3370.685791015625,-746.9953568449118,0.7794972882580379,-1,1.3007258295519932,-1.3007258295519932,0.0,0.0,-1.3007258295519932,-82.32213575889104
2026-01-14 19:46:00+00:00,97357.59375,3369.825927734375,-747.4762575190398,0.6718411260231133,-1,-0.4809006741279518,0.4809006741279518,0.0,0.0,0.4809006741279518,-81.84123508476308
2026-01-14 19:47:00+00:00,97357.59375,3369.825927734375,-747.4762575190398,0.6488109746893058,-1,0.0,-0.0,0.0,0.0,-0.0,-81.84123508476308
2026-01-14 19:48:00+00:00,97357.59375,3369.825927734375,-747.4762575190398,0.6248033601072525,-1,0.0,-0.0,0.0,0.0,-0.0,-81.84123508476308
2026-01-14 19:49:00+00:00,97397.6015625,3372.4521484375,-746.541987566633,0.7639324792586902,-1,0.9342699524067939,-0.9342699524067939,0.0,0.0,-0.9342699524067939,-82.77550503716988
2026-01-14 19:50:00+00:00,97430.0,3374.57421875,-745.7900636636687,0.8715927840364465,-1,0.7519239029643359,-0.7519239029643359,0.0,0.0,-0.7519239029643359,-83.52742894013421
2026-01-14 19:51:00+00:00,97435.6171875,3375.23291015625,-745.3689259753965,0.9234127208557932,-1,0.42113768827221065,-0.42113768827221065,0.0,0.0,-0.42113768827221065,-83.94856662840643
2026-01-14 19:52:00+00:00,97489.3984375,3379.49609375,-743.3801788135834,1.2631654163441268,-1,1.9887471618130803,-1.9887471618130803,0.0,0.0,-1.9887471618130803,-85.9373137902195
2026-01-14 19:53:00+00:00,97357.9140625,3370.582275390625,-746.7334560414229,0.5999147363454498,-1,-3.3532772278394987,3.3532772278394987,0.0,0.0,3.3532772278394987,-82.58403656238
2026-01-14 19:54:00+00:00,97275.828125,3366.8359375,-747.0083378613981,0.52128213909657,-1,-0.274881819975235,0.274881819975235,0.0,0.0,0.274881819975235,-82.30915474240477
2026-01-14 19:55:00+00:00,97292.5703125,3366.15966796875,-748.3926430221709,0.22572309951578307,0,-1.384305160772783,1.384305160772783,1.0,3.36615966796875,-1.9818545071959672,-84.29100924960073
2026-01-14 19:56:00+00:00,97222.65625,3363.689697265625,-747.9059124426994,0.3012695758621475,0,0.48673057947144116,0.0,0.0,0.0,0.0,-84.29100924960073
2026-01-14 19:57:00+00:00,97228.2421875,3362.77880859375,-749.0530332541493,0.04395346837093126,0,-1.147120811449895,-0.0,0.0,0.0,-0.0,-84.29100924960073
2026-01-14 19:58:00+00:00,97274.1875,3364.776611328125,-748.9982811671034,0.03478091730583172,0,0.0547520870459266,0.0,0.0,0.0,0.0,-84.29100924960073
2026-01-14 19:59:00+00:00,97265.78125,3366.24609375,-747.1732941547634,0.3943720407482926,0,1.8249870123399887,0.0,0.0,0.0,0.0,-84.29100924960073
2026-01-14 20:00:00+00:00,97244.59375,3366.543701171875,-745.9796565755078,0.6220738157345144,0,1.1936375792556646,0.0,0.0,0.0,0.0,-84.29100924960073
2026-01-14 20:01:00+00:00,97248.3984375,3363.779541015625,-748.9047189023486,-0.020945984647025177,0,-2.9250623268408162,-0.0,0.0,0.0,-0.0,-84.29100924960073
2026-01-14 20:02:00+00:00,97221.5078125,3364.645263671875,-746.901778030131,0.3882469606011919,0,2.0029408722175503,0.0,0.0,0.0,0.0,-84.29100924960073
2026-01-14 20:03:00+00:00,97296.5078125,3367.3154296875,-747.4034001822265,0.25365497610752036,0,-0.5016221520954787,-0.0,0.0,0.0,-0.0,-84.29100924960073
2026-01-14 20:04:00+00:00,97279.296875,3365.80517578125,-748.1857947829048,0.050465845573359994,0,-0.7823946006783444,-0.0,0.0,0.0,-0.0,-84.29100924960073
2026-01-14 20:05:00+00:00,97309.1484375,3366.357421875,-748.8959864588278,-0.14282825002003413,0,-0.7101916759229425,-0.0,0.0,0.0,-0.0,-84.29100924960073
2026-01-14 20:06:00+00:00,97418.7578125,3371.154541015625,-748.7343035674858,-0.10662305495926291,0,0.16168289134202496,0.0,0.0,0.0,0.0,-84.29100924960073
2026-01-14 20:07:00+00:00,97519.0,3373.635986328125,-750.4921513779054,-0.5269381581746945,0,-1.757847810419662,-0.0,0.0,0.0,-0.0,-84.29100924960073
2026-01-14 20:08:00+00:00,97603.9296875,3376.199462890625,-751.5203945207486,-0.7692700303193932,0,-1.0282431428431664,-0.0,0.0,0.0,-0.0,-84.29100924960073
2026-01-14 20:09:00+00:00,97607.5078125,3376.715087890625,-751.1560902479168,-0.6830284319060026,0,0.3643042728317596,0.0,0.0,0.0,0.0,-84.29100924960073
2026-01-14 20:10:00+00:00,97635.21875,3378.340576171875,-750.7025116157192,-0.5804010069723757,0,0.45357863219760475,0.0,0.0,0.0,0.0,-84.29100924960073
2026-01-14 20:11:00+00:00,97682.0546875,3381.822265625,-749.2015377944153,-0.2265971989618781,0,1.5009738213038872,0.0,0.0,0.0,0.0,-84.29100924960073
2026-01-14 20:12:00+00:00,97860.6015625,3388.77197265625,-749.8026689699454,-0.366145211923558,0,-0.6011311755300994,-0.0,0.0,0.0,-0.0,-84.29100924960073
2026-01-14 20:13:00+00:00,97586.671875,3379.360595703125,-747.6294200350712,0.13890399330038555,0,2.1732489348742092,0.0,0.0,0.0,0.0,-84.29100924960073
2026-01-14 20:14:00+00:00,97721.6875,3383.67822265625,-749.0216725730452,-0.1931250269991865,0,-1.3922525379739454,-0.0,0.0,0.0,-0.0,-84.29100924960073
2026-01-14 20:15:00+00:00,97645.265625,3381.481689453125,-747.986285791103,0.04208385291477427,0,1.0353867819421794,0.0,0.0,0.0,0.0,-84.29100924960073
2026-01-14 20:16:00+00:00,97543.359375,3377.28759765625,-747.8707104150881,0.05605708814989431,0,0.11557537601493095,0.0,0.0,0.0,0.0,-84.29100924960073
2026-01-14 20:17:00+00:00,97459.6015625,3373.372314453125,-748.2438331029907,-0.04297327255619434,0,-0.3731226879026508,-0.0,0.0,0.0,-0.0,-84.29100924960073
2026-01-14 20:18:00+00:00,97451.1953125,3372.95068359375,-748.3099593719007,-0.06799626746904339,0,-0.06612626891001128,-0.0,0.0,0.0,-0.0,-84.29100924960073
2026-01-14 20:19:00+00:00,97533.7734375,3375.691650390625,-749.0612635055259,-0.2704627114808223,0,-0.7513041336251263,-0.0,0.0,0.0,-0.0,-84.29100924960073
2026-01-14 20:20:00+00:00,97572.1875,3376.7373046875,-749.640159460806,-0.44797184718415106,0,-0.5788959552801316,-0.0,0.0,0.0,-0.0,-84.29100924960073
2026-01-14 20:21:00+00:00,97499.3828125,3374.5,-748.7985168634104,-0.2796963362724344,0,0.8416425973955484,0.0,0.0,0.0,0.0,-84.29100924960073
2026-01-14 20:22:00+00:00,97538.0859375,3375.681396484375,-749.2538952314198,-0.40232413533622274,0,-0.4553783680094057,-0.0,0.0,0.0,-0.0,-84.29100924960073
2026-01-14 20:23:00+00:00,97583.796875,3377.0771484375,-749.7912820876008,-0.5468966232832002,0,-0.5373868561810013,-0.0,0.0,0.0,-0.0,-84.29100924960073
2026-01-14 20:24:00+00:00,97592.9296875,3377.591552734375,-749.6631090790661,-0.5353593921165655,0,0.128173008534759,0.0,0.0,0.0,0.0,-84.29100924960073
2026-01-14 20:25:00+00:00,97551.875,3375.856689453125,-749.6617487330896,-0.5813887868282448,0,0.0013603459765363368,0.0,0.0,0.0,0.0,-84.29100924960073
2026-01-14 20:26:00+00:00,97382.0078125,3365.902099609375,-752.4325687715527,-1.385546585048821,0,-2.770820038463171,-0.0,0.0,0.0,-0.0,-84.29100924960073
2026-01-14 20:27:00+00:00,97449.65625,3368.54150390625,-752.654051323042,-1.492517759491838,0,-0.2214825514893164,-0.0,0.0,0.0,-0.0,-84.29100924960073
2026-01-14 20:28:00+00:00,97405.859375,3366.921875,-752.4214880971831,-1.504458839142635,0,0.2325632258589394,0.0,0.0,0.0,0.0,-84.29100924960073
2026-01-14 20:29:00+00:00,97304.4375,3363.504150390625,-751.550029998918,-1.3170563473293895,0,0.8714580982650659,0.0,0.0,0.0,0.0,-84.29100924960073
2026-01-14 20:30:00+00:00,97349.6015625,3365.470458984375,-751.4937325924175,-1.3810797818648832,0,0.05629740650056192,0.0,0.0,0.0,0.0,-84.29100924960073
2026-01-14 20:31:00+00:00,97384.484375,3368.527099609375,-749.9123038600083,-0.7931359147044786,0,1.581428732409222,0.0,0.0,0.0,0.0,-84.29100924960073
2026-01-14 20:32:00+00:00,97444.3203125,3370.688720703125,-750.281175013818,-0.9130568041113349,0,-0.36887115380977775,-0.0,0.0,0.0,-0.0,-84.29100924960073
2026-01-14 20:33:00+00:00,97447.953125,3371.46630859375,-749.6572206125666,-0.6537398650186977,0,0.6239544012514671,0.0,0.0,0.0,0.0,-84.29100924960073
2026-01-14 20:34:00+00:00,97538.3046875,3375.030029296875,-749.9145134677428,-0.7365539755352519,0,-0.2572928551762743,-0.0,0.0,0.0,-0.0,-84.29100924960073
2026-01-14 20:35:00+00:00,97501.640625,3374.3896484375,-749.004352465543,-0.33108603272022563,0,0.9101610021998567,0.0,0.0,0.0,0.0,-84.29100924960073
2026-01-14 20:36:00+00:00,97473.203125,3372.8828125,-749.3085520561162,-0.436908826410799,0,-0.30419959057326196,-0.0,0.0,0.0,-0.0,-84.29100924960073
2026-01-14 20:37:00+00:00,97489.2734375,3373.92919921875,-748.94178703122,-0.23971562756501097,0,0.3667650248962673,0.0,0.0,0.0,0.0,-84.29100924960073
2026-01-14 20:38:00+00:00,97501.5,3374.7041015625,-748.6839522377286,-0.08801410359502342,0,0.2578347934913836,0.0,0.0,0.0,0.0,-84.29100924960073
2026-01-14 20:39:00+00:00,97612.7109375,3377.71875,-750.372470942677,-0.8980194774144569,0,-1.6885187049483648,-0.0,0.0,0.0,-0.0,-84.29100924960073
2026-01-14 20:40:00+00:00,97735.1171875,3382.005126953125,-751.2627165949525,-1.3654918296357814,0,-0.8902456522755529,-0.0,0.0,0.0,-0.0,-84.29100924960073
2026-01-14 20:41:00+00:00,97676.3984375,3378.496826171875,-752.2877715565583,-1.8446934357078428,0,-1.025054961605747,-0.0,0.0,0.0,-0.0,-84.29100924960073
2026-01-14 20:42:00+00:00,97645.25,3378.46484375,-751.002470705027,-1.1146187056267296,0,1.2853008515312467,0.0,0.0,0.0,0.0,-84.29100924960073
2026-01-14 20:43:00+00:00,97624.5,3377.5830078125,-751.0067785827905,-1.0801138127573677,0,-0.004307877763494616,-0.0,0.0,0.0,-0.0,-84.29100924960073
2026-01-14 20:44:00+00:00,97592.96875,3375.970703125,-751.2856106614445,-1.189068876532112,0,-0.2788320786539771,-0.0,0.0,0.0,-0.0,-84.29100924960073
2026-01-14 20:45:00+00:00,97576.9296875,3375.6103515625,-750.9676621084936,-0.9877678089856013,0,0.31794855295083835,0.0,0.0,0.0,0.0,-84.29100924960073
2026-01-14 20:46:00+00:00,97540.140625,3372.76953125,-752.2526542458063,-1.5994064629476452,0,-1.2849921373126563,-0.0,0.0,0.0,-0.0,-84.29100924960073
2026-01-14 20:47:00+00:00,97555.34375,3374.65185546875,-751.0132779202213,-0.9230421579384087,0,1.239376325584999,0.0,0.0,0.0,0.0,-84.29100924960073
2026-01-14 20:48:00+00:00,97569.4765625,3375.934326171875,-750.3284910499515,-0.5446273676387025,0,0.6847868702698179,0.0,0.0,0.0,0.0,-84.29100924960073
2026-01-14 20:49:00+00:00,97501.9296875,3373.0244140625,-750.3818114407732,-0.5474507879063951,0,-0.05332039082168194,-0.0,0.0,0.0,-0.0,-84.29100924960073
2026-01-14 20:50:00+00:00,97476.4921875,3371.359375,-750.9710856830543,-0.835659447693693,0,-0.5892742422811352,-0.0,0.0,0.0,-0.0,-84.29100924960073
2026-01-14 20:51:00+00:00,97448.03125,3370.6572265625,-750.4696065898243,-0.5381840152191736,0,0.5014790932300457,0.0,0.0,0.0,0.0,-84.29100924960073
2026-01-14 20:52:00+00:00,97438.921875,3370.720947265625,-750.0206457821623,-0.24775167907837362,0,0.44896080766193336,0.0,0.0,0.0,0.0,-84.29100924960073
2026-01-14 20:53:00+00:00,97463.7578125,3370.724365234375,-751.0675522493684,-0.890790089519256,0,-1.0469064672060995,-0.0,0.0,0.0,-0.0,-84.29100924960073
2026-01-14 20:54:00+00:00,97522.4609375,3373.550537109375,-750.7239654048117,-0.640887619887262,0,0.3435868445567394,0.0,0.0,0.0,0.0,-84.29100924960073
2026-01-14 20:55:00+00:00,97535.1015625,3374.29736328125,-750.511717697038,-0.47769275222122254,0,0.21224770777371305,0.0,0.0,0.0,0.0,-84.29100924960073
2026-01-14 20:56:00+00:00,97535.890625,3374.475830078125,-750.366620754844,-0.3570739588668715,0,0.14509694219395897,0.0,0.0,0.0,0.0,-84.29100924960073
2026-01-14 20:57:00+00:00,97521.9765625,3376.0244140625,-748.2296039864368,1.0827811058696515,0,2.137016768407193,0.0,0.0,0.0,0.0,-84.29100924960073
2026-01-14 20:58:00+00:00,97555.140625,3377.9794921875,-747.6770509418511,1.4204483089218538,0,0.552553044585693,0.0,0.0,0.0,0.0,-84.29100924960073
2026-01-14 20:59:00+00:00,97585.109375,3378.23876953125,-748.685167286786,0.7820888663067042,0,-1.0081163449349333,-0.0,0.0,0.0,-0.0,-84.29100924960073
2026-01-14 21:00:00+00:00,97641.6953125,3382.112548828125,-747.2044360835362,1.8647176503745337,0,1.4807312032498885,0.0,0.0,0.0,0.0,-84.29100924960073
2026-01-14 21:01:00+00:00,97525.171875,3379.371337890625,-745.0178115500403,3.0830518138416427,-1,2.1866245334958876,0.0,1.0,3.379371337890625,-3.379371337890625,-87.67038058749137
2026-01-14 21:02:00+00:00,97448.828125,3377.57421875,-743.5863146516067,3.6083521877590234,-1,1.4314968984335792,-1.4314968984335792,0.0,0.0,-1.4314968984335792,-89.10187748592494
2026-01-14 21:03:00+00:00,97481.4375,3378.1064453125,-744.433155152864,2.8975186323783473,-1,-0.8468405012572475,0.8468405012572475,0.0,0.0,0.8468405012572475,-88.2550369846677
2026-01-14 21:04:00+00:00,97540.3359375,3379.63427734375,-745.3961680170769,2.249299194652258,-1,-0.9630128642129421,0.9630128642129421,0.0,0.0,0.9630128642129421,-87.29202412045476
2026-01-14 21:05:00+00:00,97545.3046875,3379.622802734375,-745.617773592563,2.029468735512361,-1,-0.22160557548613724,0.22160557548613724,0.0,0.0,0.22160557548613724,-87.07041854496862
2026-01-14 21:06:00+00:00,97558.984375,3379.244140625,-746.5749566479462,1.493940429485279,-1,-0.9571830553832115,0.9571830553832115,0.0,0.0,0.9571830553832115,-86.1132354895854
2026-01-14 21:07:00+00:00,97565.3984375,3378.929443359375,-747.1609078808315,1.1600182800311527,-1,-0.5859512328852361,0.5859512328852361,0.0,0.0,0.5859512328852361,-85.52728425670017
2026-01-14 21:08:00+00:00,97607.2890625,3379.7880859375,-748.0738411522188,0.6801876846802076,-1,-0.9129332713873737,0.9129332713873737,0.0,0.0,0.9129332713873737,-84.6143509853128
2026-01-14 21:09:00+00:00,97550.4921875,3378.066650390625,-747.3933079512472,0.987292392402206,-1,0.6805332009716949,-0.6805332009716949,0.0,0.0,-0.6805332009716949,-85.29488418628449
2026-01-14 21:10:00+00:00,97483.6015625,3373.792724609375,-748.838395160411,0.25105840163261334,0,-1.4450872091638303,1.4450872091638303,1.0,3.373792724609375,-1.9287055154455448,-87.22358970173003
2026-01-14 21:11:00+00:00,97485.5234375,3371.56787109375,-751.1445257478345,-0.8820376502328874,0,-2.3061305874234677,-0.0,0.0,0.0,-0.0,-87.22358970173003
2026-01-14 21:12:00+00:00,97488.8984375,3371.110107421875,-751.7450198872566,-1.1517974896306142,0,-0.6004941394221532,-0.0,0.0,0.0,-0.0,-87.22358970173003
2026-01-14 21:13:00+00:00,97490.03125,3370.56982421875,-752.3332103074981,-1.3883140324356298,0,-0.5881904202415171,-0.0,0.0,0.0,-0.0,-87.22358970173003
2026-01-14 21:14:00+00:00,97502.890625,3371.185791015625,-752.2610730235474,-1.3077498836498207,0,0.07213728395072394,0.0,0.0,0.0,0.0,-87.22358970173003
2026-01-14 21:15:00+00:00,97488.109375,3369.602783203125,-753.2189742513256,-1.6907363194899396,0,-0.9579012277781658,-0.0,0.0,0.0,-0.0,-87.22358970173003
2026-01-14 21:16:00+00:00,97484.9375,3368.059326171875,-754.6282910746486,-2.214222232817548,1,-1.4093168233230244,-0.0,1.0,3.368059326171875,-3.368059326171875,-90.59164902790191
2026-01-14 21:17:00+00:00,97494.0390625,3367.7578125,-755.3147144564609,-2.3593276985585416,1,-0.6864233818123466,-0.6864233818123466,0.0,0.0,-0.6864233818123466,-91.27807240971426
2026-01-14 21:18:00+00:00,97536.453125,3369.778564453125,-755.0876747911016,-2.1321670925322906,1,0.2270396653593707,0.2270396653593707,0.0,0.0,0.2270396653593707,-91.05103274435488
2026-01-14 21:19:00+00:00,97582.6015625,3373.927734375,-752.8901457761776,-1.177645829839414,1,2.19752901492393,2.19752901492393,0.0,0.0,2.19752901492393,-88.85350372943095
2026-01-14 21:20:00+00:00,97527.625,3373.197265625,-751.2956277203184,-0.5084584767217688,1,1.5945180558592256,1.5945180558592256,0.0,0.0,1.5945180558592256,-87.25898567357173
2026-01-14 21:21:00+00:00,97511.7890625,3372.928955078125,-750.8942284113627,-0.3295460190224439,0,0.40139930895566067,0.40139930895566067,1.0,3.372928955078125,-2.9715296461224643,-90.23051531969419
2026-01-14 21:22:00+00:00,97514.46875,3373.10693359375,-750.8295752438135,-0.2922069160682015,0,0.06465316754929518,0.0,0.0,0.0,0.0,-90.23051531969419
2026-01-14 21:23:00+00:00,97542.3984375,3374.408203125,-750.7094664104388,-0.23637128121873643,0,0.12010883337461564,0.0,0.0,0.0,0.0,-90.23051531969419
2026-01-14 21:24:00+00:00,97579.2890625,3375.271484375,-751.4063084654363,-0.5102776721193227,0,-0.6968420549974326,-0.0,0.0,0.0,-0.0,-90.23051531969419
2026-01-14 21:25:00+00:00,97580.6015625,3375.057861328125,-751.6754378052465,-0.6053627444294604,0,-0.26912933981020615,-0.0,0.0,0.0,-0.0,-90.23051531969419
2026-01-14 21:26:00+00:00,97524.9140625,3372.604248046875,-751.7739983719639,-0.6525806327512924,0,-0.09856056671742408,-0.0,0.0,0.0,-0.0,-90.23051531969419
2026-01-14 21:27:00+00:00,97558.9765625,3373.088623046875,-752.7301438314707,-1.0446320733786973,0,-0.9561454595068426,-0.0,0.0,0.0,-0.0,-90.23051531969419
2026-01-14 21:28:00+00:00,97495.1953125,3371.865234375,-751.2561909823798,-0.44938713138593905,0,1.4739528490908924,0.0,0.0,0.0,0.0,-90.23051531969419
2026-01-14 21:29:00+00:00,97591.5703125,3373.501708984375,-753.6954641685261,-1.4212889787859886,0,-2.439273186146238,-0.0,0.0,0.0,-0.0,-90.23051531969419
2026-01-14 21:30:00+00:00,97584.015625,3372.710205078125,-754.1674764957979,-1.5650011459226059,0,-0.47201232727184106,-0.0,0.0,0.0,-0.0,-90.23051531969419
2026-01-14 21:31:00+00:00,97614.7109375,3374.031982421875,-754.1438195386081,-1.4977970059060584,0,0.02365695718981442,0.0,0.0,0.0,0.0,-90.23051531969419
2026-01-14 21:32:00+00:00,97679.1953125,3377.191650390625,-753.711228604896,-1.2871977853031218,0,0.43259093371216295,0.0,0.0,0.0,0.0,-90.23051531969419
2026-01-14 21:33:00+00:00,97680.3515625,3377.933837890625,-753.0179395058149,-0.9901387647170404,0,0.6932890990810847,0.0,0.0,0.0,0.0,-90.23051531969419
2026-01-14 21:34:00+00:00,97679.9296875,3377.47998046875,-753.4539556192467,-1.1225344203053145,0,-0.4360161134318332,-0.0,0.0,0.0,-0.0,-90.23051531969419
2026-01-14 21:35:00+00:00,97669.28125,3376.531494140625,-753.9521141064761,-1.2657358716538045,0,-0.49815848722937517,-0.0,0.0,0.0,-0.0,-90.23051531969419
2026-01-14 21:36:00+00:00,97669.1171875,3376.1005859375,-754.3760840229834,-1.3728069269051035,0,-0.4239699165073034,-0.0,0.0,0.0,-0.0,-90.23051531969419
2026-01-14 21:37:00+00:00,97658.296875,3375.23486328125,-754.7842101571196,-1.4648792103211463,0,-0.4081261341361824,-0.0,0.0,0.0,-0.0,-90.23051531969419
2026-01-14 21:38:00+00:00,97626.0859375,3375.640380859375,-753.016475639879,-0.7953187616036362,0,1.7677345172405694,0.0,0.0,0.0,0.0,-90.23051531969419
2026-01-14 21:39:00+00:00,97686.171875,3377.1455078125,-754.0524135615397,-1.1369340416269718,0,-1.0359379216606612,-0.0,0.0,0.0,-0.0,-90.23051531969419
2026-01-14 21:40:00+00:00,97658.203125,3375.999267578125,-754.015841125035,-1.0959412728619655,0,0.03657243650468445,0.0,0.0,0.0,0.0,-90.23051531969419
2026-01-14 21:41:00+00:00,97633.9921875,3375.146484375,-753.8447314602681,-1.0186502955029038,0,0.17110966476684553,0.0,0.0,0.0,0.0,-90.23051531969419
2026-01-14 21:42:00+00:00,97597.4296875,3373.32763671875,-754.1173323847543,-1.0854273304510427,0,-0.2726009244861416,-0.0,0.0,0.0,-0.0,-90.23051531969419
2026-01-14 21:43:00+00:00,97537.7109375,3371.311279296875,-753.6081534780815,-0.886154353688914,0,0.509178906672787,0.0,0.0,0.0,0.0,-90.23051531969419
2026-01-14 21:44:00+00:00,97526.8984375,3371.08642578125,-753.3757408661932,-0.7891098622900768,0,0.2324126118883214,0.0,0.0,0.0,0.0,-90.23051531969419
2026-01-14 21:45:00+00:00,97519.3359375,3370.8935546875,-753.2487899863645,-0.7287718097819109,0,0.12695087982865516,0.0,0.0,0.0,0.0,-90.23051531969419
2026-01-14 21:46:00+00:00,97505.734375,3371.0478515625,-752.5192761113649,-0.4760574971594169,0,0.7295138749996113,0.0,0.0,0.0,0.0,-90.23051531969419
2026-01-14 21:47:00+00:00,97514.921875,3371.468505859375,-752.4871658650354,-0.45576961933527954,0,0.03211024632946646,0.0,0.0,0.0,0.0,-90.23051531969419
2026-01-14 21:48:00+00:00,97517.0234375,3371.271484375,-752.7730634970267,-0.5388917855240374,0,-0.2858976319912472,-0.0,0.0,0.0,-0.0,-90.23051531969419
2026-01-14 21:49:00+00:00,97530.3828125,3371.36376953125,-753.2457531081518,-0.682117157468582,0,-0.4726896111251335,-0.0,0.0,0.0,-0.0,-90.23051531969419
2026-01-14 21:50:00+00:00,97535.546875,3371.422607421875,-753.4053060486585,-0.7195460361780762,0,-0.1595529405067282,-0.0,0.0,0.0,-0.0,-90.23051531969419
2026-01-14 21:51:00+00:00,97594.015625,3373.319580078125,-753.9810065848278,-0.8897340848392492,0,-0.5757005361692791,-0.0,0.0,0.0,-0.0,-90.23051531969419
2026-01-14 21:52:00+00:00,97571.8828125,3372.70361328125,-753.6609654776239,-0.7587023300011421,0,0.320041107203906,0.0,0.0,0.0,0.0,-90.23051531969419
2026-01-14 21:53:00+00:00,97584.296875,3373.991943359375,-752.8976324201767,-0.49055058523354184,0,0.7633330574471984,0.0,0.0,0.0,0.0,-90.23051531969419
2026-01-14 21:54:00+00:00,97572.5234375,3373.346923828125,-753.0447472880151,-0.5259780927995641,0,-0.14711486783835426,-0.0,0.0,0.0,-0.0,-90.23051531969419
2026-01-14 21:55:00+00:00,97486.96875,3366.785888671875,-755.9876311708576,-1.4560500438197714,0,-2.9428838828425796,-0.0,0.0,0.0,-0.0,-90.23051531969419
2026-01-14 21:56:00+00:00,97476.671875,3362.143310546875,-760.194749211998,-2.6211554343685863,1,-4.2071180411403475,-0.0,1.0,3.362143310546875,-3.362143310546875,-93.59265863024106
2026-01-14 21:57:00+00:00,97409.546875,3361.466552734375,-758.0327566143878,-1.8622756482315772,1,2.1619925976101513,2.1619925976101513,0.0,0.0,2.1619925976101513,-91.43066603263091
2026-01-14 21:58:00+00:00,97439.6171875,3364.790283203125,-755.9807149641338,-1.1998266481454931,1,2.0520416502540684,2.0520416502540684,0.0,0.0,2.0520416502540684,-89.37862438237684
2026-01-14 21:59:00+00:00,97443.15625,3365.966796875,-754.9538700464227,-0.858239109109266,1,1.0268449177110597,1.0268449177110597,0.0,0.0,1.0268449177110597,-88.35177946466578
2026-01-14 22:00:00+00:00,97528.46875,3371.392822265625,-753.1357536965797,-0.2794272756592161,0,1.8181163498429669,1.8181163498429669,1.0,3.371392822265625,-1.5532764724226582,-89.90505593708843
2026-01-14 22:01:00+00:00,97514.0078125,3370.798583984375,-753.118431571741,-0.24274801125998016,0,0.01732212483875628,0.0,0.0,0.0,0.0,-89.90505593708843
2026-01-14 22:02:00+00:00,97542.9453125,3373.49951171875,-751.6412854387454,0.30252599044701406,0,1.4771461329955855,0.0,0.0,0.0,0.0,-89.90505593708843
2026-01-14 22:03:00+00:00,97498.75,3369.65869140625,-753.6130634944957,-0.3595031422475677,0,-1.971778055750292,-0.0,0.0,0.0,-0.0,-89.90505593708843
2026-01-14 22:04:00+00:00,97497.859375,3369.81201171875,-753.4220781975037,-0.25401411806006824,0,0.19098529699203937,0.0,0.0,0.0,0.0,-89.90505593708843
2026-01-14 22:05:00+00:00,97443.453125,3367.642333984375,-753.2908879318784,-0.1616177639718161,0,0.13119026562526415,0.0,0.0,0.0,0.0,-89.90505593708843
2026-01-14 22:06:00+00:00,97410.7890625,3365.995849609375,-753.5559924809158,-0.24291026403869112,0,-0.26510454903745995,-0.0,0.0,0.0,-0.0,-89.90505593708843
2026-01-14 22:07:00+00:00,97400.8359375,3366.180908203125,-752.9500111657417,0.09166616194651611,0,0.6059813151741764,0.0,0.0,0.0,0.0,-89.90505593708843
2026-01-14 22:08:00+00:00,97417.2578125,3367.5419921875,-752.2834166322564,0.4878117050305425,0,0.666594533485295,0.0,0.0,0.0,0.0,-89.90505593708843
2026-01-14 22:09:00+00:00,97418.6875,3367.76025390625,-752.1256171254536,0.6681107634067526,0,0.15779950680280308,0.0,0.0,0.0,0.0,-89.90505593708843
2026-01-14 22:10:00+00:00,97383.1328125,3366.43310546875,-751.9491397346937,0.8445244474344731,0,0.17647739075982827,0.0,0.0,0.0,0.0,-89.90505593708843
2026-01-14 22:11:00+00:00,97418.890625,3367.57568359375,-752.3187776975747,0.6386783787943897,0,-0.36963796288091544,-0.0,0.0,0.0,-0.0,-89.90505593708843
2026-01-14 22:12:00+00:00,97378.75,3366.323974609375,-751.8729192230176,0.9164097019801826,0,0.4458584745570988,0.0,0.0,0.0,0.0,-89.90505593708843
2026-01-14 22:13:00+00:00,97391.71875,3366.58447265625,-752.1608762134774,0.7357322281093948,0,-0.2879569904598611,-0.0,0.0,0.0,-0.0,-89.90505593708843
2026-01-14 22:14:00+00:00,97348.375,3364.830810546875,-752.0815090775905,0.7818137787149418,0,0.07936713588696875,0.0,0.0,0.0,0.0,-89.90505593708843
2026-01-14 22:15:00+00:00,97334.9296875,3364.448974609375,-751.8947359071071,0.8775234118143488,0,0.18677317048332043,0.0,0.0,0.0,0.0,-89.90505593708843
2026-01-14 22:16:00+00:00,97359.234375,3366.6240234375,-750.7475446820836,1.5179322204302834,0,1.1471912250235619,0.0,0.0,0.0,0.0,-89.90505593708843
2026-01-14 22:17:00+00:00,97360.2421875,3365.700927734375,-751.7132612887126,0.9045950119695982,0,-0.9657166066290301,-0.0,0.0,0.0,-0.0,-89.90505593708843
2026-01-14 22:18:00+00:00,97387.2890625,3366.725341796875,-751.8326733341964,0.8037987986682741,0,-0.11941204548384121,-0.0,0.0,0.0,-0.0,-89.90505593708843
2026-01-14 22:19:00+00:00,97388.2578125,3366.22705078125,-752.3719332803212,0.4683414545359717,0,-0.53925994612473,-0.0,0.0,0.0,-0.0,-89.90505593708843
2026-01-14 22:20:00+00:00,97398.984375,3366.269775390625,-752.7828404578504,0.2353529107826641,0,-0.410907177529225,-0.0,0.0,0.0,-0.0,-89.90505593708843
2026-01-14 22:21:00+00:00,97461.546875,3368.771240234375,-752.9271755773407,0.17013836656653722,0,-0.14433511949027888,-0.0,0.0,0.0,-0.0,-89.90505593708843
2026-01-14 22:22:00+00:00,97439.2421875,3367.3818359375,-753.3733032889195,-0.08452925054430681,0,-0.4461277115788107,-0.0,0.0,0.0,-0.0,-89.90505593708843
2026-01-14 22:23:00+00:00,97472.9296875,3368.59912109375,-753.580679651338,-0.19075757685420536,0,-0.20737636241847213,-0.0,0.0,0.0,-0.0,-89.90505593708843
2026-01-14 22:24:00+00:00,97458.5546875,3368.56201171875,-753.0098629608583,0.2024530443579716,0,0.5708166904796599,0.0,0.0,0.0,0.0,-89.90505593708843
2026-01-14 22:25:00+00:00,97429.9609375,3368.2724609375,-752.0901695031644,0.8196713966429583,0,0.9196934576939384,0.0,0.0,0.0,0.0,-89.90505593708843
2026-01-14 22:26:00+00:00,97398.1640625,3366.868408203125,-752.1495162122665,0.7873904557445474,0,-0.05934670910210116,-0.0,0.0,0.0,-0.0,-89.90505593708843
2026-01-14 22:27:00+00:00,97352.1484375,3361.444580078125,-755.6273201385293,-1.4760577172028422,0,-3.4778039262628226,-0.0,0.0,0.0,-0.0,-89.90505593708843
2026-01-14 22:28:00+00:00,97354.0,3362.0693359375,-755.0808677995446,-1.0830866926504448,0,0.5464523389846363,0.0,0.0,0.0,0.0,-89.90505593708843
2026-01-14 22:29:00+00:00,97367.6640625,3362.355224609375,-755.3728392844769,-1.2409423354156934,0,-0.291971484932219,-0.0,0.0,0.0,-0.0,-89.90505593708843
2026-01-14 22:30:00+00:00,97350.7265625,3361.836669921875,-755.1750984774326,-1.091708303451494,0,0.19774080704428343,0.0,0.0,0.0,0.0,-89.90505593708843
2026-01-14 22:31:00+00:00,97337.4765625,3360.98583984375,-755.465579312594,-1.2499677115450347,0,-0.29048083516136103,-0.0,0.0,0.0,-0.0,-89.90505593708843
2026-01-14 22:32:00+00:00,97336.703125,3361.267333984375,-755.1513761064889,-1.0248076347573083,0,0.3142032061050486,0.0,0.0,0.0,0.0,-89.90505593708843
2026-01-14 22:33:00+00:00,97327.9453125,3359.73681640625,-756.3115213371129,-1.682995958902709,0,-1.160145230624039,-0.0,0.0,0.0,-0.0,-89.90505593708843
2026-01-14 22:34:00+00:00,97207.8125,3357.2666015625,-753.7012584042959,-0.06834576678805386,0,2.6102629328170224,0.0,0.0,0.0,0.0,-89.90505593708843
2026-01-14 22:35:00+00:00,97228.0390625,3356.8505859375,-754.9726656507783,-0.8383175472825811,0,-1.2714072464823403,-0.0,0.0,0.0,-0.0,-89.90505593708843
2026-01-14 22:36:00+00:00,97186.9453125,3357.020263671875,-753.0651123161724,0.32007372716571025,0,1.9075533346058364,0.0,0.0,0.0,0.0,-89.90505593708843
2026-01-14 22:37:00+00:00,97152.71875,3356.16845703125,-752.4694602106747,0.6631360665489242,0,0.5956521054977202,0.0,0.0,0.0,0.0,-89.90505593708843
2026-01-14 22:38:00+00:00,97191.65625,3357.395263671875,-752.8893402604581,0.40327855126088535,0,-0.4198800497833872,-0.0,0.0,0.0,-0.0,-89.90505593708843
2026-01-14 22:39:00+00:00,97140.875,3356.31201171875,-751.825027308355,1.0264390954775962,0,1.064312952103137,0.0,0.0,0.0,0.0,-89.90505593708843
2026-01-14 22:40:00+00:00,97097.8515625,3351.7861328125,-754.531423147976,-0.6174775618334922,0,-2.706395839621109,-0.0,0.0,0.0,-0.0,-89.90505593708843
2026-01-14 22:41:00+00:00,96958.9609375,3348.92724609375,-751.5165546536282,1.1792261474356358,0,3.0148684943478656,0.0,0.0,0.0,0.0,-89.90505593708843
2026-01-14 22:42:00+00:00,96910.21875,3349.50634765625,-748.8761211767114,2.5597546842875185,-1,2.640433476916769,0.0,1.0,3.34950634765625,-3.34950634765625,-93.25456228474468
2026-01-14 22:43:00+00:00,97028.640625,3353.172119140625,-750.2184710513266,1.721093591933749,-1,-1.342349874615138,1.342349874615138,0.0,0.0,1.342349874615138,-91.91221241012954
2026-01-14 22:44:00+00:00,97012.1796875,3351.80810546875,-750.8863432993066,1.3094266650190711,-1,-0.6678722479800854,0.6678722479800854,0.0,0.0,0.6678722479800854,-91.24434016214946
2026-01-14 22:45:00+00:00,97042.4453125,3352.887451171875,-751.0869462796973,1.1667178287834465,-1,-0.20060298039061308,0.20060298039061308,0.0,0.0,0.20060298039061308,-91.04373718175884
2026-01-14 22:46:00+00:00,97036.265625,3353.44677734375,-750.2662779785869,1.5564846098513008,-1,0.820668301110345,-0.820668301110345,0.0,0.0,-0.820668301110345,-91.86440548286919
2026-01-14 22:47:00+00:00,97149.0390625,3356.472412109375,-752.0098892755705,0.6317408078192643,-1,-1.743611296983545,1.743611296983545,0.0,0.0,1.743611296983545,-90.12079418588564
2026-01-14 22:48:00+00:00,97176.2890625,3357.212646484375,-752.4220712681763,0.41143097692389863,0,-0.4121819926058379,0.4121819926058379,1.0,3.357212646484375,-2.945030653878537,-93.06582483976418
2026-01-14 22:49:00+00:00,97240.7890625,3358.923095703125,-753.439359873666,-0.12144430960384435,0,-1.017288605489739,-0.0,0.0,0.0,-0.0,-93.06582483976418
2026-01-14 22:50:00+00:00,97242.75,3359.029052734375,-753.4163318872179,-0.10924687840310086,0,0.023027986448141746,0.0,0.0,0.0,0.0,-93.06582483976418
2026-01-14 22:51:00+00:00,97221.3046875,3358.954833984375,-752.5836174580099,0.31622645770803604,0,0.8327144292079538,0.0,0.0,0.0,0.0,-93.06582483976418
2026-01-14 22:52:00+00:00,97195.40625,3358.380859375,-752.0623339657186,0.5749368808655164,0,0.5212834922913316,0.0,0.0,0.0,0.0,-93.06582483976418
2026-01-14 22:53:00+00:00,97108.8984375,3356.693603515625,-750.0911304103884,1.5513558940674232,0,1.9712035553302485,0.0,0.0,0.0,0.0,-93.06582483976418
2026-01-14 22:54:00+00:00,97049.7890625,3354.993896484375,-749.2910718919538,1.87101343149185,0,0.8000585184345255,0.0,0.0,0.0,0.0,-93.06582483976418
2026-01-14 22:55:00+00:00,96996.46875,3351.430419921875,-750.5996053039644,1.1826034487659403,0,-1.3085334120105472,-0.0,0.0,0.0,-0.0,-93.06582483976418
2026-01-14 22:56:00+00:00,96957.1640625,3350.66943359375,-749.698376395444,1.7135795585974019,0,0.901228908520352,0.0,0.0,0.0,0.0,-93.06582483976418
2026-01-14 22:57:00+00:00,96832.3359375,3348.345947265625,-746.7428177919187,3.193725221306861,-1,2.9555586035253327,0.0,1.0,3.348345947265625,-3.348345947265625,-96.4141707870298
2026-01-14 22:58:00+00:00,96864.296875,3350.191650390625,-746.2487589788088,3.1642095109934303,-1,0.49405881310985933,-0.49405881310985933,0.0,0.0,-0.49405881310985933,-96.90822960013966
2026-01-14 22:59:00+00:00,96915.5625,3350.15673828125,-748.4517204586609,1.9441983827683214,-1,-2.2029614798520925,2.2029614798520925,0.0,0.0,2.2029614798520925,-94.70526812028757
2026-01-14 23:00:00+00:00,96894.984375,3349.730712890625,-748.0074864707676,2.0488748852096865,-1,0.4442339878933126,-0.4442339878933126,0.0,0.0,-0.4442339878933126,-95.14950210818088
2026-01-14 23:01:00+00:00,96973.5,3353.090576171875,-747.9680889276005,1.961132852802092,-1,0.03939754316706967,-0.03939754316706967,0.0,0.0,-0.03939754316706967,-95.18889965134795
2026-01-14 23:02:00+00:00,97056.796875,3355.064208984375,-749.5171233488754,1.2041470828165433,-1,-1.5490344212748823,1.5490344212748823,0.0,0.0,1.5490344212748823,-93.63986523007307
2026-01-14 23:03:00+00:00,97056.734375,3355.64208984375,-748.9365993326937,1.4175005744035851,-1,0.5805240161816982,-0.5805240161816982,0.0,0.0,-0.5805240161816982,-94.22038924625477
2026-01-14 23:04:00+00:00,97083.9921875,3357.098876953125,-748.6325589855251,1.4954321955890453,-1,0.3040403471686659,-0.3040403471686659,0.0,0.0,-0.3040403471686659,-94.52442959342343
2026-01-14 23:05:00+00:00,97101.109375,3357.574462890625,-748.8808676183871,1.3340830892636533,-1,-0.24830863286206295,0.24830863286206295,0.0,0.0,0.24830863286206295,-94.27612096056137
2026-01-14 23:06:00+00:00,97116.5234375,3358.153076171875,-748.9541228845237,1.2561408079153642,-1,-0.0732552661365844,0.0732552661365844,0.0,0.0,0.0732552661365844,-94.20286569442479
2026-01-14 23:07:00+00:00,97122.8203125,3358.4287109375,-748.944786167147,1.2176986417752755,-1,0.009336717376754677,-0.009336717376754677,0.0,0.0,-0.009336717376754677,-94.21220241180154
2026-01-14 23:08:00+00:00,97177.734375,3361.3125,-748.3833407536995,1.4095471589857265,-1,0.5614454134474727,-0.5614454134474727,0.0,0.0,-0.5614454134474727,-94.77364782524901
2026-01-14 23:09:00+00:00,97231.734375,3362.98681640625,-748.9927118282085,1.1148260684645697,-1,-0.6093710745089993,0.6093710745089993,0.0,0.0,0.6093710745089993,-94.16427675074002
2026-01-14 23:10:00+00:00,97228.1015625,3363.301025390625,-748.52486935446,1.2708037903689484,-1,0.46784247374853294,-0.46784247374853294,0.0,0.0,-0.46784247374853294,-94.63211922448855
2026-01-14 23:11:00+00:00,97217.71875,3361.91015625,-749.4766440706153,0.849222817703664,-1,-0.9517747161553416,0.9517747161553416,0.0,0.0,0.9517747161553416,-93.6803445083332
2026-01-14 23:12:00+00:00,97183.265625,3360.48779296875,-749.4419671623191,0.8417656638617165,-1,0.03467690829620551,-0.03467690829620551,0.0,0.0,-0.03467690829620551,-93.71502141662941
2026-01-14 23:13:00+00:00,97200.625,3360.986572265625,-749.6773246684306,0.7247646768730408,-1,-0.23535750611154072,0.23535750611154072,0.0,0.0,0.23535750611154072,-93.47966391051787
2026-01-14 23:14:00+00:00,97253.1171875,3363.133056640625,-749.7507616162347,0.6763385907408583,-1,-0.0734369478041117,0.0734369478041117,0.0,0.0,0.0734369478041117,-93.40622696271376
2026-01-14 23:15:00+00:00,97247.5625,3363.050537109375,-749.5983705863127,0.7201001161024351,-1,0.1523910299220006,-0.1523910299220006,0.0,0.0,-0.1523910299220006,-93.55861799263576
2026-01-14 23:16:00+00:00,97324.4453125,3367.3330078125,-748.5673131497024,1.1143840472549198,-1,1.0310574366103538,-1.0310574366103538,0.0,0.0,-1.0310574366103538,-94.58967542924611
2026-01-14 23:17:00+00:00,97283.65625,3365.44677734375,-748.7285534076536,1.0201344260383116,-1,-0.16124025795124908,0.16124025795124908,0.0,0.0,0.16124025795124908,-94.42843517129486
2026-01-14 23:18:00+00:00,97245.75,3363.69140625,-748.8808498983017,0.932817228370368,-1,-0.15229649064804107,0.15229649064804107,0.0,0.0,0.15229649064804107,-94.27613868064682
2026-01-14 23:19:00+00:00,97217.6328125,3362.280517578125,-749.1026484018821,0.819707329215243,-1,-0.2217985035804304,0.2217985035804304,0.0,0.0,0.2217985035804304,-94.0543401770664
2026-01-14 23:20:00+00:00,97183.1015625,3361.718505859375,-748.2043159850773,1.1362114891101562,-1,0.8983324168048057,-0.8983324168048057,0.0,0.0,-0.8983324168048057,-94.9526725938712
2026-01-14 23:21:00+00:00,97190.2265625,3361.765869140625,-748.4582725797609,1.002929491318409,-1,-0.25395659468358645,0.25395659468358645,0.0,0.0,0.25395659468358645,-94.69871599918761
2026-01-14 23:22:00+00:00,97183.578125,3361.009521484375,-748.9334544307267,0.7896966788542147,-1,-0.47518185096578236,0.47518185096578236,0.0,0.0,0.47518185096578236,-94.22353414822183
2026-01-14 23:23:00+00:00,97197.5859375,3361.011962890625,-749.5234105437185,0.5356693247586671,-1,-0.5899561129917856,0.5899561129917856,0.0,0.0,0.5899561129917856,-93.63357803523004
2026-01-14 23:24:00+00:00,97162.7421875,3359.6806640625,-749.3811494522561,0.5698105788446309,-1,0.1422610914623874,-0.1422610914623874,0.0,0.0,-0.1422610914623874,-93.77583912669243
2026-01-14 23:25:00+00:00,97149.78125,3359.245849609375,-749.2678392626467,0.5955108638701436,-1,0.1133101896093649,-0.1133101896093649,0.0,0.0,-0.1133101896093649,-93.8891493163018
2026-01-14 23:26:00+00:00,97121.0234375,3359.010986328125,-748.2865200183369,0.9529904397781145,-1,0.981319244309816,-0.981319244309816,0.0,0.0,-0.981319244309816,-94.87046856061161
2026-01-14 23:27:00+00:00,97113.6796875,3358.90234375,-748.0845916717053,1.0073558250407713,-1,0.20192834663157555,-0.20192834663157555,0.0,0.0,-0.20192834663157555,-95.07239690724319
2026-01-14 23:28:00+00:00,97074.765625,3358.281982421875,-747.0592574932252,1.3837666550621612,-1,1.0253341784800796,-1.0253341784800796,0.0,0.0,-1.0253341784800796,-96.09773108572327
2026-01-14 23:29:00+00:00,96991.78125,3356.375,-745.456788465357,1.9728960691441757,-1,1.60246902786821,-1.60246902786821,0.0,0.0,-1.60246902786821,-97.70020011359148
2026-01-14 23:30:00+00:00,97005.9140625,3356.9658203125,-745.4636519857122,1.910023932329214,-1,-0.006863520355182118,0.006863520355182118,0.0,0.0,0.006863520355182118,-97.6933365932363
2026-01-14 23:31:00+00:00,96981.6328125,3354.911376953125,-746.4912289257873,1.462668905351627,-1,-1.0275769400750505,1.0275769400750505,0.0,0.0,1.0275769400750505,-96.66575965316125
2026-01-14 23:32:00+00:00,96915.609375,3353.059326171875,-745.5511149356407,1.8143619899480452,-1,0.9401139901465285,-0.9401139901465285,0.0,0.0,-0.9401139901465285,-97.60587364330777
2026-01-14 23:33:00+00:00,96898.6328125,3351.632568359375,-746.259925280593,1.5159870357335237,-1,-0.708810344952326,0.708810344952326,0.0,0.0,0.708810344952326,-96.89706329835545
2026-01-14 23:34:00+00:00,96937.3359375,3353.142822265625,-746.3864462267275,1.4210581984778705,-1,-0.12652094613440568,0.12652094613440568,0.0,0.0,0.12652094613440568,-96.77054235222104
2026-01-14 23:35:00+00:00,96944.0859375,3353.040283203125,-746.7744462243227,1.234378570244902,-1,-0.387999997595216,0.387999997595216,0.0,0.0,0.387999997595216,-96.38254235462583
2026-01-14 23:36:00+00:00,97004.4609375,3354.9931640625,-747.3748548399626,0.9235916907426921,-1,-0.6004086156399353,0.6004086156399353,0.0,0.0,0.6004086156399353,-95.78213373898589
2026-01-14 23:37:00+00:00,97007.0234375,3353.95263671875,-748.5237516127763,0.34525497746750555,0,-1.148896772813714,1.148896772813714,1.0,3.35395263671875,-2.205055863905036,-97.98718960289092
2026-01-14 23:38:00+00:00,97087.3359375,3356.306396484375,-749.5664483434184,-0.19965583938019982,0,-1.042696730642092,-0.0,0.0,0.0,-0.0,-97.98718960289092
2026-01-14 23:39:00+00:00,97072.8046875,3355.79931640625,-749.4589944640484,-0.16786794415828782,0,0.10745387937004125,0.0,0.0,0.0,0.0,-97.98718960289092
2026-01-14 23:41:00+00:00,97074.8515625,3354.6455078125,-750.6993664432084,-0.8925588572203966,0,-1.2403719791600452,-0.0,0.0,0.0,-0.0,-97.98718960289092
2026-01-14 23:42:00+00:00,97062.1796875,3354.155029296875,-750.6539449163292,-0.8834358232494611,0,0.04542152687918133,0.0,0.0,0.0,0.0,-97.98718960289092
2026-01-14 23:43:00+00:00,97050.21875,3353.74755859375,-750.5555814856225,-0.809145870095961,0,0.09836343070674047,0.0,0.0,0.0,0.0,-97.98718960289092
2026-01-14 23:44:00+00:00,97018.640625,3352.616943359375,-750.3507417435476,-0.6949224673872615,0,0.20483974207490974,0.0,0.0,0.0,0.0,-97.98718960289092
2026-01-14 23:45:00+00:00,97048.3828125,3354.01123046875,-750.214266879434,-0.6293912860631413,0,0.13647486411355203,0.0,0.0,0.0,0.0,-97.98718960289092
2026-01-14 23:46:00+00:00,97000.546875,3353.472900390625,-748.7295908168344,0.16922442626779138,0,1.4846760625996467,0.0,0.0,0.0,0.0,-97.98718960289092
2026-01-14 23:47:00+00:00,97017.6171875,3354.302001953125,-748.6224014570917,0.2144671166735061,0,0.10718935974273336,0.0,0.0,0.0,0.0,-97.98718960289092
2026-01-14 23:49:00+00:00,97021.296875,3354.039794921875,-749.0402243453209,-0.048028594609335236,0,-0.41782288822923874,-0.0,0.0,0.0,-0.0,-97.98718960289092
2026-01-14 23:51:00+00:00,97018.203125,3355.132080078125,-747.8171029271525,0.6288561518181259,0,1.2231214181683754,0.0,0.0,0.0,0.0,-97.98718960289092
2026-01-14 23:52:00+00:00,97056.8359375,3357.15869140625,-747.4242929000038,0.8522351528629003,0,0.3928100271486983,0.0,0.0,0.0,0.0,-97.98718960289092
2026-01-14 23:53:00+00:00,97034.234375,3356.521728515625,-747.1054242105029,1.0576401980612362,0,0.3188686895009596,0.0,0.0,0.0,0.0,-97.98718960289092
2026-01-14 23:54:00+00:00,97018.9453125,3355.991943359375,-746.9886271329788,1.1314950268313528,0,0.1167970775240974,0.0,0.0,0.0,0.0,-97.98718960289092
2026-01-14 23:55:00+00:00,97032.0625,3356.836181640625,-746.6991213864785,1.3261236327846608,0,0.28950574650025374,0.0,0.0,0.0,0.0,-97.98718960289092
2026-01-14 23:56:00+00:00,97016.671875,3357.3330078125,-745.5514178510193,2.064944860238689,-1,1.1477035354591862,0.0,1.0,3.3573330078125,-3.3573330078125,-101.34452261070342
2026-01-14 23:57:00+00:00,97012.4921875,3357.736328125,-744.9713364270892,2.323326877832648,-1,0.5800814239300962,-0.5800814239300962,0.0,0.0,-0.5800814239300962,-101.92460403463352
2026-01-14 23:58:00+00:00,96932.2109375,3354.6728515625,-744.639678071725,2.4067529351754273,-1,0.33165835536419763,-0.33165835536419763,0.0,0.0,-0.33165835536419763,-102.25626238999772
2026-01-15 00:00:00+00:00,96934.609375,3354.8271484375,-744.586812339172,2.293197414126378,-1,0.05286573255307303,-0.05286573255307303,0.0,0.0,-0.05286573255307303,-102.30912812255079
2026-01-15 00:02:00+00:00,96885.6015625,3351.505859375,-745.8355360708265,1.464775994383714,-1,-1.248723731654536,1.248723731654536,0.0,0.0,1.248723731654536,-101.06040439089625
2026-01-15 00:03:00+00:00,96812.1640625,3349.03662109375,-745.1990651045171,1.8262047127106076,-1,0.636470966309389,-0.636470966309389,0.0,0.0,-0.636470966309389,-101.69687535720564
2026-01-15 00:04:00+00:00,96792.203125,3348.089599609375,-745.3019283838371,1.6869500143075806,-1,-0.1028632793199904,0.1028632793199904,0.0,0.0,0.1028632793199904,-101.59401207788565
2026-01-15 00:05:00+00:00,96834.3828125,3346.976806640625,-748.1985218023292,-0.07362725624097641,0,-2.8965934184921025,2.8965934184921025,1.0,3.346976806640625,-0.45038338814852263,-102.04439546603417
2026-01-15 00:06:00+00:00,96781.9609375,3345.14306640625,-747.8153142653077,0.15796178237789543,0,0.3832075370214625,0.0,0.0,0.0,0.0,-102.04439546603417
2026-01-15 00:07:00+00:00,96846.203125,3346.98828125,-748.6869342239711,-0.38277394567904316,0,-0.8716199586633593,-0.0,0.0,0.0,-0.0,-102.04439546603417
2026-01-15 00:08:00+00:00,96886.5703125,3348.59716796875,-748.7851964075762,-0.4447620315587047,0,-0.0982621836051294,-0.0,0.0,0.0,-0.0,-102.04439546603417
2026-01-15 00:09:00+00:00,96855.828125,3346.982177734375,-749.1000838877872,-0.6312381037764303,0,-0.3148874802109276,-0.0,0.0,0.0,-0.0,-102.04439546603417
2026-01-15 00:10:00+00:00,96822.3828125,3346.23974609375,-748.4280962423691,-0.2258668896324447,0,0.6719876454180849,0.0,0.0,0.0,0.0,-102.04439546603417
2026-01-15 00:11:00+00:00,96848.1015625,3346.84814453125,-748.9073568307167,-0.5196449120190203,0,-0.4792605883476426,-0.0,0.0,0.0,-0.0,-102.04439546603417
2026-01-15 00:12:00+00:00,96814.9609375,3344.93310546875,-749.4208619966048,-0.8261931495979385,0,-0.5135051658880911,-0.0,0.0,0.0,-0.0,-102.04439546603417
2026-01-15 00:13:00+00:00,96836.1875,3345.283447265625,-749.9682023301152,-1.131528726738921,0,-0.5473403335104194,-0.0,0.0,0.0,-0.0,-102.04439546603417
2026-01-15 00:14:00+00:00,96937.8125,3348.36865234375,-751.1807702192518,-1.7937759871314471,0,-1.2125678891366078,-0.0,0.0,0.0,-0.0,-102.04439546603417
2026-01-15 00:15:00+00:00,96933.40625,3347.38037109375,-751.9827089143982,-2.1421908840093873,1,-0.8019386951464185,-0.0,1.0,3.34738037109375,-3.34738037109375,-105.39177583712792
2026-01-15 00:16:00+00:00,96973.4609375,3347.87744140625,-753.1795717202212,-2.6243784592436024,1,-1.1968628058230024,-1.1968628058230024,0.0,0.0,-1.1968628058230024,-106.58863864295093
2026-01-15 00:17:00+00:00,96935.921875,3346.6591796875,-752.8102873821072,-2.294573184263409,1,0.3692843381140847,0.3692843381140847,0.0,0.0,0.3692843381140847,-106.21935430483684
2026-01-15 00:18:00+00:00,96949.5078125,3346.75,-753.2940232804058,-2.3931940052144425,1,-0.48373589829861885,-0.48373589829861885,0.0,0.0,-0.48373589829861885,-106.70309020313546
2026-01-15 00:19:00+00:00,96903.6640625,3345.360595703125,-752.7446720597609,-2.033880589645285,1,0.5493512206448941,0.5493512206448941,0.0,0.0,0.5493512206448941,-106.15373898249057
2026-01-15 00:20:00+00:00,96808.1796875,3340.705810546875,-753.3613744049817,-2.2020084659752484,1,-0.6167023452208014,-0.6167023452208014,0.0,0.0,-0.6167023452208014,-106.77044132771137
2026-01-15 00:21:00+00:00,96830.28125,3341.72998046875,-753.2718908087822,-2.048037160364759,1,0.08948359619944313,0.08948359619944313,0.0,0.0,0.08948359619944313,-106.68095773151192
2026-01-15 00:22:00+00:00,96815.828125,3341.23876953125,-753.151871734794,-1.9017954914164663,1,0.12001907398826006,0.12001907398826006,0.0,0.0,0.12001907398826006,-106.56093865752366
2026-01-15 00:23:00+00:00,96733.4921875,3338.296875,-752.6117375681683,-1.6113534401703546,1,0.5401341666256485,0.5401341666256485,0.0,0.0,0.5401341666256485,-106.02080449089802
2026-01-15 00:24:00+00:00,96761.0546875,3339.800048828125,-752.2741958916808,-1.4255938930654766,1,0.3375416764874899,0.3375416764874899,0.0,0.0,0.3375416764874899,-105.68326281441053
2026-01-15 00:25:00+00:00,96775.234375,3340.3525390625,-752.3213718577654,-1.3935881682559554,1,-0.04717596608452368,-0.04717596608452368,0.0,0.0,-0.04717596608452368,-105.73043878049505
2026-01-15 00:26:00+00:00,96754.40625,3341.751220703125,-750.0418582113962,-0.4767698326880601,0,2.279513646369196,2.279513646369196,1.0,3.341751220703125,-1.062237574333929,-106.79267635482898
2026-01-15 00:27:00+00:00,96763.2890625,3342.24951171875,-749.9192258568855,-0.42099042181270074,0,0.12263235451064247,0.0,0.0,0.0,0.0,-106.79267635482898
2026-01-15 00:28:00+00:00,96752.15625,3342.358154296875,-749.3397709726146,-0.19284312423273023,0,0.5794548842709446,0.0,0.0,0.0,0.0,-106.79267635482898
2026-01-15 00:29:00+00:00,96711.3984375,3341.3515625,-748.6226941370942,0.0861573584091835,0,0.7170768355204018,0.0,0.0,0.0,0.0,-106.79267635482898
2026-01-15 00:30:00+00:00,96683.703125,3340.16943359375,-748.6335741834928,0.0776747115406811,0,-0.010880046398597187,-0.0,0.0,0.0,-0.0,-106.79267635482898
2026-01-15 00:31:00+00:00,96711.1484375,3341.150146484375,-748.8135375254933,0.009852865936123612,0,-0.17996334200051933,-0.0,0.0,0.0,-0.0,-106.79267635482898
2026-01-15 00:32:00+00:00,96726.3515625,3341.057373046875,-749.5492588561583,-0.2721344340955648,0,-0.735721330665001,-0.0,0.0,0.0,-0.0,-106.79267635482898
2026-01-15 00:33:00+00:00,96618.4140625,3336.456787109375,-749.585112988947,-0.2706841733699362,0,-0.035854132788699644,-0.0,0.0,0.0,-0.0,-106.79267635482898
2026-01-15 00:34:00+00:00,96604.84375,3335.517578125,-749.9504265517248,-0.39215786980960304,0,-0.36531356277782834,-0.0,0.0,0.0,-0.0,-106.79267635482898
2026-01-15 00:35:00+00:00,96578.3828125,3334.9501953125,-749.398762851301,-0.14529783101935523,0,0.5516637004238873,0.0,0.0,0.0,0.0,-106.79267635482898
2026-01-15 00:36:00+00:00,96566.828125,3334.151611328125,-749.7086932210864,-0.2529595479211766,0,-0.30993036978543387,-0.0,0.0,0.0,-0.0,-106.79267635482898
2026-01-15 00:37:00+00:00,96553.421875,3332.214111328125,-751.0792360861064,-0.7940734064111266,0,-1.3705428650200702,-0.0,0.0,0.0,-0.0,-106.79267635482898
2026-01-15 00:38:00+00:00,96542.140625,3331.66259765625,-751.1536599544202,-0.7972371783716624,0,-0.0744238683137155,-0.0,0.0,0.0,-0.0,-106.79267635482898
2026-01-15 00:39:00+00:00,96527.703125,3331.308349609375,-750.8973387790088,-0.6628442237844885,0,0.2563211754113581,0.0,0.0,0.0,0.0,-106.79267635482898
2026-01-15 00:40:00+00:00,96527.703125,3331.308349609375,-750.8973387790088,-0.6379213267892884,0,0.0,0.0,0.0,0.0,0.0,-106.79267635482898
2026-01-15 00:41:00+00:00,96601.2578125,3334.387939453125,-750.9284141018306,-0.6278646244822346,0,-0.03107532282183456,-0.0,0.0,0.0,-0.0,-106.79267635482898
2026-01-15 00:42:00+00:00,96590.1953125,3332.614990234375,-752.2335245658419,-1.1535039482124059,0,-1.3051104640112499,-0.0,0.0,0.0,-0.0,-106.79267635482898
2026-01-15 00:43:00+00:00,96535.546875,3330.723876953125,-751.8135276144662,-0.950289668585141,0,0.4199969513756514,0.0,0.0,0.0,0.0,-106.79267635482898
2026-01-15 00:44:00+00:00,96584.5625,3334.19921875,-750.4110815430372,-0.3478084913851352,0,1.4024460714290399,0.0,0.0,0.0,0.0,-106.79267635482898
2026-01-15 00:45:00+00:00,96598.2734375,3333.9755859375,-751.2145568799488,-0.6834622821205717,0,-0.8034753369115606,-0.0,0.0,0.0,-0.0,-106.79267635482898
2026-01-15 00:46:00+00:00,96621.03125,3333.453125,-752.6994572895915,-1.2811568284792823,0,-1.4849004096427052,-0.0,0.0,0.0,-0.0,-106.79267635482898
2026-01-15 00:47:00+00:00,96568.2578125,3328.32666015625,-755.5941066049086,-2.3399439559035122,1,-2.8946493153171104,-0.0,1.0,3.3283266601562502,-3.3283266601562502,-110.12100301498523
2026-01-15 00:48:00+00:00,96508.34375,3326.4169921875,-754.9699783800911,-1.990264176726383,1,0.6241282248174684,0.6241282248174684,0.0,0.0,0.6241282248174684,-109.49687479016777
2026-01-15 00:49:00+00:00,96563.9296875,3329.074951171875,-754.6627769804381,-1.7922514936020706,1,0.30720139965296767,0.30720139965296767,0.0,0.0,0.30720139965296767,-109.1896733905148
2026-01-15 00:50:00+00:00,96572.9375,3328.969482421875,-755.1491907051654,-1.8773667177901814,1,-0.48641372472729927,-0.48641372472729927,0.0,0.0,-0.48641372472729927,-109.6760871152421
2026-01-15 00:51:00+00:00,96564.3046875,3328.47802734375,-755.275559749402,-1.8315480363208647,1,-0.12636904423652595,-0.12636904423652595,0.0,0.0,-0.12636904423652595,-109.80245615947862
2026-01-15 00:52:00+00:00,96523.5546875,3327.41796875,-754.6122801053571,-1.534378232720079,1,0.6632796440449056,0.6632796440449056,0.0,0.0,0.6632796440449056,-109.13917651543372
2026-01-15 00:53:00+00:00,96536.0859375,3327.3603515625,-755.1998502325469,-1.6638481574226793,1,-0.5875701271897924,-0.5875701271897924,0.0,0.0,-0.5875701271897924,-109.72674664262351
2026-01-15 00:54:00+00:00,96551.3125,3327.98193359375,-755.2222072782642,-1.6040685694096888,1,-0.02235704571739916,-0.02235704571739916,0.0,0.0,-0.02235704571739916,-109.74910368834091
2026-01-15 00:55:00+00:00,96517.8671875,3327.642822265625,-754.1468993203466,-1.2024740242940166,1,1.0753079579176301,1.0753079579176301,0.0,0.0,1.0753079579176301,-108.67379573042328
2026-01-15 00:56:00+00:00,96539.046875,3328.790771484375,-753.8946498643768,-1.0820192046800055,1,0.2522494559698316,0.2522494559698316,0.0,0.0,0.2522494559698316,-108.42154627445345
2026-01-15 00:57:00+00:00,96514.5703125,3328.179931640625,-753.4703634238072,-0.9095544134391543,1,0.42428644056963094,0.42428644056963094,0.0,0.0,0.42428644056963094,-107.99725983388382
2026-01-15 00:58:00+00:00,96534.78125,3328.484375,-754.0206508967126,-1.0664857239992187,1,-0.5502874729054383,-0.5502874729054383,0.0,0.0,-0.5502874729054383,-108.54754730678926
2026-01-15 00:59:00+00:00,96573.6328125,3329.710693359375,-754.4373848871369,-1.1849696333472883,1,-0.4167339904242908,-0.4167339904242908,0.0,0.0,-0.4167339904242908,-108.96428129721355
2026-01-15 01:00:00+00:00,96614.0703125,3330.309326171875,-755.5488745283997,-1.551543540675496,1,-1.1114896412627786,-1.1114896412627786,0.0,0.0,-1.1114896412627786,-110.07577093847632
2026-01-15 01:01:00+00:00,96765.953125,3335.59765625,-756.6837458845098,-1.926828574149225,1,-1.134871356110125,-1.134871356110125,0.0,0.0,-1.134871356110125,-111.21064229458645
2026-01-15 01:02:00+00:00,96739.5546875,3334.983154296875,-756.1818444815176,-1.7000368326324793,1,0.5019014029921891,0.5019014029921891,0.0,0.0,0.5019014029921891,-110.70874089159426
2026-01-15 01:03:00+00:00,96861.109375,3339.778564453125,-756.5270439191809,-1.8006918047650085,1,-0.3451994376632683,-0.3451994376632683,0.0,0.0,-0.3451994376632683,-111.05394032925753
2026-01-15 01:04:00+00:00,96825.390625,3337.83203125,-756.9630130074288,-1.9377529211813216,1,-0.4359690882479299,-0.4359690882479299,0.0,0.0,-0.4359690882479299,-111.48990941750546
2026-01-15 01:05:00+00:00,96913.7265625,3340.834228515625,-757.6965874930975,-2.1189184465476476,1,-0.7335744856686688,-0.7335744856686688,0.0,0.0,-0.7335744856686688,-112.22348390317413
2026-01-15 01:06:00+00:00,96928.6328125,3341.498779296875,-757.6624296101818,-2.0190347837466285,1,0.03415788291567878,0.03415788291567878,0.0,0.0,0.03415788291567878,-112.18932602025845
2026-01-15 01:07:00+00:00,96858.3359375,3338.814697265625,-757.3736210233947,-1.8307469052509926,1,0.28880858678712684,0.28880858678712684,0.0,0.0,0.28880858678712684,-111.90051743347132
2026-01-15 01:08:00+00:00,96859.6640625,3338.877685546875,-757.3667998242818,-1.7560856104006346,1,0.006821199112891918,0.006821199112891918,0.0,0.0,0.006821199112891918,-111.89369623435843
2026-01-15 01:09:00+00:00,96807.3046875,3336.975830078125,-757.0543506784416,-1.580030268152649,1,0.312449145840219,0.312449145840219,0.0,0.0,0.312449145840219,-111.58124708851821
2026-01-15 01:10:00+00:00,96789.8671875,3336.175537109375,-757.1172028981969,-1.5516866376544958,1,-0.06285221975531385,-0.06285221975531385,0.0,0.0,-0.06285221975531385,-111.64409930827352
2026-01-15 01:11:00+00:00,96796.28125,3335.2392578125,-758.3247361623321,-1.9124759620939074,1,-1.207533264135236,-1.207533264135236,0.0,0.0,-1.207533264135236,-112.85163257240876
2026-01-15 01:12:00+00:00,96823.203125,3336.817138671875,-757.8853950973285,-1.6850385339507554,1,0.4393410650036458,0.4393410650036458,0.0,0.0,0.4393410650036458,-112.41229150740511
2026-01-15 01:13:00+00:00,96791.7734375,3335.404541015625,-757.968815274543,-1.6469575514621835,1,-0.08342017721452066,-0.08342017721452066,0.0,0.0,-0.08342017721452066,-112.49571168461964
2026-01-15 01:14:00+00:00,96806.4453125,3335.780029296875,-758.2138080536033,-1.660090862896118,1,-0.24499277906033967,-0.24499277906033967,0.0,0.0,-0.24499277906033967,-112.74070446367998
2026-01-15 01:15:00+00:00,96754.7578125,3333.91162109375,-757.8963255778076,-1.4891810436669155,1,0.317482475795714,0.317482475795714,0.0,0.0,0.317482475795714,-112.42322198788426
2026-01-15 01:16:00+00:00,96733.9375,3333.379150390625,-757.5482946697894,-1.3246586307166988,1,0.3480309080182451,0.3480309080182451,0.0,0.0,0.3480309080182451,-112.07519107986602
2026-01-15 01:17:00+00:00,96744.1015625,3334.420166015625,-756.9371224204356,-1.0847179172560715,1,0.6111722493537854,0.6111722493537854,0.0,0.0,0.6111722493537854,-111.46401883051223
2026-01-15 01:18:00+00:00,96732.7421875,3334.121337890625,-756.7555567958661,-0.9962605873748244,1,0.18156562456942993,0.18156562456942993,0.0,0.0,0.18156562456942993,-111.2824532059428
2026-01-15 01:19:00+00:00,96713.1171875,3333.527099609375,-756.5198438398961,-0.8919578893855895,1,0.23571295597002972,0.23571295597002972,0.0,0.0,0.23571295597002972,-111.04674024997277
2026-01-15 01:20:00+00:00,96716.6953125,3333.40771484375,-756.7905493326894,-0.9549106864824618,1,-0.2707054927932404,-0.2707054927932404,0.0,0.0,-0.2707054927932404,-111.31744574276601
2026-01-15 01:21:00+00:00,96697.328125,3332.194580078125,-757.1846358829207,-1.0525898184079725,1,-0.39408655023135,-0.39408655023135,0.0,0.0,-0.39408655023135,-111.71153229299736
2026-01-15 01:22:00+00:00,96585.09375,3328.0751953125,-756.5575718133919,-0.8266340457010658,1,0.6270640695288421,0.6270640695288421,0.0,0.0,0.6270640695288421,-111.08446822346852
2026-01-15 01:23:00+00:00,96507.4375,3324.50244140625,-756.8462033876476,-0.8922362077614412,1,-0.2886315742557599,-0.2886315742557599,0.0,0.0,-0.2886315742557599,-111.37309979772428
2026-01-15 01:24:00+00:00,96529.7109375,3326.260498046875,-756.0301017539155,-0.6103663006659875,1,0.8161016337321598,0.8161016337321598,0.0,0.0,0.8161016337321598,-110.55699816399212
2026-01-15 01:25:00+00:00,96531.21875,3326.59130859375,-755.7630573649958,-0.5067674594429954,1,0.26704438891965765,0.26704438891965765,0.0,0.0,0.26704438891965765,-110.28995377507246
2026-01-15 01:26:00+00:00,96620.09375,3329.8671875,-756.2457474374946,-0.6359096262327403,1,-0.48269007249882634,-0.48269007249882634,0.0,0.0,-0.48269007249882634,-110.77264384757129
2026-01-15 01:27:00+00:00,96580.4609375,3329.17333984375,-755.2635032838648,-0.29322084814134813,0,0.9822441536298356,0.9822441536298356,1.0,3.32917333984375,-2.3469291862139143,-113.1195730337852
2026-01-15 01:28:00+00:00,96591.375,3330.05078125,-754.8476231349387,-0.12878498729595572,0,0.415880148926135,0.0,0.0,0.0,0.0,-113.1195730337852
2026-01-15 01:29:00+00:00,96626.3359375,3331.107177734375,-755.2697424891626,-0.24220724437029675,0,-0.42211935422392344,-0.0,0.0,0.0,-0.0,-113.1195730337852
2026-01-15 01:30:00+00:00,96528.8359375,3329.27880859375,-752.9747870117508,0.6072416120761961,0,2.294955477411804,0.0,0.0,0.0,0.0,-113.1195730337852
2026-01-15 01:31:00+00:00,96463.7421875,3328.04052734375,-751.4602204478497,1.2049632931444287,0,1.5145665639010986,0.0,0.0,0.0,0.0,-113.1195730337852
2026-01-15 01:32:00+00:00,96372.59375,3324.88671875,-750.7593152340164,1.4931266286514222,0,0.7009052138332663,0.0,0.0,0.0,0.0,-113.1195730337852
2026-01-15 01:33:00+00:00,96341.0546875,3321.098388671875,-753.2138423086949,0.6073319534328754,0,-2.454527074678481,-0.0,0.0,0.0,-0.0,-113.1195730337852
2026-01-15 01:34:00+00:00,96310.796875,3320.378662109375,-752.6539505822802,0.8639497553085802,0,0.5598917264146621,0.0,0.0,0.0,0.0,-113.1195730337852
2026-01-15 01:35:00+00:00,96313.671875,3320.628173828125,-752.5260240766261,0.9680221571856252,0,0.12792650565415897,0.0,0.0,0.0,0.0,-113.1195730337852
2026-01-15 01:36:00+00:00,96336.3671875,3320.203857421875,-753.9101367982125,0.44268366876659626,0,-1.3841127215864617,-0.0,0.0,0.0,-0.0,-113.1195730337852
2026-01-15 01:37:00+00:00,96384.8984375,3323.442626953125,-752.7237785271582,0.9789878865764303,0,1.1863582710543596,0.0,0.0,0.0,0.0,-113.1195730337852
2026-01-15 01:38:00+00:00,96454.5859375,3326.76513671875,-752.348388600707,1.165916914586182,0,0.37538992645113467,0.0,0.0,0.0,0.0,-113.1195730337852
2026-01-15 01:39:00+00:00,96555.4921875,3330.867919921875,-752.5129820615698,1.125116639143203,0,-0.16459346086276128,-0.0,0.0,0.0,-0.0,-113.1195730337852
2026-01-15 01:40:00+00:00,96499.1015625,3330.19091796875,-750.8051957860898,1.8895949222881008,0,1.7077862754799753,0.0,0.0,0.0,0.0,-113.1195730337852
2026-01-15 01:41:00+00:00,96501.1484375,3330.22021484375,-750.8624622965003,1.8616675755838281,0,-0.057266510410499905,-0.0,0.0,0.0,-0.0,-113.1195730337852
2026-01-15 01:42:00+00:00,96455.8125,3326.885986328125,-752.2794109436581,1.2270462136439406,0,-1.4169486471578239,-0.0,0.0,0.0,-0.0,-113.1195730337852
2026-01-15 01:43:00+00:00,96463.265625,3327.552490234375,-751.9281034865758,1.387236879757868,0,0.35130745708238464,0.0,0.0,0.0,0.0,-113.1195730337852
2026-01-15 01:44:00+00:00,96464.8828125,3327.421875,-752.1271104033171,1.3406160043784676,0,-0.19900691674138216,-0.0,0.0,0.0,-0.0,-113.1195730337852
2026-01-15 01:45:00+00:00,96480.90625,3327.680908203125,-752.5457165264415,1.1763938924229036,0,-0.41860612312439116,-0.0,0.0,0.0,-0.0,-113.1195730337852
2026-01-15 01:46:00+00:00,96483.7421875,3327.74658203125,-752.5999759384085,1.1492830360822763,0,-0.054259411966995685,-0.0,0.0,0.0,-0.0,-113.1195730337852
2026-01-15 01:47:00+00:00,96483.15625,3328.286376953125,-752.0354014214731,1.3631921366542845,0,0.5645745169354086,0.0,0.0,0.0,0.0,-113.1195730337852
2026-01-15 01:48:00+00:00,96455.4609375,3326.027587890625,-753.1229416241222,0.8447367584113334,0,-1.087540202649052,-0.0,0.0,0.0,-0.0,-113.1195730337852
2026-01-15 01:49:00+00:00,96419.078125,3324.970703125,-752.641178733802,1.0394608531902554,0,0.4817628903201694,0.0,0.0,0.0,0.0,-113.1195730337852
2026-01-15 01:50:00+00:00,96422.546875,3325.41259765625,-752.3459794053088,1.1388866203673245,0,0.29519932849325414,0.0,0.0,0.0,0.0,-113.1195730337852
2026-01-15 01:51:00+00:00,96403.59375,3324.09326171875,-752.8637780412578,0.8837595034462702,0,-0.5177986359490205,-0.0,0.0,0.0,-0.0,-113.1195730337852
2026-01-15 01:52:00+00:00,96439.3984375,3324.27392578125,-754.1973124342435,0.2884981657257407,0,-1.3335343929857117,-0.0,0.0,0.0,-0.0,-113.1195730337852
2026-01-15 01:53:00+00:00,96490.0859375,3326.299072265625,-754.3157661198866,0.22935097498765403,0,-0.11845368564308956,-0.0,0.0,0.0,-0.0,-113.1195730337852
2026-01-15 01:54:00+00:00,96536.2734375,3328.690673828125,-753.877457437341,0.4133225798826935,0,0.43830868254553934,0.0,0.0,0.0,0.0,-113.1195730337852
2026-01-15 01:55:00+00:00,96506.4296875,3328.42041015625,-752.885613734144,0.838910791511171,0,0.9918437031969916,0.0,0.0,0.0,0.0,-113.1195730337852
2026-01-15 01:56:00+00:00,96428.1875,3325.663330078125,-752.3337918852144,1.0615838908476887,0,0.5518218489296487,0.0,0.0,0.0,0.0,-113.1195730337852
2026-01-15 01:57:00+00:00,96419.9921875,3325.68212890625,-751.968409120846,1.1985206597363693,0,0.36538276436840533,0.0,0.0,0.0,0.0,-113.1195730337852
2026-01-15 01:58:00+00:00,96429.84375,3326.255615234375,-751.8115503843351,1.2349425723442586,0,0.15685873651091242,0.0,0.0,0.0,0.0,-113.1195730337852
2026-01-15 01:59:00+00:00,96418.140625,3323.15234375,-754.4198907567052,0.12022538503125771,0,-2.608340372370094,-0.0,0.0,0.0,-0.0,-113.1195730337852
2026-01-15 02:00:00+00:00,96435.2578125,3324.90478515625,-753.3913439208172,0.543596707881989,0,1.028546835887937,0.0,0.0,0.0,0.0,-113.1195730337852
2026-01-15 02:01:00+00:00,96434.84375,3325.100830078125,-753.1777880850996,0.6117421913882793,0,0.21355583571767056,0.0,0.0,0.0,0.0,-113.1195730337852
2026-01-15 02:02:00+00:00,96456.0078125,3325.89892578125,-753.2747313555533,0.5502267393884753,0,-0.0969432704537212,-0.0,0.0,0.0,-0.0,-113.1195730337852
2026-01-15 02:03:00+00:00,96463.59375,3326.41259765625,-753.0818726379343,0.6100819308444367,0,0.19285871761894668,0.0,0.0,0.0,0.0,-113.1195730337852
2026-01-15 02:04:00+00:00,96457.5,3326.66650390625,-752.5702585993072,0.801895220094755,0,0.5116140386271582,0.0,0.0,0.0,0.0,-113.1195730337852
2026-01-15 02:05:00+00:00,96456.046875,3326.894287109375,-752.2810220004326,0.8971462312921908,0,0.2892365988745951,0.0,0.0,0.0,0.0,-113.1195730337852
2026-01-15 02:06:00+00:00,96455.296875,3327.394287109375,-751.7493041187554,1.0948723015177384,0,0.5317178816771957,0.0,0.0,0.0,0.0,-113.1195730337852
2026-01-15 02:07:00+00:00,96509.796875,3329.80908203125,-751.6393419320907,1.1077860744609227,0,0.10996218666468849,0.0,0.0,0.0,0.0,-113.1195730337852
2026-01-15 02:08:00+00:00,96552.0859375,3330.274169921875,-752.9626800156188,0.49762225368256624,0,-1.3233380835281423,-0.0,0.0,0.0,-0.0,-113.1195730337852
2026-01-15 02:09:00+00:00,96568.15625,3330.87841796875,-753.0380536625985,0.4398153980847502,0,-0.07537364697964222,-0.0,0.0,0.0,-0.0,-113.1195730337852
2026-01-15 02:11:00+00:00,96526.515625,3329.478271484375,-752.6771969246865,0.579047394514879,0,0.36085673791194495,0.0,0.0,0.0,0.0,-113.1195730337852
2026-01-15 02:12:00+00:00,96445.59375,3326.404296875,-752.3289442589312,0.7168421391891034,0,0.3482526657553535,0.0,0.0,0.0,0.0,-113.1195730337852
2026-01-15 02:13:00+00:00,96426.0,3323.61279296875,-754.2918185063645,-0.25806961964010994,0,-1.9628742474333194,-0.0,0.0,0.0,-0.0,-113.1195730337852
2026-01-15 02:14:00+00:00,96407.96875,3322.33349609375,-754.808564642708,-0.558922251687527,0,-0.5167461363434995,-0.0,0.0,0.0,-0.0,-113.1195730337852
2026-01-15 02:15:00+00:00,96370.140625,3321.122802734375,-754.4194873449892,-0.4107848977321533,0,0.3890772977188135,0.0,0.0,0.0,0.0,-113.1195730337852
2026-01-15 02:16:00+00:00,96385.921875,3320.37158203125,-755.8381051417387,-1.2302998557549554,0,-1.4186177967494586,-0.0,0.0,0.0,-0.0,-113.1195730337852
2026-01-15 02:17:00+00:00,96474.234375,3324.060302734375,-755.8841650061049,-1.3069532505477601,0,-0.04605986436627063,-0.0,0.0,0.0,-0.0,-113.1195730337852
2026-01-15 02:18:00+00:00,96499.1015625,3324.18994140625,-756.8061723485898,-1.838098209321885,0,-0.9220073424849033,-0.0,0.0,0.0,-0.0,-113.1195730337852
2026-01-15 02:19:00+00:00,96535.1875,3325.323974609375,-757.1982318065793,-2.0410400304256,1,-0.3920594579894896,-0.0,1.0,3.325323974609375,-3.325323974609375,-116.44489700839458
2026-01-15 02:20:00+00:00,96552.8828125,3326.202392578125,-757.0681576086508,-1.9437170983450625,1,0.1300741979284794,0.1300741979284794,0.0,0.0,0.1300741979284794,-116.3148228104661
2026-01-15 02:21:00+00:00,96510.9765625,3325.78466796875,-755.713645579312,-1.212087911928991,1,1.3545120293388209,1.3545120293388209,0.0,0.0,1.3545120293388209,-114.96031078112728
2026-01-15 02:22:00+00:00,96467.5,3322.420166015625,-757.2395015789616,-2.0792259240378805,1,-1.5258559996495933,-1.5258559996495933,0.0,0.0,-1.5258559996495933,-116.48616678077687
2026-01-15 02:23:00+00:00,96489.296875,3323.054443359375,-757.5270251714555,-2.1938482647436257,1,-0.2875235924939261,-0.2875235924939261,0.0,0.0,-0.2875235924939261,-116.7736903732708
2026-01-15 02:24:00+00:00,96439.734375,3320.4619140625,-758.023531120828,-2.403918339682849,1,-0.4965059493724766,-0.4965059493724766,0.0,0.0,-0.4965059493724766,-117.27019632264327
2026-01-15 02:25:00+00:00,96454.4375,3320.7294921875,-758.3777556345417,-2.473595570964802,1,-0.3542245137136888,-0.3542245137136888,0.0,0.0,-0.3542245137136888,-117.62442083635696
2026-01-15 02:26:00+00:00,96501.5078125,3323.433837890625,-757.6640374012622,-2.0285962566533504,1,0.7137182332794509,0.7137182332794509,0.0,0.0,0.7137182332794509,-116.91070260307751
2026-01-15 02:27:00+00:00,96498.375,3323.59326171875,-757.372125338215,-1.8415017167674637,1,0.2919120630472207,0.2919120630472207,0.0,0.0,0.2919120630472207,-116.61879054003029
2026-01-15 02:28:00+00:00,96519.9765625,3324.151123046875,-757.7278050813134,-1.9438706045266803,1,-0.35567974309833517,-0.35567974309833517,0.0,0.0,-0.35567974309833517,-116.97447028312862
2026-01-15 02:29:00+00:00,96492.8984375,3322.380859375,-758.3529210668012,-2.1371953400981547,1,-0.6251159854878097,-0.6251159854878097,0.0,0.0,-0.6251159854878097,-117.59958626861643
2026-01-15 02:30:00+00:00,96503.203125,3322.568603515625,-758.6009674046368,-2.146276023537487,1,-0.24804633783560348,-0.24804633783560348,0.0,0.0,-0.24804633783560348,-117.84763260645204
2026-01-15 02:31:00+00:00,96512.7265625,3322.81494140625,-758.7573805323923,-2.092822172542006,1,-0.15641312775551341,-0.15641312775551341,0.0,0.0,-0.15641312775551341,-118.00404573420755
2026-01-15 02:32:00+00:00,96578.609375,3325.24951171875,-759.1090278884744,-2.1257217641866566,1,-0.3516473560821396,-0.3516473560821396,0.0,0.0,-0.3516473560821396,-118.35569309028969
2026-01-15 02:33:00+00:00,96557.046875,3324.449951171875,-758.9966993371295,-1.984600842265503,1,0.11232855134494457,0.11232855134494457,0.0,0.0,0.11232855134494457,-118.24336453894475
2026-01-15 02:34:00+00:00,96538.234375,3323.87255859375,-758.7785017165179,-1.8050792491297756,1,0.21819762061159054,0.21819762061159054,0.0,0.0,0.21819762061159054,-118.02516691833316
2026-01-15 02:35:00+00:00,96390.7265625,3315.778076171875,-760.6348036806085,-2.386588170246647,1,-1.8563019640905623,-1.8563019640905623,0.0,0.0,-1.8563019640905623,-119.88146888242372
2026-01-15 02:36:00+00:00,96288.40625,3310.954833984375,-761.130867781375,-2.4052566525509724,1,-0.496064100766489,-0.496064100766489,0.0,0.0,-0.496064100766489,-120.3775329831902
2026-01-15 02:37:00+00:00,96182.671875,3309.38427734375,-758.2298638947154,-1.2921740390650664,1,2.9010038866595096,2.9010038866595096,0.0,0.0,2.9010038866595096,-117.4765290965307
2026-01-15 02:38:00+00:00,96154.34375,3309.167236328125,-757.2488940878243,-0.9060477633493443,1,0.980969806891153,0.980969806891153,0.0,0.0,0.980969806891153,-116.49555928963954
2026-01-15 02:39:00+00:00,96245.46875,3312.669677734375,-757.6001753053552,-0.9994099095844285,1,-0.35128121753086816,-0.35128121753086816,0.0,0.0,-0.35128121753086816,-116.84684050717041
2026-01-15 02:40:00+00:00,96246.296875,3313.4697265625,-756.8351483049155,-0.6982697730710536,1,0.7650270004396589,0.7650270004396589,0.0,0.0,0.7650270004396589,-116.08181350673075
2026-01-15 02:41:00+00:00,96311.015625,3316.552001953125,-756.4898617873528,-0.5480911729839746,1,0.34528651756272666,0.34528651756272666,0.0,0.0,0.34528651756272666,-115.73652698916803
2026-01-15 02:42:00+00:00,96375.8125,3320.150146484375,-755.6320100751732,-0.20714102197642714,0,0.8578517121795812,0.8578517121795812,1.0,3.3201501464843752,-2.462298434304794,-118.19882542347283
2026-01-15 02:43:00+00:00,96353.3828125,3319.235107421875,-755.598486238764,-0.17540895171288676,0,0.033523836409131036,0.0,0.0,0.0,0.0,-118.19882542347283
2026-01-15 02:44:00+00:00,96331.0078125,3318.142333984375,-755.7450095395607,-0.20944902581784244,0,-0.14652330079661624,-0.0,0.0,0.0,-0.0,-118.19882542347283
2026-01-15 02:45:00+00:00,96300.890625,3316.953125,-755.6605473378354,-0.156269003568497,0,0.08446220172527319,0.0,0.0,0.0,0.0,-118.19882542347283
2026-01-15 02:46:00+00:00,96262.96875,3314.05615234375,-756.9537846017815,-0.6340596741411025,0,-1.2932372639461391,-0.0,0.0,0.0,-0.0,-118.19882542347283
2026-01-15 02:47:00+00:00,96253.6640625,3314.078369140625,-756.5380678353486,-0.4495571332910257,0,0.41571676643297906,0.0,0.0,0.0,0.0,-118.19882542347283
2026-01-15 02:48:00+00:00,96168.40625,3310.91064453125,-756.1001961661473,-0.2540158453440761,0,0.43787166920128584,0.0,0.0,0.0,0.0,-118.19882542347283
2026-01-15 02:49:00+00:00,96193.4609375,3311.566650390625,-756.5037657915514,-0.39537809197923357,0,-0.4035696254040886,-0.0,0.0,0.0,-0.0,-118.19882542347283
2026-01-15 02:50:00+00:00,96242.3046875,3313.496337890625,-756.6397053357796,-0.4275865235618949,0,-0.13593954422822208,-0.0,0.0,0.0,-0.0,-118.19882542347283
2026-01-15 02:51:00+00:00,96252.6796875,3313.763427734375,-756.8113795218974,-0.4733722642331433,0,-0.17167418611779794,-0.0,0.0,0.0,-0.0,-118.19882542347283
2026-01-15 02:52:00+00:00,96214.21875,3311.687744140625,-757.2605304958884,-0.6333783638353752,0,-0.4491509739909816,-0.0,0.0,0.0,-0.0,-118.19882542347283
2026-01-15 02:53:00+00:00,96201.953125,3311.21240234375,-757.2171527695004,-0.5947328714992408,0,0.04337772638791648,0.0,0.0,0.0,0.0,-118.19882542347283
2026-01-15 02:54:00+00:00,96167.453125,3309.7705078125,-757.200024743599,-0.5678861569445265,0,0.017128025901456567,0.0,0.0,0.0,0.0,-118.19882542347283
2026-01-15 02:55:00+00:00,96177.4609375,3310.19140625,-757.2023617897294,-0.5475371218037537,0,-0.0023370461303784396,-0.0,0.0,0.0,-0.0,-118.19882542347283
2026-01-15 02:56:00+00:00,96185.9921875,3310.63330078125,-757.1212581625573,-0.4899345724162155,0,0.08110362717206954,0.0,0.0,0.0,0.0,-118.19882542347283
2026-01-15 02:57:00+00:00,96214.65625,3311.716064453125,-757.250712281033,-0.5193856935422918,0,-0.12945411847567811,-0.0,0.0,0.0,-0.0,-118.19882542347283
2026-01-15 02:58:00+00:00,96258.4609375,3313.483642578125,-757.3356566827424,-0.5303936227989412,0,-0.08494440170943562,-0.0,0.0,0.0,-0.0,-118.19882542347283
2026-01-15 02:59:00+00:00,96236.4921875,3312.302001953125,-757.5882276902812,-0.6168417030372397,0,-0.2525710075387906,-0.0,0.0,0.0,-0.0,-118.19882542347283
2026-01-15 03:00:00+00:00,96292.828125,3313.258056640625,-759.0146484691804,-1.2201660119584263,0,-1.426420778899228,-0.0,0.0,0.0,-0.0,-118.19882542347283
2026-01-15 03:01:00+00:00,96307.703125,3314.284912109375,-758.6168643203619,-1.008107358024385,0,0.39778414881857316,0.0,0.0,0.0,0.0,-118.19882542347283
2026-01-15 03:02:00+00:00,96324.0078125,3315.169189453125,-758.42212050849,-0.8906691177391578,0,0.19474381187183099,0.0,0.0,0.0,0.0,-118.19882542347283
2026-01-15 03:03:00+00:00,96306.59375,3314.621337890625,-758.2335225057973,-0.7769217025397527,0,0.18859800269274274,0.0,0.0,0.0,0.0,-118.19882542347283
2026-01-15 03:04:00+00:00,96288.9765625,3313.7255859375,-758.3842346341089,-0.8198991384486262,0,-0.15071212831162484,-0.0,0.0,0.0,-0.0,-118.19882542347283
2026-01-15 03:05:00+00:00,96274.4140625,3312.934326171875,-758.5596388638346,-0.8785585176728162,0,-0.17540422972570013,-0.0,0.0,0.0,-0.0,-118.19882542347283
2026-01-15 03:06:00+00:00,96341.265625,3315.298095703125,-759.0230559316665,-1.0831778841263902,0,-0.46341706783186964,-0.0,0.0,0.0,-0.0,-118.19882542347283
2026-01-15 03:07:00+00:00,96264.375,3312.03857421875,-759.0308337549263,-1.0788051727439019,0,-0.007777823259857541,-0.0,0.0,0.0,-0.0,-118.19882542347283
2026-01-15 03:08:00+00:00,96184.7421875,3310.09130859375,-757.6103872139288,-0.2988137266987964,0,1.4204465409975455,0.0,0.0,0.0,0.0,-118.19882542347283
2026-01-15 03:09:00+00:00,96186.921875,3310.895751953125,-756.8981239481782,0.14915505381888516,0,0.7122632657506074,0.0,0.0,0.0,0.0,-118.19882542347283
2026-01-15 03:10:00+00:00,96194.59375,3311.442626953125,-756.6756964461679,0.3351002412522246,0,0.22242750201030503,0.0,0.0,0.0,0.0,-118.19882542347283
2026-01-15 03:11:00+00:00,96208.125,3311.90087890625,-756.7896879416357,0.3301861681877359,0,-0.11399149546787157,-0.0,0.0,0.0,-0.0,-118.19882542347283
2026-01-15 03:12:00+00:00,96283.296875,3314.60791015625,-757.2617135405744,0.07406161491814729,0,-0.47202559893867146,-0.0,0.0,0.0,-0.0,-118.19882542347283
2026-01-15 03:13:00+00:00,96291.296875,3315.261962890625,-756.9459848774227,0.3617420880491159,0,0.31572866315173087,0.0,0.0,0.0,0.0,-118.19882542347283
2026-01-15 03:14:00+00:00,96244.6640625,3314.790771484375,-755.4450509114722,1.5791615167053437,0,1.5009339659504803,0.0,0.0,0.0,0.0,-118.19882542347283
2026-01-15 03:15:00+00:00,96259.375,3315.45166015625,-755.4062952729118,1.6690746537418661,0,0.03875563856036024,0.0,0.0,0.0,0.0,-118.19882542347283
2026-01-15 03:16:00+00:00,96265.1328125,3316.4697265625,-754.6317296874545,2.2243481059709804,-1,0.774565585457367,0.0,1.0,3.3164697265625,-3.3164697265625,-121.51529515003533
2026-01-15 03:17:00+00:00,96290.5703125,3317.974609375,-754.2026116951729,2.4425475460163915,-1,0.42911799228159,-0.42911799228159,0.0,0.0,-0.42911799228159,-121.94441314231692
2026-01-15 03:18:00+00:00,96312.421875,3318.31884765625,-754.7824871123726,1.9114863688916495,-1,-0.5798754171996734,0.5798754171996734,0.0,0.0,0.5798754171996734,-121.36453772511724
2026-01-15 03:19:00+00:00,96189.953125,3313.437744140625,-754.4843248657903,2.024516898641018,-1,0.2981622465822511,-0.2981622465822511,0.0,0.0,-0.2981622465822511,-121.6626999716995
2026-01-15 03:20:00+00:00,96158.765625,3310.583740234375,-756.0193935256298,0.9036991021630615,-1,-1.5350686598394532,1.5350686598394532,0.0,0.0,1.5350686598394532,-120.12763131186004
2026-01-15 03:21:00+00:00,96164.9921875,3310.840087890625,-756.0263703662208,0.9059125397766588,-1,-0.006976840591050859,0.006976840591050859,0.0,0.0,0.006976840591050859,-120.12065447126899
2026-01-15 03:22:00+00:00,96174.28125,3311.369140625,-755.8901568122019,0.979134116207158,-1,0.13621355401892288,-0.13621355401892288,0.0,0.0,-0.13621355401892288,-120.25686802528791
2026-01-15 03:23:00+00:00,96203.015625,3312.828857421875,-755.6456313570848,1.1185180544128646,-1,0.24452545511712742,-0.24452545511712742,0.0,0.0,-0.24452545511712742,-120.50139348040504
2026-01-15 03:24:00+00:00,96169.5234375,3310.967041015625,-756.0910461096869,0.7809822863952642,-1,-0.4454147526021188,0.4454147526021188,0.0,0.0,0.4454147526021188,-120.05597872780292
2026-01-15 03:25:00+00:00,96179.4296875,3311.107666015625,-756.3693614635067,0.5643178994727945,-1,-0.27831535381983485,0.27831535381983485,0.0,0.0,0.27831535381983485,-119.77766337398309
2026-01-15 03:26:00+00:00,96145.9453125,3309.529541015625,-756.5314152044598,0.43691532835608465,0,-0.1620537409530698,0.1620537409530698,1.0,3.309529541015625,-3.1474758000625553,-122.92513917404564
2026-01-15 03:27:00+00:00,96097.671875,3306.3310546875,-757.6883932942155,-0.37147133047704006,0,-1.1569780897557393,-0.0,0.0,0.0,-0.0,-122.92513917404564
2026-01-15 03:28:00+00:00,95981.984375,3295.07177734375,-764.0551873892564,-4.0430182719409675,1,-6.366794095040859,-0.0,1.0,3.29507177734375,-3.29507177734375,-126.22021095138939
2026-01-15 03:29:00+00:00,96036.015625,3297.89697265625,-763.5150011359183,-3.3161272038560607,1,0.5401862533381063,0.5401862533381063,0.0,0.0,0.5401862533381063,-125.68002469805128
2026-01-15 03:30:00+00:00,95888.5546875,3290.77880859375,-764.3969671082386,-3.3667195572508253,1,-0.8819659723203586,-0.8819659723203586,0.0,0.0,-0.8819659723203586,-126.56199067037164
2026-01-15 03:31:00+00:00,95978.6328125,3292.20703125,-766.7781941992612,-3.855829622259687,1,-2.381227091022538,-2.381227091022538,0.0,0.0,-2.381227091022538,-128.94321776139418
2026-01-15 03:32:00+00:00,96007.3984375,3293.0703125,-767.1314258694224,-3.514852550648217,1,-0.3532316701612217,-0.3532316701612217,0.0,0.0,-0.3532316701612217,-129.2964494315554
2026-01-15 03:33:00+00:00,96021.6171875,3293.411376953125,-767.3916795897612,-3.2301907018870386,1,-0.26025372033882377,-0.26025372033882377,0.0,0.0,-0.26025372033882377,-129.55670315189423
2026-01-15 03:34:00+00:00,96063.3125,3295.915771484375,-766.6506010430035,-2.740535850674144,1,0.7410785467577625,0.7410785467577625,0.0,0.0,0.7410785467577625,-128.81562460513646
2026-01-15 03:35:00+00:00,96024.046875,3295.625,-765.2808092637365,-2.198964223963743,1,1.3697917792669614,1.3697917792669614,0.0,0.0,1.3697917792669614,-127.4458328258695
2026-01-15 03:36:00+00:00,96009.84375,3293.998779296875,-766.3063725825991,-2.378801923176646,1,-1.0255633188626234,-1.0255633188626234,0.0,0.0,-1.0255633188626234,-128.47139614473213
2026-01-15 03:37:00+00:00,95988.28125,3293.320068359375,-766.0731944218796,-2.1778152779461375,1,0.23317816071948982,0.23317816071948982,0.0,0.0,0.23317816071948982,-128.23821798401264
2026-01-15 03:38:00+00:00,95954.03125,3291.48291015625,-766.4619026950791,-2.1535322022381806,1,-0.3887082731994269,-0.3887082731994269,0.0,0.0,-0.3887082731994269,-128.62692625721206
2026-01-15 03:39:00+00:00,95815.671875,3286.79541015625,-765.2981143148359,-1.7588681691020898,1,1.1637883802432043,1.1637883802432043,0.0,0.0,1.1637883802432043,-127.46313787696886
2026-01-15 03:41:00+00:00,95763.4375,3278.92138671875,-770.9631194513586,-2.9361704847943724,1,-5.665005136522723,-5.665005136522723,0.0,0.0,-5.665005136522723,-133.12814301349158
2026-01-15 03:42:00+00:00,95841.984375,3280.783203125,-772.4230903615944,-2.976084262029859,1,-1.4599709102358247,-1.4599709102358247,0.0,0.0,-1.4599709102358247,-134.5881139237274
2026-01-15 03:43:00+00:00,95816.8203125,3279.19384765625,-772.9482448211538,-2.826744789882803,1,-0.5251544595594169,-0.5251544595594169,0.0,0.0,-0.5251544595594169,-135.11326838328682
2026-01-15 03:44:00+00:00,95880.28125,3283.473388671875,-771.3524991478616,-2.335173537055211,1,1.5957456732921855,1.5957456732921855,0.0,0.0,1.5957456732921855,-133.51752270999464
2026-01-15 03:45:00+00:00,95880.5,3283.791748046875,-771.0433908216842,-2.14404833547331,1,0.30910832617746564,0.30910832617746564,0.0,0.0,0.30910832617746564,-133.20841438381717
2026-01-15 03:46:00+00:00,95826.390625,3281.575927734375,-770.9708981290141,-2.0181684391585897,1,0.0724926926700391,0.0724926926700391,0.0,0.0,0.0724926926700391,-133.13592169114713
2026-01-15 03:47:00+00:00,95932.3359375,3286.49658203125,-770.5307250136457,-1.843394494034338,1,0.4401731153684523,0.4401731153684523,0.0,0.0,0.4401731153684523,-132.69574857577868
2026-01-15 03:48:00+00:00,95946.3984375,3285.12060546875,-772.5014118575932,-2.078905054954519,1,-1.970686843947533,-1.970686843947533,0.0,0.0,-1.970686843947533,-134.6664354197262
2026-01-15 03:49:00+00:00,95903.078125,3284.794677734375,-770.9953015305086,-1.7348165392872887,1,1.5061103270845706,1.5061103270845706,0.0,0.0,1.5061103270845706,-133.16032509264164
2026-01-15 03:51:00+00:00,95903.4453125,3284.374755859375,-771.4307519517465,-1.7289919592932914,1,-0.43545042123787425,-0.43545042123787425,0.0,0.0,-0.43545042123787425,-133.59577551387952
2026-01-15 03:52:00+00:00,95825.4375,3280.95556640625,-771.5509513158413,-1.6738748655635127,1,-0.1201993640947876,-0.1201993640947876,0.0,0.0,-0.1201993640947876,-133.7159748779743
2026-01-15 03:53:00+00:00,95866.1171875,3283.379638671875,-770.8472437366036,-1.4974080282717803,1,0.7037075792377436,0.7037075792377436,0.0,0.0,0.7037075792377436,-133.01226729873656
2026-01-15 03:54:00+00:00,95865.6875,3283.399658203125,-770.8090525023094,-1.434739315876554,1,0.03819123429411775,0.03819123429411775,0.0,0.0,0.03819123429411775,-132.97407606444244
2026-01-15 03:55:00+00:00,95872.53125,3283.77587890625,-770.7222574694893,-1.3687933432930097,1,0.08679503282019141,0.08679503282019141,0.0,0.0,0.08679503282019141,-132.88728103162225
2026-01-15 03:56:00+00:00,95850.5703125,3283.369384765625,-770.2000123872535,-1.2417317236859435,1,0.5222450822357132,0.5222450822357132,0.0,0.0,0.5222450822357132,-132.36503594938654
2026-01-15 03:57:00+00:00,95875.9296875,3283.568359375,-771.0734986520888,-1.3288405286478253,1,-0.8734862648352646,-0.8734862648352646,0.0,0.0,-0.8734862648352646,-133.2385222142218
2026-01-15 03:58:00+00:00,95924.90625,3285.03271484375,-771.6803869357805,-1.3708489449199581,1,-0.60688828369166,-0.60688828369166,0.0,0.0,-0.60688828369166,-133.84541049791346
2026-01-15 03:59:00+00:00,95963.015625,3286.70849609375,-771.6162705485035,-1.3125352208785388,1,0.0641163872769539,0.0641163872769539,0.0,0.0,0.0641163872769539,-133.7812941106365
2026-01-15 04:00:00+00:00,95941.859375,3285.3779296875,-772.0521283757757,-1.3293415918935065,1,-0.43585782727222977,-0.43585782727222977,0.0,0.0,-0.43585782727222977,-134.21715193790874
2026-01-15 04:01:00+00:00,95930.7421875,3284.047119140625,-772.9127874057062,-1.404827117900803,1,-0.8606590299305026,-0.8606590299305026,0.0,0.0,-0.8606590299305026,-135.07781096783924
2026-01-15 04:02:00+00:00,95930.953125,3284.266845703125,-772.7019814974283,-1.324127976618688,1,0.21080590827796186,0.21080590827796186,0.0,0.0,0.21080590827796186,-134.86700505956128
2026-01-15 04:03:00+00:00,96003.2421875,3287.54931640625,-772.4766520355447,-1.2460690257393978,1,0.22532946188357528,0.22532946188357528,0.0,0.0,0.22532946188357528,-134.6416755976777
2026-01-15 04:04:00+00:00,96071.140625,3291.594482421875,-771.3029454955094,-1.0395449520975886,1,1.1737065400352549,1.1737065400352549,0.0,0.0,1.1737065400352549,-133.46796905764245
2026-01-15 04:05:00+00:00,96075.390625,3291.91455078125,-771.1626117989717,-0.9858225150111131,1,0.14033369653770933,0.14033369653770933,0.0,0.0,0.14033369653770933,-133.32763536110474
2026-01-15 04:06:00+00:00,96065.7109375,3291.199462890625,-771.4683407792004,-0.9964457304379198,1,-0.30572898022865047,-0.30572898022865047,0.0,0.0,-0.30572898022865047,-133.6333643413334
2026-01-15 04:07:00+00:00,96004.1484375,3289.654541015625,-770.4097531998632,-0.815300696159291,1,1.0585875793371997,1.0585875793371997,0.0,0.0,1.0585875793371997,-132.5747767619962
2026-01-15 04:08:00+00:00,96020.65625,3290.449462890625,-770.3129551163624,-0.7746642785156509,1,0.09679808350074381,0.09679808350074381,0.0,0.0,0.09679808350074381,-132.47797867849545
2026-01-15 04:09:00+00:00,96016.046875,3290.650146484375,-769.9173387081378,-0.6925702493957475,1,0.3956164082246687,0.3956164082246687,0.0,0.0,0.3956164082246687,-132.08236227027078
2026-01-15 04:10:00+00:00,96037.1953125,3291.259521484375,-770.202341892515,-0.7078119222245408,1,-0.285003184377274,-0.285003184377274,0.0,0.0,-0.285003184377274,-132.36736545464805
2026-01-15 04:11:00+00:00,96067.359375,3293.23681640625,-769.5007005243451,-0.5805452150957414,1,0.7016413681699305,0.7016413681699305,0.0,0.0,0.7016413681699305,-131.66572408647812
2026-01-15 04:12:00+00:00,96085.78125,3293.919189453125,-769.5973979461664,-0.5699846669208366,1,-0.09669742182131813,-0.09669742182131813,0.0,0.0,-0.09669742182131813,-131.76242150829944
2026-01-15 04:13:00+00:00,96035.9140625,3292.9453125,-768.4623661623582,-0.3765626352122217,0,1.1350317838082447,1.1350317838082447,1.0,3.2929453125,-2.1579135286917555,-133.9203350369912
2026-01-15 04:14:00+00:00,96042.8359375,3292.8974609375,-768.8029473411707,-0.40465682471257314,0,-0.3405811788124993,-0.0,0.0,0.0,-0.0,-133.9203350369912
2026-01-15 04:15:00+00:00,96043.5234375,3292.90185546875,-768.8276275347912,-0.384233348977159,0,-0.024680193620497448,-0.0,0.0,0.0,-0.0,-133.9203350369912
2026-01-15 04:16:00+00:00,96031.6640625,3293.321044921875,-767.9068990776454,-0.21301856068498473,0,0.9207284571457421,0.0,0.0,0.0,0.0,-133.9203350369912
2026-01-15 04:17:00+00:00,96046.75,3294.929931640625,-766.9360043330485,-0.027098661299456886,0,0.9708947445969898,0.0,0.0,0.0,0.0,-133.9203350369912
2026-01-15 04:18:00+00:00,95991.9140625,3292.45361328125,-767.0932829893786,-0.019458900711980105,0,-0.15727865633016336,-0.0,0.0,0.0,-0.0,-133.9203350369912
2026-01-15 04:19:00+00:00,96066.5,3294.97265625,-767.7285172745064,-0.09354554177665184,0,-0.6352342851278081,-0.0,0.0,0.0,-0.0,-133.9203350369912
2026-01-15 04:20:00+00:00,96069.484375,3294.25634765625,-768.5710366057638,-0.21217051021903618,0,-0.8425193312573356,-0.0,0.0,0.0,-0.0,-133.9203350369912
2026-01-15 04:21:00+00:00,96057.2734375,3294.0439453125,-768.267032188457,-0.11862896831121661,0,0.30400441730671446,0.0,0.0,0.0,0.0,-133.9203350369912
2026-01-15 04:22:00+00:00,96052.359375,3293.2646484375,-768.8385108595508,-0.1982182388906897,0,-0.5714786710937005,-0.0,0.0,0.0,-0.0,-133.9203350369912
2026-01-15 04:23:00+00:00,96115.171875,3294.8193359375,-769.9401959500169,-0.39834313328229964,0,-1.1016850904661624,-0.0,0.0,0.0,-0.0,-133.9203350369912
2026-01-15 04:24:00+00:00,96188.0546875,3297.844970703125,-769.9968124152947,-0.38315728866884713,0,-0.0566164652777843,-0.0,0.0,0.0,-0.0,-133.9203350369912
2026-01-15 04:25:00+00:00,96327.546875,3303.19775390625,-770.5432248095294,-0.4894842501451343,0,-0.5464123942347214,-0.0,0.0,0.0,-0.0,-133.9203350369912
2026-01-15 04:26:00+00:00,96267.0625,3301.3125,-769.870563716353,-0.28838832011069376,0,0.6726610931764299,0.0,0.0,0.0,0.0,-133.9203350369912
2026-01-15 04:27:00+00:00,96237.828125,3299.847900390625,-770.0988267295184,-0.32250520692847245,0,-0.22826301316536046,-0.0,0.0,0.0,-0.0,-133.9203350369912
2026-01-15 04:28:00+00:00,96262.8125,3300.8984375,-770.1048915535157,-0.29513064281215096,0,-0.006064823997348867,-0.0,0.0,0.0,-0.0,-133.9203350369912
2026-01-15 04:29:00+00:00,96177.8046875,3298.091796875,-769.3165085271644,0.06612915018425862,0,0.7883830263513119,0.0,0.0,0.0,0.0,-133.9203350369912
2026-01-15 04:30:00+00:00,96210.390625,3299.12890625,-769.6574750321192,-0.041073601276454166,0,-0.34096650495484937,-0.0,0.0,0.0,-0.0,-133.9203350369912
2026-01-15 04:31:00+00:00,96163.546875,3297.471923828125,-769.3334114275717,0.15689640208246236,0,0.3240636045475185,0.0,0.0,0.0,0.0,-133.9203350369912
2026-01-15 04:32:00+00:00,96247.34375,3300.149658203125,-770.1994895407979,-0.2223946843760054,0,-0.8660781132261945,-0.0,0.0,0.0,-0.0,-133.9203350369912
2026-01-15 04:33:00+00:00,96227.71875,3301.56494140625,-767.9542551004529,0.9327535530884846,0,2.2452344403450297,0.0,0.0,0.0,0.0,-133.9203350369912
2026-01-15 04:34:00+00:00,96232.234375,3301.682861328125,-768.0273032578425,0.911055707252445,0,-0.07304815738962134,-0.0,0.0,0.0,-0.0,-133.9203350369912
2026-01-15 04:35:00+00:00,96232.234375,3301.682861328125,-768.0273032578425,0.9220584256645935,0,0.0,0.0,0.0,0.0,0.0,-133.9203350369912
2026-01-15 04:36:00+00:00,96227.140625,3301.40771484375,-768.0870324624934,0.9183414649156888,0,-0.05972920465092102,-0.0,0.0,0.0,-0.0,-133.9203350369912
2026-01-15 04:37:00+00:00,96196.7734375,3300.181640625,-768.0288628679173,1.0161748963048909,0,0.05816959457615667,0.0,0.0,0.0,0.0,-133.9203350369912
2026-01-15 04:38:00+00:00,96202.78125,3300.472900390625,-767.9916765503108,1.0780181571615954,0,0.0371863176064835,0.0,0.0,0.0,0.0,-133.9203350369912
2026-01-15 04:39:00+00:00,96216.703125,3301.341064453125,-767.7122756664439,1.2859621877122338,0,0.279400883866856,0.0,0.0,0.0,0.0,-133.9203350369912
2026-01-15 04:40:00+00:00,96223.984375,3301.6767578125,-767.6845100750184,1.3409551930390713,0,0.02776559142557744,0.0,0.0,0.0,0.0,-133.9203350369912
2026-01-15 04:41:00+00:00,96219.0078125,3301.261474609375,-767.8893319174313,1.3155340841911862,0,-0.2048218424129118,-0.0,0.0,0.0,-0.0,-133.9203350369912
2026-01-15 04:42:00+00:00,96217.4609375,3301.555908203125,-767.5294801927221,1.480783307737707,0,0.3598517247091877,0.0,0.0,0.0,0.0,-133.9203350369912
2026-01-15 04:43:00+00:00,96222.171875,3301.372802734375,-767.9118136057568,1.2086892762319124,0,-0.38233341303475754,-0.0,0.0,0.0,-0.0,-133.9203350369912
2026-01-15 04:44:00+00:00,96233.265625,3302.64697265625,-767.1068040170239,1.661321316033522,0,0.8050095887329007,0.0,0.0,0.0,0.0,-133.9203350369912
2026-01-15 04:45:00+00:00,96203.21875,3304.636474609375,-763.8466044292059,3.294011619113258,-1,3.2601995878180787,0.0,1.0,3.3046364746093753,-3.3046364746093753,-137.22497151160056
2026-01-15 04:46:00+00:00,96210.8515625,3304.912109375,-763.8937651885667,2.9636598303416837,-1,-0.047160759360849624,0.047160759360849624,0.0,0.0,0.047160759360849624,-137.1778107522397
2026-01-15 04:47:00+00:00,96185.640625,3303.4384765625,-764.3012146242713,2.54827503058719,-1,-0.40744943570462056,0.40744943570462056,0.0,0.0,0.40744943570462056,-136.7703613165351
2026-01-15 04:48:00+00:00,96185.921875,3303.83740234375,-763.9141830486501,2.539554320114553,-1,0.38703157562122215,-0.38703157562122215,0.0,0.0,-0.38703157562122215,-137.1573928921563
2026-01-15 04:49:00+00:00,96200.0234375,3304.039794921875,-764.3081527249769,2.2330925322125568,-1,-0.393969676326833,0.393969676326833,0.0,0.0,0.393969676326833,-136.76342321582948
2026-01-15 04:50:00+00:00,96211.3046875,3305.849609375,-762.9754280754132,2.6298136623872743,-1,1.3327246495637155,-1.3327246495637155,0.0,0.0,-1.3327246495637155,-138.0961478653932
2026-01-15 04:51:00+00:00,96192.4296875,3304.97119140625,-763.0556126886199,2.425315635962545,-1,-0.08018461320671122,0.08018461320671122,0.0,0.0,0.08018461320671122,-138.01596325218648
2026-01-15 04:52:00+00:00,96206.5234375,3305.73583984375,-762.8869961109708,2.342273259131413,-1,0.16861657764911797,-0.16861657764911797,0.0,0.0,-0.16861657764911797,-138.1845798298356
2026-01-15 04:53:00+00:00,96213.5703125,3305.909423828125,-763.0114280565213,2.16141315091947,-1,-0.12443194555044101,0.12443194555044101,0.0,0.0,0.12443194555044101,-138.06014788428516
2026-01-15 04:54:00+00:00,96218.7265625,3306.369873046875,-762.769039274302,2.128669767556745,-1,0.24238878221922278,-0.24238878221922278,0.0,0.0,-0.24238878221922278,-138.30253666650438
2026-01-15 04:55:00+00:00,96213.5859375,3306.408203125,-762.5133095488482,2.101380256843146,-1,0.2557297254538753,-0.2557297254538753,0.0,0.0,-0.2557297254538753,-138.55826639195826
2026-01-15 04:56:00+00:00,96225.609375,3306.750732421875,-762.6792575426107,1.9381587391244126,-1,-0.16594799376252922,0.16594799376252922,0.0,0.0,0.16594799376252922,-138.39231839819573
2026-01-15 04:57:00+00:00,96159.3046875,3304.4921875,-762.1337434874604,2.0200613405745105,-1,0.5455140551503064,-0.5455140551503064,0.0,0.0,-0.5455140551503064,-138.93783245334603
2026-01-15 04:58:00+00:00,96133.59375,3302.6181640625,-762.9204382937132,1.6825618268852947,-1,-0.7866948062528536,0.7866948062528536,0.0,0.0,0.7866948062528536,-138.15113764709318
2026-01-15 04:59:00+00:00,96151.6796875,3302.476318359375,-763.8271474977,1.3311507331883201,-1,-0.906709203986793,0.906709203986793,0.0,0.0,0.906709203986793,-137.2444284431064
2026-01-15 05:00:00+00:00,96243.6484375,3302.87451171875,-767.3183593789927,0.13481063218326084,0,-3.4912118812926565,3.4912118812926565,1.0,3.30287451171875,0.18833736957390634,-137.05609107353249
2026-01-15 05:01:00+00:00,96279.7890625,3303.8173828125,-767.9038937085629,-0.09651213816222547,0,-0.5855343295702369,-0.0,0.0,0.0,-0.0,-137.05609107353249
2026-01-15 05:02:00+00:00,96376.140625,3306.718994140625,-769.0770389921568,-0.5438264771080656,0,-1.1731452835938398,-0.0,0.0,0.0,-0.0,-137.05609107353249
2026-01-15 05:03:00+00:00,96426.6640625,3311.507568359375,-766.4251266568076,0.38614144828152563,0,2.6519123353491523,0.0,0.0,0.0,0.0,-137.05609107353249
2026-01-15 05:04:00+00:00,96320.109375,3305.33935546875,-768.0870875870637,-0.2533622931579761,0,-1.6619609302561003,-0.0,0.0,0.0,-0.0,-137.05609107353249
2026-01-15 05:05:00+00:00,96351.1953125,3306.513427734375,-768.2276554380387,-0.3301478981162105,0,-0.14056785097500324,-0.0,0.0,0.0,-0.0,-137.05609107353249
2026-01-15 05:06:00+00:00,96350.859375,3307.2607421875,-767.4661340170792,-0.06548186631678275,0,0.7615214209595251,0.0,0.0,0.0,0.0,-137.05609107353249
2026-01-15 05:07:00+00:00,96356.90625,3307.49951171875,-767.4830899068515,-0.09238701854147793,0,-0.016955889772361843,-0.0,0.0,0.0,-0.0,-137.05609107353249
2026-01-15 05:08:00+00:00,96344.4140625,3307.412841796875,-767.0414588620406,0.06185321679248197,0,0.44163104481094706,0.0,0.0,0.0,0.0,-137.05609107353249
2026-01-15 05:09:00+00:00,96317.5234375,3306.546142578125,-766.7709398648226,0.15095052874152817,0,0.2705189972180051,0.0,0.0,0.0,0.0,-137.05609107353249
2026-01-15 05:10:00+00:00,96333.9609375,3307.261962890625,-766.7502697924147,0.1378157928889356,0,0.020670072407938278,0.0,0.0,0.0,0.0,-137.05609107353249
2026-01-15 05:11:00+00:00,96334.109375,3307.922607421875,-766.09590275858,0.3862829096841996,0,0.6543670338346601,0.0,0.0,0.0,0.0,-137.05609107353249
2026-01-15 05:12:00+00:00,96307.796875,3307.97412109375,-764.9316200711964,0.8393154114302457,0,1.1642826873835475,0.0,0.0,0.0,0.0,-137.05609107353249
2026-01-15 05:13:00+00:00,96304.6171875,3308.44873046875,-764.322540093669,1.0570943585071464,0,0.6090799775274718,0.0,0.0,0.0,0.0,-137.05609107353249
2026-01-15 05:14:00+00:00,96279.296875,3308.116455078125,-763.5840065830876,1.3134696818056752,0,0.7385335105814193,0.0,0.0,0.0,0.0,-137.05609107353249
2026-01-15 05:15:00+00:00,96280.8984375,3308.6708984375,-763.0972941168775,1.4550513322600984,0,0.48671246621006503,0.0,0.0,0.0,0.0,-137.05609107353249
2026-01-15 05:16:00+00:00,96270.6640625,3308.87744140625,-762.4579342210736,1.6406353623457062,0,0.6393598958038638,0.0,0.0,0.0,0.0,-137.05609107353249
2026-01-15 05:17:00+00:00,96296.234375,3310.05517578125,-762.3615813745059,1.6114982687807458,0,0.09635284656769727,0.0,0.0,0.0,0.0,-137.05609107353249
2026-01-15 05:18:00+00:00,96293.03125,3309.45068359375,-762.8306117756761,1.380167708927868,0,-0.46903040117013006,-0.0,0.0,0.0,-0.0,-137.05609107353249
2026-01-15 05:19:00+00:00,96315.8046875,3310.12158203125,-763.1228135995207,1.2261970083980724,0,-0.29220182384460713,-0.0,0.0,0.0,-0.0,-137.05609107353249
2026-01-15 05:20:00+00:00,96365.4765625,3311.78369140625,-763.5613530964338,1.026550991829821,0,-0.43853949691310845,-0.0,0.0,0.0,-0.0,-137.05609107353249
2026-01-15 05:21:00+00:00,96324.90625,3309.7880859375,-763.8412194032076,0.8920815645387247,0,-0.27986630677378344,-0.0,0.0,0.0,-0.0,-137.05609107353249
2026-01-15 05:22:00+00:00,96333.953125,3310.637451171875,-763.3744511165637,1.031531472170783,0,0.4667682866438554,0.0,0.0,0.0,0.0,-137.05609107353249
2026-01-15 05:23:00+00:00,96323.625,3309.69580078125,-763.8793198449257,0.8149207801094435,0,-0.5048687283619984,-0.0,0.0,0.0,-0.0,-137.05609107353249
2026-01-15 05:24:00+00:00,96287.2734375,3308.39306640625,-763.6447281423834,0.8749314056946779,0,0.23459170254227502,0.0,0.0,0.0,0.0,-137.05609107353249
2026-01-15 05:25:00+00:00,96297.8125,3308.423828125,-764.0596687401185,0.6907100339809087,0,-0.4149405977350398,-0.0,0.0,0.0,-0.0,-137.05609107353249
2026-01-15 05:26:00+00:00,96292.6328125,3308.1669921875,-764.0974530572853,0.6501210657988449,0,-0.03778431716682462,-0.0,0.0,0.0,-0.0,-137.05609107353249
2026-01-15 05:27:00+00:00,96278.3828125,3307.386962890625,-764.2748426022931,0.5538334026722179,0,-0.1773895450078271,-0.0,0.0,0.0,-0.0,-137.05609107353249
2026-01-15 05:28:00+00:00,96278.203125,3307.248046875,-764.4061595420999,0.47425008324107587,0,-0.13131693980676573,-0.0,0.0,0.0,-0.0,-137.05609107353249
2026-01-15 05:29:00+00:00,96272.21875,3307.2578125,-764.1433116528838,0.5594538751999435,0,0.26284788921611835,0.0,0.0,0.0,0.0,-137.05609107353249
2026-01-15 05:30:00+00:00,96239.328125,3306.638671875,-763.3714910084977,0.8649472959586253,0,0.7718206443860254,0.0,0.0,0.0,0.0,-137.05609107353249
2026-01-15 05:31:00+00:00,96268.671875,3306.68115234375,-764.5699726603689,0.31218733650281055,0,-1.198481651871134,-0.0,0.0,0.0,-0.0,-137.05609107353249
2026-01-15 05:32:00+00:00,96259.8359375,3306.226318359375,-764.6511303512339,0.24448469510098572,0,-0.08115769086498403,-0.0,0.0,0.0,-0.0,-137.05609107353249
2026-01-15 05:33:00+00:00,96282.8828125,3307.095703125,-764.7564096579817,0.17233573763443494,0,-0.10527930674788877,-0.0,0.0,0.0,-0.0,-137.05609107353249
2026-01-15 05:34:00+00:00,96283.0703125,3306.70751953125,-765.1525227221509,-0.04056172704427291,0,-0.39611306416918524,-0.0,0.0,0.0,-0.0,-137.05609107353249
2026-01-15 05:35:00+00:00,96274.5546875,3306.008056640625,-765.4918554978995,-0.23008836116715994,0,-0.3393327757485167,-0.0,0.0,0.0,-0.0,-137.05609107353249
2026-01-15 05:36:00+00:00,96237.453125,3303.340576171875,-766.59029200743,-0.7975101177195371,0,-1.0984365095305293,-0.0,0.0,0.0,-0.0,-137.05609107353249
2026-01-15 05:37:00+00:00,96257.5859375,3304.3154296875,-766.4668653780773,-0.7601589173615916,0,0.1234266293527071,0.0,0.0,0.0,0.0,-137.05609107353249
2026-01-15 05:38:00+00:00,96307.8828125,3306.3876953125,-766.5216801930551,-0.8127558557469281,0,-0.05481481497781715,-0.0,0.0,0.0,-0.0,-137.05609107353249
2026-01-15 05:39:00+00:00,96354.6484375,3307.773193359375,-767.1139242265945,-1.1320557531615207,0,-0.592244033539373,-0.0,0.0,0.0,-0.0,-137.05609107353249
2026-01-15 05:40:00+00:00,96339.4921875,3307.707275390625,-766.5388766697843,-0.8522151918280371,0,0.5750475568102047,0.0,0.0,0.0,0.0,-137.05609107353249
2026-01-15 05:41:00+00:00,96330.2265625,3307.244140625,-766.6101634388551,-0.9140021226412701,0,-0.07128676907086628,-0.0,0.0,0.0,-0.0,-137.05609107353249
2026-01-15 05:42:00+00:00,96346.0078125,3307.6591796875,-766.8625214699796,-1.0628293346741737,0,-0.25235803112445865,-0.0,0.0,0.0,-0.0,-137.05609107353249
2026-01-15 05:43:00+00:00,96377.625,3308.4921875,-767.3666206069347,-1.349325098915782,0,-0.5040991369551193,-0.0,0.0,0.0,-0.0,-137.05609107353249
2026-01-15 05:44:00+00:00,96400.40625,3309.336669921875,-767.4855688410048,-1.4040717069479904,0,-0.11894823407010335,-0.0,0.0,0.0,-0.0,-137.05609107353249
2026-01-15 05:45:00+00:00,96407.3828125,3310.06005859375,-767.057222547648,-1.1340516033739036,0,0.42834629335675345,0.0,0.0,0.0,0.0,-137.05609107353249
2026-01-15 05:46:00+00:00,96425.828125,3311.118896484375,-766.7784463095218,-0.9539692720706505,0,0.2787762381262837,0.0,0.0,0.0,0.0,-137.05609107353249
2026-01-15 05:47:00+00:00,96426.4140625,3311.9677734375,-765.9543489514572,-0.49953650991331033,0,0.8240973580645914,0.0,0.0,0.0,0.0,-137.05609107353249
2026-01-15 05:48:00+00:00,96429.125,3312.53759765625,-765.4991716591862,-0.2436995678354487,0,0.45517729227094605,0.0,0.0,0.0,0.0,-137.05609107353249
2026-01-15 05:49:00+00:00,96468.2890625,3313.668212890625,-766.0248245586426,-0.5085532786065529,0,-0.5256528994564178,-0.0,0.0,0.0,-0.0,-137.05609107353249
2026-01-15 05:50:00+00:00,96465.0859375,3313.652099609375,-765.9054760535628,-0.4227916194196929,0,0.11934850507986994,0.0,0.0,0.0,0.0,-137.05609107353249
2026-01-15 05:51:00+00:00,96440.4609375,3312.8798828125,-765.6362890687028,-0.25734058894632844,0,0.26918698485997083,0.0,0.0,0.0,0.0,-137.05609107353249
2026-01-15 05:52:00+00:00,96419.7109375,3312.37353515625,-765.2651086652168,-0.034386766670130464,0,0.37118040348605064,0.0,0.0,0.0,0.0,-137.05609107353249
2026-01-15 05:53:00+00:00,96419.71875,3312.286376953125,-765.3525972629427,-0.06188094581600608,0,-0.08748859772595097,-0.0,0.0,0.0,-0.0,-137.05609107353249
2026-01-15 05:54:00+00:00,96421.40625,3312.03125,-765.6790894498413,-0.22061283332394632,0,-0.3264921868985766,-0.0,0.0,0.0,-0.0,-137.05609107353249
2026-01-15 05:55:00+00:00,96404.7265625,3311.536376953125,-765.4685700239993,-0.0748468960104074,0,0.21051942584199423,0.0,0.0,0.0,0.0,-137.05609107353249
2026-01-15 05:56:00+00:00,96389.5625,3311.258544921875,-765.1051061350886,0.16268852884071675,0,0.3634638889107009,0.0,0.0,0.0,0.0,-137.05609107353249
2026-01-15 05:57:00+00:00,96388.1953125,3311.175048828125,-765.1307831736976,0.18292481695385704,0,-0.025677038609046576,-0.0,0.0,0.0,-0.0,-137.05609107353249
2026-01-15 05:58:00+00:00,96393.328125,3311.6455078125,-764.877393442051,0.3649212773846711,0,0.25338973164662093,0.0,0.0,0.0,0.0,-137.05609107353249
2026-01-15 05:59:00+00:00,96392.03125,3311.52392578125,-764.9441299695677,0.33762045996618895,0,-0.06673652751669579,-0.0,0.0,0.0,-0.0,-137.05609107353249
2026-01-15 06:01:00+00:00,96406.0390625,3311.378662109375,-765.6817911606845,-0.1449809654134944,0,-0.7376611911167856,-0.0,0.0,0.0,-0.0,-137.05609107353249
2026-01-15 06:02:00+00:00,96418.25,3312.3740234375,-765.2028365936167,0.13380712833992403,0,0.4789545670678308,0.0,0.0,0.0,0.0,-137.05609107353249
2026-01-15 06:03:00+00:00,96401.4296875,3312.1669921875,-764.6985282680853,0.43518296094961867,0,0.5043083255313832,0.0,0.0,0.0,0.0,-137.05609107353249
2026-01-15 06:04:00+00:00,96460.0703125,3314.184326171875,-765.1611361573468,0.10540180945563798,0,-0.4626078892615624,-0.0,0.0,0.0,-0.0,-137.05609107353249
2026-01-15 06:05:00+00:00,96461.09375,3314.318115234375,-765.0706287875519,0.1373329034381138,0,0.09050736979497742,0.0,0.0,0.0,0.0,-137.05609107353249
2026-01-15 06:06:00+00:00,96474.015625,3315.444580078125,-764.4906366135324,0.5231382682347734,0,0.5799921740194804,0.0,0.0,0.0,0.0,-137.05609107353249
2026-01-15 06:07:00+00:00,96440.1640625,3314.58642578125,-763.9171911051226,0.9168443623247555,0,0.5734455084098045,0.0,0.0,0.0,0.0,-137.05609107353249
2026-01-15 06:08:00+00:00,96412.4609375,3313.682373046875,-763.6496645850457,1.0872879833709848,0,0.26752652007689903,0.0,0.0,0.0,0.0,-137.05609107353249
2026-01-15 06:09:00+00:00,96391.828125,3313.056884765625,-763.4025807255716,1.2367571774756942,0,0.24708385947405986,0.0,0.0,0.0,0.0,-137.05609107353249
2026-01-15 06:10:00+00:00,96388.5234375,3313.068603515625,-763.2511050594317,1.308789136742434,0,0.15147566613995878,0.0,0.0,0.0,0.0,-137.05609107353249
2026-01-15 06:11:00+00:00,96377.15625,3313.3271484375,-762.5118359933863,1.798799758685918,0,0.7392690660453809,0.0,0.0,0.0,0.0,-137.05609107353249
2026-01-15 06:12:00+00:00,96403.4140625,3314.378662109375,-762.5707785748145,1.679765116059411,0,-0.058942581428254925,-0.0,0.0,0.0,-0.0,-137.05609107353249
2026-01-15 06:13:00+00:00,96404.5234375,3314.557861328125,-762.4384953893787,1.7030601826440008,0,0.13228318543588102,0.0,0.0,0.0,0.0,-137.05609107353249
2026-01-15 06:14:00+00:00,96391.359375,3314.64892578125,-761.7907160338982,2.063765731648895,-1,0.6477793554804521,0.0,1.0,3.31464892578125,-3.31464892578125,-140.37073999931374
2026-01-15 06:15:00+00:00,96420.703125,3315.075927734375,-762.6046762013943,1.464737616530249,-1,-0.8139601674961341,0.8139601674961341,0.0,0.0,0.8139601674961341,-139.5567798318176
2026-01-15 06:16:00+00:00,96434.9453125,3318.967529296875,-759.3153839961601,3.3489730871601964,-1,3.289292205234233,-3.289292205234233,0.0,0.0,-3.289292205234233,-142.84607203705184
2026-01-15 06:17:00+00:00,96488.6875,3320.574951171875,-759.9807465800927,2.7556644977439366,-1,-0.6653625839326196,0.6653625839326196,0.0,0.0,0.6653625839326196,-142.18070945311922
2026-01-15 06:18:00+00:00,96501.078125,3320.4921875,-760.5875160888431,2.302972718113463,-1,-0.6067695087504035,0.6067695087504035,0.0,0.0,0.6067695087504035,-141.57393994436882
2026-01-15 06:19:00+00:00,96492.34375,3320.078369140625,-760.6319532845191,2.1813203915623594,-1,-0.044437195675982366,0.044437195675982366,0.0,0.0,0.044437195675982366,-141.52950274869283
2026-01-15 06:20:00+00:00,96529.1015625,3320.888427734375,-761.3764012875531,1.7161400231561774,-1,-0.7444480030339946,0.7444480030339946,0.0,0.0,0.7444480030339946,-140.78505474565884
2026-01-15 06:21:00+00:00,96510.359375,3319.522705078125,-761.9495072964737,1.370337491400727,-1,-0.5731060089206039,0.5731060089206039,0.0,0.0,0.5731060089206039,-140.21194873673824
2026-01-15 06:22:00+00:00,96472.3984375,3317.88671875,-761.9801062592906,1.3185299900609426,-1,-0.030598962816839048,0.030598962816839048,0.0,0.0,0.030598962816839048,-140.1813497739214
2026-01-15 06:23:00+00:00,96469.3828125,3317.41015625,-762.3291364433803,1.1158155748654555,-1,-0.34903018408977005,0.34903018408977005,0.0,0.0,0.34903018408977005,-139.83231958983163
2026-01-15 06:24:00+00:00,96521.53125,3319.955078125,-761.9895985287485,1.2608355023976745,-1,0.33953791463181915,-0.33953791463181915,0.0,0.0,-0.33953791463181915,-140.17185750446345
2026-01-15 06:25:00+00:00,96509.25,3320.5673828125,-760.8579135287841,1.7752096082365025,-1,1.1316849999643637,-1.1316849999643637,0.0,0.0,-1.1316849999643637,-141.3035425044278
2026-01-15 06:26:00+00:00,96504.875,3320.434326171875,-760.8059491929589,1.728183759182227,-1,0.05196433582523241,-0.05196433582523241,0.0,0.0,-0.05196433582523241,-141.35550684025304
2026-01-15 06:27:00+00:00,96479.34375,3319.27490234375,-760.8856434656559,1.6246358142582373,-1,-0.07969427269699736,0.07969427269699736,0.0,0.0,0.07969427269699736,-141.27581256755604
2026-01-15 06:28:00+00:00,96491.875,3319.3046875,-761.3858112490957,1.3401622508242383,-1,-0.5001677834397924,0.5001677834397924,0.0,0.0,0.5001677834397924,-140.77564478411625
2026-01-15 06:29:00+00:00,96487.65625,3319.664794921875,-760.8472907427863,1.534604377815837,-1,0.5385205063093963,-0.5385205063093963,0.0,0.0,-0.5385205063093963,-141.31416529042565
2026-01-15 06:30:00+00:00,96473.421875,3318.841552734375,-761.068553967621,1.3849743429951193,-1,-0.22126322483472904,0.22126322483472904,0.0,0.0,0.22126322483472904,-141.09290206559092
2026-01-15 06:31:00+00:00,96474.703125,3319.408203125,-760.5560882915279,1.5643797404699729,-1,0.512465676093143,-0.512465676093143,0.0,0.0,-0.512465676093143,-141.60536774168406
2026-01-15 06:32:00+00:00,96438.328125,3318.17138671875,-760.2545874364337,1.628912605004287,-1,0.3015008550942184,-0.3015008550942184,0.0,0.0,-0.3015008550942184,-141.90686859677828
2026-01-15 06:33:00+00:00,96415.1328125,3317.6982421875,-759.7467903978959,1.766383362167771,-1,0.5077970385377739,-0.5077970385377739,0.0,0.0,-0.5077970385377739,-142.41466563531606
2026-01-15 06:34:00+00:00,96366.2734375,3316.299560546875,-759.0791842050912,1.9450063890328926,-1,0.6676061928046693,-0.6676061928046693,0.0,0.0,-0.6676061928046693,-143.08227182812072
2026-01-15 06:35:00+00:00,96324.328125,3314.997314453125,-758.6075416871231,2.0238767161707103,-1,0.47164251796812096,-0.47164251796812096,0.0,0.0,-0.47164251796812096,-143.55391434608885
2026-01-15 06:36:00+00:00,96241.7265625,3312.191162109375,-757.9204319165697,2.1633680063239287,-1,0.6871097705534339,-0.6871097705534339,0.0,0.0,-0.6871097705534339,-144.24102411664228
2026-01-15 06:37:00+00:00,96253.40625,3313.125732421875,-757.4798015322722,2.201922162262823,-1,0.44063038429749213,-0.44063038429749213,0.0,0.0,-0.44063038429749213,-144.68165450093977
2026-01-15 06:38:00+00:00,96227.1328125,3312.29052734375,-757.2038895678925,2.1770300945813665,-1,0.2759119643797021,-0.2759119643797021,0.0,0.0,-0.2759119643797021,-144.95756646531947
2026-01-15 06:39:00+00:00,96247.5859375,3312.980224609375,-757.3791653671728,2.010145908049971,-1,-0.17527579928037085,0.17527579928037085,0.0,0.0,0.17527579928037085,-144.7822906660391
2026-01-15 06:40:00+00:00,96229.1171875,3312.565673828125,-757.0126633121217,2.038255935816115,-1,0.36650205505111444,-0.36650205505111444,0.0,0.0,-0.36650205505111444,-145.14879272109022
2026-01-15 06:41:00+00:00,96232.453125,3312.382568359375,-757.336847275415,1.8429125414575973,-1,-0.3241839632933079,0.3241839632933079,0.0,0.0,0.3241839632933079,-144.8246087577969
2026-01-15 06:42:00+00:00,96240.4453125,3312.549560546875,-757.5078487645378,1.7141507886664733,-1,-0.1710014891227729,0.1710014891227729,0.0,0.0,0.1710014891227729,-144.65360726867414
2026-01-15 06:43:00+00:00,96236.3828125,3312.430419921875,-757.4551841971197,1.6673174729766649,-1,0.052664567418105435,-0.052664567418105435,0.0,0.0,-0.052664567418105435,-144.70627183609224
2026-01-15 06:44:00+00:00,96188.203125,3311.6953125,-756.152748115835,2.0100464627050574,-1,1.302436081284668,-1.302436081284668,0.0,0.0,-1.302436081284668,-146.0087079173769
2026-01-15 06:45:00+00:00,96205.6171875,3311.947265625,-756.6372445560278,1.7873147743997186,-1,-0.48449644019274274,0.48449644019274274,0.0,0.0,0.48449644019274274,-145.52421147718417
2026-01-15 06:46:00+00:00,96161.8046875,3310.953369140625,-755.7782881190924,1.9814238235562052,-1,0.8589564369353866,-0.8589564369353866,0.0,0.0,-0.8589564369353866,-146.38316791411955
2026-01-15 06:47:00+00:00,96181.1953125,3311.556396484375,-755.9953001745384,1.8378592257105166,-1,-0.21701205544604818,0.21701205544604818,0.0,0.0,0.21701205544604818,-146.1661558586735
2026-01-15 06:48:00+00:00,96261.34375,3313.5625,-757.3787148685642,1.3505667479126484,-1,-1.3834146940257597,1.3834146940257597,0.0,0.0,1.3834146940257597,-144.78274116464775
2026-01-15 06:49:00+00:00,96239.3046875,3312.73974609375,-757.2694256059453,1.3386316786438786,-1,0.10928926261885863,-0.10928926261885863,0.0,0.0,-0.10928926261885863,-144.8920304272666
2026-01-15 06:50:00+00:00,96265.203125,3314.5771484375,-756.5272813638617,1.5214169889045108,-1,0.7421442420836684,-0.7421442420836684,0.0,0.0,-0.7421442420836684,-145.63417466935027
2026-01-15 06:51:00+00:00,96292.203125,3315.559814453125,-756.6864590886162,1.4232999426558004,-1,-0.15917772475449965,0.15917772475449965,0.0,0.0,0.15917772475449965,-145.47499694459577
2026-01-15 06:52:00+00:00,96267.6328125,3314.677978515625,-756.5292040065865,1.4249126675610246,-1,0.1572550820296783,-0.1572550820296783,0.0,0.0,-0.1572550820296783,-145.63225202662545
2026-01-15 06:53:00+00:00,96256.4375,3314.567138671875,-756.1665883873843,1.4868588047295703,-1,0.3626156192021881,-0.3626156192021881,0.0,0.0,-0.3626156192021881,-145.99486764582764
2026-01-15 06:54:00+00:00,96257.375,3314.67724609375,-756.0961283176057,1.4589486352898662,-1,0.07046006977861907,-0.07046006977861907,0.0,0.0,-0.07046006977861907,-146.06532771560626
2026-01-15 06:55:00+00:00,96259.609375,3314.478515625,-756.3893516421858,1.3256589109643624,-1,-0.2932233245801399,0.2932233245801399,0.0,0.0,0.2932233245801399,-145.77210439102612
2026-01-15 06:56:00+00:00,96278.3125,3314.877685546875,-756.7811463946359,1.166061982431578,-1,-0.391794752450096,0.391794752450096,0.0,0.0,0.391794752450096,-145.38030963857602
2026-01-15 06:57:00+00:00,96254.328125,3314.156005859375,-756.4885146576671,1.2225413050958882,-1,0.29263173696881495,-0.29263173696881495,0.0,0.0,-0.29263173696881495,-145.67294137554484
2026-01-15 06:58:00+00:00,96298.046875,3315.582763671875,-756.9106450312674,1.0542594169307544,-1,-0.4221303736003392,0.4221303736003392,0.0,0.0,0.4221303736003392,-145.2508110019445
2026-01-15 06:59:00+00:00,96281.8203125,3315.8935546875,-755.9136244297724,1.3396911610363775,-1,0.9970206014950236,-0.9970206014950236,0.0,0.0,-0.9970206014950236,-146.24783160343952
2026-01-15 07:00:00+00:00,96275.9765625,3315.7568359375,-755.8032080183707,1.3365525921223784,-1,0.11041641140172942,-0.11041641140172942,0.0,0.0,-0.11041641140172942,-146.35824801484125
2026-01-15 07:01:00+00:00,96222.328125,3315.524658203125,-753.7665660290231,1.9473942376796236,-1,2.0366419893475722,-2.0366419893475722,0.0,0.0,-2.0366419893475722,-148.39489000418882
2026-01-15 07:02:00+00:00,96211.6484375,3315.441162109375,-753.3984127034737,1.9943809321112593,-1,0.3681533255494287,-0.3681533255494287,0.0,0.0,-0.3681533255494287,-148.76304332973825
2026-01-15 07:03:00+00:00,96193.765625,3314.297607421875,-753.7856941497325,1.802656092558091,-1,-0.3872814462588394,0.3872814462588394,0.0,0.0,0.3872814462588394,-148.3757618834794
2026-01-15 07:04:00+00:00,96222.2421875,3315.2216796875,-754.065910204039,1.6648503041354874,-1,-0.2802160543064929,0.2802160543064929,0.0,0.0,0.2802160543064929,-148.09554582917292
2026-01-15 07:05:00+00:00,96261.3828125,3316.7841796875,-754.1586871540685,1.5945360891074971,-1,-0.09277695002947439,0.09277695002947439,0.0,0.0,0.09277695002947439,-148.00276887914345
2026-01-15 07:06:00+00:00,96269.9921875,3317.84375,-753.4632116916546,1.774456008839225,-1,0.6954754624139241,-0.6954754624139241,0.0,0.0,-0.6954754624139241,-148.69824434155737
2026-01-15 07:07:00+00:00,96254.0,3317.916259765625,-752.7143841781835,1.9528148566886436,-1,0.748827513471042,-0.748827513471042,0.0,0.0,-0.748827513471042,-149.4470718550284
2026-01-15 07:08:00+00:00,96216.9140625,3316.0771484375,-752.9851123362905,1.7978792741615257,-1,-0.2707281581069765,0.2707281581069765,0.0,0.0,0.2707281581069765,-149.17634369692144
2026-01-15 07:09:00+00:00,96244.8203125,3317.360107421875,-752.8823228659885,1.7698420947748106,-1,0.1027894703020138,-0.1027894703020138,0.0,0.0,-0.1027894703020138,-149.27913316722345
2026-01-15 07:10:00+00:00,96256.984375,3317.882080078125,-752.8747746031904,1.7140887695539555,-1,0.007548262798081851,-0.007548262798081851,0.0,0.0,-0.007548262798081851,-149.28668143002153
2026-01-15 07:11:00+00:00,96266.96875,3317.758544921875,-753.4205540592684,1.4816443098341217,-1,-0.5457794560779803,0.5457794560779803,0.0,0.0,0.5457794560779803,-148.74090197394355
2026-01-15 07:12:00+00:00,96249.484375,3317.487548828125,-752.9521270364185,1.585378104029872,-1,0.4684270228499372,-0.4684270228499372,0.0,0.0,-0.4684270228499372,-149.2093289967935
2026-01-15 07:13:00+00:00,96248.3984375,3317.503173828125,-752.8905771869067,1.554642470130774,-1,0.06154984951172082,-0.06154984951172082,0.0,0.0,-0.06154984951172082,-149.2708788463052
2026-01-15 07:14:00+00:00,96245.25,3317.32568359375,-752.9349183971576,1.488158409511832,-1,-0.04434121025087734,0.04434121025087734,0.0,0.0,0.04434121025087734,-149.22653763605433
2026-01-15 07:15:00+00:00,96219.3828125,3316.83203125,-752.3346342176446,1.6384040832161415,-1,0.6002841795129825,-0.6002841795129825,0.0,0.0,-0.6002841795129825,-149.8268218155673
2026-01-15 07:16:00+00:00,96241.375,3318.0556640625,-752.0410622064087,1.6629234147994336,-1,0.2935720112359377,-0.2935720112359377,0.0,0.0,-0.2935720112359377,-150.12039382680325
2026-01-15 07:17:00+00:00,96276.78125,3318.5654296875,-753.0286449122536,1.2898269090311423,-1,-0.9875827058449431,0.9875827058449431,0.0,0.0,0.9875827058449431,-149.1328111209583
2026-01-15 07:18:00+00:00,96344.0546875,3322.209716796875,-752.2293857104037,1.495596578212468,-1,0.7992592018499636,-0.7992592018499636,0.0,0.0,-0.7992592018499636,-149.93207032280827
2026-01-15 07:19:00+00:00,96335.2109375,3321.650634765625,-752.4144610535432,1.3860005942839082,-1,-0.1850753431394878,0.1850753431394878,0.0,0.0,0.1850753431394878,-149.74699497966878
2026-01-15 07:20:00+00:00,96325.046875,3321.5634765625,-752.071775881022,1.449858525536958,-1,0.34268517252121455,-0.34268517252121455,0.0,0.0,-0.34268517252121455,-150.08968015219
2026-01-15 07:21:00+00:00,96337.8984375,3321.997802734375,-752.1809488274698,1.3763961309674262,-1,-0.10917294644787034,0.10917294644787034,0.0,0.0,0.10917294644787034,-149.98050720574213
2026-01-15 07:22:00+00:00,96353.7421875,3322.62890625,-752.219885562276,1.3296840859557313,-1,-0.03893673480615689,0.03893673480615689,0.0,0.0,0.03893673480615689,-149.94157047093597
2026-01-15 07:23:00+00:00,96356.6328125,3322.855224609375,-752.1158132051987,1.3364805859617868,-1,0.10407235707725704,-0.10407235707725704,0.0,0.0,-0.10407235707725704,-150.04564282801323
2026-01-15 07:24:00+00:00,96421.2578125,3325.439697265625,-752.2643646868014,1.2592489434954526,-1,-0.14855148160268072,0.14855148160268072,0.0,0.0,0.14855148160268072,-149.89709134641055
2026-01-15 07:25:00+00:00,96455.0859375,3327.02099609375,-752.1136744801584,1.2770373809199498,-1,0.15069020664304844,-0.15069020664304844,0.0,0.0,-0.15069020664304844,-150.0477815530536
2026-01-15 07:26:00+00:00,96414.2109375,3324.314697265625,-753.091348756876,0.9048925910376032,-1,-0.9776742767176074,0.9776742767176074,0.0,0.0,0.9776742767176074,-149.070107276336
2026-01-15 07:27:00+00:00,96422.9921875,3324.479248046875,-753.2981615069298,0.8058234872797316,-1,-0.20681275005381394,0.20681275005381394,0.0,0.0,0.20681275005381394,-148.86329452628217
2026-01-15 07:28:00+00:00,96440.1953125,3325.23583984375,-753.2690986210255,0.7960529083088108,-1,0.0290628859042954,-0.0290628859042954,0.0,0.0,-0.0290628859042954,-148.89235741218647
2026-01-15 07:29:00+00:00,96442.8203125,3325.626708984375,-752.9892420662709,0.8829134206148178,-1,0.2798565547545877,-0.2798565547545877,0.0,0.0,-0.2798565547545877,-149.17221396694106
2026-01-15 07:30:00+00:00,96451.3046875,3325.656005859375,-753.3187537277445,0.7320520887306153,-1,-0.3295116614735889,0.3295116614735889,0.0,0.0,0.3295116614735889,-148.84270230546747
2026-01-15 07:31:00+00:00,96441.09375,3324.9638671875,-753.579066656368,0.6008075436312713,-1,-0.2603129286235344,0.2603129286235344,0.0,0.0,0.2603129286235344,-148.58238937684393
2026-01-15 07:32:00+00:00,96498.609375,3326.072509765625,-754.902789129364,-0.016625699054569357,0,-1.3237224729959962,1.3237224729959962,1.0,3.326072509765625,-2.002350036769629,-150.58473941361356
2026-01-15 07:33:00+00:00,96533.71875,3325.74755859375,-756.7125336372533,-0.9023782915166269,0,-1.8097445078892633,-0.0,0.0,0.0,-0.0,-150.58473941361356
2026-01-15 07:34:00+00:00,96509.2109375,3324.485595703125,-756.9380486651553,-1.0548519784341375,0,-0.22551502790201994,-0.0,0.0,0.0,-0.0,-150.58473941361356
2026-01-15 07:35:00+00:00,96514.8203125,3324.70556640625,-756.9553012854076,-1.0991537150435002,0,-0.017252620252293127,-0.0,0.0,0.0,-0.0,-150.58473941361356
2026-01-15 07:36:00+00:00,96485.984375,3322.61767578125,-757.8237054388392,-1.5352706095174748,0,-0.8684041534315838,-0.0,0.0,0.0,-0.0,-150.58473941361356
2026-01-15 07:37:00+00:00,96495.140625,3323.15234375,-757.6762599422318,-1.4565446008776848,0,0.14744549660736084,0.0,0.0,0.0,0.0,-150.58473941361356
2026-01-15 07:38:00+00:00,96487.59375,3323.37548828125,-757.133954226605,-1.1876354564204679,0,0.5423057156267532,0.0,0.0,0.0,0.0,-150.58473941361356
2026-01-15 07:39:00+00:00,96524.1015625,3324.35791015625,-757.6954663211632,-1.4597080254449082,0,-0.5615120945581111,-0.0,0.0,0.0,-0.0,-150.58473941361356
2026-01-15 07:40:00+00:00,96536.7734375,3325.266845703125,-757.3224308167928,-1.2677903284939849,0,0.3730355043703639,0.0,0.0,0.0,0.0,-150.58473941361356
2026-01-15 07:41:00+00:00,96592.453125,3326.705078125,-758.2389207148494,-1.6953395363091734,0,-0.916489898056625,-0.0,0.0,0.0,-0.0,-150.58473941361356
2026-01-15 07:42:00+00:00,96651.6484375,3329.404052734375,-758.043345995768,-1.584846319102279,0,0.19557471908137813,0.0,0.0,0.0,0.0,-150.58473941361356
2026-01-15 07:43:00+00:00,96591.28125,3328.850341796875,-756.0440978528536,-0.6301839540152563,0,1.999248142914439,0.0,0.0,0.0,0.0,-150.58473941361356
2026-01-15 07:44:00+00:00,96586.859375,3329.321533203125,-755.3859031025486,-0.31343349579436314,0,0.6581947503050287,0.0,0.0,0.0,0.0,-150.58473941361356
2026-01-15 07:45:00+00:00,96591.0078125,3329.271484375,-755.6113914637008,-0.43580738888488374,0,-0.22548836115220183,-0.0,0.0,0.0,-0.0,-150.58473941361356
2026-01-15 07:46:00+00:00,96621.65625,3330.7822265625,-755.3967872951557,-0.3328024730659247,0,0.21460416854506548,0.0,0.0,0.0,0.0,-150.58473941361356
2026-01-15 07:47:00+00:00,96642.203125,3333.174072265625,-753.8738793921457,0.4080671156368396,0,1.5229079030100365,0.0,0.0,0.0,0.0,-150.58473941361356
2026-01-15 07:48:00+00:00,96572.515625,3330.79736328125,-753.3034685373473,0.6664095956080979,0,0.5704108547984106,0.0,0.0,0.0,0.0,-150.58473941361356
2026-01-15 07:49:00+00:00,96571.1015625,3330.29541015625,-753.7456202396015,0.419603790404203,0,-0.44215170225425027,-0.0,0.0,0.0,-0.0,-150.58473941361356
2026-01-15 07:50:00+00:00,96544.28125,3329.572265625,-753.3345201062907,0.6060642328284145,0,0.41110013331081063,0.0,0.0,0.0,0.0,-150.58473941361356
2026-01-15 07:51:00+00:00,96535.96875,3329.21240234375,-753.3428435322849,0.5777237840371687,0,-0.008323425994149147,-0.0,0.0,0.0,-0.0,-150.58473941361356
2026-01-15 07:52:00+00:00,96524.390625,3328.232177734375,-753.8334233432679,0.3028098258138095,0,-0.4905798109830357,-0.0,0.0,0.0,-0.0,-150.58473941361356
2026-01-15 07:53:00+00:00,96527.953125,3328.353759765625,-753.8625012499847,0.26928793987367666,0,-0.029077906716793223,-0.0,0.0,0.0,-0.0,-150.58473941361356
2026-01-15 07:54:00+00:00,96516.3359375,3327.865478515625,-753.8594857285889,0.25289802588654636,0,0.0030155213958096283,0.0,0.0,0.0,0.0,-150.58473941361356
2026-01-15 07:55:00+00:00,96528.6875,3327.942138671875,-754.3051794362104,-0.0019489215879483312,0,-0.44569370762155813,-0.0,0.0,0.0,-0.0,-150.58473941361356
2026-01-15 07:56:00+00:00,96523.8203125,3327.320556640625,-754.7209256311594,-0.2468149933167746,0,-0.4157461949489516,-0.0,0.0,0.0,-0.0,-150.58473941361356
2026-01-15 07:57:00+00:00,96522.9375,3327.555908203125,-754.4482394787683,-0.11846276481497808,0,0.2726861523910884,0.0,0.0,0.0,0.0,-150.58473941361356
2026-01-15 07:58:00+00:00,96517.4140625,3327.184326171875,-754.5862325272496,-0.219896020096859,0,-0.13799304848134852,-0.0,0.0,0.0,-0.0,-150.58473941361356
2026-01-15 07:59:00+00:00,96516.46875,3327.466552734375,-754.2640282180523,-0.05491978690405689,0,0.3222043091973319,0.0,0.0,0.0,0.0,-150.58473941361356
2026-01-15 08:00:00+00:00,96560.265625,3328.045166015625,-755.5376070689108,-0.779748558221725,0,-1.2735788508584847,-0.0,0.0,0.0,-0.0,-150.58473941361356
2026-01-15 08:01:00+00:00,96553.078125,3328.484375,-754.794435051796,-0.3483955886070932,0,0.7431720171148299,0.0,0.0,0.0,0.0,-150.58473941361356
2026-01-15 08:02:00+00:00,96486.5625,3325.953369140625,-754.5124612799236,-0.17832693287816884,0,0.2819737718723445,0.0,0.0,0.0,0.0,-150.58473941361356
2026-01-15 08:03:00+00:00,96456.9921875,3325.4375,-753.7777868565049,0.2385362005787161,0,0.7346744234187099,0.0,0.0,0.0,0.0,-150.58473941361356
2026-01-15 08:04:00+00:00,96455.8125,3325.673828125,-753.4915691467831,0.39502195740056356,0,0.2862177097217682,0.0,0.0,0.0,0.0,-150.58473941361356
2026-01-15 08:05:00+00:00,96535.8828125,3328.560791015625,-753.9908205198008,0.11046256055974824,0,-0.49925137301761424,-0.0,0.0,0.0,-0.0,-150.58473941361356
2026-01-15 08:06:00+00:00,96560.1171875,3329.355224609375,-754.2212709777459,-0.012995903713443242,0,-0.23045045794515318,-0.0,0.0,0.0,-0.0,-150.58473941361356
2026-01-15 08:07:00+00:00,96542.234375,3329.04443359375,-753.7757887521298,0.25127534854803607,0,0.4454822256161606,0.0,0.0,0.0,0.0,-150.58473941361356
2026-01-15 08:08:00+00:00,96543.6484375,3329.0712890625,-753.8087347061255,0.2412143015376471,0,-0.03294595399574973,-0.0,0.0,0.0,-0.0,-150.58473941361356
2026-01-15 08:09:00+00:00,96494.6015625,3327.164794921875,-753.6410115429012,0.3459694688269461,0,0.16772316322430925,0.0,0.0,0.0,0.0,-150.58473941361356
2026-01-15 08:10:00+00:00,96499.21875,3326.765380859375,-754.2356888144768,0.01701900332230875,0,-0.5946772715756197,-0.0,0.0,0.0,-0.0,-150.58473941361356
2026-01-15 08:11:00+00:00,96453.71875,3324.44921875,-754.6276327687679,-0.19836541770941657,0,-0.3919439542910368,-0.0,0.0,0.0,-0.0,-150.58473941361356
2026-01-15 08:12:00+00:00,96438.09375,3323.159912109375,-755.2561502077842,-0.5416678481540294,0,-0.6285174390163775,-0.0,0.0,0.0,-0.0,-150.58473941361356
2026-01-15 08:13:00+00:00,96417.171875,3322.7685546875,-754.7627108887054,-0.23823181998589377,0,0.4934393190787887,0.0,0.0,0.0,0.0,-150.58473941361356
2026-01-15 08:14:00+00:00,96451.484375,3323.396240234375,-755.5861184285627,-0.6946009065741878,0,-0.8234075398572713,-0.0,0.0,0.0,-0.0,-150.58473941361356
2026-01-15 08:15:00+00:00,96446.484375,3323.22412109375,-755.5467850246732,-0.6461295166049112,0,0.03933340388948636,0.0,0.0,0.0,0.0,-150.58473941361356
2026-01-15 08:16:00+00:00,96440.65625,3323.248779296875,-755.275652449348,-0.4614971313233257,0,0.27113257532528223,0.0,0.0,0.0,0.0,-150.58473941361356
2026-01-15 08:17:00+00:00,96433.5703125,3323.123046875,-755.1017169682937,-0.33837701255157354,0,0.17393548105428636,0.0,0.0,0.0,0.0,-150.58473941361356
2026-01-15 08:18:00+00:00,96423.4453125,3322.79638671875,-755.0001857219013,-0.2533824073999381,0,0.10153124639236921,0.0,0.0,0.0,0.0,-150.58473941361356
2026-01-15 08:19:00+00:00,96420.7109375,3322.969970703125,-754.7109636272448,-0.05327135474006489,0,0.2892220946564521,0.0,0.0,0.0,0.0,-150.58473941361356
2026-01-15 08:20:00+00:00,96411.4296875,3322.4619140625,-754.8265114821147,-0.09883704361925635,0,-0.11554785486987385,-0.0,0.0,0.0,-0.0,-150.58473941361356
2026-01-15 08:21:00+00:00,96446.4765625,3323.7802734375,-754.9903022863223,-0.17720413019441145,0,-0.1637908042075651,-0.0,0.0,0.0,-0.0,-150.58473941361356
2026-01-15 08:22:00+00:00,96522.7421875,3327.15771484375,-754.8381729731232,-0.05088103172321411,0,0.1521293131991115,0.0,0.0,0.0,0.0,-150.58473941361356
2026-01-15 08:23:00+00:00,96527.1015625,3327.233154296875,-754.947093707247,-0.09459896269782277,0,-0.10892073412378522,-0.0,0.0,0.0,-0.0,-150.58473941361356
2026-01-15 08:24:00+00:00,96524.0625,3327.382080078125,-754.6696444262843,0.12631933039844292,0,0.2774492809626281,0.0,0.0,0.0,0.0,-150.58473941361356
2026-01-15 08:25:00+00:00,96514.703125,3326.593017578125,-755.0628941945206,-0.11973195541698987,0,-0.39324976823627367,-0.0,0.0,0.0,-0.0,-150.58473941361356
2026-01-15 08:26:00+00:00,96507.828125,3326.815673828125,-754.5494906958129,0.2753143811095837,0,0.513403498707703,0.0,0.0,0.0,0.0,-150.58473941361356
2026-01-15 08:27:00+00:00,96473.125,3325.287109375,-754.6104423321653,0.24945206338616108,0,-0.06095163635245626,-0.0,0.0,0.0,-0.0,-150.58473941361356
2026-01-15 08:28:00+00:00,96441.2421875,3324.6484375,-753.9007738412834,0.7938213267443229,0,0.7096684908819952,0.0,0.0,0.0,0.0,-150.58473941361356
2026-01-15 08:29:00+00:00,96393.375,3322.433837890625,-754.0910457315308,0.6746237712250439,0,-0.19027189024745894,-0.0,0.0,0.0,-0.0,-150.58473941361356
2026-01-15 08:30:00+00:00,96351.171875,3321.6044921875,-753.1355998011113,1.3984237810202649,0,0.9554459304195007,0.0,0.0,0.0,0.0,-150.58473941361356
2026-01-15 08:31:00+00:00,96351.34375,3320.702392578125,-754.044968091704,0.715033082147809,0,-0.909368290592738,-0.0,0.0,0.0,-0.0,-150.58473941361356
2026-01-15 08:32:00+00:00,96324.21875,3320.337890625,-753.2623399908366,1.2755812055230045,0,0.7826281008674414,0.0,0.0,0.0,0.0,-150.58473941361356
2026-01-15 08:33:00+00:00,96312.8203125,3320.61865234375,-752.4995325495133,1.7765628715209043,0,0.7628074413232753,0.0,0.0,0.0,0.0,-150.58473941361356
2026-01-15 08:34:00+00:00,96309.9296875,3320.2548828125,-752.741056078466,1.543791251896057,0,-0.24152352895271179,-0.0,0.0,0.0,-0.0,-150.58473941361356
2026-01-15 08:35:00+00:00,96319.2890625,3320.6923828125,-752.6993688102293,1.5251776815467422,0,0.041687268236728414,0.0,0.0,0.0,0.0,-150.58473941361356
2026-01-15 08:36:00+00:00,96315.1875,3321.10302734375,-752.1152671135569,1.9197147449200127,0,0.5841016966724055,0.0,0.0,0.0,0.0,-150.58473941361356
2026-01-15 08:37:00+00:00,96325.78125,3321.81103515625,-751.8552743797477,2.0634286109183435,-1,0.25999273380921295,0.0,1.0,3.32181103515625,-3.32181103515625,-153.90655044876982
2026-01-15 08:38:00+00:00,96327.3046875,3322.96533203125,-750.7654044519045,2.7248629238075757,-1,1.0898699278432105,-1.0898699278432105,0.0,0.0,-1.0898699278432105,-154.99642037661303
2026-01-15 08:39:00+00:00,96316.1484375,3322.3896484375,-750.8692845557061,2.547052019127099,-1,-0.10388010380165724,0.10388010380165724,0.0,0.0,0.10388010380165724,-154.89254027281137
2026-01-15 08:40:00+00:00,96347.7890625,3323.7265625,-750.8704686264632,2.4414325488329407,-1,-0.0011840707570627274,0.0011840707570627274,0.0,0.0,0.0011840707570627274,-154.8913562020543
2026-01-15 08:42:00+00:00,96367.84375,3324.324951171875,-751.1202028948528,2.2490165150339263,-1,-0.24973426838960222,0.24973426838960222,0.0,0.0,0.24973426838960222,-154.6416219336647
2026-01-15 08:43:00+00:00,96372.78125,3324.52001953125,-751.133943923186,2.2344476824340953,-1,-0.013741028333242866,0.013741028333242866,0.0,0.0,0.013741028333242866,-154.62788090533147
2026-01-15 08:44:00+00:00,96362.8046875,3324.733154296875,-750.498895252334,2.562563468584841,-1,0.6350486708520293,-0.6350486708520293,0.0,0.0,-0.6350486708520293,-155.2629295761835
2026-01-15 08:46:00+00:00,96409.3515625,3326.510986328125,-750.6895542526754,2.2767212737303484,-1,-0.19065900034138394,0.19065900034138394,0.0,0.0,0.19065900034138394,-155.0722705758421
2026-01-15 08:47:00+00:00,96434.703125,3327.466064453125,-750.8066066072852,2.0827850799377297,-1,-0.11705235460976837,0.11705235460976837,0.0,0.0,0.11705235460976837,-154.95521822123234
2026-01-15 08:48:00+00:00,96467.9296875,3329.466064453125,-750.2117748445057,2.353233525243346,-1,0.5948317627794495,-0.5948317627794495,0.0,0.0,-0.5948317627794495,-155.5500499840118
2026-01-15 08:49:00+00:00,96489.7578125,3330.021240234375,-750.5797215779025,1.992299433913856,-1,-0.3679467333968205,0.3679467333968205,0.0,0.0,0.3679467333968205,-155.18210325061497
2026-01-15 08:50:00+00:00,96526.0078125,3330.837646484375,-751.2963462756343,1.4689267079637434,-1,-0.7166246977317314,0.7166246977317314,0.0,0.0,0.7166246977317314,-154.46547855288324
2026-01-15 08:51:00+00:00,96570.25,3335.728759765625,-748.2762576187388,3.0813926646154677,-1,3.0200886568954957,-3.0200886568954957,0.0,0.0,-3.0200886568954957,-157.48556720977874
2026-01-15 08:52:00+00:00,96558.6328125,3335.749755859375,-747.763964753593,3.051504307229112,-1,0.5122928651458096,-0.5122928651458096,0.0,0.0,-0.5122928651458096,-157.99786007492455
2026-01-15 08:53:00+00:00,96564.4375,3334.371826171875,-749.3873776294904,2.054031856816138,-1,-1.6234128758974293,1.6234128758974293,0.0,0.0,1.6234128758974293,-156.37444719902712
2026-01-15 08:54:00+00:00,96529.3125,3333.22314453125,-749.0506051448997,2.1047535195444773,-1,0.3367724845907105,-0.3367724845907105,0.0,0.0,-0.3367724845907105,-156.71121968361783
2026-01-15 08:55:00+00:00,96578.703125,3334.063232421875,-750.299271920559,1.4219907769219646,-1,-1.2486667756593306,1.2486667756593306,0.0,0.0,1.2486667756593306,-155.4625529079585
2026-01-15 08:56:00+00:00,96570.609375,3334.496826171875,-749.5233893641257,1.7259958567437221,-1,0.7758825564333165,-0.7758825564333165,0.0,0.0,-0.7758825564333165,-156.2384354643918
2026-01-15 08:57:00+00:00,96608.125,3336.079833984375,-749.5269364246878,1.650610857190385,-1,-0.0035470605621412687,0.0035470605621412687,0.0,0.0,0.0035470605621412687,-156.23488840382967
2026-01-15 08:58:00+00:00,96618.5546875,3336.114990234375,-749.9328569667614,1.4045468840248558,-1,-0.4059205420735452,0.4059205420735452,0.0,0.0,0.4059205420735452,-155.82896786175613
2026-01-15 08:59:00+00:00,96614.46875,3335.689453125,-750.1855976999159,1.2418664905436803,-1,-0.2527407331544964,0.2527407331544964,0.0,0.0,0.2527407331544964,-155.57622712860163
2026-01-15 09:00:00+00:00,96617.703125,3335.68701171875,-750.3248224708987,1.1379279849970483,-1,-0.1392247709827643,0.1392247709827643,0.0,0.0,0.1392247709827643,-155.43700235761887
2026-01-15 09:01:00+00:00,96595.2578125,3334.574462890625,-750.4881476109131,1.0283956020519733,-1,-0.16332514001442178,0.16332514001442178,0.0,0.0,0.16332514001442178,-155.27367721760444
2026-01-15 09:02:00+00:00,96593.3125,3334.542236328125,-750.4381059178131,1.01785790761327,-1,0.05004169309995632,-0.05004169309995632,0.0,0.0,-0.05004169309995632,-155.3237189107044
2026-01-15 09:03:00+00:00,96576.0703125,3333.876220703125,-750.3749406588381,1.0125726368322698,-1,0.06316525897500469,-0.06316525897500469,0.0,0.0,-0.06316525897500469,-155.3868841696794
2026-01-15 09:04:00+00:00,96572.1875,3333.963134765625,-750.1238204797382,1.0906411883324403,-1,0.25112017909987117,-0.25112017909987117,0.0,0.0,-0.25112017909987117,-155.63800434877928
2026-01-15 09:05:00+00:00,96555.796875,3333.384521484375,-750.009265888501,1.1058125135841537,-1,0.11455459123726541,-0.11455459123726541,0.0,0.0,-0.11455459123726541,-155.75255894001654
2026-01-15 09:06:00+00:00,96598.3046875,3333.4287109375,-751.7627534583517,0.2954638961732454,0,-1.7534875698506767,1.7534875698506767,1.0,3.3334287109375,-1.5799411410868234,-157.33250008110338
2026-01-15 09:07:00+00:00,96570.0859375,3332.451416015625,-751.546663082122,0.37654788883761947,0,0.21609037622965843,0.0,0.0,0.0,0.0,-157.33250008110338
2026-01-15 09:08:00+00:00,96594.1875,3332.966552734375,-752.0507937068528,0.1304657071020703,0,-0.5041306247308057,-0.0,0.0,0.0,-0.0,-157.33250008110338
2026-01-15 09:09:00+00:00,96609.0625,3334.091796875,-751.5546208861592,0.34248229053881596,0,0.49617282069357316,0.0,0.0,0.0,0.0,-157.33250008110338
2026-01-15 09:10:00+00:00,96651.1796875,3335.108154296875,-752.3194207572201,-0.021594602112857547,0,-0.764799871060859,-0.0,0.0,0.0,-0.0,-157.33250008110338
2026-01-15 09:11:00+00:00,96624.984375,3334.95263671875,-751.3671252388481,0.4025136207834985,0,0.9522955183720114,0.0,0.0,0.0,0.0,-157.33250008110338
2026-01-15 09:12:00+00:00,96591.984375,3333.6064453125,-751.317729851301,0.4053167435187664,0,0.049395387547065184,0.0,0.0,0.0,0.0,-157.33250008110338
2026-01-15 09:13:00+00:00,96599.0078125,3332.7412109375,-752.479988972424,-0.15550922165517128,0,-1.1622591211230429,-0.0,0.0,0.0,-0.0,-157.33250008110338
2026-01-15 09:14:00+00:00,96589.21875,3332.132568359375,-752.6746471157417,-0.2725921888788544,0,-0.19465814331761067,-0.0,0.0,0.0,-0.0,-157.33250008110338
2026-01-15 09:15:00+00:00,96578.7890625,3331.06298828125,-753.3031504017927,-0.5929230101428494,0,-0.628503286051,-0.0,0.0,0.0,-0.0,-157.33250008110338
2026-01-15 09:16:00+00:00,96545.96875,3330.1318359375,-752.8463150275643,-0.4027398127019331,0,0.45683537422837617,0.0,0.0,0.0,0.0,-157.33250008110338
2026-01-15 09:17:00+00:00,96573.484375,3331.038818359375,-753.1029823897215,-0.5643483091131961,0,-0.25666736215725905,-0.0,0.0,0.0,-0.0,-157.33250008110338
2026-01-15 09:18:00+00:00,96600.78125,3332.962158203125,-752.3340412811817,-0.20195854895883736,0,0.7689411085398206,0.0,0.0,0.0,0.0,-157.33250008110338
2026-01-15 09:19:00+00:00,96594.5703125,3332.796630859375,-752.2369049172926,-0.18036848667540897,0,0.09713636388914892,0.0,0.0,0.0,0.0,-157.33250008110338
2026-01-15 09:20:00+00:00,96600.34375,3333.04833984375,-752.2293575429117,-0.20591976308155396,0,0.007547374380919791,0.0,0.0,0.0,0.0,-157.33250008110338
2026-01-15 09:21:00+00:00,96616.3828125,3333.967529296875,-751.988468205238,-0.10088121007803957,0,0.2408893376737069,0.0,0.0,0.0,0.0,-157.33250008110338
2026-01-15 09:22:00+00:00,96619.8046875,3335.1650390625,-750.9356712747649,0.46323682922723625,0,1.0527969304730505,0.0,0.0,0.0,0.0,-157.33250008110338
2026-01-15 09:23:00+00:00,96637.75,3336.151123046875,-750.7085036884373,0.5682745160023244,0,0.22716758632759593,0.0,0.0,0.0,0.0,-157.33250008110338
2026-01-15 09:24:00+00:00,96601.03125,3334.649169921875,-750.6576021896576,0.5731068171988629,0,0.05090149877969452,0.0,0.0,0.0,0.0,-157.33250008110338
2026-01-15 09:25:00+00:00,96632.53125,3336.8291015625,-749.8098215794753,1.0636584685930979,0,0.8477806101823262,0.0,0.0,0.0,0.0,-157.33250008110338
2026-01-15 09:26:00+00:00,96674.0703125,3338.33544921875,-750.0601820157012,0.8838846879241516,0,-0.2503604362259466,-0.0,0.0,0.0,-0.0,-157.33250008110338
2026-01-15 09:27:00+00:00,96751.3359375,3344.361083984375,-747.3021498520302,2.541406726692863,-1,2.7580321636710323,0.0,1.0,3.344361083984375,-3.344361083984375,-160.67686116508776
2026-01-15 09:28:00+00:00,96761.2109375,3342.88427734375,-749.1965752680717,1.3131786852507477,-1,-1.8944254160414857,1.8944254160414857,0.0,0.0,1.8944254160414857,-158.78243574904627
2026-01-15 09:29:00+00:00,96779.1015625,3345.190185546875,-747.6472707007883,2.238821830442554,-1,1.5493045672833432,-1.5493045672833432,0.0,0.0,-1.5493045672833432,-160.33174031632961
2026-01-15 09:30:00+00:00,96745.7734375,3343.9921875,-747.4358053806327,2.266419615101811,-1,0.21146532015563935,-0.21146532015563935,0.0,0.0,-0.21146532015563935,-160.54320563648525
2026-01-15 09:31:00+00:00,96748.7265625,3344.27197265625,-747.2809093834867,2.2659199247837547,-1,0.15489599714601354,-0.15489599714601354,0.0,0.0,-0.15489599714601354,-160.69810163363127
2026-01-15 09:32:00+00:00,96681.109375,3340.516845703125,-748.1764710666507,1.6406123001513992,-1,-0.8955616831640327,0.8955616831640327,0.0,0.0,0.8955616831640327,-159.80253995046724
2026-01-15 09:33:00+00:00,96740.7578125,3343.5732421875,-747.6426373594163,1.915339923266905,-1,0.5338337072344075,-0.5338337072344075,0.0,0.0,-0.5338337072344075,-160.33637365770164
2026-01-15 09:34:00+00:00,96752.03125,3343.804931640625,-747.8877073152516,1.7007681288592975,-1,-0.24506995583533353,0.24506995583533353,0.0,0.0,0.24506995583533353,-160.0913037018663
2026-01-15 09:35:00+00:00,96778.03125,3346.846923828125,-745.9452683592285,2.6964969033668265,-1,1.9424389560231248,-1.9424389560231248,0.0,0.0,-1.9424389560231248,-162.03374265788943
2026-01-15 09:36:00+00:00,96788.8984375,3346.17919921875,-747.0725718583221,1.937441582969975,-1,-1.127303499093614,1.127303499093614,0.0,0.0,1.127303499093614,-160.90643915879582
2026-01-15 09:37:00+00:00,96794.9296875,3346.611328125,-746.895507583893,1.9484444334811544,-1,0.17706427442908534,-0.17706427442908534,0.0,0.0,-0.17706427442908534,-161.0835034332249
2026-01-15 09:38:00+00:00,96846.3203125,3351.5078125,-744.1723588929831,3.1511028227004743,-1,2.723148690909966,-2.723148690909966,0.0,0.0,-2.723148690909966,-163.80665212413487
2026-01-15 09:39:00+00:00,96863.15625,3355.20068359375,-741.1914881639659,3.971779387806602,-1,2.9808707290171697,-2.9808707290171697,0.0,0.0,-2.9808707290171697,-166.78752285315204
2026-01-15 09:40:00+00:00,96942.3203125,3359.28857421875,-740.4514860289155,3.6996877759288815,-1,0.7400021350504176,-0.7400021350504176,0.0,0.0,-0.7400021350504176,-167.52752498820246
2026-01-15 09:41:00+00:00,96934.109375,3361.7587890625,-737.6340264597202,4.01940349356303,-1,2.8174595691953073,-2.8174595691953073,0.0,0.0,-2.8174595691953073,-170.34498455739777
2026-01-15 09:42:00+00:00,96950.75,3365.256103515625,-734.8404525063088,4.106323902305213,-1,2.7935739534113964,-2.7935739534113964,0.0,0.0,-2.7935739534113964,-173.13855851080916
2026-01-15 09:43:00+00:00,97026.265625,3365.137451171875,-738.152699061432,2.8821037270475167,-1,-3.312246555123238,3.312246555123238,0.0,0.0,3.312246555123238,-169.82631195568592
2026-01-15 09:44:00+00:00,97054.375,3367.012939453125,-737.4659705538761,2.799349326091136,-1,0.6867285075559266,-0.6867285075559266,0.0,0.0,-0.6867285075559266,-170.51304046324185
2026-01-15 09:45:00+00:00,97043.2265625,3368.096923828125,-735.9105130835278,2.8911910055491283,-1,1.5554574703483013,-1.5554574703483013,0.0,0.0,-1.5554574703483013,-172.06849793359015
2026-01-15 09:46:00+00:00,97021.765625,3365.197509765625,-737.9023331776189,2.284842242892594,-1,-1.9918200940910538,1.9918200940910538,0.0,0.0,1.9918200940910538,-170.0766778394991
2026-01-15 09:47:00+00:00,97003.9296875,3363.068115234375,-739.277436835233,1.8884449694898318,-1,-1.3751036576140905,1.3751036576140905,0.0,0.0,1.3751036576140905,-168.701574181885
2026-01-15 09:48:00+00:00,96999.515625,3363.38427734375,-738.774601776403,1.8955415847624857,-1,0.5028350588299872,-0.5028350588299872,0.0,0.0,-0.5028350588299872,-169.204409240715
2026-01-15 09:49:00+00:00,96986.5,3365.37841796875,-736.2300237464633,2.2647560133789204,-1,2.5445780299396574,-2.5445780299396574,0.0,0.0,-2.5445780299396574,-171.74898727065465
2026-01-15 09:50:00+00:00,96986.90625,3361.899658203125,-739.7259640313305,1.5185991343000953,-1,-3.4959402848671743,3.4959402848671743,0.0,0.0,3.4959402848671743,-168.25304698578748
2026-01-15 09:51:00+00:00,97052.421875,3364.52197265625,-739.8743387005497,1.4370398249193748,-1,-0.14837466921926534,0.14837466921926534,0.0,0.0,0.14837466921926534,-168.1046723165682
2026-01-15 09:52:00+00:00,97076.765625,3364.91650390625,-740.5093170266555,1.275963303142813,-1,-0.6349783261057382,0.6349783261057382,0.0,0.0,0.6349783261057382,-167.46969399046247
2026-01-15 09:53:00+00:00,97071.9375,3364.93505859375,-740.2865784758587,1.2726441122148942,-1,0.2227385507967483,-0.2227385507967483,0.0,0.0,-0.2227385507967483,-167.69243254125922
2026-01-15 09:54:00+00:00,97068.0078125,3367.247802734375,-737.8076458510295,1.6551842350412003,-1,2.4789326248292127,-2.4789326248292127,0.0,0.0,-2.4789326248292127,-170.17136516608844
2026-01-15 09:55:00+00:00,97096.046875,3369.217529296875,-737.0237055108155,1.7162579906553599,-1,0.7839403402140306,-0.7839403402140306,0.0,0.0,-0.7839403402140306,-170.95530550630247
2026-01-15 09:56:00+00:00,97150.171875,3370.601318359375,-737.928890242687,1.496658661357189,-1,-0.9051847318714863,0.9051847318714863,0.0,0.0,0.9051847318714863,-170.05012077443098
2026-01-15 09:57:00+00:00,97106.6015625,3368.921630859375,-737.7659670540024,1.466276308818673,-1,0.16292318868454458,-0.16292318868454458,0.0,0.0,-0.16292318868454458,-170.21304396311552
2026-01-15 09:58:00+00:00,97039.421875,3366.728515625,-737.1180191160611,1.5139052697754531,-1,0.6479479379413533,-0.6479479379413533,0.0,0.0,-0.6479479379413533,-170.86099190105688
2026-01-15 09:59:00+00:00,97046.734375,3367.17333984375,-736.9824442436638,1.4769949378772915,-1,0.13557487239722832,-0.13557487239722832,0.0,0.0,-0.13557487239722832,-170.9965667734541
2026-01-15 10:00:00+00:00,96994.9921875,3364.95166015625,-737.0159204900374,1.4162824936003386,-1,-0.03347624637353874,0.03347624637353874,0.0,0.0,0.03347624637353874,-170.96309052708057
2026-01-15 10:01:00+00:00,97013.7109375,3364.397705078125,-738.3615010316898,1.1577802837740347,-1,-1.3455805416524527,1.3455805416524527,0.0,0.0,1.3455805416524527,-169.61750998542811
2026-01-15 10:02:00+00:00,96997.4609375,3362.457763671875,-739.6142216682665,0.9251111401738966,-1,-1.2527206365766688,1.2527206365766688,0.0,0.0,1.2527206365766688,-168.36478934885145
2026-01-15 10:03:00+00:00,96997.8359375,3361.878173828125,-740.2096704528558,0.8022289595255233,-1,-0.59544878458928,0.59544878458928,0.0,0.0,0.59544878458928,-167.76934056426217
2026-01-15 10:04:00+00:00,96942.4609375,3360.491943359375,-739.2540639911049,0.9248143746716969,-1,0.9556064617509037,-0.9556064617509037,0.0,0.0,-0.9556064617509037,-168.72494702601307
2026-01-15 10:05:00+00:00,96920.71875,3357.450927734375,-741.3755914420672,0.5630981012538645,-1,-2.121527450962276,2.121527450962276,0.0,0.0,2.121527450962276,-166.6034195750508
2026-01-15 10:06:00+00:00,96893.375,3358.03466796875,-739.6354701048767,0.8144379895086591,-1,1.7401213371904305,-1.7401213371904305,0.0,0.0,-1.7401213371904305,-168.34354091224122
2026-01-15 10:07:00+00:00,96953.453125,3362.615478515625,-737.5953940381869,1.1066412468076845,-1,2.040076066689835,-2.040076066689835,0.0,0.0,-2.040076066689835,-170.38361697893106
2026-01-15 10:08:00+00:00,96936.15625,3362.27197265625,-737.2074062513811,1.1316753117710912,-1,0.38798778680575197,-0.38798778680575197,0.0,0.0,-0.38798778680575197,-170.7716047657368
2026-01-15 10:09:00+00:00,96909.5703125,3362.8408203125,-735.5142257685939,1.357502751462882,-1,1.6931804827872838,-1.6931804827872838,0.0,0.0,-1.6931804827872838,-172.4647852485241
2026-01-15 10:10:00+00:00,96883.9375,3364.903076171875,-732.3679452239803,1.7893009102150432,-1,3.1462805446135462,-3.1462805446135462,0.0,0.0,-3.1462805446135462,-175.61106579313764
2026-01-15 10:11:00+00:00,96881.9921875,3365.124755859375,-732.0639972808804,1.7614866489930634,-1,0.3039479430999563,-0.3039479430999563,0.0,0.0,-0.3039479430999563,-175.9150137362376
2026-01-15 10:12:00+00:00,96847.609375,3363.52197265625,-732.2127138458659,1.670159739745681,-1,-0.1487165649855342,0.1487165649855342,0.0,0.0,0.1487165649855342,-175.76629717125206
2026-01-15 10:13:00+00:00,96852.328125,3363.83984375,-732.0944010910016,1.6289690928456684,-1,0.11831275486429149,-0.11831275486429149,0.0,0.0,-0.11831275486429149,-175.88460992611635
2026-01-15 10:14:00+00:00,96834.0390625,3362.865234375,-732.2955567055187,1.5457421711671784,-1,-0.20115561451711983,0.20115561451711983,0.0,0.0,0.20115561451711983,-175.68345431159923
2026-01-15 10:15:00+00:00,96831.4609375,3362.106689453125,-732.9450714091286,1.4044780237733663,-1,-0.6495147036098388,0.6495147036098388,0.0,0.0,0.6495147036098388,-175.0339396079894
2026-01-15 10:16:00+00:00,96830.6796875,3362.598388671875,-732.420332730298,1.4438831269906198,-1,0.5247386788305448,-0.5247386788305448,0.0,0.0,-0.5247386788305448,-175.55867828681994
2026-01-15 10:17:00+00:00,96824.0859375,3363.912109375,-730.8277589840941,1.6446280810433391,-1,1.5925737462039251,-1.5925737462039251,0.0,0.0,-1.5925737462039251,-177.15125203302387
2026-01-15 10:18:00+00:00,96795.1171875,3362.44140625,-731.0733589293122,1.5589778477653176,-1,-0.24559994521814588,0.24559994521814588,0.0,0.0,0.24559994521814588,-176.90565208780572
2026-01-15 10:19:00+00:00,96788.734375,3362.509033203125,-730.7357995873299,1.5672118352568485,-1,0.3375593419823417,-0.3375593419823417,0.0,0.0,-0.3375593419823417,-177.24321142978806
2026-01-15 10:20:00+00:00,96803.6640625,3365.484619140625,-728.3915977319671,1.879262801722253,-1,2.344201855362826,-2.344201855362826,0.0,0.0,-2.344201855362826,-179.5874132851509
2026-01-15 10:21:00+00:00,96815.8046875,3367.910400390625,-726.4792496916166,2.102116539008004,-1,1.91234804035048,-1.91234804035048,0.0,0.0,-1.91234804035048,-181.49976132550137
2026-01-15 10:22:00+00:00,96809.3828125,3368.533935546875,-725.5841301735059,2.1490174857727626,-1,0.8951195181107323,-0.8951195181107323,0.0,0.0,-0.8951195181107323,-182.3948808436121
2026-01-15 10:23:00+00:00,96840.0546875,3370.68603515625,-724.7291597668882,2.1839292490131132,-1,0.8549704066176673,-0.8549704066176673,0.0,0.0,-0.8549704066176673,-183.24985125022977
2026-01-15 10:24:00+00:00,96887.984375,3372.6865234375,-724.7556423615724,2.093001680328995,-1,-0.026482594684239302,0.026482594684239302,0.0,0.0,0.026482594684239302,-183.22336865554553
2026-01-15 10:25:00+00:00,96867.125,3372.620849609375,-723.9391626055494,2.1235457516000817,-1,0.8164797560229999,-0.8164797560229999,0.0,0.0,-0.8164797560229999,-184.03984841156853
2026-01-15 10:26:00+00:00,96867.6328125,3371.505615234375,-725.0758726296017,1.8849434568010284,-1,-1.1367100240522632,1.1367100240522632,0.0,0.0,1.1367100240522632,-182.90313838751626
2026-01-15 10:27:00+00:00,96837.7265625,3369.547607421875,-725.7691299102235,1.7140734733640468,-1,-0.693257280621765,0.693257280621765,0.0,0.0,0.693257280621765,-182.2098811068945
2026-01-15 10:28:00+00:00,96825.03125,3368.934326171875,-725.8455199339164,1.6518992205546554,-1,-0.07639002369296577,0.07639002369296577,0.0,0.0,0.07639002369296577,-182.13349108320153
2026-01-15 10:29:00+00:00,96789.5546875,3365.31494140625,-727.9645828172897,1.2945691019514174,-1,-2.119062883373317,2.119062883373317,0.0,0.0,2.119062883373317,-180.01442819982822
2026-01-15 10:30:00+00:00,96773.4921875,3364.759765625,-727.840467299286,1.2768182785300168,-1,0.12411551800369125,-0.12411551800369125,0.0,0.0,-0.12411551800369125,-180.1385437178319
2026-01-15 10:31:00+00:00,96732.1171875,3363.662841796875,-727.1876213215519,1.3391811227700172,-1,0.6528459777341595,-0.6528459777341595,0.0,0.0,-0.6528459777341595,-180.79138969556607
2026-01-15 10:32:00+00:00,96784.734375,3365.798583984375,-727.2770867704685,1.294461428093184,-1,-0.08946544891659869,0.08946544891659869,0.0,0.0,0.08946544891659869,-180.70192424664947
2026-01-15 10:33:00+00:00,96743.640625,3364.659912109375,-726.6778830452381,1.3565849600543065,-1,0.5992037252303817,-0.5992037252303817,0.0,0.0,-0.5992037252303817,-181.30112797187985
2026-01-15 10:34:00+00:00,96742.3671875,3364.734375,-726.5495658346817,1.3490575990200893,-1,0.1283172105563608,-0.1283172105563608,0.0,0.0,-0.1283172105563608,-181.4294451824362
2026-01-15 10:35:00+00:00,96791.75,3368.9716796875,-724.4006854188656,1.652616399179305,-1,2.1488804158161656,-2.1488804158161656,0.0,0.0,-2.1488804158161656,-183.57832559825238
2026-01-15 10:36:00+00:00,96779.953125,3368.044677734375,-724.8287915247761,1.548485709294986,-1,-0.42810610591050136,0.42810610591050136,0.0,0.0,0.42810610591050136,-183.15021949234188
2026-01-15 10:37:00+00:00,96765.4921875,3367.51416015625,-724.7477486968123,1.532472881637208,-1,0.08104282796375628,-0.08104282796375628,0.0,0.0,-0.08104282796375628,-183.23126232030563
2026-01-15 10:38:00+00:00,96736.78125,3366.04345703125,-725.0042516638568,1.4486233978541065,-1,-0.2565029670445256,0.2565029670445256,0.0,0.0,0.2565029670445256,-182.9747593532611
2026-01-15 10:39:00+00:00,96743.21875,3365.817626953125,-725.5023268930445,1.3181076944976104,-1,-0.49807522918763425,0.49807522918763425,0.0,0.0,0.49807522918763425,-182.47668412407347
2026-01-15 10:40:00+00:00,96753.4921875,3366.133544921875,-725.6208778243522,1.255247270072124,-1,-0.1185509313077091,0.1185509313077091,0.0,0.0,0.1185509313077091,-182.35813319276576
2026-01-15 10:41:00+00:00,96740.2890625,3365.955322265625,-725.2407336052429,1.27498349084525,-1,0.3801442191092974,-0.3801442191092974,0.0,0.0,-0.3801442191092974,-182.73827741187506
2026-01-15 10:42:00+00:00,96732.46875,3365.239013671875,-725.6263172035879,1.1694107854884914,-1,-0.38558359834496514,0.38558359834496514,0.0,0.0,0.38558359834496514,-182.3526938135301
2026-01-15 10:43:00+00:00,96720.890625,3364.47314453125,-725.9025415458209,1.0851275239921139,-1,-0.2762243422330357,0.2762243422330357,0.0,0.0,0.2762243422330357,-182.07646947129706
2026-01-15 10:44:00+00:00,96731.640625,3364.604248046875,-726.2260610009025,0.9962714771586064,-1,-0.32351945508162316,0.32351945508162316,0.0,0.0,0.32351945508162316,-181.75295001621544
2026-01-15 10:45:00+00:00,96744.3046875,3365.730224609375,-725.6356540863062,1.0610136200331763,-1,0.5904069145963149,-0.5904069145963149,0.0,0.0,-0.5904069145963149,-182.34335693081175
2026-01-15 10:46:00+00:00,96739.3984375,3366.1376953125,-725.0206955738763,1.1262381767028649,-1,0.6149585124298937,-0.6149585124298937,0.0,0.0,-0.6149585124298937,-182.95831544324164
2026-01-15 10:47:00+00:00,96746.0,3366.0029296875,-725.4346446365557,1.022807764645638,-1,-0.41394906267942133,0.41394906267942133,0.0,0.0,0.41394906267942133,-182.54436638056222
2026-01-15 10:48:00+00:00,96753.296875,3366.10595703125,-725.640205849957,0.9560577035915642,-1,-0.2055612134013245,0.2055612134013245,0.0,0.0,0.2055612134013245,-182.3388051671609
2026-01-15 10:49:00+00:00,96815.7109375,3367.66455078125,-726.721134565782,0.74587834909286,-1,-1.080928715824939,1.080928715824939,0.0,0.0,1.080928715824939,-181.25787645133596
2026-01-15 10:50:00+00:00,96785.5234375,3366.265625,-726.8434156095245,0.6986615484037112,-1,-0.12228104374253235,0.12228104374253235,0.0,0.0,0.12228104374253235,-181.13559540759343
2026-01-15 10:51:00+00:00,96782.5703125,3365.187255859375,-727.7968955910455,0.5082555502935227,-1,-0.9534799815210135,0.9534799815210135,0.0,0.0,0.9534799815210135,-180.18211542607241
2026-01-15 10:52:00+00:00,96800.6015625,3366.006591796875,-727.7401103922016,0.4926709492101412,0,0.056785198843954277,-0.056785198843954277,1.0,3.366006591796875,-3.4227917906408294,-183.60490721671323
2026-01-15 10:53:00+00:00,96816.3359375,3366.25537109375,-728.1567458213462,0.3909759646713381,0,-0.41663542914466234,-0.0,0.0,0.0,-0.0,-183.60490721671323
2026-01-15 10:54:00+00:00,96801.203125,3365.601806640625,-728.1703359327134,0.3644170865496551,0,-0.013590111367193458,-0.0,0.0,0.0,-0.0,-183.60490721671323
2026-01-15 10:55:00+00:00,96816.03125,3365.96875,-728.4304815256651,0.2923498697968227,0,-0.26014559295163053,-0.0,0.0,0.0,-0.0,-183.60490721671323
2026-01-15 10:57:00+00:00,96779.125,3363.466064453125,-729.3723829783407,0.0862923313721912,0,-0.9419014526756655,-0.0,0.0,0.0,-0.0,-183.60490721671323
2026-01-15 10:58:00+00:00,96780.6328125,3363.141357421875,-729.7608561675461,-0.016115597688909376,0,-0.38847318920534235,-0.0,0.0,0.0,-0.0,-183.60490721671323
2026-01-15 10:59:00+00:00,96792.0546875,3363.36865234375,-730.0165981520468,-0.0926270962086681,0,-0.2557419845006734,-0.0,0.0,0.0,-0.0,-183.60490721671323
2026-01-15 11:00:00+00:00,96788.5,3363.33544921875,-729.8994717336809,-0.09469093382412193,0,0.11712641836584226,0.0,0.0,0.0,0.0,-183.60490721671323
2026-01-15 11:01:00+00:00,96772.171875,3361.94775390625,-730.5966423305003,-0.26739971584113564,0,-0.6971705968194328,-0.0,0.0,0.0,-0.0,-183.60490721671323
2026-01-15 11:02:00+00:00,96795.703125,3363.268310546875,-730.2712342274976,-0.23437624635180476,0,0.32540810300270095,0.0,0.0,0.0,0.0,-183.60490721671323
2026-01-15 11:03:00+00:00,96803.828125,3363.7919921875,-730.0911629717089,-0.24063740424039007,0,0.18007125578878913,0.0,0.0,0.0,0.0,-183.60490721671323
2026-01-15 11:04:00+00:00,96798.2421875,3363.177001953125,-730.469921066509,-0.38700641919070783,0,-0.378758094800105,-0.0,0.0,0.0,-0.0,-183.60490721671323
2026-01-15 11:05:00+00:00,96774.765625,3361.395751953125,-731.258335291092,-0.645841398178817,0,-0.7884142245829935,-0.0,0.0,0.0,-0.0,-183.60490721671323
2026-01-15 11:06:00+00:00,96772.765625,3359.692626953125,-732.8768792732862,-1.1994673342003979,0,-1.6185439821942964,-0.0,0.0,0.0,-0.0,-183.60490721671323
2026-01-15 11:07:00+00:00,96768.1328125,3359.583740234375,-732.7898419937592,-1.3018191875118226,0,0.08703727952706686,0.0,0.0,0.0,0.0,-183.60490721671323
2026-01-15 11:08:00+00:00,96716.8671875,3357.8017578125,-732.4037750451571,-1.2807139002838677,0,0.38606694860209245,0.0,0.0,0.0,0.0,-183.60490721671323
2026-01-15 11:09:00+00:00,96733.21875,3358.447998046875,-732.449050710265,-1.3974578108550186,0,-0.045275665107965324,-0.0,0.0,0.0,-0.0,-183.60490721671323
2026-01-15 11:10:00+00:00,96722.8203125,3358.173095703125,-732.2841978403449,-1.4104118310026794,0,0.1648528699201961,0.0,0.0,0.0,0.0,-183.60490721671323
2026-01-15 11:11:00+00:00,96684.421875,3355.873779296875,-732.9596247836421,-1.6355249806964385,0,-0.6754269432972251,-0.0,0.0,0.0,-0.0,-183.60490721671323
2026-01-15 11:12:00+00:00,96693.4921875,3356.186279296875,-733.0307129151756,-1.6408138719167784,0,-0.07108813153354276,-0.0,0.0,0.0,-0.0,-183.60490721671323
2026-01-15 11:13:00+00:00,96714.171875,3357.06494140625,-733.0266053141295,-1.6231147590421735,0,0.004107601046143827,0.0,0.0,0.0,0.0,-183.60490721671323
2026-01-15 11:14:00+00:00,96720.640625,3357.294189453125,-733.0709239967205,-1.6192852763403882,0,-0.04431868259098337,-0.0,0.0,0.0,-0.0,-183.60490721671323
2026-01-15 11:15:00+00:00,96716.96875,3357.28515625,-732.9246717374672,-1.5575153114443527,0,0.14625225925328778,0.0,0.0,0.0,0.0,-183.60490721671323
2026-01-15 11:16:00+00:00,96714.796875,3357.13720703125,-732.9807712571937,-1.5758569808125729,0,-0.056099519726558356,-0.0,0.0,0.0,-0.0,-183.60490721671323
2026-01-15 11:17:00+00:00,96704.3515625,3356.68798828125,-732.9882524259187,-1.5676176559116446,0,-0.007481168725007592,-0.0,0.0,0.0,-0.0,-183.60490721671323
2026-01-15 11:18:00+00:00,96704.265625,3356.562255859375,-733.1103505071846,-1.5712214327990666,0,-0.1220980812659036,-0.0,0.0,0.0,-0.0,-183.60490721671323
2026-01-15 11:19:00+00:00,96692.1484375,3356.04150390625,-733.1186604344625,-1.5409764862654598,0,-0.00830992727787816,-0.0,0.0,0.0,-0.0,-183.60490721671323
2026-01-15 11:20:00+00:00,96744.96875,3358.064453125,-733.3295091117498,-1.5695272781438536,0,-0.2108486772872311,-0.0,0.0,0.0,-0.0,-183.60490721671323
2026-01-15 11:21:00+00:00,96800.53125,3361.192138671875,-732.5515899657944,-1.2778550927302668,0,0.7779191459553658,0.0,0.0,0.0,0.0,-183.60490721671323
2026-01-15 11:22:00+00:00,96775.9765625,3359.834716796875,-732.8705816104666,-1.329661999937591,0,-0.31899164467222363,-0.0,0.0,0.0,-0.0,-183.60490721671323
2026-01-15 11:23:00+00:00,96796.015625,3361.52197265625,-732.0307879021548,-1.0306936489102267,0,0.839793708311845,0.0,0.0,0.0,0.0,-183.60490721671323
2026-01-15 11:24:00+00:00,96790.6484375,3360.883056640625,-732.442722827027,-1.1229129364248611,0,-0.41193492487218464,-0.0,0.0,0.0,-0.0,-183.60490721671323
2026-01-15 11:25:00+00:00,96774.21875,3360.039794921875,-732.5911647002858,-1.132530065060287,0,-0.14844187325888925,-0.0,0.0,0.0,-0.0,-183.60490721671323
2026-01-15 11:26:00+00:00,96772.6875,3359.513916015625,-733.0522862647781,-1.2415064976214076,0,-0.4611215644922595,-0.0,0.0,0.0,-0.0,-183.60490721671323
2026-01-15 11:27:00+00:00,96781.734375,3359.90966796875,-733.0391312593847,-1.1977473958936748,0,0.013155005393400643,0.0,0.0,0.0,0.0,-183.60490721671323
2026-01-15 11:28:00+00:00,96770.4609375,3359.245849609375,-733.2261902097989,-1.2155427726765176,0,-0.18705895041421172,-0.0,0.0,0.0,-0.0,-183.60490721671323
2026-01-15 11:29:00+00:00,96782.546875,3359.3017578125,-733.6814024541181,-1.3140708102572645,0,-0.45521224431922747,-0.0,0.0,0.0,-0.0,-183.60490721671323
2026-01-15 11:30:00+00:00,96792.4375,3359.618408203125,-733.7830316281115,-1.2991042471986023,0,-0.10162917399338767,-0.0,0.0,0.0,-0.0,-183.60490721671323
2026-01-15 11:31:00+00:00,96845.3203125,3359.82763671875,-735.81024416533,-1.842385320491976,0,-2.0272125372184746,-0.0,0.0,0.0,-0.0,-183.60490721671323
2026-01-15 11:32:00+00:00,96856.5625,3360.859130859375,-735.2541878552629,-1.6036524072065592,0,0.5560563100671061,0.0,0.0,0.0,0.0,-183.60490721671323
2026-01-15 11:33:00+00:00,96845.8359375,3359.456298828125,-736.2033880996082,-1.8012649897655466,0,-0.9492002443453202,-0.0,0.0,0.0,-0.0,-183.60490721671323
2026-01-15 11:34:00+00:00,96764.40625,3353.43212890625,-738.7838550973006,-2.392473651011251,1,-2.5804669976923833,-0.0,1.0,3.35343212890625,-3.35343212890625,-186.9583393456195
2026-01-15 11:35:00+00:00,96710.4921875,3349.412841796875,-740.5230890665257,-2.6627004268254515,1,-1.739233969225097,-1.739233969225097,0.0,0.0,-1.739233969225097,-188.6975733148446
2026-01-15 11:36:00+00:00,96698.7890625,3349.09130859375,-740.3496911576458,-2.46528054756704,1,0.17339790887990603,0.17339790887990603,0.0,0.0,0.17339790887990603,-188.52417540596468
2026-01-15 11:37:00+00:00,96688.6484375,3348.291259765625,-740.720887793927,-2.4130495564846988,1,-0.3711966362811836,-0.3711966362811836,0.0,0.0,-0.3711966362811836,-188.89537204224587
2026-01-15 11:38:00+00:00,96694.1171875,3348.835205078125,-740.4082187019899,-2.2189690227683214,1,0.3126690919370958,0.3126690919370958,0.0,0.0,0.3126690919370958,-188.58270295030877
2026-01-15 11:39:00+00:00,96660.8359375,3347.335205078125,-740.500737702564,-2.1347192392639918,1,-0.09251900057415696,-0.09251900057415696,0.0,0.0,-0.09251900057415696,-188.67522195088293
2026-01-15 11:40:00+00:00,96656.9765625,3348.795166015625,-738.8775618322666,-1.6831948734782882,1,1.623175870297473,1.623175870297473,0.0,0.0,1.623175870297473,-187.05204608058546
2026-01-15 11:41:00+00:00,96654.640625,3349.593994140625,-737.9799457216263,-1.4231265210005064,1,0.8976161106402287,0.8976161106402287,0.0,0.0,0.8976161106402287,-186.15442996994523
2026-01-15 11:42:00+00:00,96662.765625,3349.82275390625,-738.0947963408375,-1.406683556044543,1,-0.11485061921121087,-0.11485061921121087,0.0,0.0,-0.11485061921121087,-186.26928058915644
2026-01-15 11:43:00+00:00,96655.5,3349.650390625,-737.9598926433396,-1.3334882852755645,1,0.13490369749797537,0.13490369749797537,0.0,0.0,0.13490369749797537,-186.13437689165846
2026-01-15 11:44:00+00:00,96643.484375,3349.59814453125,-737.5039918410525,-1.188566719159598,1,0.455900802287033,0.455900802287033,0.0,0.0,0.455900802287033,-185.67847608937143
2026-01-15 11:45:00+00:00,96653.1640625,3349.519287109375,-737.9922081733243,-1.2676687947363023,1,-0.4882163322718043,-0.4882163322718043,0.0,0.0,-0.4882163322718043,-186.16669242164323
2026-01-15 11:46:00+00:00,96665.4140625,3350.349609375,-737.6799446417604,-1.1601512025640266,1,0.31226353156398545,0.31226353156398545,0.0,0.0,0.31226353156398545,-185.85442889007925
2026-01-15 11:47:00+00:00,96646.5625,3350.67138671875,-736.5609251262695,-0.8600879863299745,1,1.1190195154908906,1.1190195154908906,0.0,0.0,1.1190195154908906,-184.73540937458836
2026-01-15 11:48:00+00:00,96628.53125,3349.700927734375,-736.7688333719884,-0.8891307056703394,1,-0.20790824571895428,-0.20790824571895428,0.0,0.0,-0.20790824571895428,-184.9433176203073
2026-01-15 11:49:00+00:00,96578.5234375,3347.9130859375,-736.4418193291153,-0.7806092748693529,1,0.32701404287308833,0.32701404287308833,0.0,0.0,0.32701404287308833,-184.61630357743422
2026-01-15 11:50:00+00:00,96577.515625,3347.408203125,-736.9040812381118,-0.8796416209113151,1,-0.4622619089964246,-0.4622619089964246,0.0,0.0,-0.4622619089964246,-185.07856548643065
2026-01-15 11:51:00+00:00,96570.375,3348.0634765625,-735.9468271354767,-0.5907299252596965,1,0.9572541026350336,0.9572541026350336,0.0,0.0,0.9572541026350336,-184.12131138379561
2026-01-15 11:52:00+00:00,96582.125,3348.712890625,-735.7943265525864,-0.5219452178313432,1,0.15250058289029766,0.15250058289029766,0.0,0.0,0.15250058289029766,-183.96881080090532
2026-01-15 11:53:00+00:00,96587.9296875,3349.339599609375,-735.4131007566089,-0.3846313284497685,0,0.38122579597757067,0.38122579597757067,1.0,3.349339599609375,-2.9681138036318044,-186.93692460453713
2026-01-15 11:54:00+00:00,96583.390625,3349.2919921875,-735.2687489154164,-0.31454399136528177,0,0.14435184119247424,0.0,0.0,0.0,0.0,-186.93692460453713
2026-01-15 11:55:00+00:00,96563.796875,3348.801513671875,-734.9305977722247,-0.18153188579514715,0,0.3381511431916806,0.0,0.0,0.0,0.0,-186.93692460453713
2026-01-15 11:56:00+00:00,96560.34375,3348.5380859375,-735.047991093044,-0.18957397568725903,0,-0.11739332081924658,-0.0,0.0,0.0,-0.0,-186.93692460453713
2026-01-15 11:57:00+00:00,96558.1796875,3348.61376953125,-734.8807881948715,-0.1075311289757937,0,0.16720289817249068,0.0,0.0,0.0,0.0,-186.93692460453713
2026-01-15 11:58:00+00:00,96606.4375,3349.9384765625,-735.5969286127888,-0.3216998108339074,0,-0.7161404179173587,-0.0,0.0,0.0,-0.0,-186.93692460453713
2026-01-15 11:59:00+00:00,96587.4453125,3349.6767578125,-735.055458088234,-0.11006420177241716,0,0.5414705245548248,0.0,0.0,0.0,0.0,-186.93692460453713
2026-01-15 12:00:00+00:00,96551.375,3348.79638671875,-734.410397310071,0.1455489881995455,0,0.6450607781630424,0.0,0.0,0.0,0.0,-186.93692460453713
2026-01-15 12:01:00+00:00,96517.484375,3348.604248046875,-733.1692842036568,0.616549846260645,0,1.2411131064141045,0.0,0.0,0.0,0.0,-186.93692460453713
2026-01-15 12:02:00+00:00,96534.90625,3348.842529296875,-733.6677829134505,0.46584323033739283,0,-0.4984987097936937,-0.0,0.0,0.0,-0.0,-186.93692460453713
2026-01-15 12:03:00+00:00,96577.1796875,3350.3037109375,-733.9943664577772,0.3784819689742468,0,-0.3265835443266951,-0.0,0.0,0.0,-0.0,-186.93692460453713
2026-01-15 12:04:00+00:00,96599.0234375,3351.684326171875,-733.537534527251,0.5870754265647257,0,0.4568319305262776,0.0,0.0,0.0,0.0,-186.93692460453713
2026-01-15 12:05:00+00:00,96629.890625,3352.741943359375,-733.7853064075284,0.5149631217842965,0,-0.24777188027746888,-0.0,0.0,0.0,-0.0,-186.93692460453713
2026-01-15 12:06:00+00:00,96618.0859375,3353.43017578125,-732.597847743838,0.9859358460678639,0,1.1874586636904496,0.0,0.0,0.0,0.0,-186.93692460453713
2026-01-15 12:07:00+00:00,96622.5078125,3353.571044921875,-732.6439819472685,0.9656679729994571,0,-0.04613420343048347,-0.0,0.0,0.0,-0.0,-186.93692460453713
2026-01-15 12:08:00+00:00,96614.78125,3352.765380859375,-733.122885749573,0.7830736189176171,0,-0.47890380230455776,-0.0,0.0,0.0,-0.0,-186.93692460453713
2026-01-15 12:09:00+00:00,96613.8046875,3352.37548828125,-733.4714790025973,0.6542056153949308,0,-0.348593253024319,-0.0,0.0,0.0,-0.0,-186.93692460453713
2026-01-15 12:10:00+00:00,96627.78125,3352.6396484375,-733.7983947871862,0.5373455966898734,0,-0.32691578458889126,-0.0,0.0,0.0,-0.0,-186.93692460453713
2026-01-15 12:11:00+00:00,96637.890625,3353.355224609375,-733.5103492287517,0.6600247279428002,0,0.2880455584345327,0.0,0.0,0.0,0.0,-186.93692460453713
2026-01-15 12:12:00+00:00,96658.0078125,3354.502685546875,-733.213654388323,0.7829687893906603,0,0.29669484042869954,0.0,0.0,0.0,0.0,-186.93692460453713
2026-01-15 12:13:00+00:00,96655.5,3354.13525390625,-733.4750293620896,0.6810331751561812,0,-0.2613749737665785,-0.0,0.0,0.0,-0.0,-186.93692460453713
2026-01-15 12:14:00+00:00,96651.3125,3353.949462890625,-733.4837288716835,0.6817795538093465,0,-0.008699509593952826,-0.0,0.0,0.0,-0.0,-186.93692460453713
2026-01-15 12:15:00+00:00,96648.0234375,3353.702880859375,-733.591214775995,0.644610191359472,0,-0.10748590431148841,-0.0,0.0,0.0,-0.0,-186.93692460453713
2026-01-15 12:16:00+00:00,96662.875,3354.213134765625,-733.709041005874,0.6034442176522173,0,-0.11782622987902869,-0.0,0.0,0.0,-0.0,-186.93692460453713
2026-01-15 12:17:00+00:00,96648.53125,3352.368408203125,-734.9471630812973,0.1065547061955424,0,-1.2381220754232345,-0.0,0.0,0.0,-0.0,-186.93692460453713
2026-01-15 12:18:00+00:00,96650.90625,3352.80908203125,-734.6069292118168,0.25990390616092396,0,0.3402338694804712,0.0,0.0,0.0,0.0,-186.93692460453713
2026-01-15 12:19:00+00:00,96621.4453125,3351.2314453125,-734.9386478909341,0.13475666602595626,0,-0.3317186791173299,-0.0,0.0,0.0,-0.0,-186.93692460453713
2026-01-15 12:20:00+00:00,96589.8125,3349.00830078125,-735.8240246835276,-0.22160959234967015,0,-0.8853767925934335,-0.0,0.0,0.0,-0.0,-186.93692460453713
2026-01-15 12:21:00+00:00,96599.1171875,3348.4814453125,-736.7443801218355,-0.5866695617111422,0,-0.9203554383079791,-0.0,0.0,0.0,-0.0,-186.93692460453713
2026-01-15 12:22:00+00:00,96574.21875,3347.24560546875,-736.9272523728223,-0.6399422511374153,0,-0.18287225098674753,-0.0,0.0,0.0,-0.0,-186.93692460453713
2026-01-15 12:23:00+00:00,96531.7890625,3343.987060546875,-738.3914242177298,-1.2303605540058367,0,-1.4641718449074688,-0.0,0.0,0.0,-0.0,-186.93692460453713
2026-01-15 12:24:00+00:00,96586.4375,3346.63427734375,-738.0553176534804,-1.0511164834892788,0,0.3361065642493486,0.0,0.0,0.0,0.0,-186.93692460453713
2026-01-15 12:25:00+00:00,96572.8359375,3346.29248046875,-737.8218975284799,-0.919081256636126,0,0.23342012500052078,0.0,0.0,0.0,0.0,-186.93692460453713
2026-01-15 12:26:00+00:00,96603.25,3347.012939453125,-738.3876647250358,-1.1290043864035666,0,-0.565767196555953,-0.0,0.0,0.0,-0.0,-186.93692460453713
2026-01-15 12:27:00+00:00,96598.578125,3345.34033203125,-739.8626961756299,-1.704188800197178,0,-1.4750314505940878,-0.0,0.0,0.0,-0.0,-186.93692460453713
2026-01-15 12:28:00+00:00,96615.0546875,3346.983154296875,-738.9166761231013,-1.251273236897694,0,0.9460200525286382,0.0,0.0,0.0,0.0,-186.93692460453713
2026-01-15 12:29:00+00:00,96600.15625,3346.1328125,-739.1369554162425,-1.2995406471541557,0,-0.220279293141175,-0.0,0.0,0.0,-0.0,-186.93692460453713
2026-01-15 12:30:00+00:00,96601.140625,3345.14111328125,-740.1702843546936,-1.6710022268683604,0,-1.0333289384511772,-0.0,0.0,0.0,-0.0,-186.93692460453713
2026-01-15 12:31:00+00:00,96594.3515625,3344.04345703125,-740.980827696595,-1.9143926367783068,0,-0.8105433419013934,-0.0,0.0,0.0,-0.0,-186.93692460453713
2026-01-15 12:32:00+00:00,96609.7578125,3344.822021484375,-740.8538013962557,-1.77668433606854,0,0.12702630033936657,0.0,0.0,0.0,0.0,-186.93692460453713
2026-01-15 12:33:00+00:00,96612.8203125,3345.574462890625,-740.2308746735212,-1.4732034462152772,0,0.622926722734519,0.0,0.0,0.0,0.0,-186.93692460453713
2026-01-15 12:34:00+00:00,96596.09375,3345.14013671875,-739.9578260050744,-1.3468722953102357,0,0.27304866844679054,0.0,0.0,0.0,0.0,-186.93692460453713
2026-01-15 12:35:00+00:00,96640.015625,3346.684814453125,-740.2706267164208,-1.4735583568869954,0,-0.3128007113464264,-0.0,0.0,0.0,-0.0,-186.93692460453713
2026-01-15 12:36:00+00:00,96623.625,3346.984375,-739.2778982970585,-1.1046355556777323,0,0.9927284193622654,0.0,0.0,0.0,0.0,-186.93692460453713
2026-01-15 12:37:00+00:00,96628.4375,3347.387451171875,-739.0783451992788,-1.0527484938007874,0,0.19955309777969887,0.0,0.0,0.0,0.0,-186.93692460453713
2026-01-15 12:38:00+00:00,96623.7578125,3347.162353515625,-739.105536489647,-1.0849785696137995,0,-0.027191290368136833,-0.0,0.0,0.0,-0.0,-186.93692460453713
2026-01-15 12:40:00+00:00,96622.71875,3347.808837890625,-738.41510963274,-0.8354529363218822,0,0.6904268569069245,0.0,0.0,0.0,0.0,-186.93692460453713
2026-01-15 12:41:00+00:00,96624.46875,3349.057373046875,-737.2405828670703,-0.3674710987482351,0,1.1745267656697251,0.0,0.0,0.0,0.0,-186.93692460453713
2026-01-15 12:42:00+00:00,96640.4453125,3349.914794921875,-737.0588179507149,-0.29955957081154716,0,0.18176491635540515,0.0,0.0,0.0,0.0,-186.93692460453713
2026-01-15 12:43:00+00:00,96646.4453125,3350.757568359375,-736.4697875666325,-0.0666239268746068,0,0.5890303840824345,0.0,0.0,0.0,0.0,-186.93692460453713
2026-01-15 12:44:00+00:00,96703.5390625,3355.004150390625,-734.6377292780599,0.6742879344264047,0,1.8320582885726253,0.0,0.0,0.0,0.0,-186.93692460453713
2026-01-15 12:45:00+00:00,96722.6015625,3356.647705078125,-733.8003374165223,0.9915903626713065,0,0.837391861537526,0.0,0.0,0.0,0.0,-186.93692460453713
2026-01-15 12:46:00+00:00,96733.6640625,3359.211181640625,-731.7046996087611,1.775189545735988,0,2.09563780776125,0.0,0.0,0.0,0.0,-186.93692460453713
2026-01-15 12:47:00+00:00,96741.8359375,3359.03271484375,-732.2287591580771,1.5015998778000883,0,-0.5240595493160072,-0.0,0.0,0.0,-0.0,-186.93692460453713
2026-01-15 12:48:00+00:00,96744.1484375,3359.086181640625,-732.2730891630404,1.4301950691912448,0,-0.04433000496328532,-0.0,0.0,0.0,-0.0,-186.93692460453713
2026-01-15 12:49:00+00:00,96755.1875,3358.767578125,-733.0585402496017,1.088198457085677,0,-0.785451086561352,-0.0,0.0,0.0,-0.0,-186.93692460453713
2026-01-15 12:50:00+00:00,96746.65625,3358.751220703125,-732.7141067673983,1.183664657993775,0,0.3444334822033852,0.0,0.0,0.0,0.0,-186.93692460453713
2026-01-15 12:51:00+00:00,96757.84375,3357.44091796875,-734.497534570125,0.48438481215169416,0,-1.7834278027266919,-0.0,0.0,0.0,-0.0,-186.93692460453713
2026-01-15 12:52:00+00:00,96795.3828125,3358.872802734375,-734.6531958613646,0.4158773404367608,0,-0.15566129123953942,-0.0,0.0,0.0,-0.0,-186.93692460453713
2026-01-15 12:53:00+00:00,96797.5859375,3361.056884765625,-732.5622851075414,1.180813858957169,0,2.0909107538232092,0.0,0.0,0.0,0.0,-186.93692460453713
2026-01-15 12:54:00+00:00,96854.3828125,3365.298583984375,-730.722554636638,1.7948129197450775,0,1.839730470903305,0.0,0.0,0.0,0.0,-186.93692460453713
2026-01-15 12:55:00+00:00,96917.5703125,3367.646728515625,-731.0466416366926,1.6127116512100157,0,-0.32408700005453284,-0.0,0.0,0.0,-0.0,-186.93692460453713
2026-01-15 12:56:00+00:00,96861.3125,3365.926513671875,-730.387684960051,1.772831565828018,0,0.6589566766415373,0.0,0.0,0.0,0.0,-186.93692460453713
2026-01-15 12:57:00+00:00,96881.3203125,3366.38818359375,-730.7721556108363,1.578849622471024,0,-0.38447065078526066,-0.0,0.0,0.0,-0.0,-186.93692460453713
2026-01-15 12:58:00+00:00,96913.8828125,3367.733154296875,-730.8042696038628,1.5142125022585315,0,-0.03211399302654172,-0.0,0.0,0.0,-0.0,-186.93692460453713
2026-01-15 12:59:00+00:00,96940.3046875,3368.1640625,-731.4907559406583,1.2443760552336256,0,-0.6864863367954968,-0.0,0.0,0.0,-0.0,-186.93692460453713
2026-01-15 13:00:00+00:00,96946.40625,3368.348388671875,-731.564467952011,1.186162123618714,0,-0.07371201135265437,-0.0,0.0,0.0,-0.0,-186.93692460453713
2026-01-15 13:01:00+00:00,96957.265625,3368.578857421875,-731.7932476971291,1.0865892717512111,0,-0.22877974511811772,-0.0,0.0,0.0,-0.0,-186.93692460453713
2026-01-15 13:02:00+00:00,96939.078125,3367.58349609375,-732.0194503945822,1.0020310372740255,0,-0.22620269745311816,-0.0,0.0,0.0,-0.0,-186.93692460453713
2026-01-15 13:03:00+00:00,96874.28125,3363.556396484375,-733.3062571848868,0.5854065264272286,0,-1.2868067903045812,-0.0,0.0,0.0,-0.0,-186.93692460453713
2026-01-15 13:04:00+00:00,96874.671875,3363.3408203125,-733.5383530868021,0.5078059934293567,0,-0.2320959019152724,-0.0,0.0,0.0,-0.0,-186.93692460453713
2026-01-15 13:05:00+00:00,96879.625,3362.947021484375,-734.1416220918363,0.3177591793721064,0,-0.6032690050342353,-0.0,0.0,0.0,-0.0,-186.93692460453713
2026-01-15 13:06:00+00:00,96881.9765625,3363.609619140625,-733.5784732104285,0.4974644057451316,0,0.5631488814078693,0.0,0.0,0.0,0.0,-186.93692460453713
2026-01-15 13:07:00+00:00,96852.8828125,3362.22509765625,-733.7326052014087,0.4557965834502087,0,-0.15413199098020414,-0.0,0.0,0.0,-0.0,-186.93692460453713
2026-01-15 13:08:00+00:00,96867.484375,3362.166259765625,-734.4089506009368,0.248340398953521,0,-0.6763453995281452,-0.0,0.0,0.0,-0.0,-186.93692460453713
2026-01-15 13:09:00+00:00,96855.7265625,3361.964111328125,-734.1138551642262,0.3503625124016768,0,0.2950954367106533,0.0,0.0,0.0,0.0,-186.93692460453713
2026-01-15 13:10:00+00:00,96843.0703125,3361.149169921875,-734.3935573171734,0.2649588679253942,0,-0.27970215294726586,-0.0,0.0,0.0,-0.0,-186.93692460453713
2026-01-15 13:11:00+00:00,96851.6328125,3361.40283203125,-734.5020076902802,0.2337540159196593,0,-0.10845037310673433,-0.0,0.0,0.0,-0.0,-186.93692460453713
2026-01-15 13:12:00+00:00,96841.3828125,3361.115966796875,-734.3553952083998,0.2867570388892178,0,0.14661248188031095,0.0,0.0,0.0,0.0,-186.93692460453713
2026-01-15 13:13:00+00:00,96839.8359375,3360.87890625,-734.5270376243157,0.23857514559400256,0,-0.1716424159158123,-0.0,0.0,0.0,-0.0,-186.93692460453713
2026-01-15 13:14:00+00:00,96823.4921875,3360.122314453125,-734.5924439163082,0.22379061417465188,0,-0.0654062919925309,-0.0,0.0,0.0,-0.0,-186.93692460453713
2026-01-15 13:15:00+00:00,96836.8671875,3360.130126953125,-735.1502669728852,0.04962864228204912,0,-0.5578230565770355,-0.0,0.0,0.0,-0.0,-186.93692460453713
2026-01-15 13:16:00+00:00,96855.7265625,3361.808837890625,-734.2691286017262,0.344578441169614,0,0.8811383711590679,0.0,0.0,0.0,0.0,-186.93692460453713
2026-01-15 13:17:00+00:00,96914.90625,3364.334716796875,-734.2459887965688,0.355654173148184,0,0.023139805157370574,0.0,0.0,0.0,0.0,-186.93692460453713
2026-01-15 13:18:00+00:00,96902.953125,3364.156494140625,-733.9187077135884,0.4574950752760321,0,0.32728108298033476,0.0,0.0,0.0,0.0,-186.93692460453713
2026-01-15 13:19:00+00:00,96890.8828125,3364.719970703125,-732.8447714928452,0.7984484350476984,0,1.073936220743235,0.0,0.0,0.0,0.0,-186.93692460453713
2026-01-15 13:20:00+00:00,96907.734375,3365.6787109375,-732.5986924124054,0.8610352728323737,0,0.24607908043981297,0.0,0.0,0.0,0.0,-186.93692460453713
2026-01-15 13:21:00+00:00,96893.203125,3365.5380859375,-732.1247834549094,0.9875666318781031,0,0.47390895749595074,0.0,0.0,0.0,0.0,-186.93692460453713
2026-01-15 13:22:00+00:00,96877.640625,3365.707763671875,-731.2969596757321,1.2133383826840711,0,0.827823779177379,0.0,0.0,0.0,0.0,-186.93692460453713
2026-01-15 13:23:00+00:00,96875.375,3365.624267578125,-731.284641335249,1.1764489049566607,0,0.012318340483034262,0.0,0.0,0.0,0.0,-186.93692460453713
2026-01-15 13:24:00+00:00,96868.515625,3365.175537109375,-731.4432853444932,1.0891108890737304,0,-0.15864400924419897,-0.0,0.0,0.0,-0.0,-186.93692460453713
2026-01-15 13:25:00+00:00,96873.9453125,3365.74072265625,-731.1077240451768,1.1556917159735938,0,0.3355612993163959,0.0,0.0,0.0,0.0,-186.93692460453713
2026-01-15 13:26:00+00:00,96876.8359375,3366.00146484375,-730.9692278599741,1.1592749434403653,0,0.13849618520271179,0.0,0.0,0.0,0.0,-186.93692460453713
2026-01-15 13:27:00+00:00,96917.8515625,3369.9228515625,-728.7824127954464,1.7709295661005868,0,2.1868150645277638,0.0,0.0,0.0,0.0,-186.93692460453713
2026-01-15 13:28:00+00:00,96938.0390625,3370.625244140625,-728.9337598658003,1.6675134173173314,0,-0.15134707035394968,-0.0,0.0,0.0,-0.0,-186.93692460453713
2026-01-15 13:29:00+00:00,96900.453125,3370.083740234375,-727.8857353475805,1.9083799857892898,0,1.0480245182197905,0.0,0.0,0.0,0.0,-186.93692460453713
2026-01-15 13:30:00+00:00,96904.1484375,3370.0341796875,-728.0915725406358,1.7761976481702308,0,-0.20583719305523118,-0.0,0.0,0.0,-0.0,-186.93692460453713
2026-01-15 13:31:00+00:00,96840.96875,3368.1826171875,-727.2712339039322,1.9561296941114512,0,0.8203386367035819,0.0,0.0,0.0,0.0,-186.93692460453713
2026-01-15 13:32:00+00:00,96675.3359375,3361.009765625,-727.4393895347816,1.860563547483162,0,-0.16815563084946916,-0.0,0.0,0.0,-0.0,-186.93692460453713
2026-01-15 13:33:00+00:00,96670.8359375,3360.485107421875,-727.7737404478435,1.7247291129789437,0,-0.33435091306182585,-0.0,0.0,0.0,-0.0,-186.93692460453713
2026-01-15 13:34:00+00:00,96669.640625,3360.61865234375,-727.5896451520453,1.7438371942422912,0,0.18409529579821537,0.0,0.0,0.0,0.0,-186.93692460453713
2026-01-15 13:35:00+00:00,96611.4453125,3357.959716796875,-727.7874713175297,1.6479109186767125,0,-0.1978261654844573,-0.0,0.0,0.0,-0.0,-186.93692460453713
2026-01-15 13:36:00+00:00,96619.3046875,3358.06591796875,-728.0136471140636,1.5560123395900445,0,-0.2261757965338802,-0.0,0.0,0.0,-0.0,-186.93692460453713
2026-01-15 13:37:00+00:00,96684.2109375,3361.3291015625,-727.495381863795,1.6956939940171356,0,0.5182652502685414,0.0,0.0,0.0,0.0,-186.93692460453713
2026-01-15 13:38:00+00:00,96688.8359375,3361.589111328125,-727.4309657018462,1.6863810514732418,0,0.06441616194888411,0.0,0.0,0.0,0.0,-186.93692460453713
2026-01-15 13:39:00+00:00,96711.1015625,3363.137939453125,-726.8237621891385,1.8649883988367935,0,0.607203512707656,0.0,0.0,0.0,0.0,-186.93692460453713
2026-01-15 13:40:00+00:00,96690.484375,3362.403564453125,-726.6862258376159,1.87226919987706,0,0.13753635152261268,0.0,0.0,0.0,0.0,-186.93692460453713
2026-01-15 13:41:00+00:00,96700.484375,3364.26171875,-725.2509766297703,2.287459408226776,-1,1.4352492078455725,0.0,1.0,3.36426171875,-3.36426171875,-190.3011863232871
2026-01-15 13:42:00+00:00,96696.03125,3364.554931640625,-724.7694388166869,2.3461160225247877,-1,0.48153781308337784,-0.48153781308337784,0.0,0.0,-0.48153781308337784,-190.7827241363705
2026-01-15 13:43:00+00:00,96712.0,3365.758544921875,-724.241152099481,2.3992826365526887,-1,0.5282867172059014,-0.5282867172059014,0.0,0.0,-0.5282867172059014,-191.3110108535764
2026-01-15 13:44:00+00:00,96751.734375,3368.74169921875,-722.9383847422964,2.636860802829353,-1,1.3027673571846208,-1.3027673571846208,0.0,0.0,-1.3027673571846208,-192.613778210761
2026-01-15 13:45:00+00:00,96742.484375,3367.492919921875,-723.7959768318192,2.219539274439866,-1,-0.8575920895227682,0.8575920895227682,0.0,0.0,0.8575920895227682,-191.75618612123824
2026-01-15 13:46:00+00:00,96762.5625,3368.459716796875,-723.6782940808857,2.1275407282140564,-1,0.11768275093345437,-0.11768275093345437,0.0,0.0,-0.11768275093345437,-191.8738688721717
2026-01-15 13:47:00+00:00,96820.0703125,3370.44482421875,-724.1252213155308,1.894545019765109,-1,-0.44692723464504525,0.44692723464504525,0.0,0.0,0.44692723464504525,-191.42694163752665
2026-01-15 13:48:00+00:00,96851.6484375,3372.195068359375,-723.7104321513566,1.9142759284933717,-1,0.41478916417418077,-0.41478916417418077,0.0,0.0,-0.41478916417418077,-191.84173080170083
2026-01-15 13:49:00+00:00,96955.3515625,3377.5771484375,-722.714010004307,2.0753947285358985,-1,0.9964221470495431,-0.9964221470495431,0.0,0.0,-0.9964221470495431,-192.83815294875038
2026-01-15 13:50:00+00:00,96963.1875,3381.73095703125,-718.891587195164,2.8458291636776614,-1,3.822422809143063,-3.822422809143063,0.0,0.0,-3.822422809143063,-196.66057575789344
2026-01-15 13:51:00+00:00,96965.6953125,3378.63671875,-722.0918821432715,1.9355171918582508,-1,-3.200294948107512,3.200294948107512,0.0,0.0,3.200294948107512,-193.46028080978593
2026-01-15 13:52:00+00:00,96944.4140625,3377.46044921875,-722.3681567819312,1.7870871406072633,-1,-0.2762746386597428,0.2762746386597428,0.0,0.0,0.2762746386597428,-193.18400617112619
2026-01-15 13:53:00+00:00,96908.09375,3375.499267578125,-722.7933339234169,1.6128948836904267,-1,-0.42517714148561936,0.42517714148561936,0.0,0.0,0.42517714148561936,-192.75882902964057
2026-01-15 13:54:00+00:00,96847.4375,3373.474365234375,-722.2530525865232,1.6685055808461675,-1,0.5402813368937132,-0.5402813368937132,0.0,0.0,-0.5402813368937132,-193.29911036653428
2026-01-15 13:55:00+00:00,96868.703125,3374.509765625,-722.1169862992874,1.6291533818333628,-1,0.13606628723573522,-0.13606628723573522,0.0,0.0,-0.13606628723573522,-193.43517665377001
2026-01-15 13:56:00+00:00,96876.703125,3374.899169921875,-722.0659060736361,1.5752433152893903,-1,0.05108022565127612,-0.05108022565127612,0.0,0.0,-0.05108022565127612,-193.4862568794213
2026-01-15 13:57:00+00:00,96864.6875,3373.2802734375,-723.1766556619741,1.2804283569662052,-1,-1.110749588337967,1.110749588337967,0.0,0.0,1.110749588337967,-192.37550729108332
2026-01-15 13:58:00+00:00,96847.3828125,3372.37158203125,-723.3535230274424,1.2002643273950704,-1,-0.17686736546829707,0.17686736546829707,0.0,0.0,0.17686736546829707,-192.19863992561503
2026-01-15 13:59:00+00:00,96817.375,3370.486572265625,-723.9694871313786,1.0311995879953393,-1,-0.6159641039362214,0.6159641039362214,0.0,0.0,0.6159641039362214,-191.5826758216788
2026-01-15 14:00:00+00:00,96811.3046875,3369.9853515625,-724.2139912296784,0.9470307439155772,-1,-0.24450409829978526,0.24450409829978526,0.0,0.0,0.24450409829978526,-191.33817172337902
2026-01-15 14:01:00+00:00,96834.78125,3370.7900390625,-724.4021395050954,0.8773229889517565,-1,-0.18814827541700652,0.18814827541700652,0.0,0.0,0.18814827541700652,-191.150023447962
2026-01-15 14:02:00+00:00,96832.2890625,3371.284423828125,-723.8023588618139,0.9744474355555556,-1,0.5997806432815196,-0.5997806432815196,0.0,0.0,-0.5997806432815196,-191.74980409124353
2026-01-15 14:03:00+00:00,96881.796875,3373.139892578125,-724.0406006971098,0.8925572198515119,-1,-0.23824183529586662,0.23824183529586662,0.0,0.0,0.23824183529586662,-191.51156225594767
2026-01-15 14:04:00+00:00,96931.8671875,3374.177734375,-725.1202578967896,0.6338036062229261,-1,-1.0796571996797866,1.0796571996797866,0.0,0.0,1.0796571996797866,-190.43190505626788
2026-01-15 14:05:00+00:00,96954.140625,3374.5234375,-725.7165097786828,0.47953637299330415,0,-0.5962518818932949,0.5962518818932949,1.0,3.3745234375,-2.7782715556067052,-193.21017661187457
2026-01-15 14:06:00+00:00,96968.2890625,3374.41455078125,-726.423741119489,0.30062719582843317,0,-0.7072313408061746,-0.0,0.0,0.0,-0.0,-193.21017661187457
2026-01-15 14:07:00+00:00,96949.2109375,3371.914794921875,-728.1166733637001,-0.10132277410815496,0,-1.6929322442110788,-0.0,0.0,0.0,-0.0,-193.21017661187457
2026-01-15 14:08:00+00:00,96950.5,3372.15283203125,-727.9331513634579,-0.08586905886568637,0,0.183522000242192,0.0,0.0,0.0,0.0,-193.21017661187457
2026-01-15 14:09:00+00:00,96979.40625,3374.490478515625,-726.8179649020585,0.1479721711889902,0,1.1151864613993894,0.0,0.0,0.0,0.0,-193.21017661187457
2026-01-15 14:10:00+00:00,97021.3125,3377.663818359375,-725.4168616970219,0.45469776948759044,0,1.4011032050366339,0.0,0.0,0.0,0.0,-193.21017661187457
2026-01-15 14:11:00+00:00,97046.578125,3379.026123046875,-725.1230531485235,0.5003277508390668,0,0.29380854849841853,0.0,0.0,0.0,0.0,-193.21017661187457
2026-01-15 14:12:00+00:00,97083.2890625,3379.8134765625,-725.8882238620772,0.2828459479814987,0,-0.7651707135537436,-0.0,0.0,0.0,-0.0,-193.21017661187457
2026-01-15 14:13:00+00:00,97048.5546875,3378.144287109375,-726.0884789200263,0.20221991427778227,0,-0.20025505794910714,-0.0,0.0,0.0,-0.0,-193.21017661187457
2026-01-15 14:14:00+00:00,97092.859375,3379.90576171875,-726.2006720918125,0.14080311250838276,0,-0.11219317178620258,-0.0,0.0,0.0,-0.0,-193.21017661187457
2026-01-15 14:15:00+00:00,97097.1171875,3379.977783203125,-726.3087156648753,0.07431377939355667,0,-0.10804357306278689,-0.0,0.0,0.0,-0.0,-193.21017661187457
2026-01-15 14:16:00+00:00,97061.6640625,3377.645263671875,-727.1419044976765,-0.20840346920224795,0,-0.8331888328011701,-0.0,0.0,0.0,-0.0,-193.21017661187457
2026-01-15 14:17:00+00:00,97047.5390625,3377.197265625,-726.9925491062968,-0.20995457272830462,0,0.1493553913796859,0.0,0.0,0.0,0.0,-193.21017661187457
2026-01-15 14:18:00+00:00,96990.28125,3375.02734375,-726.7410089520026,-0.17727018401450864,0,0.25154015429416177,0.0,0.0,0.0,0.0,-193.21017661187457
2026-01-15 14:19:00+00:00,97010.625,3375.21044921875,-727.418251023747,-0.4510797224701433,0,-0.677242071744331,-0.0,0.0,0.0,-0.0,-193.21017661187457
2026-01-15 14:20:00+00:00,96991.3359375,3374.635498046875,-727.1774579262365,-0.41687644022806536,0,0.2407930975105046,0.0,0.0,0.0,0.0,-193.21017661187457
2026-01-15 14:21:00+00:00,96949.140625,3374.634521484375,-725.3939732497929,0.1971520757520872,0,1.7834846764435497,0.0,0.0,0.0,0.0,-193.21017661187457
2026-01-15 14:22:00+00:00,96911.796875,3373.1279296875,-725.3212788548235,0.19397609552303302,0,0.07269439496940322,0.0,0.0,0.0,0.0,-193.21017661187457
2026-01-15 14:23:00+00:00,96865.8828125,3371.881103515625,-724.6263759577723,0.44045110996484493,0,0.694902897051179,0.0,0.0,0.0,0.0,-193.21017661187457
2026-01-15 14:24:00+00:00,96776.9921875,3368.289794921875,-724.4584547835711,0.4840798360611544,0,0.16792117420118302,0.0,0.0,0.0,0.0,-193.21017661187457
2026-01-15 14:25:00+00:00,96764.40625,3368.46240234375,-723.7535816598006,0.7679125705337049,0,0.7048731237705397,0.0,0.0,0.0,0.0,-193.21017661187457
2026-01-15 14:26:00+00:00,96743.703125,3367.225341796875,-724.1150965145443,0.5844041023186065,0,-0.3615148547437457,-0.0,0.0,0.0,-0.0,-193.21017661187457
2026-01-15 14:27:00+00:00,96810.0625,3371.23095703125,-722.9158530194009,1.1189096209437306,0,1.1992434951434916,0.0,0.0,0.0,0.0,-193.21017661187457
2026-01-15 14:28:00+00:00,96801.34375,3370.809814453125,-722.9682752230283,1.0648244645578342,0,-0.05242220362742955,-0.0,0.0,0.0,-0.0,-193.21017661187457
2026-01-15 14:29:00+00:00,96719.7734375,3367.323974609375,-723.0044650397813,1.0141888966840955,0,-0.036189816752994375,-0.0,0.0,0.0,-0.0,-193.21017661187457
2026-01-15 14:30:00+00:00,96748.4453125,3366.44921875,-725.0917690841075,-0.034634011415678574,0,-2.0873040443261743,-0.0,0.0,0.0,-0.0,-193.21017661187457
2026-01-15 14:31:00+00:00,96773.765625,3365.271484375,-727.3403123603143,-1.1574343023130331,0,-2.248543276206874,-0.0,0.0,0.0,-0.0,-193.21017661187457
2026-01-15 14:32:00+00:00,96727.65625,3367.068115234375,-723.5936925669926,0.6883023369217854,0,3.74661979332177,0.0,0.0,0.0,0.0,-193.21017661187457
2026-01-15 14:33:00+00:00,96619.109375,3358.60595703125,-727.4653481865435,-1.2698438194836519,0,-3.871655619550893,-0.0,0.0,0.0,-0.0,-193.21017661187457
2026-01-15 14:34:00+00:00,96628.6171875,3359.9755859375,-726.4978095094721,-0.7977005789274587,0,0.9675386770713885,0.0,0.0,0.0,0.0,-193.21017661187457
2026-01-15 14:35:00+00:00,96522.3984375,3357.83544921875,-724.1459012356877,0.3792422151680231,0,2.3519082737843746,0.0,0.0,0.0,0.0,-193.21017661187457
2026-01-15 14:36:00+00:00,96448.2265625,3356.922119140625,-721.9224649737776,1.4881348984000937,0,2.2234362619101375,0.0,0.0,0.0,0.0,-193.21017661187457
2026-01-15 14:37:00+00:00,96306.515625,3352.447509765625,-720.4040466847896,2.1653009490871473,-1,1.5184182889879594,0.0,1.0,3.352447509765625,-3.352447509765625,-196.5626241216402
2026-01-15 14:38:00+00:00,96396.0546875,3353.565673828125,-723.072535142107,0.778815166380333,-1,-2.6684884573173804,2.6684884573173804,0.0,0.0,2.6684884573173804,-193.89413566432282
2026-01-15 14:39:00+00:00,96181.40625,3345.586669921875,-721.9739473912605,1.2994456625663733,-1,1.098587750846491,-1.098587750846491,0.0,0.0,-1.098587750846491,-194.9927234151693
2026-01-15 14:40:00+00:00,96164.625,3342.623046875,-724.2278828356079,0.12130675223701877,0,-2.253935444347462,2.253935444347462,1.0,3.342623046875,-1.0886876025275378,-196.08141101769684
2026-01-15 14:41:00+00:00,96104.625,3339.884765625,-724.4287335514314,0.009849597045447708,0,-0.20085071582343517,-0.0,0.0,0.0,-0.0,-196.08141101769684
2026-01-15 14:42:00+00:00,96026.671875,3337.790771484375,-723.2260503652315,0.6203079038302027,0,1.2026831861999199,0.0,0.0,0.0,0.0,-196.08141101769684
2026-01-15 14:43:00+00:00,95985.2421875,3337.02880859375,-722.2359306877916,1.1048229857267933,0,0.9901196774399068,0.0,0.0,0.0,0.0,-196.08141101769684
2026-01-15 14:44:00+00:00,95929.7578125,3336.412841796875,-720.5054350297551,1.9178318890053005,0,1.7304956580364887,0.0,0.0,0.0,0.0,-196.08141101769684
2026-01-15 14:45:00+00:00,95816.2734375,3333.602294921875,-718.5166699334727,2.684362792769285,-1,1.98876509628235,0.0,1.0,3.333602294921875,-3.333602294921875,-199.41501331261873
2026-01-15 14:46:00+00:00,95707.84375,3328.48046875,-719.0529494407856,2.2883719153692494,-1,-0.5362795073128837,0.5362795073128837,0.0,0.0,0.5362795073128837,-198.87873380530584
2026-01-15 14:47:00+00:00,95627.9453125,3324.467529296875,-719.6869433114857,1.9095768366867252,-1,-0.6339938707001238,0.6339938707001238,0.0,0.0,0.6339938707001238,-198.24473993460572
2026-01-15 14:48:00+00:00,95670.5078125,3326.613037109375,-719.3414252841671,1.9595980464431784,-1,0.34551802731857606,-0.34551802731857606,0.0,0.0,-0.34551802731857606,-198.5902579619243
2026-01-15 14:49:00+00:00,95797.1171875,3334.512451171875,-716.7963861223006,2.7821124621509874,-1,2.545039161866498,-2.545039161866498,0.0,0.0,-2.545039161866498,-201.1352971237908
2026-01-15 14:50:00+00:00,95976.796875,3343.17919921875,-715.7283834993223,3.019591469727435,-1,1.0680026229783834,-1.0680026229783834,0.0,0.0,-1.0680026229783834,-202.20329974676918
2026-01-15 14:52:00+00:00,96011.625,3342.38720703125,-717.9932748172077,2.08165835223019,-1,-2.2648913178854855,2.2648913178854855,0.0,0.0,2.2648913178854855,-199.9384084288837
2026-01-15 14:53:00+00:00,95962.40625,3340.662841796875,-717.6361540665162,2.1013428862987857,-1,0.35712075069159255,-0.35712075069159255,0.0,0.0,-0.35712075069159255,-200.29552917957528
2026-01-15 14:54:00+00:00,96130.4140625,3348.185546875,-717.2185848786862,2.12704873185341,-1,0.41756918782994035,-0.41756918782994035,0.0,0.0,-0.41756918782994035,-200.71309836740522
2026-01-15 14:55:00+00:00,96271.828125,3353.947265625,-717.4373387978435,1.9631486499954023,-1,-0.2187539191572796,0.2187539191572796,0.0,0.0,0.2187539191572796,-200.49434444824794
2026-01-15 14:57:00+00:00,96150.6171875,3348.9072265625,-717.3513056288657,1.9062600948552124,-1,0.08603316897779223,-0.08603316897779223,0.0,0.0,-0.08603316897779223,-200.58037761722574
2026-01-15 14:58:00+00:00,96043.9609375,3342.466796875,-719.2811882261863,1.2759386811487696,-1,-1.9298825973205567,1.9298825973205567,0.0,0.0,1.9298825973205567,-198.65049501990518
2026-01-15 14:59:00+00:00,96019.609375,3340.79736328125,-719.9207818492296,1.052841948769859,-1,-0.6395936230433108,0.6395936230433108,0.0,0.0,0.6395936230433108,-198.01090139686187
2026-01-15 15:00:00+00:00,96027.8515625,3341.322998046875,-719.7437133874532,1.0774357397777155,-1,0.1770684617763436,-0.1770684617763436,0.0,0.0,-0.1770684617763436,-198.1879698586382
2026-01-15 15:02:00+00:00,96206.9921875,3347.9658203125,-720.6768393182692,0.7763118596513544,-1,-0.9331259308160043,0.9331259308160043,0.0,0.0,0.9331259308160043,-197.2548439278222
2026-01-15 15:03:00+00:00,96206.140625,3347.918212890625,-720.6884337286565,0.752072559429885,-1,-0.011594410387260723,0.011594410387260723,0.0,0.0,0.011594410387260723,-197.24324951743495
2026-01-15 15:04:00+00:00,96122.875,3344.024169921875,-721.061131042035,0.6229177423094133,-1,-0.3726973133784668,0.3726973133784668,0.0,0.0,0.3726973133784668,-196.87055220405648
2026-01-15 15:05:00+00:00,96090.2421875,3342.182373046875,-721.5228696694758,0.4734715396713348,0,-0.46173862744080907,0.46173862744080907,1.0,3.342182373046875,-2.880443745606066,-199.75099594966255
2026-01-15 15:06:00+00:00,96093.40625,3342.312744140625,-721.5263083890513,0.45946318756443477,0,-0.0034387195755698485,-0.0,0.0,0.0,-0.0,-199.75099594966255
2026-01-15 15:07:00+00:00,96077.9765625,3343.461669921875,-719.7248532712129,0.9625677590529559,0,1.8014551178384863,0.0,0.0,0.0,0.0,-199.75099594966255
2026-01-15 15:08:00+00:00,95907.921875,3337.41064453125,-718.5841793861323,1.2540543146729808,0,1.1406738850805596,0.0,0.0,0.0,0.0,-199.75099594966255
2026-01-15 15:09:00+00:00,95972.8828125,3339.96923828125,-718.7728167418195,1.1588350063125947,0,-0.18863735568720585,-0.0,0.0,0.0,-0.0,-199.75099594966255
2026-01-15 15:10:00+00:00,96249.34375,3351.585693359375,-718.8480354023541,1.103940789814685,0,-0.07521866053457416,-0.0,0.0,0.0,-0.0,-199.75099594966255
2026-01-15 15:11:00+00:00,96211.265625,3350.605224609375,-718.2181608680339,1.2525643117095828,0,0.6298745343201517,0.0,0.0,0.0,0.0,-199.75099594966255
2026-01-15 15:12:00+00:00,96282.515625,3353.060546875,-718.7760373617439,1.052054789260743,0,-0.557876493709955,-0.0,0.0,0.0,-0.0,-199.75099594966255
2026-01-15 15:13:00+00:00,96275.7890625,3351.300537109375,-720.2515773760765,0.5869958693444122,0,-1.475540014332637,-0.0,0.0,0.0,-0.0,-199.75099594966255
2026-01-15 15:14:00+00:00,96226.09375,3349.276123046875,-720.1743513828606,0.5875968055070757,0,0.07722599321596135,0.0,0.0,0.0,0.0,-199.75099594966255
2026-01-15 15:15:00+00:00,96199.609375,3348.341796875,-719.9886398580093,0.6189135776272047,0,0.1857115248512855,0.0,0.0,0.0,0.0,-199.75099594966255
2026-01-15 15:16:00+00:00,96198.140625,3348.775390625,-719.4929319230582,0.7427520341780751,0,0.49570793495104226,0.0,0.0,0.0,0.0,-199.75099594966255
2026-01-15 15:17:00+00:00,96225.921875,3346.77294921875,-722.6702565297678,-0.25484150136701467,0,-3.1773246067095897,-0.0,0.0,0.0,-0.0,-199.75099594966255
2026-01-15 15:18:00+00:00,96331.9296875,3351.892578125,-722.0337519618306,-0.08001934352743251,0,0.6365045679372088,0.0,0.0,0.0,0.0,-199.75099594966255
2026-01-15 15:19:00+00:00,96284.875,3348.739013671875,-723.1973497343115,-0.48082468666267275,0,-1.1635977724808981,-0.0,0.0,0.0,-0.0,-199.75099594966255
2026-01-15 15:20:00+00:00,96290.984375,3348.467041015625,-723.7276909683906,-0.6853913351347379,0,-0.5303412340790601,-0.0,0.0,0.0,-0.0,-199.75099594966255
2026-01-15 15:21:00+00:00,96186.8125,3344.263916015625,-723.5253343612667,-0.6498303096153913,0,0.2023566071238747,0.0,0.0,0.0,0.0,-199.75099594966255
2026-01-15 15:22:00+00:00,96145.90625,3342.112548828125,-723.946755418956,-0.8357292903569983,0,-0.4214210576892583,-0.0,0.0,0.0,-0.0,-199.75099594966255
2026-01-15 15:23:00+00:00,96117.1015625,3340.736572265625,-724.1045670882909,-0.9332545541158193,0,-0.15781166933493296,-0.0,0.0,0.0,-0.0,-199.75099594966255
2026-01-15 15:24:00+00:00,96036.3125,3338.034423828125,-723.390104958874,-0.6982718621674168,0,0.7144621294169156,0.0,0.0,0.0,0.0,-199.75099594966255
2026-01-15 15:25:00+00:00,96039.953125,3337.510009765625,-724.0684829053489,-0.9606492735257977,0,-0.6783779464749387,-0.0,0.0,0.0,-0.0,-199.75099594966255
2026-01-15 15:26:00+00:00,95841.8359375,3328.20556640625,-724.9944495829291,-1.2937291846272165,0,-0.9259666775801634,-0.0,0.0,0.0,-0.0,-199.75099594966255
2026-01-15 15:27:00+00:00,95887.0859375,3330.580322265625,-724.5333392514121,-1.1243740696384474,0,0.46111033151692027,0.0,0.0,0.0,0.0,-199.75099594966255
2026-01-15 15:28:00+00:00,95977.2109375,3335.596435546875,-723.3286580850399,-0.6888190037379569,0,1.204681166372211,0.0,0.0,0.0,0.0,-199.75099594966255
2026-01-15 15:29:00+00:00,95856.5234375,3330.343994140625,-723.4771636980663,-0.7495539087324041,0,-0.14850561302637288,-0.0,0.0,0.0,-0.0,-199.75099594966255
2026-01-15 15:30:00+00:00,95822.90625,3330.75927734375,-721.6401925276805,-0.08370286278926306,0,1.836971170385823,0.0,0.0,0.0,0.0,-199.75099594966255
2026-01-15 15:31:00+00:00,95871.3046875,3333.228515625,-721.2177487984127,0.06109103027774509,0,0.4224437292677976,0.0,0.0,0.0,0.0,-199.75099594966255
2026-01-15 15:32:00+00:00,95896.71875,3334.0703125,-721.4507255598292,-0.03448117646553865,0,-0.23297676141646662,-0.0,0.0,0.0,-0.0,-199.75099594966255
2026-01-15 15:33:00+00:00,95929.640625,3335.604736328125,-721.3085845794931,-0.00531353878923417,0,0.14214098033608025,0.0,0.0,0.0,0.0,-199.75099594966255
2026-01-15 15:34:00+00:00,95935.234375,3336.143310546875,-721.0065728949189,0.07185562875182,0,0.30201168457415406,0.0,0.0,0.0,0.0,-199.75099594966255
2026-01-15 15:35:00+00:00,95928.9140625,3336.199462890625,-720.6831313191183,0.18156930217008707,0,0.3234415758006435,0.0,0.0,0.0,0.0,-199.75099594966255
2026-01-15 15:36:00+00:00,95956.1640625,3337.32763671875,-720.7073738585982,0.13473337271925584,0,-0.024242539479928382,-0.0,0.0,0.0,-0.0,-199.75099594966255
2026-01-15 15:37:00+00:00,95883.46875,3334.565185546875,-720.3955032699901,0.233935454706854,0,0.3118705886081443,0.0,0.0,0.0,0.0,-199.75099594966255
2026-01-15 15:38:00+00:00,95811.984375,3332.18408203125,-719.7534961882561,0.4923534678628566,0,0.6420070817339365,0.0,0.0,0.0,0.0,-199.75099594966255
2026-01-15 15:39:00+00:00,95633.40625,3320.43212890625,-723.9532895280731,-1.3542089596024243,0,-4.199793339817006,-0.0,0.0,0.0,-0.0,-199.75099594966255
2026-01-15 15:40:00+00:00,95632.1328125,3319.196533203125,-725.1350309112668,-1.7903597916345524,0,-1.1817413831936392,-0.0,0.0,0.0,-0.0,-199.75099594966255
2026-01-15 15:41:00+00:00,95645.9453125,3318.496826171875,-726.4188755967389,-2.2317677492574197,1,-1.2838446854721042,-0.0,1.0,3.318496826171875,-3.318496826171875,-203.06949277583442
2026-01-15 15:42:00+00:00,95706.8828125,3320.66162109375,-726.8311585611368,-2.26467201374076,1,-0.41228296439794576,-0.41228296439794576,0.0,0.0,-0.41228296439794576,-203.48177574023237
2026-01-15 15:43:00+00:00,95698.1953125,3320.54541015625,-726.5799707025426,-2.0947258854450252,1,0.2511878585942213,0.2511878585942213,0.0,0.0,0.2511878585942213,-203.23058788163814
2026-01-15 15:44:00+00:00,95863.3203125,3326.195068359375,-727.9135327820159,-2.47962878499521,1,-1.3335620794732677,-1.3335620794732677,0.0,0.0,-1.3335620794732677,-204.5641499611114
2026-01-15 15:45:00+00:00,95821.1171875,3324.86474609375,-727.4590634140964,-2.1990372417277615,1,0.45446936791950066,0.45446936791950066,0.0,0.0,0.45446936791950066,-204.1096805931919
2026-01-15 15:46:00+00:00,95904.1640625,3327.88916015625,-727.9467439581454,-2.2375891001011112,1,-0.48768054404899885,-0.48768054404899885,0.0,0.0,-0.48768054404899885,-204.5973611372409
2026-01-15 15:47:00+00:00,95648.6640625,3309.79248046875,-735.2381986209434,-3.9604557025448877,1,-7.29145466279806,-7.29145466279806,0.0,0.0,-7.29145466279806,-211.88881580003897
2026-01-15 15:48:00+00:00,95633.25,3306.730224609375,-737.6485859329318,-3.937935688221273,1,-2.4103873119884156,-2.4103873119884156,0.0,0.0,-2.4103873119884156,-214.29920311202739
2026-01-15 15:49:00+00:00,95523.1953125,3295.11376953125,-744.6107722695274,-4.5121037732871905,1,-6.9621863365955505,-6.9621863365955505,0.0,0.0,-6.9621863365955505,-221.26138944862294
2026-01-15 15:50:00+00:00,95416.09375,3290.685546875,-744.5096153433524,-3.822230105747084,1,0.10115692617500827,0.10115692617500827,0.0,0.0,0.10115692617500827,-221.16023252244793
2026-01-15 15:51:00+00:00,95608.265625,3300.4462890625,-742.875919546435,-3.162984641877205,1,1.6336957969174364,1.6336957969174364,0.0,0.0,1.6336957969174364,-219.5265367255305
2026-01-15 15:52:00+00:00,95559.4453125,3286.486083984375,-754.7714887641341,-4.188781476326513,1,-11.895569217699176,-11.895569217699176,0.0,0.0,-11.895569217699176,-231.42210594322967
2026-01-15 15:53:00+00:00,95559.0625,3290.129638671875,-751.1117447411948,-3.2929013883710185,1,3.6597440229393214,3.6597440229393214,0.0,0.0,3.6597440229393214,-227.76236192029035
2026-01-15 15:54:00+00:00,95640.9296875,3293.531494140625,-751.1720942942725,-2.9889620739430285,1,-0.060349553077685414,-0.060349553077685414,0.0,0.0,-0.060349553077685414,-227.82271147336803
2026-01-15 15:55:00+00:00,95637.3125,3294.5341796875,-750.0164360472249,-2.638493670955034,1,1.1556582470475405,1.1556582470475405,0.0,0.0,1.1556582470475405,-226.6670532263205
2026-01-15 15:56:00+00:00,95689.2890625,3298.2470703125,-748.5016607013758,-2.320380492156376,1,1.5147753458491025,1.5147753458491025,0.0,0.0,1.5147753458491025,-225.1522778804714
2026-01-15 15:57:00+00:00,95910.7890625,3303.808349609375,-752.3077291265022,-2.5204394783636186,1,-3.806068425126341,-3.806068425126341,0.0,0.0,-3.806068425126341,-228.95834630559773
2026-01-15 15:58:00+00:00,96198.9140625,3309.39453125,-758.9065003635378,-2.8880394247576127,1,-6.598771237035635,-6.598771237035635,0.0,0.0,-6.598771237035635,-235.55711754263336
2026-01-15 15:59:00+00:00,96434.890625,3316.739990234375,-761.5406102964548,-2.854089933383763,1,-2.6341099329169992,-2.6341099329169992,0.0,0.0,-2.6341099329169992,-238.19122747555036
2026-01-15 16:00:00+00:00,96649.9453125,3327.807373046875,-759.567999660293,-2.49514793478365,1,1.9726106361617894,1.9726106361617894,0.0,0.0,1.9726106361617894,-236.21861683938857
2026-01-15 16:01:00+00:00,96742.9921875,3327.36572265625,-763.9446497464965,-2.6290743662495903,1,-4.376650086203426,-4.376650086203426,0.0,0.0,-4.376650086203426,-240.595266925592
2026-01-15 16:03:00+00:00,96402.9453125,3318.707763671875,-758.2218533362661,-2.0730808987690272,1,5.72279641023033,5.72279641023033,0.0,0.0,5.72279641023033,-234.87247051536167
2026-01-15 16:04:00+00:00,96372.609375,3317.23388671875,-758.4128080544683,-1.9788385266375599,1,-0.19095471820219245,-0.19095471820219245,0.0,0.0,-0.19095471820219245,-235.06342523356386
2026-01-15 16:05:00+00:00,96525.3359375,3319.616455078125,-762.4891237462152,-2.1392074574129802,1,-4.076315691746913,-4.076315691746913,0.0,0.0,-4.076315691746913,-239.13974092531078
2026-01-15 16:06:00+00:00,96388.8828125,3315.91015625,-760.4247504766936,-1.8987860237990644,1,2.0643732695216386,2.0643732695216386,0.0,0.0,2.0643732695216386,-237.07536765578914
2026-01-15 16:07:00+00:00,96263.6171875,3311.095947265625,-759.9414124317732,-1.7807374342087856,1,0.48333804492040144,0.48333804492040144,0.0,0.0,0.48333804492040144,-236.59202961086874
2026-01-15 16:08:00+00:00,96273.828125,3311.565673828125,-759.9035116125247,-1.7011833773243905,1,0.03790081924853439,0.03790081924853439,0.0,0.0,0.03790081924853439,-236.5541287916202
2026-01-15 16:09:00+00:00,96269.9609375,3311.65673828125,-759.6489018320012,-1.6161409497162222,1,0.254609780523424,0.254609780523424,0.0,0.0,0.254609780523424,-236.29951901109678
2026-01-15 16:10:00+00:00,96269.1796875,3312.3447265625,-758.9278740906711,-1.5102531445363614,1,0.7210277413300901,0.7210277413300901,0.0,0.0,0.7210277413300901,-235.5784912697667
2026-01-15 16:11:00+00:00,96305.015625,3315.839599609375,-756.9485210776852,-1.3379390230802073,1,1.9793530129859391,1.9793530129859391,0.0,0.0,1.9793530129859391,-233.59913825678075
2026-01-15 16:12:00+00:00,96366.1328125,3319.296142578125,-756.0766550710264,-1.2404685035038732,1,0.87186600665882,0.87186600665882,0.0,0.0,0.87186600665882,-232.72727225012193
2026-01-15 16:13:00+00:00,96360.1015625,3317.20703125,-757.9107017673305,-1.3061904474651855,1,-1.8340466963040853,-1.8340466963040853,0.0,0.0,-1.8340466963040853,-234.561318946426
2026-01-15 16:14:00+00:00,96321.09375,3315.750244140625,-757.7178286348899,-1.2499288859801108,1,0.19287313244058168,0.19287313244058168,0.0,0.0,0.19287313244058168,-234.36844581398543
2026-01-15 16:15:00+00:00,96307.90625,3315.076904296875,-757.8334623924825,-1.2144335141249962,1,-0.11563375759260452,-0.11563375759260452,0.0,0.0,-0.11563375759260452,-234.48407957157804
2026-01-15 16:16:00+00:00,96375.25,3317.9580078125,-757.8003603357902,-1.1720753514177837,1,0.03310205669231436,0.03310205669231436,0.0,0.0,0.03310205669231436,-234.45097751488572
2026-01-15 16:17:00+00:00,96438.28125,3319.351318359375,-759.0726734282039,-1.2076016663332254,1,-1.2723130924136967,-1.2723130924136967,0.0,0.0,-1.2723130924136967,-235.72329060729942
2026-01-15 16:18:00+00:00,96427.75,3319.57421875,-758.4044011156943,-1.1283577596479257,1,0.6682723125095436,0.6682723125095436,0.0,0.0,0.6682723125095436,-235.05501829478987
2026-01-15 16:19:00+00:00,96369.3515625,3318.39892578125,-757.1099944434327,-1.0159804504159498,1,1.2944066722616299,1.2944066722616299,0.0,0.0,1.2944066722616299,-233.76061162252824
2026-01-15 16:20:00+00:00,96382.8046875,3319.058349609375,-757.0195101178929,-0.977416986448927,1,0.09048432553981911,0.09048432553981911,0.0,0.0,0.09048432553981911,-233.67012729698843
2026-01-15 16:21:00+00:00,96397.625,3320.028076171875,-756.6765421131186,-0.9252522591050958,1,0.34296800477432043,0.34296800477432043,0.0,0.0,0.34296800477432043,-233.3271592922141
2026-01-15 16:22:00+00:00,96429.4453125,3322.033935546875,-756.0163799471939,-0.8558030247974566,1,0.660162165924703,0.660162165924703,0.0,0.0,0.660162165924703,-232.6669971262894
2026-01-15 16:23:00+00:00,96473.671875,3323.06494140625,-756.8557379229719,-0.8767191247225194,1,-0.8393579757780572,-0.8393579757780572,0.0,0.0,-0.8393579757780572,-233.50635510206746
2026-01-15 16:24:00+00:00,96475.9453125,3323.521728515625,-756.4950956424309,-0.8259540067817902,1,0.36064228054101477,0.36064228054101477,0.0,0.0,0.36064228054101477,-233.14571282152644
2026-01-15 16:25:00+00:00,96505.71875,3324.64501953125,-756.6309384504707,-0.8059445020628645,1,-0.1358428080397971,-0.1358428080397971,0.0,0.0,-0.1358428080397971,-233.28155562956624
2026-01-15 16:26:00+00:00,96462.203125,3323.163818359375,-756.2718416958664,-0.7564597094010587,1,0.35909675460425206,0.35909675460425206,0.0,0.0,0.35909675460425206,-232.922458874962
2026-01-15 16:27:00+00:00,96459.3984375,3322.832763671875,-756.4842847216773,-0.7426165672855382,1,-0.2124430258108987,-0.2124430258108987,0.0,0.0,-0.2124430258108987,-233.1349019007729
2026-01-15 16:28:00+00:00,96393.28125,3318.77392578125,-757.7469931056962,-0.7936690203121799,1,-1.2627083840188789,-1.2627083840188789,0.0,0.0,-1.2627083840188789,-234.39761028479177
2026-01-15 16:29:00+00:00,96314.5078125,3314.18310546875,-759.0064446582869,-0.8445000126546524,1,-1.25945155259069,-1.25945155259069,0.0,0.0,-1.25945155259069,-235.65706183738246
2026-01-15 16:30:00+00:00,96373.1640625,3315.369873046875,-760.3002797430004,-0.8975465005436797,1,-1.2938350847134643,-1.2938350847134643,0.0,0.0,-1.2938350847134643,-236.95089692209592
2026-01-15 16:31:00+00:00,96493.7890625,3321.35009765625,-759.4213477700428,-0.8137069203656534,1,0.8789319729576164,0.8789319729576164,0.0,0.0,0.8789319729576164,-236.0719649491383
2026-01-15 16:32:00+00:00,96449.9453125,3319.937255859375,-758.9800150672045,-0.7587342550367993,1,0.44133270283828097,0.44133270283828097,0.0,0.0,0.44133270283828097,-235.63063224630002
2026-01-15 16:33:00+00:00,96420.7578125,3319.412353515625,-758.2705631823496,-0.6858490019952734,1,0.7094518848548432,0.7094518848548432,0.0,0.0,0.7094518848548432,-234.92118036144518
2026-01-15 16:34:00+00:00,96405.1328125,3318.105224609375,-758.9169028869915,-0.7052973554562669,1,-0.6463397046418322,-0.6463397046418322,0.0,0.0,-0.6463397046418322,-235.567520066087
2026-01-15 16:35:00+00:00,96365.8046875,3316.81787109375,-758.5410499821678,-0.6545804374378786,1,0.37585290482365963,0.37585290482365963,0.0,0.0,0.37585290482365963,-235.19166716126335
2026-01-15 16:36:00+00:00,96340.2578125,3315.02294921875,-759.2555815125379,-0.6833804512935181,1,-0.7145315303700954,-0.7145315303700954,0.0,0.0,-0.7145315303700954,-235.90619869163345
2026-01-15 16:37:00+00:00,96369.6640625,3314.112060546875,-761.4100754618398,-0.8251846402336467,1,-2.154493949301923,-2.154493949301923,0.0,0.0,-2.154493949301923,-238.06069264093537
2026-01-15 16:38:00+00:00,96457.8359375,3319.146240234375,-760.1047292390167,-0.7038960983510171,1,1.3053462228231183,1.3053462228231183,0.0,0.0,1.3053462228231183,-236.75534641811225
2026-01-15 16:39:00+00:00,96462.5,3318.926025390625,-760.5221896594467,-0.7226790028094391,1,-0.41746042042996123,-0.41746042042996123,0.0,0.0,-0.41746042042996123,-237.17280683854221
2026-01-15 16:40:00+00:00,96475.046875,3319.508544921875,-760.4702838570884,-0.699674330792162,1,0.051905802358305664,0.051905802358305664,0.0,0.0,0.051905802358305664,-237.1209010361839
2026-01-15 16:41:00+00:00,96499.9296875,3319.359130859375,-761.6720047231497,-0.7942147546234106,1,-1.2017208660613505,-1.2017208660613505,0.0,0.0,-1.2017208660613505,-238.32262190224526
2026-01-15 16:42:00+00:00,96617.65625,3322.948974609375,-763.0608772126689,-0.9171864780595936,1,-1.3888724895191444,-1.3888724895191444,0.0,0.0,-1.3888724895191444,-239.7114943917644
2026-01-15 16:43:00+00:00,96757.4453125,3327.44677734375,-764.4748250704843,-1.0587692104925295,1,-1.4139478578154012,-1.4139478578154012,0.0,0.0,-1.4139478578154012,-241.1254422495798
2026-01-15 16:44:00+00:00,96754.4296875,3328.1416015625,-763.6524685358236,-0.9762882389646714,1,0.8223565346606847,0.8223565346606847,0.0,0.0,0.8223565346606847,-240.30308571491912
2026-01-15 16:45:00+00:00,96717.8828125,3326.90966796875,-763.3388161870116,-0.9511026880771457,1,0.31365234881195647,0.31365234881195647,0.0,0.0,0.31365234881195647,-239.98943336610716
2026-01-15 16:46:00+00:00,96671.3359375,3324.61376953125,-763.6662235929198,-1.030075406086486,1,-0.3274074059081613,-0.3274074059081613,0.0,0.0,-0.3274074059081613,-240.31684077201533
2026-01-15 16:47:00+00:00,96735.921875,3327.67919921875,-763.3321660702686,-1.0521136465868024,1,0.3340575226511646,0.3340575226511646,0.0,0.0,0.3340575226511646,-239.98278324936416
2026-01-15 16:48:00+00:00,96644.7265625,3326.207275390625,-760.9473937232056,-0.6601986940302901,1,2.3847723470630626,2.3847723470630626,0.0,0.0,2.3847723470630626,-237.5980109023011
2026-01-15 16:49:00+00:00,96681.8046875,3327.599609375,-761.1231125142476,-0.7088457734788085,1,-0.17571879104207255,-0.17571879104207255,0.0,0.0,-0.17571879104207255,-237.77372969334317
2026-01-15 16:50:00+00:00,96663.65625,3327.6962890625,-760.2589261690791,-0.5007771589330376,1,0.8641863451684912,0.8641863451684912,0.0,0.0,0.8641863451684912,-236.90954334817468
2026-01-15 16:51:00+00:00,96609.5078125,3325.38525390625,-760.2799963471552,-0.48792769129822616,0,-0.021070178076115553,-0.021070178076115553,1.0,3.32538525390625,-3.3464554319823656,-240.25599878015706
2026-01-15 16:52:00+00:00,96554.7265625,3325.246826171875,-758.1016971406907,0.15999847908013454,0,2.178299206464544,0.0,0.0,0.0,0.0,-240.25599878015706
2026-01-15 16:53:00+00:00,96587.3515625,3325.577880859375,-759.1503703061494,-0.13528707030614484,0,-1.0486731654586947,-0.0,0.0,0.0,-0.0,-240.25599878015706
2026-01-15 16:54:00+00:00,96587.3359375,3324.04052734375,-760.6870630325725,-0.5804959096040027,0,-1.536692726423098,-0.0,0.0,0.0,-0.0,-240.25599878015706
2026-01-15 16:55:00+00:00,96602.140625,3326.368896484375,-758.9847916604717,0.003761693031404263,0,1.7022713721007676,0.0,0.0,0.0,0.0,-240.25599878015706
2026-01-15 16:56:00+00:00,96641.390625,3326.939453125,-760.0741374942872,-0.3336385217326659,0,-1.0893458338155142,-0.0,0.0,0.0,-0.0,-240.25599878015706
2026-01-15 16:57:00+00:00,96664.515625,3327.056884765625,-760.9346738720428,-0.664966114741582,0,-0.8605363777555795,-0.0,0.0,0.0,-0.0,-240.25599878015706
2026-01-15 16:58:00+00:00,96737.2265625,3329.83251953125,-761.2340216561029,-0.7889908765302289,0,-0.29934778406004625,-0.0,0.0,0.0,-0.0,-240.25599878015706
2026-01-15 16:59:00+00:00,96797.609375,3332.88818359375,-760.7319774632188,-0.5429358494637323,0,0.5020441928841137,0.0,0.0,0.0,0.0,-240.25599878015706
2026-01-15 17:00:00+00:00,96696.2578125,3330.1865234375,-759.1474284632354,0.16777486566622266,0,1.5845489999833262,0.0,0.0,0.0,0.0,-240.25599878015706
2026-01-15 17:01:00+00:00,96727.859375,3331.31982421875,-759.3505738422386,0.07212441039263265,0,-0.20314537900321739,-0.0,0.0,0.0,-0.0,-240.25599878015706
2026-01-15 17:02:00+00:00,96754.4765625,3334.301025390625,-757.4950270753034,0.9080332537102442,0,1.8555467669352765,0.0,0.0,0.0,0.0,-240.25599878015706
2026-01-15 17:03:00+00:00,96696.6640625,3332.712890625,-756.6382417949771,1.288762250645584,0,0.8567852803262213,0.0,0.0,0.0,0.0,-240.25599878015706
2026-01-15 17:04:00+00:00,96636.140625,3331.118408203125,-755.6731572444219,1.682534565376794,0,0.9650845505552752,0.0,0.0,0.0,0.0,-240.25599878015706
2026-01-15 17:05:00+00:00,96646.8046875,3330.567626953125,-756.6749271245194,1.184141218284982,0,-1.0017698800975268,-0.0,0.0,0.0,-0.0,-240.25599878015706
2026-01-15 17:06:00+00:00,96675.8359375,3332.40478515625,-756.065515257983,1.4118016137265401,0,0.6094118665364476,0.0,0.0,0.0,0.0,-240.25599878015706
2026-01-15 17:07:00+00:00,96512.9765625,3325.590576171875,-755.9923183939932,1.392847903266401,0,0.07319686398977865,0.0,0.0,0.0,0.0,-240.25599878015706
2026-01-15 17:08:00+00:00,96513.578125,3325.12060546875,-756.48772948138,1.133181457438613,0,-0.4954110873868558,-0.0,0.0,0.0,-0.0,-240.25599878015706
2026-01-15 17:09:00+00:00,96431.859375,3320.361083984375,-757.7913234413427,0.5384049058049714,0,-1.3035939599626545,-0.0,0.0,0.0,-0.0,-240.25599878015706
2026-01-15 17:10:00+00:00,96464.2734375,3320.498779296875,-759.0244353275793,-0.00850092851124873,0,-1.2331118862366566,-0.0,0.0,0.0,-0.0,-240.25599878015706
2026-01-15 17:11:00+00:00,96511.109375,3322.53173828125,-758.9721919750259,0.029894417674931475,0,0.05224335255343249,0.0,0.0,0.0,0.0,-240.25599878015706
2026-01-15 17:12:00+00:00,96534.609375,3324.133544921875,-758.3642122936199,0.3235600278503083,0,0.6079796814060501,0.0,0.0,0.0,0.0,-240.25599878015706
2026-01-15 17:13:00+00:00,96523.8828125,3323.835693359375,-758.2084320692156,0.39693279697740413,0,0.155780224404225,0.0,0.0,0.0,0.0,-240.25599878015706
2026-01-15 17:14:00+00:00,96527.2578125,3323.47998046875,-758.7068754273882,0.1785101676767485,0,-0.498443358172608,-0.0,0.0,0.0,-0.0,-240.25599878015706
2026-01-15 17:15:00+00:00,96490.765625,3320.253662109375,-760.3899206064066,-0.5690969942665627,0,-1.683045179018336,-0.0,0.0,0.0,-0.0,-240.25599878015706
2026-01-15 17:16:00+00:00,96407.2578125,3316.305419921875,-760.8065749059101,-0.7350837830308787,0,-0.4166542995035343,-0.0,0.0,0.0,-0.0,-240.25599878015706
2026-01-15 17:17:00+00:00,96448.6328125,3316.883544921875,-761.9782197117693,-1.2299194915545304,0,-1.1716448058591595,-0.0,0.0,0.0,-0.0,-240.25599878015706
2026-01-15 17:18:00+00:00,96504.078125,3319.1552734375,-762.0513016780519,-1.2209503068214493,0,-0.0730819662826434,-0.0,0.0,0.0,-0.0,-240.25599878015706
2026-01-15 17:19:00+00:00,96530.4921875,3321.56396484375,-760.759674417121,-0.6236747479680678,0,1.291627260930909,0.0,0.0,0.0,0.0,-240.25599878015706
2026-01-15 17:20:00+00:00,96502.0859375,3321.50634765625,-759.6159768360967,-0.09516182719817717,0,1.1436975810242984,0.0,0.0,0.0,0.0,-240.25599878015706
2026-01-15 17:21:00+00:00,96521.78125,3320.967041015625,-760.9882082653494,-0.686844961998291,0,-1.372231429252679,-0.0,0.0,0.0,-0.0,-240.25599878015706
2026-01-15 17:22:00+00:00,96537.046875,3322.2998046875,-760.3010356434456,-0.3493496027023596,0,0.6871726219037555,0.0,0.0,0.0,0.0,-240.25599878015706
2026-01-15 17:23:00+00:00,96580.8828125,3322.739990234375,-761.7146942016834,-0.9727534919806932,0,-1.4136585582377847,-0.0,0.0,0.0,-0.0,-240.25599878015706
2026-01-15 17:24:00+00:00,96573.7890625,3323.88427734375,-760.2704087947782,-0.2747762155201392,0,1.4442854069052373,0.0,0.0,0.0,0.0,-240.25599878015706
2026-01-15 17:25:00+00:00,96535.9609375,3321.8583984375,-760.6965170439339,-0.4524798451235517,0,-0.42610824915573176,-0.0,0.0,0.0,-0.0,-240.25599878015706
2026-01-15 17:26:00+00:00,96566.921875,3323.41552734375,-760.4487419406714,-0.30655195497633725,0,0.24777510326248375,0.0,0.0,0.0,0.0,-240.25599878015706
2026-01-15 17:27:00+00:00,96579.96875,3323.780517578125,-760.6355106896394,-0.37320646773666255,0,-0.18676874896800655,-0.0,0.0,0.0,-0.0,-240.25599878015706
2026-01-15 17:28:00+00:00,96604.0703125,3325.447509765625,-759.9877858456202,-0.02664383814488465,0,0.6477248440191943,0.0,0.0,0.0,0.0,-240.25599878015706
2026-01-15 17:29:00+00:00,96637.078125,3325.74853515625,-761.0826776433933,-0.5685352593964451,0,-1.0948917977730162,-0.0,0.0,0.0,-0.0,-240.25599878015706
2026-01-15 17:30:00+00:00,96642.1875,3325.318359375,-761.7289314935692,-0.8809321828943678,0,-0.6462538501759809,-0.0,0.0,0.0,-0.0,-240.25599878015706
2026-01-15 17:31:00+00:00,96665.65625,3326.75634765625,-761.2834485931353,-0.6371836438576783,0,0.44548290043394445,0.0,0.0,0.0,0.0,-240.25599878015706
2026-01-15 17:32:00+00:00,96666.4375,3326.36767578125,-761.7051599282154,-0.8248579247368296,0,-0.42171133508009007,-0.0,0.0,0.0,-0.0,-240.25599878015706
2026-01-15 17:33:00+00:00,96677.8046875,3325.854248046875,-762.6993118067608,-1.2800825227003871,0,-0.9941518785453809,-0.0,0.0,0.0,-0.0,-240.25599878015706
2026-01-15 17:34:00+00:00,96688.6484375,3326.912109375,-762.100038184552,-0.9489231063624498,0,0.5992736222087842,0.0,0.0,0.0,0.0,-240.25599878015706
2026-01-15 17:35:00+00:00,96726.8984375,3327.49169921875,-763.1380603063394,-1.411994603211421,0,-1.038022121787435,-0.0,0.0,0.0,-0.0,-240.25599878015706
2026-01-15 17:37:00+00:00,96756.4921875,3329.450927734375,-762.430366538561,-1.0297253056961444,0,0.7076937677784372,0.0,0.0,0.0,0.0,-240.25599878015706
2026-01-15 17:38:00+00:00,96831.1953125,3331.8447265625,-763.1958008833262,-1.3705159318562934,0,-0.7654343447652536,-0.0,0.0,0.0,-0.0,-240.25599878015706
2026-01-15 17:39:00+00:00,96804.7109375,3330.14892578125,-763.7715639678499,-1.583771937402969,0,-0.5757630845237145,-0.0,0.0,0.0,-0.0,-240.25599878015706
2026-01-15 17:40:00+00:00,96785.8125,3328.43603515625,-764.6852300535043,-1.9185959438645128,0,-0.9136660856543131,-0.0,0.0,0.0,-0.0,-240.25599878015706
2026-01-15 17:41:00+00:00,96840.53125,3328.9541015625,-766.4812474312871,-2.5395152333247535,1,-1.7960173777828459,-0.0,1.0,3.3289541015625,-3.3289541015625,-243.58495288171954
2026-01-15 17:42:00+00:00,96866.6015625,3328.3125,-768.2253757766712,-2.9893218125268413,1,-1.7441283453840697,-1.7441283453840697,0.0,0.0,-1.7441283453840697,-245.32908122710361
2026-01-15 17:43:00+00:00,97015.3515625,3330.6240234375,-772.2045655384836,-3.9019622332914397,1,-3.9791897618124494,-3.9791897618124494,0.0,0.0,-3.9791897618124494,-249.30827098891606
2026-01-15 17:44:00+00:00,96946.25,3329.428466796875,-770.4777819349947,-3.042632112568201,1,1.7267836034889115,1.7267836034889115,0.0,0.0,1.7267836034889115,-247.58148738542715
2026-01-15 17:45:00+00:00,96919.8671875,3329.419677734375,-769.3708284305794,-2.5247001088284637,1,1.1069535044152872,1.1069535044152872,0.0,0.0,1.1069535044152872,-246.47453388101187
2026-01-15 17:46:00+00:00,96936.2578125,3330.13232421875,-769.3513498186912,-2.3743448640032545,1,0.019478611888189334,0.019478611888189334,0.0,0.0,0.019478611888189334,-246.45505526912368
2026-01-15 17:47:00+00:00,96911.0703125,3330.275146484375,-768.1433353600733,-1.9457402768817957,1,1.2080144586179813,1.2080144586179813,0.0,0.0,1.2080144586179813,-245.2470408105057
2026-01-15 17:48:00+00:00,96936.546875,3329.2763671875,-770.2195314501714,-2.3792153040277517,1,-2.076196090098165,-2.076196090098165,0.0,0.0,-2.076196090098165,-247.32323690060386
2026-01-15 17:49:00+00:00,96996.8359375,3329.428955078125,-772.6165986939523,-2.7664854191020103,1,-2.397067243780839,-2.397067243780839,0.0,0.0,-2.397067243780839,-249.7203041443847
2026-01-15 17:50:00+00:00,96823.859375,3319.120849609375,-775.6094373062961,-3.1451263831902767,1,-2.992838612343803,-2.992838612343803,0.0,0.0,-2.992838612343803,-252.7131427567285
2026-01-15 17:51:00+00:00,96781.65625,3317.786865234375,-775.1586300477516,-2.7826589622920173,1,0.45080725854450066,0.45080725854450066,0.0,0.0,0.45080725854450066,-252.262335498184
2026-01-15 17:52:00+00:00,96792.546875,3317.90087890625,-775.5051864493976,-2.632675607410266,1,-0.3465564016460121,-0.3465564016460121,0.0,0.0,-0.3465564016460121,-252.60889189983
2026-01-15 17:53:00+00:00,96787.09375,3318.12890625,-775.0465436742861,-2.37543189273005,1,0.458642775111457,0.458642775111457,0.0,0.0,0.458642775111457,-252.15024912471856
2026-01-15 17:54:00+00:00,96664.4453125,3306.078857421875,-781.9097276643856,-3.2706142797109266,1,-6.863183990099515,-6.863183990099515,0.0,0.0,-6.863183990099515,-259.0134331148181
2026-01-15 17:55:00+00:00,96630.5,3303.629150390625,-782.9238701551412,-3.093986508311659,1,-1.014142490755603,-1.014142490755603,0.0,0.0,-1.014142490755603,-260.0275756055737
2026-01-15 17:56:00+00:00,96565.1796875,3301.75341796875,-782.0371733196916,-2.71446016908166,1,0.8866968354495839,0.8866968354495839,0.0,0.0,0.8866968354495839,-259.1408787701241
2026-01-15 17:57:00+00:00,96556.328125,3302.64990234375,-780.7663518619806,-2.3594940590835036,1,1.2708214577110084,1.2708214577110084,0.0,0.0,1.2708214577110084,-257.8700573124131
2026-01-15 17:58:00+00:00,96573.84375,3303.78173828125,-780.3752606194839,-2.1687398343649225,1,0.3910912424967137,0.3910912424967137,0.0,0.0,0.3910912424967137,-257.4789660699164
2026-01-15 17:59:00+00:00,96598.6328125,3304.694091796875,-780.5112491722107,-2.066441844306848,1,-0.13598855272675792,-0.13598855272675792,0.0,0.0,-0.13598855272675792,-257.61495462264315
2026-01-15 18:00:00+00:00,96548.8515625,3299.1123046875,-783.9877618852611,-2.3540858643333213,1,-3.476512713050397,-3.476512713050397,0.0,0.0,-3.476512713050397,-261.09146733569355
2026-01-15 18:01:00+00:00,96545.171875,3300.253662109375,-782.6907886064073,-2.072710835850916,1,1.296973278853784,1.296973278853784,0.0,0.0,1.296973278853784,-259.79449405683977
2026-01-15 18:02:00+00:00,96519.421875,3300.864990234375,-780.9904798771563,-1.782454611682253,1,1.7003087292509917,1.7003087292509917,0.0,0.0,1.7003087292509917,-258.0941853275888
2026-01-15 18:03:00+00:00,96554.703125,3302.475830078125,-780.8717020506383,-1.6936180789120554,1,0.11877782651799862,0.11877782651799862,0.0,0.0,0.11877782651799862,-257.9754075010708
2026-01-15 18:04:00+00:00,96524.375,3301.431640625,-780.6332996634414,-1.6006642425264022,1,0.23840238719685658,0.23840238719685658,0.0,0.0,0.23840238719685658,-257.7370051138739
2026-01-15 18:05:00+00:00,96546.5703125,3303.223876953125,-779.7797143962011,-1.4503257717639948,1,0.8535852672403053,0.8535852672403053,0.0,0.0,0.8535852672403053,-256.8834198466336
2026-01-15 18:06:00+00:00,96522.7890625,3299.82763671875,-782.170233465728,-1.653430891210377,1,-2.3905190695268175,-2.3905190695268175,0.0,0.0,-2.3905190695268175,-259.27393891616043
2026-01-15 18:07:00+00:00,96550.078125,3300.128662109375,-783.0232764157122,-1.6806163024760836,1,-0.8530429499842285,-0.8530429499842285,0.0,0.0,-0.8530429499842285,-260.12698186614466
2026-01-15 18:08:00+00:00,96570.9765625,3300.65087890625,-783.3848651759886,-1.6552200338170737,1,-0.36158876027639053,-0.36158876027639053,0.0,0.0,-0.36158876027639053,-260.48857062642105
2026-01-15 18:09:00+00:00,96555.1015625,3300.33642578125,-783.0279564721545,-1.5571763395319393,1,0.35690870383405127,0.35690870383405127,0.0,0.0,0.35690870383405127,-260.131661922587
2026-01-15 18:10:00+00:00,96531.625,3295.77490234375,-786.5966441342375,-1.8607173586745185,1,-3.5686876620829935,-3.5686876620829935,0.0,0.0,-3.5686876620829935,-263.70034958467
2026-01-15 18:11:00+00:00,96234.6171875,3292.613037109375,-777.197897829838,-0.8230412101767939,1,9.398746304399538,9.398746304399538,0.0,0.0,9.398746304399538,-254.30160328027046
2026-01-15 18:13:00+00:00,96127.078125,3287.657470703125,-777.6055825560179,-0.8379401853448132,1,-0.407684726179923,-0.407684726179923,0.0,0.0,-0.407684726179923,-254.70928800645038
2026-01-15 18:14:00+00:00,96132.4375,3288.119873046875,-777.3698309084193,-0.7845034436639174,1,0.23575164759859035,0.23575164759859035,0.0,0.0,0.23575164759859035,-254.4735363588518
2026-01-15 18:16:00+00:00,96223.078125,3295.644287109375,-773.6786550044503,-0.35771374801270955,0,3.691175903968997,3.691175903968997,1.0,3.295644287109375,0.3955316168596217,-254.07800474199217
2026-01-15 18:17:00+00:00,96152.9453125,3293.00634765625,-773.3506421261554,-0.2984609681326255,0,0.328012878294885,0.0,0.0,0.0,0.0,-254.07800474199217
2026-01-15 18:18:00+00:00,96125.5546875,3291.1953125,-774.0033138119857,-0.3500390784051494,0,-0.6526716858302279,-0.0,0.0,0.0,-0.0,-254.07800474199217
2026-01-15 18:19:00+00:00,96098.8671875,3291.234375,-772.8356233556387,-0.19675872164627975,0,1.167690456346918,0.0,0.0,0.0,0.0,-254.07800474199217
2026-01-15 18:20:00+00:00,96063.15625,3290.66357421875,-771.8961904166126,-0.07048410694167814,0,0.9394329390261191,0.0,0.0,0.0,0.0,-254.07800474199217
2026-01-15 18:21:00+00:00,96095.0859375,3291.26318359375,-772.6469037750994,-0.1384453495309002,0,-0.7507133584867915,-0.0,0.0,0.0,-0.0,-254.07800474199217
2026-01-15 18:22:00+00:00,96079.0625,3291.459228515625,-771.773219526975,-0.014778733328928095,0,0.8736842481243912,0.0,0.0,0.0,0.0,-254.07800474199217
2026-01-15 18:23:00+00:00,96010.0234375,3288.471435546875,-771.8413154084178,0.0013594857417265334,0,-0.06809588144278678,-0.0,0.0,0.0,-0.0,-254.07800474199217
2026-01-15 18:24:00+00:00,96053.921875,3290.117431640625,-772.0518065765868,-0.0018238972528782896,0,-0.21049116816902824,-0.0,0.0,0.0,-0.0,-254.07800474199217
2026-01-15 18:25:00+00:00,96074.171875,3291.529052734375,-771.4965682881216,0.09088618604295058,0,0.5552382884652616,0.0,0.0,0.0,0.0,-254.07800474199217
2026-01-15 18:26:00+00:00,96102.3671875,3292.605224609375,-771.6127905274238,0.0984478679582616,0,-0.11622223930226028,-0.0,0.0,0.0,-0.0,-254.07800474199217
2026-01-15 18:27:00+00:00,96098.6796875,3293.0693359375,-770.9927329477191,0.2039489964833033,0,0.620057579704735,0.0,0.0,0.0,0.0,-254.07800474199217
2026-01-15 18:28:00+00:00,96117.359375,3299.88525390625,-764.9667884694923,1.005738290731926,0,6.025944478226847,0.0,0.0,0.0,0.0,-254.07800474199217
2026-01-15 18:29:00+00:00,96133.265625,3300.527099609375,-764.9976261736047,1.0252470176159156,0,-0.030837704112400388,-0.0,0.0,0.0,-0.0,-254.07800474199217
2026-01-15 18:30:00+00:00,96131.96875,3300.124755859375,-765.3451244198714,1.003406614291809,0,-0.3474982462666958,-0.0,0.0,0.0,-0.0,-254.07800474199217
2026-01-15 18:31:00+00:00,96141.2421875,3300.24609375,-765.615964920401,0.9970372790695698,0,-0.27084050052962994,-0.0,0.0,0.0,-0.0,-254.07800474199217
2026-01-15 18:32:00+00:00,96111.1328125,3303.291259765625,-761.2974581132762,1.591016892863906,0,4.318506807124777,0.0,0.0,0.0,0.0,-254.07800474199217
2026-01-15 18:33:00+00:00,96028.671875,3299.598876953125,-761.5025259142876,1.5610832787552673,0,-0.20506780101140976,-0.0,0.0,0.0,-0.0,-254.07800474199217
2026-01-15 18:34:00+00:00,95964.34375,3297.155029296875,-761.2259044275156,1.5985445062867167,0,0.27662148677200094,0.0,0.0,0.0,0.0,-254.07800474199217
2026-01-15 18:35:00+00:00,95980.71875,3297.662353515625,-761.411087292051,1.5708176129820997,0,-0.18518286453536348,-0.0,0.0,0.0,-0.0,-254.07800474199217
2026-01-15 18:36:00+00:00,96022.796875,3298.15869140625,-762.6942547213575,1.395043481752179,0,-1.283167429306559,-0.0,0.0,0.0,-0.0,-254.07800474199217
2026-01-15 18:37:00+00:00,95995.5390625,3296.58349609375,-763.1167032716517,1.3439806055231271,0,-0.42244855029412065,-0.0,0.0,0.0,-0.0,-254.07800474199217
2026-01-15 18:39:00+00:00,95946.9609375,3292.69580078125,-764.9500049563512,1.1018924466071751,0,-1.8333016846995633,-0.0,0.0,0.0,-0.0,-254.07800474199217
2026-01-15 18:40:00+00:00,95900.015625,3290.662109375,-764.9983552063682,1.1096679826316034,0,-0.048350250016937935,-0.0,0.0,0.0,-0.0,-254.07800474199217
2026-01-15 18:41:00+00:00,95838.1171875,3288.548095703125,-764.4946524560714,1.1874312614475142,0,0.5037027502967248,0.0,0.0,0.0,0.0,-254.07800474199217
2026-01-15 18:42:00+00:00,95815.328125,3280.26953125,-771.8094558586504,0.1865990500342234,0,-7.314803402578946,-0.0,0.0,0.0,-0.0,-254.07800474199217
2026-01-15 18:43:00+00:00,95898.625,3284.120849609375,-771.4808047330503,0.2522310734634311,0,0.32865112560011767,0.0,0.0,0.0,0.0,-254.07800474199217
2026-01-15 18:44:00+00:00,95890.984375,3286.032958984375,-769.2455694384635,0.5825150359575171,0,2.2352352945868006,0.0,0.0,0.0,0.0,-254.07800474199217
2026-01-15 18:45:00+00:00,95991.828125,3290.6328125,-768.9104494300195,0.6332077093332109,0,0.33512000844393697,0.0,0.0,0.0,0.0,-254.07800474199217
2026-01-15 18:46:00+00:00,95963.203125,3288.675537109375,-769.6571590032981,0.5181891452339626,0,-0.746709573278622,-0.0,0.0,0.0,-0.0,-254.07800474199217
2026-01-15 18:47:00+00:00,95920.7890625,3286.1767578125,-770.3622260124066,0.4162921729966401,0,-0.7050670091084612,-0.0,0.0,0.0,-0.0,-254.07800474199217
2026-01-15 18:49:00+00:00,95872.234375,3284.0390625,-770.4465188809086,0.4072496237919729,0,-0.0842928685019615,-0.0,0.0,0.0,-0.0,-254.07800474199217
2026-01-15 18:50:00+00:00,95893.6328125,3284.533203125,-770.8573290675113,0.3522150625378979,0,-0.41081018660270274,-0.0,0.0,0.0,-0.0,-254.07800474199217
2026-01-15 18:51:00+00:00,95828.421875,3281.23193359375,-771.4007948658482,0.28270300286676525,0,-0.5434657983369107,-0.0,0.0,0.0,-0.0,-254.07800474199217
2026-01-15 18:52:00+00:00,95811.3046875,3280.596435546875,-771.3123983423611,0.29847028557029875,0,0.08839652348706295,0.0,0.0,0.0,0.0,-254.07800474199217
2026-01-15 18:54:00+00:00,95832.6171875,3285.15869140625,-767.6514589539802,0.8134687943107273,0,3.660939388380939,0.0,0.0,0.0,0.0,-254.07800474199217
2026-01-15 18:55:00+00:00,95803.421875,3286.140625,-765.4348407370248,1.0985250861549951,0,2.2166182169553394,0.0,0.0,0.0,0.0,-254.07800474199217
2026-01-15 18:57:00+00:00,95889.453125,3292.08837890625,-763.1253921748312,1.3780584024391924,0,2.3094485621936656,0.0,0.0,0.0,0.0,-254.07800474199217
2026-01-15 18:58:00+00:00,95795.046875,3288.426513671875,-762.7947690530877,1.3734901546388631,0,0.3306231217434288,0.0,0.0,0.0,0.0,-254.07800474199217
2026-01-15 18:59:00+00:00,95793.5625,3285.79296875,-765.3655390008098,0.9872708206285478,0,-2.570769947722056,-0.0,0.0,0.0,-0.0,-254.07800474199217
2026-01-15 19:00:00+00:00,95797.9609375,3286.40869140625,-764.9358285048124,1.0131250805296097,0,0.42971049599736943,0.0,0.0,0.0,0.0,-254.07800474199217
2026-01-15 19:01:00+00:00,95768.9296875,3285.222900390625,-764.8938731838489,0.9878129702282142,0,0.04195532096355237,0.0,0.0,0.0,0.0,-254.07800474199217
2026-01-15 19:02:00+00:00,95664.234375,3283.677978515625,-762.0111770134713,1.3463062433806772,0,2.882696170377585,0.0,0.0,0.0,0.0,-254.07800474199217
2026-01-15 19:03:00+00:00,95571.8125,3277.814453125,-763.9661342765826,1.0384374470738307,0,-1.9549572631112824,-0.0,0.0,0.0,-0.0,-254.07800474199217
2026-01-15 19:04:00+00:00,95609.875,3280.966552734375,-762.4237171623258,1.2149065112755448,0,1.5424171142567502,0.0,0.0,0.0,0.0,-254.07800474199217
2026-01-15 19:05:00+00:00,95680.5078125,3284.802978515625,-761.5743889669466,1.2913921889632567,0,0.8493281953792575,0.0,0.0,0.0,0.0,-254.07800474199217
2026-01-15 19:06:00+00:00,95733.3671875,3287.307373046875,-761.3054443047381,1.2970676892821895,0,0.2689446622084688,0.0,0.0,0.0,0.0,-254.07800474199217
2026-01-15 19:07:00+00:00,95793.28125,3290.306640625,-760.839972920181,1.3278227012970782,0,0.4654713845570768,0.0,0.0,0.0,0.0,-254.07800474199217
2026-01-15 19:08:00+00:00,95757.890625,3288.931396484375,-760.7185295191625,1.3062407445217334,0,0.12144340101849593,0.0,0.0,0.0,0.0,-254.07800474199217
2026-01-15 19:09:00+00:00,95777.421875,3288.281494140625,-762.1944183649234,1.0595868677772857,0,-1.4758888457608919,-0.0,0.0,0.0,-0.0,-254.07800474199217
2026-01-15 19:10:00+00:00,95784.59375,3289.246337890625,-761.5328768584613,1.1258602669486728,0,0.661541506462072,0.0,0.0,0.0,0.0,-254.07800474199217
2026-01-15 19:11:00+00:00,95882.234375,3293.1572265625,-761.751259907438,1.0618389316291965,0,-0.21838304897664784,-0.0,0.0,0.0,-0.0,-254.07800474199217
2026-01-15 19:12:00+00:00,95835.0625,3291.083740234375,-761.8298236359069,1.0269742962953898,0,-0.07856372846890736,-0.0,0.0,0.0,-0.0,-254.07800474199217
2026-01-15 19:13:00+00:00,95771.3125,3289.04638671875,-761.1711572089694,1.1133788704346812,0,0.6586664269375433,0.0,0.0,0.0,0.0,-254.07800474199217
2026-01-15 19:14:00+00:00,95792.578125,3288.7666015625,-762.3502764686086,0.9087271211800861,0,-1.1791192596392648,-0.0,0.0,0.0,-0.0,-254.07800474199217
2026-01-15 19:15:00+00:00,95774.6171875,3289.020263671875,-761.3370371719843,1.0758927037786112,0,1.013239296624306,0.0,0.0,0.0,0.0,-254.07800474199217
2026-01-15 19:16:00+00:00,95707.2578125,3289.5283203125,-757.9803182832252,1.7452969873286237,0,3.356718888759133,0.0,0.0,0.0,0.0,-254.07800474199217
2026-01-15 19:17:00+00:00,95733.96875,3292.86328125,-755.774976485875,2.1050943605216257,-1,2.205341797350229,0.0,1.0,3.2928632812500003,-3.2928632812500003,-257.37086802324217
2026-01-15 19:18:00+00:00,95781.5546875,3295.10791015625,-755.5427810931237,2.0871395138931654,-1,0.2321953927512368,-0.2321953927512368,0.0,0.0,-0.2321953927512368,-257.6030634159934
2026-01-15 19:19:00+00:00,95821.15625,3295.60595703125,-756.7195044496002,1.8143897889956595,-1,-1.1767233564764865,1.1767233564764865,0.0,0.0,1.1767233564764865,-256.4263400595169
2026-01-15 19:20:00+00:00,95835.1796875,3295.933349609375,-756.9851701799189,1.6996545045228353,-1,-0.26566573031868757,0.26566573031868757,0.0,0.0,0.26566573031868757,-256.16067432919823
2026-01-15 19:21:00+00:00,95738.234375,3293.236328125,-755.5823250629142,1.9013414892653115,-1,1.4028451170047447,-1.4028451170047447,0.0,0.0,-1.4028451170047447,-257.563519446203
2026-01-15 19:22:00+00:00,95761.6875,3294.52392578125,-755.2865719982783,1.8891528635905426,-1,0.2957530646358464,-0.2957530646358464,0.0,0.0,-0.2957530646358464,-257.8592725108388
2026-01-15 19:23:00+00:00,95762.4453125,3294.220703125,-755.6218429308065,1.7566099904505785,-1,-0.33527093252814666,0.33527093252814666,0.0,0.0,0.33527093252814666,-257.5240015783107
2026-01-15 19:24:00+00:00,95633.875,3290.990966796875,-753.4142753134961,2.0847958232056336,-1,2.20756761731036,-2.20756761731036,0.0,0.0,-2.20756761731036,-259.73156919562103
2026-01-15 19:25:00+00:00,95553.15625,3288.777099609375,-752.2145054854868,2.2030872522972396,-1,1.1997698280092663,-1.1997698280092663,0.0,0.0,-1.1997698280092663,-260.9313390236303
2026-01-15 19:26:00+00:00,95583.78125,3290.109375,-752.1773769300144,2.104744727286905,-1,0.03712855547246363,-0.03712855547246363,0.0,0.0,-0.03712855547246363,-260.96846757910276
2026-01-15 19:27:00+00:00,95461.7265625,3284.747802734375,-752.3771943472748,1.9788376579168256,-1,-0.19981741726041946,0.19981741726041946,0.0,0.0,0.19981741726041946,-260.76865016184234
2026-01-15 19:28:00+00:00,95501.6484375,3286.408935546875,-752.4043779448843,1.8960232558049337,-1,-0.027183597609564458,0.027183597609564458,0.0,0.0,0.027183597609564458,-260.7414665642328
2026-01-15 19:29:00+00:00,95467.6484375,3285.204833984375,-752.1706022046847,1.861291041360841,-1,0.2337757401996896,-0.2337757401996896,0.0,0.0,-0.2337757401996896,-260.97524230443247
2026-01-15 19:30:00+00:00,95467.78125,3287.078125,-750.3029278972731,2.094683211291751,-1,1.867674307411562,-1.867674307411562,0.0,0.0,-1.867674307411562,-262.84291661184403
2026-01-15 19:31:00+00:00,95438.3046875,3285.66064453125,-750.473829537189,1.9762642395197785,-1,-0.1709016399158827,0.1709016399158827,0.0,0.0,0.1709016399158827,-262.67201497192815
2026-01-15 19:32:00+00:00,95284.75,3285.724853515625,-743.9157146740063,2.834156732788102,-1,6.558114863182709,-6.558114863182709,0.0,0.0,-6.558114863182709,-269.23012983511086
2026-01-15 19:33:00+00:00,95351.4375,3288.944580078125,-743.5162364239713,2.6677489177174123,-1,0.39947825003491744,-0.39947825003491744,0.0,0.0,-0.39947825003491744,-269.6296080851458
2026-01-15 19:34:00+00:00,95481.1015625,3294.145263671875,-743.7991120197694,2.443299772167456,-1,-0.282875595798032,0.282875595798032,0.0,0.0,0.282875595798032,-269.34673248934774
2026-01-15 19:35:00+00:00,95513.578125,3296.02880859375,-743.2890174534377,2.352042347870259,-1,0.5100945663316452,-0.5100945663316452,0.0,0.0,-0.5100945663316452,-269.8568270556794
2026-01-15 19:36:00+00:00,95424.890625,3292.82080078125,-742.7463857576081,2.2753298522925705,-1,0.5426316958296411,-0.5426316958296411,0.0,0.0,-0.5426316958296411,-270.39945875150903
2026-01-15 19:37:00+00:00,95408.2421875,3291.86865234375,-742.994463300794,2.116519876314227,-1,-0.24807754318590014,0.24807754318590014,0.0,0.0,0.24807754318590014,-270.15138120832313
2026-01-15 19:38:00+00:00,95388.9765625,3291.280517578125,-742.7678449808359,2.030629745284986,-1,0.22661831995810644,-0.22661831995810644,0.0,0.0,-0.22661831995810644,-270.37799952828124
2026-01-15 19:39:00+00:00,95371.4765625,3290.211181640625,-743.0970970125345,1.893435094404806,-1,-0.3292520316986156,0.3292520316986156,0.0,0.0,0.3292520316986156,-270.0487474965826
2026-01-15 19:40:00+00:00,95351.796875,3288.9482421875,-743.5277724662333,1.759227870238653,-1,-0.43067545369876825,0.43067545369876825,0.0,0.0,0.43067545369876825,-269.61807204288385
2026-01-15 19:41:00+00:00,95354.953125,3289.291748046875,-743.3177460255833,1.7045952102816824,-1,0.21002644064992637,-0.21002644064992637,0.0,0.0,-0.21002644064992637,-269.8280984835338
2026-01-15 19:42:00+00:00,95335.765625,3287.27978515625,-744.5182597766329,1.509017250480994,-1,-1.2005137510495842,1.2005137510495842,0.0,0.0,1.2005137510495842,-268.6275847324842
2026-01-15 19:43:00+00:00,95303.6484375,3285.5771484375,-744.862644291477,1.4160820799613183,-1,-0.3443845148440232,0.3443845148440232,0.0,0.0,0.3443845148440232,-268.28320021764017
2026-01-15 19:44:00+00:00,95309.828125,3286.316162109375,-744.3849727488382,1.412809329903832,-1,0.47767154263874545,-0.47767154263874545,0.0,0.0,-0.47767154263874545,-268.7608717602789
2026-01-15 19:45:00+00:00,95349.9453125,3287.29052734375,-745.1071837895929,1.2952941090337347,-1,-0.7222110407547007,0.7222110407547007,0.0,0.0,0.7222110407547007,-268.0386607195242
2026-01-15 19:46:00+00:00,95369.6875,3288.3037109375,-744.9289073520749,1.2753006977398145,-1,0.1782764375179795,-0.1782764375179795,0.0,0.0,-0.1782764375179795,-268.2169371570422
2026-01-15 19:47:00+00:00,95409.9609375,3290.165771484375,-744.7700309723459,1.25135373990752,-1,0.15887637972900848,-0.15887637972900848,0.0,0.0,-0.15887637972900848,-268.3758135367712
2026-01-15 19:48:00+00:00,95426.765625,3291.236328125,-744.4101531180509,1.249473048290223,-1,0.359877854295064,-0.359877854295064,0.0,0.0,-0.359877854295064,-268.73569139106627
2026-01-15 19:49:00+00:00,95476.7421875,3291.939697265625,-745.8203182387706,1.0633608538321453,-1,-1.4101651207197392,1.4101651207197392,0.0,0.0,1.4101651207197392,-267.32552627034653
2026-01-15 19:50:00+00:00,95529.0390625,3294.48828125,-745.4833957121791,1.0691802131851091,-1,0.33692252659147925,-0.33692252659147925,0.0,0.0,-0.33692252659147925,-267.662448796938
2026-01-15 19:51:00+00:00,95593.421875,3296.14111328125,-746.5533455861569,0.9226521889593657,-1,-1.0699498739777482,1.0699498739777482,0.0,0.0,1.0699498739777482,-266.59249892296026
2026-01-15 19:52:00+00:00,95595.265625,3296.336669921875,-746.4357620713217,0.9101903648732762,-1,0.11758351483513252,-0.11758351483513252,0.0,0.0,-0.11758351483513252,-266.7100824377954
2026-01-15 19:53:00+00:00,95554.1484375,3295.8115234375,-745.222041771664,1.0266353513677609,-1,1.2137202996577798,-1.2137202996577798,0.0,0.0,-1.2137202996577798,-267.9238027374532
2026-01-15 19:54:00+00:00,95544.1328125,3295.095947265625,-745.5140520653081,0.9698533788491365,-1,-0.29201029364412534,0.29201029364412534,0.0,0.0,0.29201029364412534,-267.63179244380905
2026-01-15 19:55:00+00:00,95530.109375,3294.509521484375,-745.5074195381144,0.9433802108777726,-1,0.006632527193687565,-0.006632527193687565,0.0,0.0,-0.006632527193687565,-267.63842497100273
2026-01-15 19:56:00+00:00,95491.1484375,3293.2880859375,-745.0811772107786,0.9667359098051481,-1,0.4262423273357854,-0.4262423273357854,0.0,0.0,-0.4262423273357854,-268.0646672983385
2026-01-15 19:57:00+00:00,95473.21875,3292.5869140625,-745.0240934769331,0.9428005094713442,-1,0.05708373384550214,-0.05708373384550214,0.0,0.0,-0.05708373384550214,-268.121751032184
2026-01-15 19:59:00+00:00,95411.0859375,3292.256591796875,-742.7267874823619,1.1967812326915785,-1,2.297305994571161,-2.297305994571161,0.0,0.0,-2.297305994571161,-270.4190570267552
2026-01-15 20:01:00+00:00,95423.5546875,3293.001953125,-742.5087359371205,1.191551325879755,-1,0.2180515452414511,-0.2180515452414511,0.0,0.0,-0.2180515452414511,-270.63710857199663
2026-01-15 20:02:00+00:00,95438.03125,3294.52587890625,-741.5970313511607,1.2744227821240492,-1,0.9117045859597965,-0.9117045859597965,0.0,0.0,-0.9117045859597965,-271.54881315795643
2026-01-15 20:03:00+00:00,95507.703125,3298.936279296875,-740.1330900105077,1.4270803139424315,-1,1.4639413406530366,-1.4639413406530366,0.0,0.0,-1.4639413406530366,-273.01275449860947
2026-01-15 20:04:00+00:00,95533.390625,3299.5087890625,-740.646917692327,1.3168675601675635,-1,-0.5138276818192935,0.5138276818192935,0.0,0.0,0.5138276818192935,-272.4989268167902
2026-01-15 20:06:00+00:00,95607.8984375,3304.005126953125,-739.3015531095721,1.4553800280915814,-1,1.3453645827548826,-1.3453645827548826,0.0,0.0,-1.3453645827548826,-273.84429139954506
2026-01-15 20:08:00+00:00,95464.125,3296.2265625,-740.9998657240967,1.192926850503394,-1,-1.6983126145246388,1.6983126145246388,0.0,0.0,1.6983126145246388,-272.1459787850204
2026-01-15 20:09:00+00:00,95511.359375,3298.7529296875,-740.471064293059,1.2286981154647754,-1,0.5288014310376639,-0.5288014310376639,0.0,0.0,-0.5288014310376639,-272.6747802160581
2026-01-15 20:10:00+00:00,95535.46875,3299.701904296875,-740.5416874217663,1.1847512278749721,-1,-0.07062312870721144,0.07062312870721144,0.0,0.0,0.07062312870721144,-272.60415708735087
2026-01-15 20:11:00+00:00,95450.671875,3295.568359375,-741.089129346512,1.0774051241656304,-1,-0.5474419247457263,0.5474419247457263,0.0,0.0,0.5474419247457263,-272.05671516260514
2026-01-15 20:12:00+00:00,95521.9765625,3298.372314453125,-741.3006857899272,1.0183269005939461,-1,-0.21155644341524749,0.21155644341524749,0.0,0.0,0.21155644341524749,-271.8451587191899
2026-01-15 20:14:00+00:00,95521.4609375,3298.39208984375,-741.259104355649,0.9999792333533583,-1,0.04158143427821415,-0.04158143427821415,0.0,0.0,-0.04158143427821415,-271.8867401534681
2026-01-15 20:15:00+00:00,95519.1875,3298.424560546875,-741.13048882369,0.9947225977469906,-1,0.12861553195898523,-0.12861553195898523,0.0,0.0,-0.12861553195898523,-272.0153556854271
2026-01-15 20:16:00+00:00,95519.6171875,3297.880126953125,-741.6930941204841,0.8885508563599925,-1,-0.5626052967941177,0.5626052967941177,0.0,0.0,0.5626052967941177,-271.452750388633
2026-01-15 20:17:00+00:00,95509.5703125,3297.683349609375,-741.4649840075999,0.9054093639263943,-1,0.22811011288422378,-0.22811011288422378,0.0,0.0,-0.22811011288422378,-271.6808605015172
2026-01-15 20:18:00+00:00,95504.8671875,3296.965087890625,-741.9843481766657,0.8022126642840665,-1,-0.5193641690657387,0.5193641690657387,0.0,0.0,0.5193641690657387,-271.16149633245146
2026-01-15 20:19:00+00:00,95529.5859375,3297.385009765625,-742.6097948186107,0.6805681308337355,-1,-0.6254466419450182,0.6254466419450182,0.0,0.0,0.6254466419450182,-270.53604969050645
2026-01-15 20:21:00+00:00,95381.2109375,3290.112060546875,-743.6078897788866,0.47832408070580273,0,-0.998094960275921,0.998094960275921,1.0,3.290112060546875,-2.292017100270954,-272.8280667907774
2026-01-15 20:22:00+00:00,95361.78125,3288.70947265625,-744.1887862973113,0.33845297078372416,0,-0.5808965184246517,-0.0,0.0,0.0,-0.0,-272.8280667907774
2026-01-15 20:23:00+00:00,95405.0546875,3291.10107421875,-743.627240428666,0.424159446416589,0,0.5615458686452257,0.0,0.0,0.0,0.0,-272.8280667907774
2026-01-15 20:24:00+00:00,95402.0390625,3291.012451171875,-743.5883311596303,0.40525231028717035,0,0.0389092690356847,0.0,0.0,0.0,0.0,-272.8280667907774
2026-01-15 20:25:00+00:00,95373.109375,3289.9404296875,-743.4369014372273,0.410765096716068,0,0.15142972240300878,0.0,0.0,0.0,0.0,-272.8280667907774
2026-01-15 20:26:00+00:00,95314.046875,3287.48046875,-743.3990791926472,0.3921342018465372,0,0.037822244580183906,0.0,0.0,0.0,0.0,-272.8280667907774
2026-01-15 20:27:00+00:00,95289.1015625,3287.39599609375,-742.4286018885296,0.6051705720143316,0,0.970477304117594,0.0,0.0,0.0,0.0,-272.8280667907774
2026-01-15 20:28:00+00:00,95297.4296875,3287.933837890625,-742.2429607361119,0.6349603958384449,0,0.18564115241770196,0.0,0.0,0.0,0.0,-272.8280667907774
2026-01-15 20:29:00+00:00,95174.6875,3284.385498046875,-740.6004710066263,1.0867478023138175,0,1.6424897294855327,0.0,0.0,0.0,0.0,-272.8280667907774
2026-01-15 20:30:00+00:00,95157.9453125,3285.0517578125,-739.2261756114781,1.4811450678076785,0,1.3742953951482377,0.0,0.0,0.0,0.0,-272.8280667907774
2026-01-15 20:31:00+00:00,95171.3359375,3285.753173828125,-739.0910559416316,1.5077061080207164,0,0.13511966984651735,0.0,0.0,0.0,0.0,-272.8280667907774
2026-01-15 20:32:00+00:00,95138.4453125,3285.074951171875,-738.3783173284955,1.7201302933877245,0,0.7127386131360254,0.0,0.0,0.0,0.0,-272.8280667907774
2026-01-15 20:33:00+00:00,95123.125,3286.1904296875,-736.6149350006935,2.27203559992964,-1,1.7633823278019918,0.0,1.0,3.2861904296875,-3.2861904296875,-276.11425722046494
2026-01-15 20:34:00+00:00,95122.4296875,3286.07421875,-736.7017408187216,2.2432112146965575,-1,-0.08680581802809684,0.08680581802809684,0.0,0.0,0.08680581802809684,-276.02745140243684
2026-01-15 20:35:00+00:00,95112.25,3285.8583984375,-736.487056966374,2.328786502713222,-1,0.21468385234766174,-0.21468385234766174,0.0,0.0,-0.21468385234766174,-276.2421352547845
2026-01-15 20:36:00+00:00,95245.6875,3290.802001953125,-737.1865932324854,2.054407433881516,-1,-0.6995362661114086,0.6995362661114086,0.0,0.0,0.6995362661114086,-275.5425989886731
2026-01-15 20:37:00+00:00,95324.40625,3291.592041015625,-739.725610167689,1.108024737740657,-1,-2.5390169352035628,2.5390169352035628,0.0,0.0,2.5390169352035628,-273.00358205346953
2026-01-15 20:39:00+00:00,95280.71875,3287.509521484375,-741.9605630912415,0.19516386813635503,0,-2.234952923552555,2.234952923552555,1.0,3.2875095214843753,-1.05255659793182,-274.05613865140134
2026-01-15 20:40:00+00:00,95265.484375,3286.756103515625,-742.0697115884232,0.14155403598895,0,-0.10914849718164987,-0.0,0.0,0.0,-0.0,-274.05613865140134
2026-01-15 20:41:00+00:00,95259.390625,3284.654296875,-743.913810440421,-0.6031936215398628,0,-1.8440988519978418,-0.0,0.0,0.0,-0.0,-274.05613865140134
2026-01-15 20:42:00+00:00,95279.09375,3284.271484375,-745.1298781236492,-1.0727218566506156,0,-1.2160676832281752,-0.0,0.0,0.0,-0.0,-274.05613865140134
2026-01-15 20:43:00+00:00,95287.546875,3284.816650390625,-744.9421990660944,-0.9749018930696687,0,0.18767905755476022,0.0,0.0,0.0,0.0,-274.05613865140134
2026-01-15 20:44:00+00:00,95254.8046875,3283.0224609375,-745.3517047472487,-1.1104207485929771,0,-0.4095056811543145,-0.0,0.0,0.0,-0.0,-274.05613865140134
2026-01-15 20:45:00+00:00,95232.875,3281.98486328125,-745.4618847590414,-1.1237473975760135,0,-0.11018001179263592,-0.0,0.0,0.0,-0.0,-274.05613865140134
2026-01-15 20:46:00+00:00,95248.1328125,3282.6435546875,-745.4484540081621,-1.0922664313596158,0,0.013430750879251718,0.0,0.0,0.0,0.0,-274.05613865140134
2026-01-15 20:47:00+00:00,95243.015625,3282.814208984375,-745.0613912477602,-0.9274062665484765,0,0.3870627604019319,0.0,0.0,0.0,0.0,-274.05613865140134
2026-01-15 20:48:00+00:00,95230.7890625,3280.63427734375,-746.7242553381266,-1.5121904061912295,0,-1.6628640903663836,-0.0,0.0,0.0,-0.0,-274.05613865140134
2026-01-15 20:49:00+00:00,95201.6171875,3278.546875,-747.5779642424736,-1.7708928101005161,0,-0.8537089043470587,-0.0,0.0,0.0,-0.0,-274.05613865140134
2026-01-15 20:50:00+00:00,95123.65625,3277.148681640625,-745.6791498804232,-1.065079440987997,0,1.898814362050416,0.0,0.0,0.0,0.0,-274.05613865140134
2026-01-15 20:51:00+00:00,95133.40625,3279.79052734375,-743.4496366391018,-0.25815626779879336,0,2.229513241321456,0.0,0.0,0.0,0.0,-274.05613865140134
2026-01-15 20:52:00+00:00,95182.703125,3281.464111328125,-743.8608425858015,-0.4181882341789955,0,-0.411205946699738,-0.0,0.0,0.0,-0.0,-274.05613865140134
2026-01-15 20:53:00+00:00,95200.296875,3281.971435546875,-744.0975670080625,-0.5120269534414355,0,-0.236724422260977,-0.0,0.0,0.0,-0.0,-274.05613865140134
2026-01-15 20:54:00+00:00,95254.296875,3285.287353515625,-743.0653365200715,-0.14255638108366506,0,1.0322304879910007,0.0,0.0,0.0,0.0,-274.05613865140134
2026-01-15 20:55:00+00:00,95249.328125,3285.151123046875,-742.9914360227099,-0.12435957600585584,0,0.07390049736159199,0.0,0.0,0.0,0.0,-274.05613865140134
2026-01-15 20:56:00+00:00,95248.40625,3285.419189453125,-742.6843830535654,-0.029988478921748656,0,0.307052969144479,0.0,0.0,0.0,0.0,-274.05613865140134
2026-01-15 20:57:00+00:00,95230.75,3284.92919921875,-742.4276814901227,0.04793284440735506,0,0.25670156344267525,0.0,0.0,0.0,0.0,-274.05613865140134
2026-01-15 20:58:00+00:00,95213.71875,3284.71826171875,-741.9183587603693,0.21646521681111863,0,0.5093227297534213,0.0,0.0,0.0,0.0,-274.05613865140134
2026-01-15 20:59:00+00:00,95143.53125,3284.2412109375,-739.4271444479941,1.1478890285393133,0,2.4912143123751775,0.0,0.0,0.0,0.0,-274.05613865140134
2026-01-15 21:00:00+00:00,95177.4765625,3285.48779296875,-739.6161269572385,1.0389497660942577,0,-0.18898250924439708,-0.0,0.0,0.0,-0.0,-274.05613865140134
2026-01-15 21:01:00+00:00,95166.8515625,3283.848388671875,-740.8061945970198,0.5479472882038221,0,-1.1900676397813186,-0.0,0.0,0.0,-0.0,-274.05613865140134
2026-01-15 21:02:00+00:00,95309.2734375,3289.124755859375,-741.5529209821811,0.2290014764926998,0,-0.7467263851613097,-0.0,0.0,0.0,-0.0,-274.05613865140134
2026-01-15 21:03:00+00:00,95399.375,3292.60302734375,-741.8850904288811,0.07478769789399088,0,-0.3321694466999361,-0.0,0.0,0.0,-0.0,-274.05613865140134
2026-01-15 21:04:00+00:00,95364.5625,3292.390625,-740.6252544314475,0.5638212991760653,0,1.2598359974335835,0.0,0.0,0.0,0.0,-274.05613865140134
2026-01-15 21:05:00+00:00,95342.4375,3293.61181640625,-738.46838551572,1.3991221666678477,0,2.1568689157275003,0.0,0.0,0.0,0.0,-274.05613865140134
2026-01-15 21:06:00+00:00,95324.1015625,3293.9912109375,-737.3135548563823,1.7816429760057582,0,1.1548306593376765,0.0,0.0,0.0,0.0,-274.05613865140134
2026-01-15 21:07:00+00:00,95301.984375,3293.77880859375,-736.5906100852558,1.9648140602724724,0,0.7229447711265493,0.0,0.0,0.0,0.0,-274.05613865140134
2026-01-15 21:08:00+00:00,95294.6015625,3290.609619140625,-739.4475766406208,0.870514995147204,0,-2.856966555365034,-0.0,0.0,0.0,-0.0,-274.05613865140134
2026-01-15 21:09:00+00:00,95287.1640625,3290.197021484375,-739.5456386369051,0.8227540643897772,0,-0.09806199628428658,-0.0,0.0,0.0,-0.0,-274.05613865140134
2026-01-15 21:10:00+00:00,95278.640625,3290.064453125,-739.3177464868027,0.9089941546707607,0,0.22789215010243424,0.0,0.0,0.0,0.0,-274.05613865140134
2026-01-15 21:11:00+00:00,95275.4765625,3289.623291015625,-739.6250987828516,0.7806484718352971,0,-0.3073522960489754,-0.0,0.0,0.0,-0.0,-274.05613865140134
2026-01-15 21:12:00+00:00,95285.625,3290.76953125,-738.9080411349214,1.0326920574137115,0,0.7170576479302326,0.0,0.0,0.0,0.0,-274.05613865140134
2026-01-15 21:13:00+00:00,95289.78125,3292.867919921875,-736.9854223906746,1.6875859083720404,0,1.9226187442468472,0.0,0.0,0.0,0.0,-274.05613865140134
2026-01-15 21:14:00+00:00,95287.546875,3291.269775390625,-738.4890740660944,1.1121750522381262,0,-1.5036516754198601,-0.0,0.0,0.0,-0.0,-274.05613865140134
2026-01-15 21:15:00+00:00,95284.8984375,3291.63623046875,-738.0106152182966,1.2479481369526995,0,0.47845884779781045,0.0,0.0,0.0,0.0,-274.05613865140134
2026-01-15 21:16:00+00:00,95298.53125,3292.288330078125,-737.935054187325,1.2385080596987659,0,0.07556103097158484,0.0,0.0,0.0,0.0,-274.05613865140134
2026-01-15 21:17:00+00:00,95303.6875,3292.363037109375,-738.0784075926058,1.156883502778163,0,-0.14335340528077722,-0.0,0.0,0.0,-0.0,-274.05613865140134
2026-01-15 21:18:00+00:00,95342.3203125,3293.282958984375,-738.792287018583,0.8863824157419338,0,-0.7138794259772112,-0.0,0.0,0.0,-0.0,-274.05613865140134
2026-01-15 21:19:00+00:00,95327.6953125,3293.173583984375,-738.2831633258775,1.0339464881574136,0,0.5091236927055434,0.0,0.0,0.0,0.0,-274.05613865140134
2026-01-15 21:20:00+00:00,95315.4765625,3292.99609375,-737.9439164045943,1.1151711139767833,0,0.3392469212831202,0.0,0.0,0.0,0.0,-274.05613865140134
2026-01-15 21:21:00+00:00,95338.9140625,3294.798095703125,-737.133098253882,1.3396523578990707,0,0.8108181507122936,0.0,0.0,0.0,0.0,-274.05613865140134
2026-01-15 21:22:00+00:00,95361.96875,3295.877197265625,-737.0289911583554,1.3250799691563826,0,0.10410709552661501,0.0,0.0,0.0,0.0,-274.05613865140134
2026-01-15 21:23:00+00:00,95398.125,3296.889892578125,-737.5453620583776,1.116397264148298,0,-0.5163709000221388,-0.0,0.0,0.0,-0.0,-274.05613865140134
2026-01-15 21:24:00+00:00,95376.6328125,3296.980224609375,-736.5461144803153,1.3927044288147747,0,0.9992475780622954,0.0,0.0,0.0,0.0,-274.05613865140134
2026-01-15 21:25:00+00:00,95369.4296875,3296.963623046875,-736.2580922208736,1.431206527486345,0,0.2880222594417319,0.0,0.0,0.0,0.0,-274.05613865140134
2026-01-15 21:26:00+00:00,95378.078125,3297.10498046875,-736.4824816220889,1.3105483827008018,0,-0.22438940121537598,-0.0,0.0,0.0,-0.0,-274.05613865140134
2026-01-15 21:27:00+00:00,95389.9140625,3297.56201171875,-736.5259981923073,1.2516572954660758,0,-0.043516570218343986,-0.0,0.0,0.0,-0.0,-274.05613865140134
2026-01-15 21:28:00+00:00,95390.046875,3297.615478515625,-736.4781481036462,1.2234293307517374,0,0.04785008866110729,0.0,0.0,0.0,0.0,-274.05613865140134
2026-01-15 21:29:00+00:00,95394.4921875,3297.751220703125,-736.5304004440036,1.1666257134586506,0,-0.052252340357426874,-0.0,0.0,0.0,-0.0,-274.05613865140134
2026-01-15 21:30:00+00:00,95399.7265625,3297.7900390625,-736.7129464671675,1.0785220394340085,0,-0.18254602316392265,-0.0,0.0,0.0,-0.0,-274.05613865140134
2026-01-15 21:31:00+00:00,95367.5390625,3295.8857421875,-737.2560175868539,0.8949615779319865,0,-0.543071119686374,-0.0,0.0,0.0,-0.0,-274.05613865140134
2026-01-15 21:32:00+00:00,95398.0703125,3296.269287109375,-738.1636547649218,0.6099814203169657,0,-0.9076371780679438,-0.0,0.0,0.0,-0.0,-274.05613865140134
2026-01-15 21:33:00+00:00,95405.09375,3296.27490234375,-738.4550642766699,0.5211602305808437,0,-0.29140951174804286,-0.0,0.0,0.0,-0.0,-274.05613865140134
2026-01-15 21:34:00+00:00,95413.4453125,3296.592529296875,-738.4906291518046,0.5239557855755242,0,-0.035564875134696194,-0.0,0.0,0.0,-0.0,-274.05613865140134
2026-01-15 21:35:00+00:00,95408.9765625,3297.05224609375,-737.8419266432697,0.7342599071420023,0,0.648702508534825,0.0,0.0,0.0,0.0,-274.05613865140134
2026-01-15 21:36:00+00:00,95423.1796875,3297.21923828125,-738.2755918400317,0.6139041991191893,0,-0.43366519676192183,-0.0,0.0,0.0,-0.0,-274.05613865140134
2026-01-15 21:37:00+00:00,95431.8046875,3297.31396484375,-738.5456209168196,0.5393083242423368,0,-0.27002907678797783,-0.0,0.0,0.0,-0.0,-274.05613865140134
2026-01-15 21:38:00+00:00,95436.1796875,3297.69970703125,-738.3448997057699,0.5936217225335344,0,0.2007212110497676,0.0,0.0,0.0,0.0,-274.05613865140134
2026-01-15 21:39:00+00:00,95442.609375,3297.870361328125,-738.446160165357,0.5434070255552564,0,-0.10126045958713803,-0.0,0.0,0.0,-0.0,-274.05613865140134
2026-01-15 21:40:00+00:00,95459.6484375,3297.810791015625,-739.2263211022109,0.28412345264194094,0,-0.7801609368539175,-0.0,0.0,0.0,-0.0,-274.05613865140134
2026-01-15 21:41:00+00:00,95431.8046875,3296.344970703125,-739.5146150574446,0.17234217505666063,0,-0.28829395523371204,-0.0,0.0,0.0,-0.0,-274.05613865140134
2026-01-15 21:42:00+00:00,95385.8671875,3295.494140625,-738.4227248828406,0.49497607098104046,0,1.091890174604032,0.0,0.0,0.0,0.0,-274.05613865140134
2026-01-15 21:43:00+00:00,95390.3125,3295.6416015625,-738.4632584731985,0.4563686265845156,0,-0.04053359035788162,-0.0,0.0,0.0,-0.0,-274.05613865140134
2026-01-15 21:44:00+00:00,95432.1015625,3298.68603515625,-737.1861055991503,0.8557224192631719,0,1.27715287404817,0.0,0.0,0.0,0.0,-274.05613865140134
2026-01-15 21:45:00+00:00,95452.2890625,3298.990966796875,-737.7349136070034,0.6445317233959755,0,-0.5488080078530402,-0.0,0.0,0.0,-0.0,-274.05613865140134
2026-01-15 21:46:00+00:00,95479.6171875,3298.7529296875,-739.1286710299914,0.12279428997516256,0,-1.3937574229880738,-0.0,0.0,0.0,-0.0,-274.05613865140134
2026-01-15 21:47:00+00:00,95519.9140625,3299.74267578125,-739.8431002871898,-0.17584746806784268,0,-0.7144292571983897,-0.0,0.0,0.0,-0.0,-274.05613865140134
2026-01-15 21:49:00+00:00,95549.953125,3301.8525390625,-739.003604246032,0.10003371292319697,0,0.8394960411578722,0.0,0.0,0.0,0.0,-274.05613865140134
2026-01-15 21:50:00+00:00,95575.203125,3303.10791015625,-738.8160685020812,0.13047526067217866,0,0.1875357439507752,0.0,0.0,0.0,0.0,-274.05613865140134
2026-01-15 21:51:00+00:00,95573.890625,3303.406494140625,-738.4619782247714,0.2569143077421877,0,0.3540902773097514,0.0,0.0,0.0,0.0,-274.05613865140134
2026-01-15 21:52:00+00:00,95561.640625,3302.21826171875,-739.1321519125854,-0.11356521236424023,0,-0.6701736878139855,-0.0,0.0,0.0,-0.0,-274.05613865140134
2026-01-15 21:53:00+00:00,95550.1171875,3300.708740234375,-740.1543413607742,-0.7092697149931344,0,-1.022189448188783,-0.0,0.0,0.0,-0.0,-274.05613865140134
2026-01-15 21:54:00+00:00,95559.234375,3300.881591796875,-740.3670602974125,-0.9193641765863201,0,-0.21271893663833907,-0.0,0.0,0.0,-0.0,-274.05613865140134
2026-01-15 21:55:00+00:00,95526.1640625,3298.6064453125,-741.2436464365833,-1.5013332128663344,0,-0.8765861391707404,-0.0,0.0,0.0,-0.0,-274.05613865140134
2026-01-15 21:56:00+00:00,95534.5,3298.411865234375,-741.7907575537665,-1.895721477692575,0,-0.547111117183249,-0.0,0.0,0.0,-0.0,-274.05613865140134
2026-01-15 21:57:00+00:00,95533.0234375,3298.259765625,-741.8804125835895,-1.9973111635593872,0,-0.08965502982300677,-0.0,0.0,0.0,-0.0,-274.05613865140134
2026-01-15 21:58:00+00:00,95533.78125,3297.994384765625,-742.1778417192422,-2.201543434175399,1,-0.2974291356526919,-0.0,1.0,3.2979943847656252,-3.2979943847656252,-277.35413303616696
2026-01-15 21:59:00+00:00,95548.5234375,3298.0712890625,-742.7243920340848,-2.4918131163770534,1,-0.5465503148425341,-0.5465503148425341,0.0,0.0,-0.5465503148425341,-277.9006833510095
2026-01-15 22:00:00+00:00,95553.2109375,3298.069580078125,-742.9243377789426,-2.4473926297255924,1,-0.19994574485781413,-0.19994574485781413,0.0,0.0,-0.19994574485781413,-278.1006290958673
2026-01-15 22:01:00+00:00,95552.34375,3299.234375,-741.7228690563784,-1.6765350394929956,1,1.2014687225641865,1.2014687225641865,0.0,0.0,1.2014687225641865,-276.8991603733031
2026-01-15 22:02:00+00:00,95531.2421875,3299.188232421875,-740.8766158177309,-1.1850717104177064,1,0.8462532386474777,0.8462532386474777,0.0,0.0,0.8462532386474777,-276.05290713465564
2026-01-15 22:03:00+00:00,95519.5546875,3299.10693359375,-740.4636443230529,-0.9699334391371158,1,0.4129714946780041,0.4129714946780041,0.0,0.0,0.4129714946780041,-275.63993563997764
2026-01-15 22:04:00+00:00,95549.3046875,3299.656494140625,-741.1722264160403,-1.4084038600275193,1,-0.7085820929873989,-0.7085820929873989,0.0,0.0,-0.7085820929873989,-276.34851773296504
2026-01-15 22:05:00+00:00,95625.6640625,3302.748779296875,-741.3092180880508,-1.4699768158516417,1,-0.13699167201048112,-0.13699167201048112,0.0,0.0,-0.13699167201048112,-276.4855094049755
2026-01-15 22:06:00+00:00,95625.90625,3302.953857421875,-741.1143821956757,-1.3101381319459413,1,0.1948358923750675,0.1948358923750675,0.0,0.0,0.1948358923750675,-276.29067351260045
2026-01-15 22:07:00+00:00,95638.921875,3303.341796875,-741.2768801474908,-1.3535831105935094,1,-0.16249795181511217,-0.16249795181511217,0.0,0.0,-0.16249795181511217,-276.45317146441556
2026-01-15 22:08:00+00:00,95665.4765625,3303.578369140625,-742.1633191299993,-1.7864247427391253,1,-0.88643898250848,-0.88643898250848,0.0,0.0,-0.88643898250848,-277.33961044692404
2026-01-15 22:09:00+00:00,95674.6953125,3303.478515625,-742.6530382745732,-1.9658791734369276,1,-0.48971914457388266,-0.48971914457388266,0.0,0.0,-0.48971914457388266,-277.8293295914979
2026-01-15 22:10:00+00:00,95684.8671875,3304.489013671875,-742.0727139979454,-1.589961845277732,1,0.5803242766278345,0.5803242766278345,0.0,0.0,0.5803242766278345,-277.2490053148701
2026-01-15 22:11:00+00:00,95677.796875,3304.641845703125,-741.6208748529675,-1.3075423835900086,1,0.45183914497783917,0.45183914497783917,0.0,0.0,0.45183914497783917,-276.79716616989225
2026-01-15 22:12:00+00:00,95655.765625,3303.83056640625,-741.5004413755746,-1.2124246583222615,1,0.12043347739290766,0.12043347739290766,0.0,0.0,0.12043347739290766,-276.67673269249934
2026-01-15 22:13:00+00:00,95608.75,3302.679931640625,-740.6627614335598,-0.756383765543118,1,0.8376799420148018,0.8376799420148018,0.0,0.0,0.8376799420148018,-275.83905275048454
2026-01-15 22:14:00+00:00,95491.828125,3297.0029296875,-741.3950777910486,-1.099728422271558,1,-0.7323163574887985,-0.7323163574887985,0.0,0.0,-0.7323163574887985,-276.57136910797334
2026-01-15 22:15:00+00:00,95530.4609375,3298.563720703125,-741.4680880764004,-1.101786467042196,1,-0.07301028535175647,-0.07301028535175647,0.0,0.0,-0.07301028535175647,-276.6443793933251
2026-01-15 22:16:00+00:00,95472.9921875,3296.6943359375,-740.9070901585096,-0.7868082224101549,1,0.5609979178907452,0.5609979178907452,0.0,0.0,0.5609979178907452,-276.08338147543435
2026-01-15 22:17:00+00:00,95482.9140625,3296.61083984375,-741.4101873952809,-1.0116685163572985,1,-0.503097236771282,-0.503097236771282,0.0,0.0,-0.503097236771282,-276.58647871220563
2026-01-15 22:18:00+00:00,95485.84375,3297.060791015625,-741.0841341987075,-0.81762033848228,1,0.3260531965734117,0.3260531965734117,0.0,0.0,0.3260531965734117,-276.2604255156322
2026-01-15 22:19:00+00:00,95511.328125,3299.712158203125,-739.5105141990311,-0.0065055074600302125,0,1.573619999676339,1.573619999676339,1.0,3.2997121582031252,-1.7260921585267863,-277.986517674159
2026-01-15 22:20:00+00:00,95538.3203125,3299.83203125,-740.5321544979347,-0.511062731034732,0,-1.0216402989035487,-0.0,0.0,0.0,-0.0,-277.986517674159
2026-01-15 22:22:00+00:00,95576.4921875,3301.3779296875,-740.600564079964,-0.5252102954814044,0,-0.0684095820292896,-0.0,0.0,0.0,-0.0,-277.986517674159
2026-01-15 22:23:00+00:00,95566.6875,3301.33251953125,-740.2313290122047,-0.3127468294312555,0,0.36923506775929127,0.0,0.0,0.0,0.0,-277.986517674159
2026-01-15 22:24:00+00:00,95566.2734375,3303.73876953125,-737.807568098362,0.9648404212355817,0,2.4237609138426706,0.0,0.0,0.0,0.0,-277.986517674159
2026-01-15 22:25:00+00:00,95596.21875,3302.71142578125,-740.101314353245,-0.21999369998140023,0,-2.29374625488299,-0.0,0.0,0.0,-0.0,-277.986517674159
2026-01-15 22:26:00+00:00,95623.9921875,3303.812255859375,-740.1750370809787,-0.23255094017354605,0,-0.07372272773363875,-0.0,0.0,0.0,-0.0,-277.986517674159
2026-01-15 22:27:00+00:00,95626.515625,3304.18994140625,-739.9040689901635,-0.05390565821715381,0,0.2709680908151313,0.0,0.0,0.0,0.0,-277.986517674159
2026-01-15 22:28:00+00:00,95654.09375,3304.994140625,-740.2661627122525,-0.2286256529745013,0,-0.3620937220889573,-0.0,0.0,0.0,-0.0,-277.986517674159
2026-01-15 22:29:00+00:00,95688.421875,3306.9013671875,-739.8106900256862,0.06889583487679558,0,0.4554726865662815,0.0,0.0,0.0,0.0,-277.986517674159
2026-01-15 22:31:00+00:00,95705.796875,3308.14697265625,-739.2998821491251,0.4176634290049441,0,0.5108078765611026,0.0,0.0,0.0,0.0,-277.986517674159
2026-01-15 22:32:00+00:00,95701.8828125,3308.022705078125,-739.2586220322469,0.49018948233128296,0,0.04126011687822029,0.0,0.0,0.0,0.0,-277.986517674159
2026-01-15 22:34:00+00:00,95784.0390625,3312.09423828125,-738.6615184511793,0.9268237249048628,0,0.5971035810675858,0.0,0.0,0.0,0.0,-277.986517674159
2026-01-15 22:35:00+00:00,95778.8203125,3310.69189453125,-739.8431586078423,0.17250102146989166,0,-1.1816401566629793,-0.0,0.0,0.0,-0.0,-277.986517674159
2026-01-15 22:36:00+00:00,95731.4921875,3308.5087890625,-740.0247335849203,0.07000596112820445,0,-0.18157497707807124,-0.0,0.0,0.0,-0.0,-277.986517674159
2026-01-15 22:37:00+00:00,95688.734375,3307.727294921875,-738.9979780753438,0.7986022373739455,0,1.0267555095765601,0.0,0.0,0.0,0.0,-277.986517674159
2026-01-15 22:39:00+00:00,95701.578125,3309.239013671875,-738.0294280490657,1.463536211140758,0,0.9685500262780806,0.0,0.0,0.0,0.0,-277.986517674159
2026-01-15 22:40:00+00:00,95736.875,3313.33251953125,-735.4286449961241,3.046803060905108,-1,2.6007830529415514,0.0,1.0,3.31333251953125,-3.31333251953125,-281.29985019369025
2026-01-15 22:41:00+00:00,95735.484375,3316.2158203125,-732.4865339759313,4.161593808267512,-1,2.942111020192897,-2.942111020192897,0.0,0.0,-2.942111020192897,-284.24196121388314
2026-01-15 22:42:00+00:00,95759.1015625,3316.202392578125,-733.4987445885372,3.2350217591176684,-1,-1.0122106126059407,1.0122106126059407,0.0,0.0,1.0122106126059407,-283.2297506012772
2026-01-15 22:43:00+00:00,95707.6328125,3312.712646484375,-734.811851052189,2.423172405812669,-1,-1.3131064636518204,1.3131064636518204,0.0,0.0,1.3131064636518204,-281.9166441376254
2026-01-15 22:44:00+00:00,95632.609375,3308.163818359375,-736.1878998256661,1.705234624975449,-1,-1.3760487734771232,1.3760487734771232,0.0,0.0,1.3760487734771232,-280.54059536414826
2026-01-15 22:45:00+00:00,95632.59375,3308.504638671875,-735.8464187239642,1.7892075658958284,-1,0.34148110170190193,-0.34148110170190193,0.0,0.0,-0.34148110170190193,-280.88207646585016
2026-01-15 22:47:00+00:00,95652.875,3309.5712890625,-735.6374727170273,1.8027845620140994,-1,0.20894600693691245,-0.20894600693691245,0.0,0.0,-0.20894600693691245,-281.0910224727871
2026-01-15 22:48:00+00:00,95606.703125,3306.7333984375,-736.5227312512743,1.3755211876462452,-1,-0.8852585342469865,0.8852585342469865,0.0,0.0,0.8852585342469865,-280.2057639385401
2026-01-15 22:49:00+00:00,95606.96875,3306.755615234375,-736.5117478708266,1.347701355660218,-1,0.010983380447669333,-0.010983380447669333,0.0,0.0,-0.010983380447669333,-280.21674731898776
2026-01-15 22:50:00+00:00,95628.140625,3307.848876953125,-736.3138555202559,1.4158953738826567,-1,0.19789235057078258,-0.19789235057078258,0.0,0.0,-0.19789235057078258,-280.41463966955854
2026-01-15 22:51:00+00:00,95633.0390625,3309.280029296875,-735.0898605912103,1.8742330248974723,-1,1.2239949290456025,-1.2239949290456025,0.0,0.0,-1.2239949290456025,-281.63863459860414
2026-01-15 22:52:00+00:00,95612.7109375,3307.276123046875,-736.2340800899174,1.3533550125369826,-1,-1.1442194987071161,1.1442194987071161,0.0,0.0,1.1442194987071161,-280.494415099897
2026-01-15 22:53:00+00:00,95575.9765625,3305.726318359375,-736.2303693644362,1.3104345328481601,-1,0.003710725481141708,-0.003710725481141708,0.0,0.0,-0.003710725481141708,-280.49812582537817
2026-01-15 22:54:00+00:00,95564.59375,3305.546630859375,-735.9286719310644,1.3888877831182742,-1,0.3016974333718281,-0.3016974333718281,0.0,0.0,-0.3016974333718281,-280.79982325875
2026-01-15 22:55:00+00:00,95589.796875,3305.36767578125,-737.1734799913838,0.8752731713728304,-1,-1.2448080603194285,1.2448080603194285,0.0,0.0,1.2448080603194285,-279.55501519843057
2026-01-15 22:56:00+00:00,95567.0390625,3304.666259765625,-736.9124565348661,0.9619907580463649,-1,0.2610234565177052,-0.2610234565177052,0.0,0.0,-0.2610234565177052,-279.8160386549483
2026-01-15 22:57:00+00:00,95531.9375,3303.46875,-736.6255033590774,1.048646606145444,-1,0.2869531757887671,-0.2869531757887671,0.0,0.0,-0.2869531757887671,-280.10299183073704
2026-01-15 22:59:00+00:00,95522.6484375,3305.22607421875,-734.4753399599713,1.8006443450245135,-1,2.150163399106077,-2.150163399106077,0.0,0.0,-2.150163399106077,-282.2531552298431
2026-01-15 23:00:00+00:00,95571.3046875,3308.170166015625,-733.5889457369049,2.0225689248965906,-1,0.8863942230664179,-0.8863942230664179,0.0,0.0,-0.8863942230664179,-283.13954945290953
2026-01-15 23:02:00+00:00,95503.375,3306.3681640625,-732.5181666360372,2.267031515051267,-1,1.0707791008676395,-1.0707791008676395,0.0,0.0,-1.0707791008676395,-284.2103285537772
2026-01-15 23:03:00+00:00,95508.8203125,3307.151123046875,-731.9654926884227,2.310577362697082,-1,0.552673947614494,-0.552673947614494,0.0,0.0,-0.552673947614494,-284.76300250139167
2026-01-15 23:04:00+00:00,95507.984375,3306.46142578125,-732.6198377317619,1.985277713346394,-1,-0.6543450433391627,0.6543450433391627,0.0,0.0,0.6543450433391627,-284.1086574580525
2026-01-15 23:05:00+00:00,95468.78125,3304.9951171875,-732.4282262186762,1.9513452177518928,-1,0.1916115130857179,-0.1916115130857179,0.0,0.0,-0.1916115130857179,-284.3002689711382
2026-01-15 23:06:00+00:00,95436.625,3303.823974609375,-732.2394646198909,1.9238386201920925,-1,0.18876159878527687,-0.18876159878527687,0.0,0.0,-0.18876159878527687,-284.4890305699235
2026-01-15 23:07:00+00:00,95424.953125,3302.83251953125,-732.7373101644143,1.700595901797743,-1,-0.4978455445234431,0.4978455445234431,0.0,0.0,0.4978455445234431,-283.99118502540006
2026-01-15 23:08:00+00:00,95377.84375,3301.54638671875,-732.031163534065,1.8373746545104461,-1,0.7061466303493944,-0.7061466303493944,0.0,0.0,-0.7061466303493944,-284.69733165574945
2026-01-15 23:09:00+00:00,95415.9140625,3302.33740234375,-732.8501607987837,1.5221632452640084,-1,-0.818997264718746,0.818997264718746,0.0,0.0,0.818997264718746,-283.8783343910307
2026-01-15 23:10:00+00:00,95413.96875,3302.270751953125,-732.8345429338087,1.4683625168713685,-1,0.01561786497495632,-0.01561786497495632,0.0,0.0,-0.01561786497495632,-283.89395225600566
2026-01-15 23:11:00+00:00,95453.3671875,3304.130126953125,-732.6413479056641,1.4696833788657422,-1,0.19319502814460066,-0.19319502814460066,0.0,0.0,-0.19319502814460066,-284.08714728415026
2026-01-15 23:12:00+00:00,95465.1640625,3304.799560546875,-732.4708101591286,1.4648635554981753,-1,0.17053774653550136,-0.17053774653550136,0.0,0.0,-0.17053774653550136,-284.25768503068576
2026-01-15 23:13:00+00:00,95469.1328125,3304.99560546875,-732.4426056944621,1.4200601146665695,-1,0.028204464666487183,-0.028204464666487183,0.0,0.0,-0.028204464666487183,-284.28588949535225
2026-01-15 23:14:00+00:00,95466.125,3306.975830078125,-730.3351791637779,1.9432350057975187,-1,2.107426530684279,-2.107426530684279,0.0,0.0,-2.107426530684279,-286.39331602603653
2026-01-15 23:15:00+00:00,95555.1796875,3309.70458984375,-731.3725874527199,1.5875897610458076,-1,-1.0374082889420606,1.0374082889420606,0.0,0.0,1.0374082889420606,-285.35590773709447
2026-01-15 23:16:00+00:00,95549.203125,3309.52001953125,-731.3044058956048,1.5568613340533828,-1,0.06818155711516738,-0.06818155711516738,0.0,0.0,-0.06818155711516738,-285.42408929420964
2026-01-15 23:17:00+00:00,95636.6328125,3311.88427734375,-732.6375940607049,1.1394649679883424,-1,-1.3331881651001822,1.3331881651001822,0.0,0.0,1.3331881651001822,-284.09090112910945
2026-01-15 23:18:00+00:00,95619.6953125,3312.197509765625,-731.6080661442866,1.3921985190981425,-1,1.029527916418374,-1.029527916418374,0.0,0.0,-1.029527916418374,-285.1204290455278
2026-01-15 23:19:00+00:00,95639.4609375,3313.010986328125,-731.6304879218214,1.3425929266857053,-1,-0.0224217775348734,0.0224217775348734,0.0,0.0,0.0224217775348734,-285.09800726799295
2026-01-15 23:20:00+00:00,95642.5859375,3313.232666015625,-731.5409660746432,1.3233617208761677,-1,0.0895218471782755,-0.0895218471782755,0.0,0.0,-0.0895218471782755,-285.18752911517123
2026-01-15 23:21:00+00:00,95646.8359375,3313.684814453125,-731.2685522999805,1.3601513670798562,-1,0.27241377466270933,-0.27241377466270933,0.0,0.0,-0.27241377466270933,-285.45994288983394
2026-01-15 23:22:00+00:00,95607.6875,3311.975830078125,-731.3219293303505,1.305934237276991,-1,-0.05337703037002939,0.05337703037002939,0.0,0.0,0.05337703037002939,-285.4065658594639
2026-01-15 23:23:00+00:00,95632.4296875,3312.0302734375,-732.3138456717224,0.9825980431221069,-1,-0.9919163413719616,0.9919163413719616,0.0,0.0,0.9919163413719616,-284.41464951809195
2026-01-15 23:24:00+00:00,95647.5390625,3312.72900390625,-732.2540983609279,0.9726092900943947,-1,0.05974731079459161,-0.05974731079459161,0.0,0.0,-0.05974731079459161,-284.47439682888654
2026-01-15 23:25:00+00:00,95656.5234375,3312.889404296875,-732.4736517612278,0.8789209830219238,-1,-0.2195534002999011,0.2195534002999011,0.0,0.0,0.2195534002999011,-284.25484342858664
2026-01-15 23:26:00+00:00,95663.1953125,3313.581787109375,-732.0634259378144,0.9741237058052027,-1,0.4102258234133842,-0.4102258234133842,0.0,0.0,-0.4102258234133842,-284.665069252
2026-01-15 23:27:00+00:00,95662.2265625,3313.8330078125,-731.7712363041896,1.03552465670773,-1,0.29218963362473005,-0.29218963362473005,0.0,0.0,-0.29218963362473005,-284.95725888562475
2026-01-15 23:28:00+00:00,95655.1875,3313.8642578125,-731.4423007688652,1.109977968833207,-1,0.32893553532449005,-0.32893553532449005,0.0,0.0,-0.32893553532449005,-285.28619442094924
2026-01-15 23:29:00+00:00,95652.9609375,3314.220947265625,-730.991448854511,1.2218378351866415,-1,0.4508519143541889,-0.4508519143541889,0.0,0.0,-0.4508519143541889,-285.73704633530343
2026-01-15 23:30:00+00:00,95593.484375,3312.799072265625,-729.8980297585881,1.5185770767046889,-1,1.0934190959228545,-1.0934190959228545,0.0,0.0,-1.0934190959228545,-286.8304654312263
2026-01-15 23:31:00+00:00,95493.0,3310.538330078125,-727.9092365905444,2.0736422414491313,-1,1.988793168043685,-1.988793168043685,0.0,0.0,-1.988793168043685,-288.81925859927
2026-01-15 23:32:00+00:00,95482.2890625,3309.964111328125,-728.0304843428416,1.9622930278522124,-1,-0.12124775229722218,0.12124775229722218,0.0,0.0,0.12124775229722218,-288.69801084697275
2026-01-15 23:33:00+00:00,95472.8828125,3310.35986328125,-727.2369372903481,2.1240200472809967,-1,0.7935470524935226,-0.7935470524935226,0.0,0.0,-0.7935470524935226,-289.4915578994663
2026-01-15 23:34:00+00:00,95487.1328125,3311.232421875,-726.9670184484653,2.1271791447718074,-1,0.2699188418828271,-0.2699188418828271,0.0,0.0,-0.2699188418828271,-289.7614767413491
2026-01-15 23:35:00+00:00,95468.375,3310.565673828125,-726.8404890588095,2.0845078329166555,-1,0.12652938965584326,-0.12652938965584326,0.0,0.0,-0.12652938965584326,-289.88800613100494
2026-01-15 23:36:00+00:00,95459.3125,3309.915771484375,-727.1071336656264,1.9292214949270945,-1,-0.26664460681695346,0.26664460681695346,0.0,0.0,0.26664460681695346,-289.621361524188
2026-01-15 23:37:00+00:00,95459.4609375,3309.717041015625,-727.3121416317917,1.8057079269207739,-1,-0.2050079661653399,0.2050079661653399,0.0,0.0,0.2050079661653399,-289.41635355802265
2026-01-15 23:38:00+00:00,95464.90625,3310.831298828125,-726.4281688560523,1.9968344057811083,-1,0.883972775739494,-0.883972775739494,0.0,0.0,-0.883972775739494,-290.30032633376214
2026-01-15 23:39:00+00:00,95496.9921875,3311.641357421875,-726.9750408878053,1.784612547579398,-1,-0.5468720317530824,0.5468720317530824,0.0,0.0,0.5468720317530824,-289.75345430200906
2026-01-15 23:40:00+00:00,95503.375,3312.054931640625,-726.8313990579122,1.7927234996182289,-1,0.14364182989311303,-0.14364182989311303,0.0,0.0,-0.14364182989311303,-289.8970961319022
2026-01-15 23:41:00+00:00,95488.703125,3311.712890625,-726.5529590132269,1.8297391314792721,-1,0.27844004468533967,-0.27844004468533967,0.0,0.0,-0.27844004468533967,-290.1755361765875
2026-01-15 23:42:00+00:00,95481.7265625,3311.14453125,-726.8262760097086,1.6905299750183522,-1,-0.27331699648175345,0.27331699648175345,0.0,0.0,0.27331699648175345,-289.90221918010576
2026-01-15 23:43:00+00:00,95487.1015625,3311.8310546875,-726.367064057562,1.758033431695056,-1,0.4592119521466884,-0.4592119521466884,0.0,0.0,-0.4592119521466884,-290.36143113225245
2026-01-15 23:44:00+00:00,95491.09375,3312.230224609375,-726.1367257766979,1.749550911731275,-1,0.23033828086408903,-0.23033828086408903,0.0,0.0,-0.23033828086408903,-290.59176941311654
2026-01-15 23:45:00+00:00,95491.375,3312.35791015625,-726.0209344354521,1.706196340308798,-1,0.1157913412457674,-0.1157913412457674,0.0,0.0,-0.1157913412457674,-290.7075607543623
2026-01-15 23:47:00+00:00,95513.0234375,3314.481689453125,-724.8126785774057,1.9638657779387094,-1,1.2082558580464138,-1.2082558580464138,0.0,0.0,-1.2082558580464138,-291.9158166124087
2026-01-15 23:48:00+00:00,95551.890625,3317.03857421875,-723.8995069507814,2.117816273604987,-1,0.913171626624262,-0.913171626624262,0.0,0.0,-0.913171626624262,-292.828988239033
2026-01-15 23:49:00+00:00,95550.0078125,3317.513916015625,-723.3445400551127,2.15606055681839,-1,0.5549668956687128,-0.5549668956687128,0.0,0.0,-0.5549668956687128,-293.3839551347017
2026-01-15 23:50:00+00:00,95573.375,3318.326904296875,-723.5197620248682,2.006180871951887,-1,-0.17522196975551196,0.17522196975551196,0.0,0.0,0.17522196975551196,-293.2087331649462
2026-01-15 23:51:00+00:00,95574.4765625,3318.154541015625,-723.7387109448314,1.8686496161609505,-1,-0.218948919963168,0.218948919963168,0.0,0.0,0.218948919963168,-292.989784244983
2026-01-15 23:52:00+00:00,95554.546875,3319.353759765625,-721.6966555681802,2.2873956893020018,-1,2.0420553766512057,-2.0420553766512057,0.0,0.0,-2.0420553766512057,-295.0318396216342
2026-01-15 23:53:00+00:00,95573.9296875,3320.035888671875,-721.8342356665253,2.1432737991808843,-1,-0.1375800983450972,0.1375800983450972,0.0,0.0,0.1375800983450972,-294.8942595232891
2026-01-15 23:54:00+00:00,95551.90625,3316.225830078125,-724.7129118806083,1.3615901952710203,-1,-2.8786762140830433,2.8786762140830433,0.0,0.0,2.8786762140830433,-292.0155833092061
2026-01-15 23:55:00+00:00,95577.4375,3317.966552734375,-724.0519187797863,1.481384967502617,-1,0.6609931008219974,-0.6609931008219974,0.0,0.0,-0.6609931008219974,-292.6765764100281
2026-01-15 23:56:00+00:00,95577.0390625,3317.676025390625,-724.3255959988956,1.3703053366890317,-1,-0.2736772191092314,0.2736772191092314,0.0,0.0,0.2736772191092314,-292.40289919091884
2026-01-15 23:57:00+00:00,95563.875,3317.4052734375,-724.0396330496651,1.4005125483025909,-1,0.28596294923045207,-0.28596294923045207,0.0,0.0,-0.28596294923045207,-292.6888621401493
2026-01-15 23:58:00+00:00,95546.2578125,3316.51025390625,-724.1896127561017,1.33198649839738,-1,-0.14997970643662484,0.14997970643662484,0.0,0.0,0.14997970643662484,-292.5388824337127
2026-01-16 00:00:00+00:00,95562.78125,3317.557373046875,-723.8412781961779,1.39280004122222,-1,0.3483345599238419,-0.3483345599238419,0.0,0.0,-0.3483345599238419,-292.8872169936365
2026-01-16 00:01:00+00:00,95548.1015625,3317.057861328125,-723.7199784600166,1.3951824580693901,-1,0.12129973616129064,-0.12129973616129064,0.0,0.0,-0.12129973616129064,-293.0085167297978
2026-01-16 00:02:00+00:00,95615.5625,3319.165771484375,-724.4650256817113,1.156617330321008,-1,-0.7450472216946764,0.7450472216946764,0.0,0.0,0.7450472216946764,-292.2634695081031
2026-01-16 00:03:00+00:00,95632.9296875,3320.3681640625,-723.9971003011738,1.2450033017693445,-1,0.4679253805375083,-0.4679253805375083,0.0,0.0,-0.4679253805375083,-292.73139488864064
2026-01-16 00:04:00+00:00,95642.8515625,3320.784912109375,-723.9999533973205,1.2027219826108106,-1,-0.002853096146736789,0.002853096146736789,0.0,0.0,0.002853096146736789,-292.7285417924939
2026-01-16 00:05:00+00:00,95645.515625,3320.923583984375,-723.9739460811948,1.1692824163008637,-1,0.026007316125742364,-0.026007316125742364,0.0,0.0,-0.026007316125742364,-292.75454910861964
2026-01-16 00:06:00+00:00,95655.484375,3321.16064453125,-724.1584690449458,1.082462217862689,-1,-0.18452296375107835,0.18452296375107835,0.0,0.0,0.18452296375107835,-292.57002614486856
2026-01-16 00:07:00+00:00,95677.765625,3321.927734375,-724.3336646026896,1.0007198834464293,-1,-0.17519555774379114,0.17519555774379114,0.0,0.0,0.17519555774379114,-292.3948305871248
2026-01-16 00:08:00+00:00,95657.7890625,3320.899658203125,-724.5169217803082,0.9188734240224737,-1,-0.1832571776185432,0.1832571776185432,0.0,0.0,0.1832571776185432,-292.21157340950623
2026-01-16 00:09:00+00:00,95655.3203125,3320.681640625,-724.630534664579,0.8581966627440728,-1,-0.11361288427087857,0.11361288427087857,0.0,0.0,0.11361288427087857,-292.09796052523535
2026-01-16 00:10:00+00:00,95623.8671875,3319.453125,-724.5288816267412,0.8573478980082095,-1,0.10165303783787749,-0.10165303783787749,0.0,0.0,-0.10165303783787749,-292.1996135630732
2026-01-16 00:12:00+00:00,95645.34375,3319.886962890625,-725.003298493727,0.6966858932770993,-1,-0.4744168669858482,0.4744168669858482,0.0,0.0,0.4744168669858482,-291.7251966960874
2026-01-16 00:14:00+00:00,95622.140625,3317.009033203125,-726.8999562168383,0.1251928607437663,0,-1.8966577231112751,1.8966577231112751,1.0,3.3170090332031252,-1.4203513100918501,-293.14554800617924
2026-01-16 00:15:00+00:00,95626.125,3316.776611328125,-727.3008793382483,-0.019184531810028993,0,-0.40092312140996,-0.0,0.0,0.0,-0.0,-293.14554800617924
2026-01-16 00:17:00+00:00,95704.75,3318.766357421875,-728.6362245069922,-0.44817242847989175,0,-1.3353451687439701,-0.0,0.0,0.0,-0.0,-293.14554800617924
2026-01-16 00:18:00+00:00,95705.3359375,3318.874755859375,-728.5526056645526,-0.4519020390559992,0,0.08361884243959139,0.0,0.0,0.0,0.0,-293.14554800617924
2026-01-16 00:19:00+00:00,95723.2890625,3319.797119140625,-728.3894891759505,-0.41405913884531015,0,0.1631164886020997,0.0,0.0,0.0,0.0,-293.14554800617924
2026-01-16 00:20:00+00:00,95721.1640625,3319.604248046875,-728.4924929382819,-0.46824238007491786,0,-0.10300376233135466,-0.0,0.0,0.0,-0.0,-293.14554800617924
2026-01-16 00:21:00+00:00,95714.78125,3319.492431640625,-728.334376955675,-0.43994055430080453,0,0.15811598260688697,0.0,0.0,0.0,0.0,-293.14554800617924
2026-01-16 00:22:00+00:00,95694.4375,3319.241943359375,-727.7245176964307,-0.27663274409071603,0,0.609859259244331,0.0,0.0,0.0,0.0,-293.14554800617924
2026-01-16 00:23:00+00:00,95722.296875,3320.566650390625,-727.5779978116484,-0.25549821715817583,0,0.14651988478226485,0.0,0.0,0.0,0.0,-293.14554800617924
2026-01-16 00:24:00+00:00,95707.0078125,3321.005615234375,-726.4924507341248,0.08775715308498092,0,1.0855470775236427,0.0,0.0,0.0,0.0,-293.14554800617924
2026-01-16 00:26:00+00:00,95626.9609375,3319.101806640625,-725.0110362480345,0.5798952078388045,0,1.481414486090216,0.0,0.0,0.0,0.0,-293.14554800617924
2026-01-16 00:27:00+00:00,95629.328125,3319.235107421875,-724.9778450308281,0.5662983285527856,0,0.03319121720642215,0.0,0.0,0.0,0.0,-293.14554800617924
2026-01-16 00:28:00+00:00,95640.390625,3319.449951171875,-725.2308400355669,0.44816039645888806,0,-0.25299500473875014,-0.0,0.0,0.0,-0.0,-293.14554800617924
2026-01-16 00:29:00+00:00,95657.40625,3319.80859375,-725.5917968979934,0.28306211130211406,0,-0.36095686242651936,-0.0,0.0,0.0,-0.0,-293.14554800617924
2026-01-16 00:30:00+00:00,95652.1640625,3319.400146484375,-725.778549386479,0.17627392632355796,0,-0.18675248848558113,-0.0,0.0,0.0,-0.0,-293.14554800617924
2026-01-16 00:31:00+00:00,95693.9140625,3321.0615234375,-725.882801180052,0.09398906464222105,0,-0.10425179357298475,-0.0,0.0,0.0,-0.0,-293.14554800617924
2026-01-16 00:32:00+00:00,95674.5859375,3320.655029296875,-725.4718990782872,0.23933157530794014,0,0.4109021017648047,0.0,0.0,0.0,0.0,-293.14554800617924
2026-01-16 00:33:00+00:00,95701.078125,3322.2880859375,-724.9592105289894,0.4522771777913001,0,0.5126885492977635,0.0,0.0,0.0,0.0,-293.14554800617924
2026-01-16 00:34:00+00:00,95697.296875,3322.1845703125,-724.9028151672001,0.45628935656551545,0,0.05639536178932758,0.0,0.0,0.0,0.0,-293.14554800617924
2026-01-16 00:35:00+00:00,95750.2578125,3324.831787109375,-724.4953433691771,0.6568014465339571,0,0.4074717980229252,0.0,0.0,0.0,0.0,-293.14554800617924
2026-01-16 00:36:00+00:00,95735.0625,3323.987548828125,-724.6969641518626,0.5191182029735169,0,-0.20162078268549521,-0.0,0.0,0.0,-0.0,-293.14554800617924
2026-01-16 00:37:00+00:00,95746.1875,3324.62939453125,-724.5256003602831,0.5955560001146345,0,0.17136379157955162,0.0,0.0,0.0,0.0,-293.14554800617924
2026-01-16 00:39:00+00:00,95733.1328125,3324.496337890625,-724.1065676229641,0.8201187837282509,0,0.4190327373189575,0.0,0.0,0.0,0.0,-293.14554800617924
2026-01-16 00:40:00+00:00,95734.3046875,3324.731201171875,-723.9212635318345,0.9025148967234228,0,0.18530409112963753,0.0,0.0,0.0,0.0,-293.14554800617924
2026-01-16 00:41:00+00:00,95759.5625,3325.19482421875,-724.5258062293597,0.5101304273702304,0,-0.6045426975251758,-0.0,0.0,0.0,-0.0,-293.14554800617924
2026-01-16 00:42:00+00:00,95724.859375,3323.52294921875,-724.7300684125876,0.364800681861186,0,-0.204262183227911,-0.0,0.0,0.0,-0.0,-293.14554800617924
2026-01-16 00:43:00+00:00,95733.3359375,3323.334228515625,-725.2772672575848,0.006645428050132287,0,-0.5471988449971832,-0.0,0.0,0.0,-0.0,-293.14554800617924
2026-01-16 00:44:00+00:00,95754.3203125,3323.892578125,-725.6063575459702,-0.22042768583547048,0,-0.32909028838548693,-0.0,0.0,0.0,-0.0,-293.14554800617924
2026-01-16 00:45:00+00:00,95754.1640625,3324.08203125,-725.410296528954,-0.10713148736832082,0,0.19606101701629086,0.0,0.0,0.0,0.0,-293.14554800617924
2026-01-16 00:46:00+00:00,95742.265625,3323.5888671875,-725.4002696144294,-0.11872943164709834,0,0.010026914524587482,0.0,0.0,0.0,0.0,-293.14554800617924
2026-01-16 00:47:00+00:00,95706.4609375,3321.759765625,-725.7151727214432,-0.3367231482480002,0,-0.3149031070138335,-0.0,0.0,0.0,-0.0,-293.14554800617924
2026-01-16 00:48:00+00:00,95737.5,3323.22509765625,-725.5624984391884,-0.24967676187537283,0,0.15267428225479307,0.0,0.0,0.0,0.0,-293.14554800617924
2026-01-16 00:49:00+00:00,95731.125,3323.236328125,-725.2816659761825,-0.0835128837916816,0,0.280832463005936,0.0,0.0,0.0,0.0,-293.14554800617924
2026-01-16 00:50:00+00:00,95725.4296875,3323.4326171875,-724.8445192496961,0.1897734591648873,0,0.4371467264863895,0.0,0.0,0.0,0.0,-293.14554800617924
2026-01-16 00:51:00+00:00,95699.9296875,3322.819091796875,-724.379636663296,0.4802421366847786,0,0.46488258640010827,0.0,0.0,0.0,0.0,-293.14554800617924
2026-01-16 00:52:00+00:00,95663.828125,3321.382568359375,-724.2894066504796,0.5215837033978561,0,0.09023001281639154,0.0,0.0,0.0,0.0,-293.14554800617924
2026-01-16 00:53:00+00:00,95654.3671875,3321.009521484375,-724.2623456639058,0.5323408236008842,0,0.02706098657381517,0.0,0.0,0.0,0.0,-293.14554800617924
2026-01-16 00:54:00+00:00,95673.5703125,3321.378662109375,-724.7053149676826,0.24778572847476665,0,-0.44296930377686294,-0.0,0.0,0.0,-0.0,-293.14554800617924
2026-01-16 00:55:00+00:00,95664.84375,3321.146240234375,-724.5686860735841,0.35647283431717186,0,0.13662889409852141,0.0,0.0,0.0,0.0,-293.14554800617924
2026-01-16 00:56:00+00:00,95611.53125,3318.793701171875,-724.666612380196,0.30600698992928854,0,-0.0979263066119529,-0.0,0.0,0.0,-0.0,-293.14554800617924
2026-01-16 00:57:00+00:00,95592.921875,3317.92724609375,-724.7460675192056,0.2651602940645667,0,-0.07945513900949663,-0.0,0.0,0.0,-0.0,-293.14554800617924
2026-01-16 00:58:00+00:00,95606.1953125,3318.20458984375,-725.0300641959716,0.11396419901786367,0,-0.2839966767660371,-0.0,0.0,0.0,-0.0,-293.14554800617924
2026-01-16 00:59:00+00:00,95574.8046875,3315.81103515625,-726.0960933774404,-0.6349291883743726,0,-1.0660291814688208,-0.0,0.0,0.0,-0.0,-293.14554800617924
2026-01-16 01:00:00+00:00,95574.0,3315.886962890625,-725.9861349991825,-0.5348998716063544,0,0.10995837825794297,0.0,0.0,0.0,0.0,-293.14554800617924
2026-01-16 01:01:00+00:00,95589.4453125,3316.29736328125,-726.2289247343474,-0.6937047223757503,0,-0.24278973516493352,-0.0,0.0,0.0,-0.0,-293.14554800617924
2026-01-16 01:02:00+00:00,95577.234375,3315.104248046875,-726.9056332076657,-1.167347142081928,0,-0.6767084733182855,-0.0,0.0,0.0,-0.0,-293.14554800617924
2026-01-16 01:03:00+00:00,95562.875,3314.13671875,-727.2658972282625,-1.387282861502479,0,-0.3602640205967873,-0.0,0.0,0.0,-0.0,-293.14554800617924
2026-01-16 01:04:00+00:00,95557.3125,3313.972412109375,-727.1949629131145,-1.2873528892735167,0,0.07093431514795157,0.0,0.0,0.0,0.0,-293.14554800617924
2026-01-16 01:05:00+00:00,95570.34375,3313.78466796875,-727.9338052478811,-1.7598120144167457,0,-0.7388423347665594,-0.0,0.0,0.0,-0.0,-293.14554800617924
2026-01-16 01:06:00+00:00,95496.8203125,3308.060546875,-730.5485827534626,-3.2899408272435653,1,-2.6147775055815146,-0.0,1.0,3.308060546875,-3.308060546875,-296.45360855305427
2026-01-16 01:07:00+00:00,95490.6484375,3308.525390625,-729.8227272688273,-2.5931860737434724,1,0.7258554846353036,0.7258554846353036,0.0,0.0,0.7258554846353036,-295.72775306841896
2026-01-16 01:08:00+00:00,95502.40625,3308.86181640625,-729.9835453617875,-2.5111894859181456,1,-0.16081809296019856,-0.16081809296019856,0.0,0.0,-0.16081809296019856,-295.88857116137916
2026-01-16 01:09:00+00:00,95493.4609375,3308.042724609375,-730.4243353407419,-2.580305776052454,1,-0.440789978954399,-0.440789978954399,0.0,0.0,-0.440789978954399,-296.32936114033356
2026-01-16 01:10:00+00:00,95467.796875,3305.96826171875,-731.4134519677245,-2.8815250809999613,1,-0.9891166269826499,-0.9891166269826499,0.0,0.0,-0.9891166269826499,-297.3184777673162
2026-01-16 01:11:00+00:00,95445.6328125,3304.90673828125,-731.5376459227432,-2.7173620244570857,1,-0.12419395501865438,-0.12419395501865438,0.0,0.0,-0.12419395501865438,-297.44267172233486
2026-01-16 01:12:00+00:00,95425.015625,3302.091552734375,-733.4809201180956,-3.2953802014264557,1,-1.9432741953523873,-1.9432741953523873,0.0,0.0,-1.9432741953523873,-299.38594591768725
2026-01-16 01:13:00+00:00,95419.078125,3303.723388671875,-731.5979842839847,-2.2773185527201676,1,1.8829358341108673,1.8829358341108673,0.0,0.0,1.8829358341108673,-297.5030100835764
2026-01-16 01:14:00+00:00,95418.8203125,3303.9296875,-731.3807824340329,-2.063240528507975,1,0.21720184995183445,0.21720184995183445,0.0,0.0,0.21720184995183445,-297.28580823362455
2026-01-16 01:15:00+00:00,95422.96875,3304.35888671875,-731.1270227483101,-1.8617125042017795,1,0.25375968572279817,0.25375968572279817,0.0,0.0,0.25375968572279817,-297.03204854790175
2026-01-16 01:17:00+00:00,95460.3125,3305.940185546875,-731.1250101120295,-1.7756239588608913,1,0.00201263628059678,0.00201263628059678,0.0,0.0,0.00201263628059678,-297.03003591162116
2026-01-16 01:18:00+00:00,95485.671875,3307.021484375,-731.1161721581148,-1.6993628128628724,1,0.008837953914735408,0.008837953914735408,0.0,0.0,0.008837953914735408,-297.0211979577064
2026-01-16 01:19:00+00:00,95482.171875,3306.9638671875,-731.0257725644547,-1.602342358741112,1,0.09039959366009498,0.09039959366009498,0.0,0.0,0.09039959366009498,-296.9307983640463
2026-01-16 01:20:00+00:00,95482.5234375,3306.75927734375,-731.2452301652406,-1.6382085209621962,1,-0.21945760078597232,-0.21945760078597232,0.0,0.0,-0.21945760078597232,-297.1502559648323
2026-01-16 01:21:00+00:00,95471.1875,3306.032958984375,-731.4921459588486,-1.6771667343630354,1,-0.24691579360796823,-0.24691579360796823,0.0,0.0,-0.24691579360796823,-297.39717175844027
2026-01-16 01:22:00+00:00,95460.1328125,3305.43505859375,-731.6225379893358,-1.668211906370195,1,-0.13039203048720083,-0.13039203048720083,0.0,0.0,-0.13039203048720083,-297.52756378892747
2026-01-16 01:23:00+00:00,95460.84375,3305.115234375,-731.9724281167591,-1.7325524847355007,1,-0.34989012742335035,-0.34989012742335035,0.0,0.0,-0.34989012742335035,-297.8774539163508
2026-01-16 01:24:00+00:00,95472.9609375,3305.852294921875,-731.7478095957313,-1.5982924834403416,1,0.22461852102787816,0.22461852102787816,0.0,0.0,0.22461852102787816,-297.65283539532294
2026-01-16 01:25:00+00:00,95514.4140625,3307.666015625,-731.6871626444736,-1.523087122256355,1,0.060646951257695036,0.060646951257695036,0.0,0.0,0.060646951257695036,-297.59218844406524
2026-01-16 01:26:00+00:00,95516.5859375,3307.784423828125,-731.660604140372,-1.463072439186968,1,0.026558504101558356,0.026558504101558356,0.0,0.0,0.026558504101558356,-297.5656299399637
2026-01-16 01:27:00+00:00,95506.453125,3307.827880859375,-731.1886253118792,-1.2611634787752417,1,0.47197882849286543,0.47197882849286543,0.0,0.0,0.47197882849286543,-297.0936511114708
2026-01-16 01:28:00+00:00,95524.2421875,3308.339111328125,-731.4297033491603,-1.2936773757290445,1,-0.2410780372811132,-0.2410780372811132,0.0,0.0,-0.2410780372811132,-297.33472914875193
2026-01-16 01:29:00+00:00,95537.0625,3309.3076171875,-731.0033750297052,-1.1149696388689558,1,0.42632831945502403,0.42632831945502403,0.0,0.0,0.42632831945502403,-296.9084008292969
2026-01-16 01:30:00+00:00,95582.46875,3309.744873046875,-732.4863725902042,-1.53665130840327,1,-1.4829975604989158,-1.4829975604989158,0.0,0.0,-1.4829975604989158,-298.3913983897958
2026-01-16 01:31:00+00:00,95689.640625,3314.139404296875,-732.6241944740368,-1.5184704540185063,1,-0.13782188383265748,-0.13782188383265748,0.0,0.0,-0.13782188383265748,-298.5292202736285
2026-01-16 01:32:00+00:00,95734.1796875,3316.999755859375,-731.647422530722,-1.168116996730561,1,0.9767719433148159,0.9767719433148159,0.0,0.0,0.9767719433148159,-297.55244833031367
2026-01-16 01:33:00+00:00,95733.25,3317.101318359375,-731.5065430732261,-1.0870394804556847,1,0.1408794574958847,0.1408794574958847,0.0,0.0,0.1408794574958847,-297.4115688728178
2026-01-16 01:34:00+00:00,95736.3984375,3317.901123046875,-730.8398874098502,-0.8502142614788979,1,0.6666556633758773,0.6666556633758773,0.0,0.0,0.6666556633758773,-296.7449132094419
2026-01-16 01:35:00+00:00,95724.0,3317.11474609375,-731.1019281314989,-0.9012995615385122,1,-0.26204072164864556,-0.26204072164864556,0.0,0.0,-0.26204072164864556,-297.00695393109055
2026-01-16 01:36:00+00:00,95701.8515625,3315.953857421875,-731.326148110094,-0.939495320336213,1,-0.22421997859510157,-0.22421997859510157,0.0,0.0,-0.22421997859510157,-297.23117390968565
2026-01-16 01:37:00+00:00,95682.8671875,3315.6435546875,-730.8335919645147,-0.7579257820892661,1,0.4925561455793286,0.4925561455793286,0.0,0.0,0.4925561455793286,-296.7386177641063
2026-01-16 01:38:00+00:00,95666.125,3315.829833984375,-729.939277038116,-0.4528894678948986,0,0.8943149263986925,0.8943149263986925,1.0,3.3158298339843753,-2.4215149075856828,-299.160132671692
2026-01-16 01:39:00+00:00,95650.71875,3314.180419921875,-730.9371529478303,-0.743832673158176,0,-0.9978759097143666,-0.0,0.0,0.0,-0.0,-299.160132671692
2026-01-16 01:40:00+00:00,95671.3984375,3315.379150390625,-730.6129769874092,-0.6139609424057814,0,0.3241759604211438,0.0,0.0,0.0,0.0,-299.160132671692
2026-01-16 01:41:00+00:00,95654.7578125,3314.91259765625,-730.375789222071,-0.5112037811530361,0,0.2371877653381489,0.0,0.0,0.0,0.0,-299.160132671692
2026-01-16 01:42:00+00:00,95662.5546875,3315.396728515625,-730.2213921742987,-0.4352673764839591,0,0.1543970477723633,0.0,0.0,0.0,0.0,-299.160132671692
2026-01-16 01:43:00+00:00,95635.5078125,3313.735107421875,-730.7391871600644,-0.5853410391083249,0,-0.517794985765704,-0.0,0.0,0.0,-0.0,-299.160132671692
2026-01-16 01:44:00+00:00,95624.8046875,3313.294677734375,-730.7269762444625,-0.5565183803794329,0,0.012210915601826855,0.0,0.0,0.0,0.0,-299.160132671692
2026-01-16 01:45:00+00:00,95609.3359375,3312.745849609375,-730.6216230598702,-0.49620531013143016,0,0.10535318459233167,0.0,0.0,0.0,0.0,-299.160132671692
2026-01-16 01:46:00+00:00,95619.953125,3313.11083984375,-730.705639087988,-0.5014225570445173,0,-0.08401602811773046,-0.0,0.0,0.0,-0.0,-299.160132671692
2026-01-16 01:47:00+00:00,95676.7265625,3315.211669921875,-731.0057865739072,-0.5832185063153377,0,-0.30014748591929674,-0.0,0.0,0.0,-0.0,-299.160132671692
2026-01-16 01:48:00+00:00,95684.78125,3315.3720703125,-731.1860230167117,-0.6229116555355746,0,-0.18023644280447115,-0.0,0.0,0.0,-0.0,-299.160132671692
2026-01-16 01:49:00+00:00,95676.484375,3315.66845703125,-730.5387572319073,-0.3617979012747732,0,0.6472657848044037,0.0,0.0,0.0,0.0,-299.160132671692
2026-01-16 01:50:00+00:00,95697.90625,3316.345458984375,-730.7676972741879,-0.4216841040529138,0,-0.22894004228055564,-0.0,0.0,0.0,-0.0,-299.160132671692
2026-01-16 01:51:00+00:00,95706.9296875,3316.820068359375,-730.6746936631166,-0.35954858591185235,0,0.09300361107125354,0.0,0.0,0.0,0.0,-299.160132671692
2026-01-16 01:52:00+00:00,95719.7890625,3317.098388671875,-730.9402028635404,-0.43688766642319105,0,-0.2655092004238213,-0.0,0.0,0.0,-0.0,-299.160132671692
2026-01-16 01:53:00+00:00,95681.40625,3315.378173828125,-731.0371890335391,-0.450203260925512,0,-0.09698616999867227,-0.0,0.0,0.0,-0.0,-299.160132671692
2026-01-16 01:54:00+00:00,95670.46875,3315.953125,-729.9996854205383,0.03267918773230448,0,1.0375036130008084,0.0,0.0,0.0,0.0,-299.160132671692
2026-01-16 01:55:00+00:00,95653.234375,3315.602294921875,-729.6216650092892,0.2514644119057273,0,0.3780204112490537,0.0,0.0,0.0,0.0,-299.160132671692
2026-01-16 01:56:00+00:00,95673.4765625,3316.4345703125,-729.645442029348,0.2983921345500252,0,-0.023777020058787457,-0.0,0.0,0.0,-0.0,-299.160132671692
2026-01-16 01:57:00+00:00,95670.953125,3316.533935546875,-729.4393593389132,0.4743043415646282,0,0.2060826904348687,0.0,0.0,0.0,0.0,-299.160132671692
2026-01-16 01:58:00+00:00,95663.4765625,3316.455322265625,-729.2017849871936,0.6963165736908007,0,0.23757435171955876,0.0,0.0,0.0,0.0,-299.160132671692
2026-01-16 01:59:00+00:00,95617.4609375,3313.74951171875,-729.9615713353314,0.3291172269547886,0,-0.7597863481378226,-0.0,0.0,0.0,-0.0,-299.160132671692
2026-01-16 02:00:00+00:00,95628.453125,3313.474609375,-730.701338882413,-0.10296849498173037,0,-0.7397675470815557,-0.0,0.0,0.0,-0.0,-299.160132671692
2026-01-16 02:01:00+00:00,95568.578125,3311.1376953125,-730.5061087243494,0.09168963092911087,0,0.1952301580636231,0.0,0.0,0.0,0.0,-299.160132671692
2026-01-16 02:02:00+00:00,95556.1796875,3310.130615234375,-730.988852570998,-0.23735260008246864,0,-0.48274384664864556,-0.0,0.0,0.0,-0.0,-299.160132671692
2026-01-16 02:03:00+00:00,95521.25,3308.599853515625,-731.0424200295524,-0.2471127053375719,0,-0.053567458554425684,-0.0,0.0,0.0,-0.0,-299.160132671692
2026-01-16 02:04:00+00:00,95504.2421875,3305.897705078125,-733.0252994211014,-2.118104562297614,1,-1.9828793915489769,-0.0,1.0,3.305897705078125,-3.305897705078125,-302.4660303767701
2026-01-16 02:05:00+00:00,95441.234375,3303.269775390625,-732.9885966531156,-2.1645477775078796,1,0.03670276798584382,0.03670276798584382,0.0,0.0,0.03670276798584382,-302.42932760878426
2026-01-16 02:06:00+00:00,95446.2421875,3302.57958984375,-733.890565139106,-3.06214821500279,1,-0.9019684859904373,-0.9019684859904373,0.0,0.0,-0.9019684859904373,-303.3312960947747
2026-01-16 02:07:00+00:00,95482.3359375,3301.905517578125,-736.0910604604464,-4.385285259170235,1,-2.2004953213404406,-2.2004953213404406,0.0,0.0,-2.2004953213404406,-305.53179141611514
2026-01-16 02:08:00+00:00,95453.6640625,3298.130859375,-738.6531704786198,-4.993957466571516,1,-2.562110018173371,-2.562110018173371,0.0,0.0,-2.562110018173371,-308.0939014342885
2026-01-16 02:09:00+00:00,95453.046875,3297.263427734375,-739.4945009457815,-4.457224488961022,1,-0.841330467161697,-0.841330467161697,0.0,0.0,-0.841330467161697,-308.9352319014502
2026-01-16 02:11:00+00:00,95463.6875,3298.97021484375,-738.2377112827016,-3.3265893124852677,1,1.2567896630798714,1.2567896630798714,0.0,0.0,1.2567896630798714,-307.67844223837034
2026-01-16 02:12:00+00:00,95463.34375,3299.536865234375,-737.6565235296412,-2.7780815732454536,1,0.5811877530604761,0.5811877530604761,0.0,0.0,0.5811877530604761,-307.09725448530986
2026-01-16 02:13:00+00:00,95437.8515625,3298.859619140625,-737.255692040967,-2.415380915533412,1,0.4008314886741573,0.4008314886741573,0.0,0.0,0.4008314886741573,-306.6964229966357
2026-01-16 02:14:00+00:00,95430.1875,3298.7099609375,-737.0812331407033,-2.2218132644828468,1,0.174458900263744,0.174458900263744,0.0,0.0,0.174458900263744,-306.52196409637196
2026-01-16 02:15:00+00:00,95438.703125,3299.306396484375,-736.8449277087047,-2.0104704277803607,1,0.23630543199851672,0.23630543199851672,0.0,0.0,0.23630543199851672,-306.28565866437344
2026-01-16 02:16:00+00:00,95368.6171875,3294.55224609375,-738.6351081355151,-2.541716619436296,1,-1.790180426810366,-1.790180426810366,0.0,0.0,-1.790180426810366,-308.0758390911838
2026-01-16 02:17:00+00:00,95421.9765625,3296.879638671875,-738.564310680883,-2.348849812425219,1,0.07079745463215659,0.07079745463215659,0.0,0.0,0.07079745463215659,-308.00504163655165
2026-01-16 02:18:00+00:00,95401.921875,3296.549072265625,-738.0467541468684,-2.0410456950276163,1,0.5175565340146022,0.5175565340146022,0.0,0.0,0.5175565340146022,-307.48748510253705
2026-01-16 02:19:00+00:00,95396.7421875,3296.549560546875,-737.8272142452852,-1.8674547111333597,1,0.21953990158317538,0.21953990158317538,0.0,0.0,0.21953990158317538,-307.2679452009539
2026-01-16 02:20:00+00:00,95416.2578125,3297.515869140625,-737.6862313643442,-1.7370362607176257,1,0.14098288094101008,0.14098288094101008,0.0,0.0,0.14098288094101008,-307.12696232001286
2026-01-16 02:21:00+00:00,95377.6640625,3292.7802734375,-740.7896777394963,-2.5719712346896473,1,-3.103446375152089,-3.103446375152089,0.0,0.0,-3.103446375152089,-310.23040869516495
2026-01-16 02:22:00+00:00,95404.7734375,3294.25146484375,-740.4649555980368,-2.310255349846913,1,0.32472214145946054,0.32472214145946054,0.0,0.0,0.32472214145946054,-309.9056865537055
2026-01-16 02:23:00+00:00,95418.0859375,3295.8974609375,-739.3819519040576,-1.884961078235462,1,1.083003693979208,1.083003693979208,0.0,0.0,1.083003693979208,-308.8226828597263
2026-01-16 02:24:00+00:00,95427.328125,3296.540283203125,-739.1299864511839,-1.730740482008217,1,0.2519654528737192,0.2519654528737192,0.0,0.0,0.2519654528737192,-308.57071740685257
2026-01-16 02:25:00+00:00,95439.796875,3298.386962890625,-737.8106165465674,-1.3062362936666976,1,1.319369904616451,1.319369904616451,0.0,0.0,1.319369904616451,-307.2513475022361
2026-01-16 02:26:00+00:00,95468.40625,3300.733642578125,-736.6738418872123,-0.9557074240378908,1,1.1367746593550692,1.1367746593550692,0.0,0.0,1.1367746593550692,-306.11457284288105
2026-01-16 02:27:00+00:00,95482.8828125,3303.236328125,-734.7833775356276,-0.4109125927141164,0,1.8904643515847965,1.8904643515847965,1.0,3.303236328125,-1.4127719765402036,-307.5273448194213
2026-01-16 02:28:00+00:00,95524.3125,3304.12158203125,-735.6502061974425,-0.6330447445399275,0,-0.8668286618149068,-0.0,0.0,0.0,-0.0,-307.5273448194213
2026-01-16 02:29:00+00:00,95605.578125,3305.743408203125,-737.4651446631333,-1.1050259704527483,0,-1.8149384656908296,-0.0,0.0,0.0,-0.0,-307.5273448194213
2026-01-16 02:30:00+00:00,95636.4375,3306.98876953125,-737.5248420081848,-1.0847675988271086,0,-0.059697345051517914,-0.0,0.0,0.0,-0.0,-307.5273448194213
2026-01-16 02:31:00+00:00,95602.6953125,3305.197509765625,-737.8891274929365,-1.1482931084674752,0,-0.3642854847516901,-0.0,0.0,0.0,-0.0,-307.5273448194213
2026-01-16 02:32:00+00:00,95589.5546875,3303.46533203125,-739.0655815087589,-1.416736516234121,0,-1.1764540158224008,-0.0,0.0,0.0,-0.0,-307.5273448194213
2026-01-16 02:33:00+00:00,95602.984375,3303.746337890625,-739.3525239681662,-1.4373307240598723,0,-0.286942459407328,-0.0,0.0,0.0,-0.0,-307.5273448194213
2026-01-16 02:34:00+00:00,95594.828125,3303.30517578125,-739.4487541143017,-1.4081504850224495,0,-0.09623014613544001,-0.0,0.0,0.0,-0.0,-307.5273448194213
2026-01-16 02:35:00+00:00,95570.2109375,3303.088134765625,-738.6247217427926,-1.1525931744403122,0,0.8240323715090199,0.0,0.0,0.0,0.0,-307.5273448194213
2026-01-16 02:36:00+00:00,95597.6484375,3304.124755859375,-738.7484464870668,-1.144920351901917,0,-0.12372474427411362,-0.0,0.0,0.0,-0.0,-307.5273448194213
2026-01-16 02:37:00+00:00,95571.3671875,3303.0166015625,-738.7451533468366,-1.1060409404314933,0,0.0032931402301983326,0.0,0.0,0.0,0.0,-307.5273448194213
2026-01-16 02:38:00+00:00,95559.7109375,3302.715087890625,-738.5537182743114,-1.0221144618532725,0,0.19143507252510972,0.0,0.0,0.0,0.0,-307.5273448194213
2026-01-16 02:39:00+00:00,95521.734375,3301.631103515625,-738.0316544948023,-0.8586209640834713,0,0.5220637795091534,0.0,0.0,0.0,0.0,-307.5273448194213
2026-01-16 02:40:00+00:00,95497.625,3300.94384765625,-737.6993126160955,-0.7462769211155668,0,0.3323418787067567,0.0,0.0,0.0,0.0,-307.5273448194213
2026-01-16 02:41:00+00:00,95508.1875,3300.876708984375,-738.2131447882575,-0.8499969563945077,0,-0.5138321721619832,-0.0,0.0,0.0,-0.0,-307.5273448194213
2026-01-16 02:42:00+00:00,95503.46875,3301.0078125,-737.8824829337468,-0.737061537011546,0,0.3306618545107085,0.0,0.0,0.0,0.0,-307.5273448194213
2026-01-16 02:43:00+00:00,95430.78125,3298.812744140625,-737.0035599272392,-0.48293437956438134,0,0.8789230065076481,0.0,0.0,0.0,0.0,-307.5273448194213
2026-01-16 02:44:00+00:00,95444.4453125,3299.0283203125,-737.3658439121709,-0.5549514307600252,0,-0.3622839849317643,-0.0,0.0,0.0,-0.0,-307.5273448194213
2026-01-16 02:45:00+00:00,95440.4296875,3299.118408203125,-737.1059331967326,-0.46204475778065457,0,0.2599107154383091,0.0,0.0,0.0,0.0,-307.5273448194213
2026-01-16 02:46:00+00:00,95456.2734375,3299.1396484375,-737.7547332127883,-0.6124646667052529,0,-0.6488000160557021,-0.0,0.0,0.0,-0.0,-307.5273448194213
2026-01-16 02:47:00+00:00,95463.96875,3299.046630859375,-738.1731894727059,-0.7006122409019515,0,-0.41845625991754787,-0.0,0.0,0.0,-0.0,-307.5273448194213
2026-01-16 02:48:00+00:00,95465.890625,3299.294921875,-738.0061755288784,-0.6289394014725276,0,0.16701394382744184,0.0,0.0,0.0,0.0,-307.5273448194213
2026-01-16 02:49:00+00:00,95481.5703125,3299.989990234375,-737.9742091333178,-0.5949868332250912,0,0.03196639556063019,0.0,0.0,0.0,0.0,-307.5273448194213
2026-01-16 02:50:00+00:00,95487.125,3301.558349609375,-736.6407603194893,-0.1924330980061766,0,1.3334488138284541,0.0,0.0,0.0,0.0,-307.5273448194213
2026-01-16 02:51:00+00:00,95500.2109375,3302.005615234375,-736.7469056508367,-0.1981401229569386,0,-0.10614533134730664,-0.0,0.0,0.0,-0.0,-307.5273448194213
2026-01-16 02:52:00+00:00,95485.5703125,3301.5078125,-736.6255489033042,-0.13618041446209755,0,0.1213567475324453,0.0,0.0,0.0,0.0,-307.5273448194213
2026-01-16 02:53:00+00:00,95485.15625,3300.708251953125,-737.407598536337,-0.34629344963817454,0,-0.7820496330327842,-0.0,0.0,0.0,-0.0,-307.5273448194213
2026-01-16 02:54:00+00:00,95487.1796875,3300.92919921875,-737.2722234723201,-0.2788743387268874,0,0.13537506401689825,0.0,0.0,0.0,0.0,-307.5273448194213
2026-01-16 02:55:00+00:00,95487.2734375,3300.97021484375,-737.2351725825297,-0.23761355590453934,0,0.03705088979040738,0.0,0.0,0.0,0.0,-307.5273448194213
2026-01-16 02:56:00+00:00,95477.359375,3300.658935546875,-737.1271811309844,-0.16916550199058744,0,0.10799145154533107,0.0,0.0,0.0,0.0,-307.5273448194213
2026-01-16 02:57:00+00:00,95489.046875,3300.95361328125,-737.3267737194124,-0.2036683791345017,0,-0.1995925884280041,-0.0,0.0,0.0,-0.0,-307.5273448194213
2026-01-16 02:58:00+00:00,95481.625,3301.18115234375,-736.7853597861481,0.0365256324659536,0,0.5414139332642662,0.0,0.0,0.0,0.0,-307.5273448194213
2026-01-16 02:59:00+00:00,95477.90625,3301.388427734375,-736.4208165655405,0.24004018946450228,0,0.36454322060762934,0.0,0.0,0.0,0.0,-307.5273448194213
2026-01-16 03:00:00+00:00,95466.359375,3301.532958984375,-735.7879620955518,0.5846499706616749,0,0.6328544699886152,0.0,0.0,0.0,0.0,-307.5273448194213
2026-01-16 03:01:00+00:00,95506.71875,3302.91748046875,-736.1102591189315,0.5176814687878305,0,-0.3222970233796332,-0.0,0.0,0.0,-0.0,-307.5273448194213
2026-01-16 03:02:00+00:00,95497.765625,3302.91650390625,-735.7326034689099,0.812127173024913,0,0.377655650021552,0.0,0.0,0.0,0.0,-307.5273448194213
2026-01-16 03:03:00+00:00,95477.171875,3302.491943359375,-735.2862438480647,1.1895240166909158,0,0.4463596208452145,0.0,0.0,0.0,0.0,-307.5273448194213
2026-01-16 03:04:00+00:00,95484.78125,3303.527099609375,-734.5728919392482,1.8081153836618458,0,0.7133519088165485,0.0,0.0,0.0,0.0,-307.5273448194213
2026-01-16 03:05:00+00:00,95478.9609375,3303.0947265625,-734.7591210085238,1.7847397287135482,0,-0.18622906927566873,-0.0,0.0,0.0,-0.0,-307.5273448194213
2026-01-16 03:06:00+00:00,95469.6328125,3302.9638671875,-734.4954892301639,2.0662218187047827,-1,0.26363177835992246,0.0,1.0,3.3029638671875,-3.3029638671875,-310.83030868660876
2026-01-16 03:07:00+00:00,95480.6328125,3303.420654296875,-734.503897718721,2.102471349083233,-1,-0.008408488557051896,0.008408488557051896,0.0,0.0,0.008408488557051896,-310.8219001980517
2026-01-16 03:08:00+00:00,95497.84375,3304.802490234375,-733.8499210867931,2.427184307743943,-1,0.6539766319278897,-0.6539766319278897,0.0,0.0,-0.6539766319278897,-311.4758768299796
2026-01-16 03:09:00+00:00,95517.140625,3305.483642578125,-733.9848434070295,2.1988641692152755,-1,-0.13492232023645556,0.13492232023645556,0.0,0.0,0.13492232023645556,-311.34095450974314
2026-01-16 03:10:00+00:00,95520.2734375,3305.36767578125,-734.2332984388268,1.9467743613984565,-1,-0.24845503179722073,0.24845503179722073,0.0,0.0,0.24845503179722073,-311.0924994779459
2026-01-16 03:11:00+00:00,95517.1015625,3304.936767578125,-734.5300664340252,1.6800596323766586,-1,-0.2967679951984792,0.2967679951984792,0.0,0.0,0.2967679951984792,-310.79573148274744
2026-01-16 03:12:00+00:00,95529.0078125,3304.80029296875,-735.1700624150258,1.2364338643058197,-1,-0.6399959810005384,0.6399959810005384,0.0,0.0,0.6399959810005384,-310.1557355017469
2026-01-16 03:13:00+00:00,95538.328125,3305.795654296875,-734.5688618456602,1.5484329519307105,-1,0.6012005693655738,-0.6012005693655738,0.0,0.0,-0.6012005693655738,-310.7569360711125
2026-01-16 03:14:00+00:00,95537.375,3305.244384765625,-735.0798232356124,1.2027210005981892,-1,-0.5109613899521719,0.5109613899521719,0.0,0.0,0.5109613899521719,-310.2459746811603
2026-01-16 03:15:00+00:00,95540.3203125,3305.334716796875,-735.1140499688654,1.1517242481035017,-1,-0.03422673325303549,0.03422673325303549,0.0,0.0,0.03422673325303549,-310.21174794790727
2026-01-16 03:16:00+00:00,95467.59375,3302.592041015625,-734.7810824112289,1.3015577616724172,-1,0.33296755763649344,-0.33296755763649344,0.0,0.0,-0.33296755763649344,-310.54471550554376
2026-01-16 03:17:00+00:00,95480.7890625,3302.53076171875,-735.4003981888623,0.906386340311396,-1,-0.6193157776333464,0.6193157776333464,0.0,0.0,0.6193157776333464,-309.9253997279104
2026-01-16 03:18:00+00:00,95476.890625,3301.67431640625,-736.0919765955609,0.4809692974654818,0,-0.6915784066986816,0.6915784066986816,1.0,3.30167431640625,-2.610095909707568,-312.535495637618
2026-01-16 03:19:00+00:00,95498.046875,3303.17724609375,-735.4837554870387,0.8139119938118251,0,0.6082211085222298,0.0,0.0,0.0,0.0,-312.535495637618
2026-01-16 03:20:00+00:00,95500.125,3303.030517578125,-735.7183689664776,0.6556300426976289,0,-0.23461347943884903,-0.0,0.0,0.0,-0.0,-312.535495637618
2026-01-16 03:21:00+00:00,95495.03125,3303.183837890625,-735.3496313742535,0.854165643467239,0,0.368737592224079,0.0,0.0,0.0,0.0,-312.535495637618
2026-01-16 03:22:00+00:00,95463.8359375,3301.577392578125,-735.636811045742,0.6568354451259629,0,-0.2871796714885022,-0.0,0.0,0.0,-0.0,-312.535495637618
2026-01-16 03:23:00+00:00,95500.375,3302.23779296875,-736.5216662030784,0.06264267299879556,0,-0.8848551573364603,-0.0,0.0,0.0,-0.0,-312.535495637618
2026-01-16 03:24:00+00:00,95501.296875,3302.846923828125,-735.9515219065984,0.41117597291364155,0,0.5701442964800663,0.0,0.0,0.0,0.0,-312.535495637618
2026-01-16 03:25:00+00:00,95514.09375,3304.840087890625,-734.4995442002155,1.3358308461848658,0,1.451977706382877,0.0,0.0,0.0,0.0,-312.535495637618
2026-01-16 03:26:00+00:00,95503.1328125,3304.476806640625,-734.3992818252873,1.3554397325641032,0,0.10026237492820655,0.0,0.0,0.0,0.0,-312.535495637618
2026-01-16 03:27:00+00:00,95465.296875,3303.578857421875,-733.6971299923425,1.7722093379252728,0,0.7021518329447645,0.0,0.0,0.0,0.0,-312.535495637618
2026-01-16 03:28:00+00:00,95474.453125,3303.7490234375,-733.9141864488602,1.582440854032723,0,-0.21705645651763916,-0.0,0.0,0.0,-0.0,-312.535495637618
2026-01-16 03:29:00+00:00,95474.8125,3303.75146484375,-733.9269431942471,1.5122423415178725,0,-0.012756745386923285,-0.0,0.0,0.0,-0.0,-312.535495637618
2026-01-16 03:30:00+00:00,95460.25,3302.54052734375,-734.5220251583478,1.1052693782857246,0,-0.5950819641007001,-0.0,0.0,0.0,-0.0,-312.535495637618
2026-01-16 03:31:00+00:00,95449.625,3301.551025390625,-735.0621904543791,0.7457498861958161,0,-0.5401652960313186,-0.0,0.0,0.0,-0.0,-312.535495637618
2026-01-16 03:32:00+00:00,95407.4375,3298.818359375,-736.010725625661,0.13097572821903633,0,-0.9485351712819465,-0.0,0.0,0.0,-0.0,-312.535495637618
2026-01-16 03:33:00+00:00,95389.1796875,3297.66845703125,-736.3884957873315,-0.14532003130398213,0,-0.37777016167046895,-0.0,0.0,0.0,-0.0,-312.535495637618
2026-01-16 03:34:00+00:00,95406.390625,3297.693603515625,-737.0912086085286,-0.6580075526068313,0,-0.7027128211971103,-0.0,0.0,0.0,-0.0,-312.535495637618
2026-01-16 03:35:00+00:00,95410.5234375,3297.89404296875,-737.0655478992289,-0.6727474045866019,0,0.025660709299700102,0.0,0.0,0.0,0.0,-312.535495637618
2026-01-16 03:36:00+00:00,95394.890625,3297.436767578125,-736.8617036936448,-0.5677714977282494,0,0.20384420558411875,0.0,0.0,0.0,0.0,-312.535495637618
2026-01-16 03:37:00+00:00,95403.359375,3298.281005859375,-736.3756131596665,-0.2552515723277126,0,0.48609053397831303,0.0,0.0,0.0,0.0,-312.535495637618
2026-01-16 03:38:00+00:00,95427.2890625,3298.68017578125,-736.9884419000546,-0.7483662148536484,0,-0.6128287403880677,-0.0,0.0,0.0,-0.0,-312.535495637618
2026-01-16 03:39:00+00:00,95403.9453125,3297.762451171875,-736.9189474422269,-0.7213405435953902,0,0.06949445782765906,0.0,0.0,0.0,0.0,-312.535495637618
2026-01-16 03:40:00+00:00,95385.3671875,3297.44677734375,-736.4489429096393,-0.37910117127193316,0,0.470004532587609,0.0,0.0,0.0,0.0,-312.535495637618
2026-01-16 03:41:00+00:00,95402.71875,3297.88623046875,-736.7432961930253,-0.6445934674306734,0,-0.2943532833860445,-0.0,0.0,0.0,-0.0,-312.535495637618
2026-01-16 03:42:00+00:00,95400.9609375,3297.175048828125,-737.3801390484696,-1.174228746880186,0,-0.6368428554442289,-0.0,0.0,0.0,-0.0,-312.535495637618
2026-01-16 03:43:00+00:00,95403.8671875,3297.67578125,-737.0023134180938,-0.8676821723570793,0,0.37782563037580985,0.0,0.0,0.0,0.0,-312.535495637618
2026-01-16 03:44:00+00:00,95413.5703125,3298.43701171875,-736.6514330435425,-0.5978046299625567,0,0.3508803745512523,0.0,0.0,0.0,0.0,-312.535495637618
2026-01-16 03:45:00+00:00,95404.0078125,3297.920654296875,-736.7633874740332,-0.6968757558996915,0,-0.11195443049064124,-0.0,0.0,0.0,-0.0,-312.535495637618
2026-01-16 03:46:00+00:00,95392.265625,3297.824462890625,-736.3629957952744,-0.3942257273505674,0,0.40039167875875137,0.0,0.0,0.0,0.0,-312.535495637618
2026-01-16 03:47:00+00:00,95398.03125,3297.9599609375,-736.471328963793,-0.5242292309777891,0,-0.10833316851858399,-0.0,0.0,0.0,-0.0,-312.535495637618
2026-01-16 03:48:00+00:00,95393.9375,3297.664794921875,-736.5933682085965,-0.6673117722060145,0,-0.12203924480354544,-0.0,0.0,0.0,-0.0,-312.535495637618
2026-01-16 03:49:00+00:00,95391.5,3297.780517578125,-736.3745624368958,-0.5119555350327443,0,0.2188057717007723,0.0,0.0,0.0,0.0,-312.535495637618
2026-01-16 03:50:00+00:00,95366.546875,3296.66064453125,-736.4391551288018,-0.575166143852462,0,-0.06459269190600025,-0.0,0.0,0.0,-0.0,-312.535495637618
2026-01-16 03:51:00+00:00,95365.8828125,3296.233154296875,-736.8385618221087,-0.9378524317756853,0,-0.3994066933069007,-0.0,0.0,0.0,-0.0,-312.535495637618
2026-01-16 03:52:00+00:00,95354.328125,3296.45556640625,-736.1274960981441,-0.29714734520908376,0,0.7110657239645661,0.0,0.0,0.0,0.0,-312.535495637618
2026-01-16 03:53:00+00:00,95346.0859375,3296.7470703125,-735.4874258880454,0.2653312081878683,0,0.6400702100986564,0.0,0.0,0.0,0.0,-312.535495637618
2026-01-16 03:54:00+00:00,95339.1796875,3296.784912109375,-735.1575152640594,0.5485455303387178,0,0.3299106239860521,0.0,0.0,0.0,0.0,-312.535495637618
2026-01-16 03:55:00+00:00,95358.7421875,3297.622802734375,-735.1469327194736,0.5336616799965315,0,0.010582544585759024,0.0,0.0,0.0,0.0,-312.535495637618
2026-01-16 03:56:00+00:00,95363.7890625,3297.730712890625,-735.2524574753429,0.4081298036678652,0,-0.10552475586928267,-0.0,0.0,0.0,-0.0,-312.535495637618
2026-01-16 03:57:00+00:00,95297.765625,3295.061279296875,-735.1297262976964,0.5026726114861387,0,0.12273117764652852,0.0,0.0,0.0,0.0,-312.535495637618
2026-01-16 03:58:00+00:00,95329.4921875,3295.692138671875,-735.8405993965625,-0.224742634352981,0,-0.7108730988661591,-0.0,0.0,0.0,-0.0,-312.535495637618
2026-01-16 03:59:00+00:00,95325.96875,3294.90283203125,-736.4808980722246,-0.8689169912352049,0,-0.6402986756620521,-0.0,0.0,0.0,-0.0,-312.535495637618
2026-01-16 04:00:00+00:00,95306.4375,3294.143310546875,-736.4144330545892,-0.7873584590120916,0,0.06646501763543711,0.0,0.0,0.0,0.0,-312.535495637618
2026-01-16 04:01:00+00:00,95305.984375,3294.419921875,-736.1186588396172,-0.49058655103641996,0,0.29577421497197065,0.0,0.0,0.0,0.0,-312.535495637618
2026-01-16 04:02:00+00:00,95309.96875,3295.219482421875,-735.4875995391526,0.13808082122004628,0,0.6310593004645852,0.0,0.0,0.0,0.0,-312.535495637618
2026-01-16 04:03:00+00:00,95306.9296875,3294.43994140625,-736.1386170550645,-0.4998320989532293,0,-0.6510175159119171,-0.0,0.0,0.0,-0.0,-312.535495637618
2026-01-16 04:04:00+00:00,95304.828125,3293.35546875,-737.1342135636983,-1.4421002697418557,0,-0.9955965086337528,-0.0,0.0,0.0,-0.0,-312.535495637618
2026-01-16 04:05:00+00:00,95329.40625,3295.137939453125,-736.3911642747034,-0.6793433756292285,0,0.7430492889948255,0.0,0.0,0.0,0.0,-312.535495637618
2026-01-16 04:06:00+00:00,95335.0078125,3295.56982421875,-736.1961724378552,-0.46181632836944514,0,0.1949918368482031,0.0,0.0,0.0,0.0,-312.535495637618
2026-01-16 04:07:00+00:00,95321.890625,3295.187744140625,-736.02351998123,-0.26577117332097755,0,0.172652456625201,0.0,0.0,0.0,0.0,-312.535495637618
2026-01-16 04:08:00+00:00,95335.265625,3294.4814453125,-737.2954543659316,-1.5256266566659293,0,-1.2719343847015807,-0.0,0.0,0.0,-0.0,-312.535495637618
2026-01-16 04:10:00+00:00,95332.953125,3294.5048828125,-737.1742200640938,-1.366556513181028,0,0.12123430183783057,0.0,0.0,0.0,0.0,-312.535495637618
2026-01-16 04:11:00+00:00,95349.21875,3295.270751953125,-737.0962324823431,-1.250161817189888,0,0.07798758175067633,0.0,0.0,0.0,0.0,-312.535495637618
2026-01-16 04:13:00+00:00,95388.3828125,3296.63671875,-737.3865338192995,-1.5073292637068125,0,-0.2903013369564178,-0.0,0.0,0.0,-0.0,-312.535495637618
2026-01-16 04:14:00+00:00,95393.734375,3297.2001953125,-737.0493775583504,-1.1105212821839046,0,0.3371562609490866,0.0,0.0,0.0,0.0,-312.535495637618
2026-01-16 04:16:00+00:00,95406.3203125,3297.45556640625,-737.3262721664964,-1.3603931750166673,0,-0.2768946081459944,-0.0,0.0,0.0,-0.0,-312.535495637618
2026-01-16 04:17:00+00:00,95470.640625,3299.699462890625,-737.8025144305425,-1.7840330122459238,0,-0.47624226404604997,-0.0,0.0,0.0,-0.0,-312.535495637618
2026-01-16 04:18:00+00:00,95494.171875,3300.940185546875,-737.5569403119148,-1.4707757243431216,0,0.24557411862770095,0.0,0.0,0.0,0.0,-312.535495637618
2026-01-16 04:19:00+00:00,95513.1171875,3301.55224609375,-737.7460866719903,-1.6058998098312434,0,-0.18914636007548324,-0.0,0.0,0.0,-0.0,-312.535495637618
2026-01-16 04:20:00+00:00,95505.0,3302.36669921875,-736.5883535567546,-0.39873285251234125,0,1.1577331152357146,0.0,0.0,0.0,0.0,-312.535495637618
2026-01-16 04:21:00+00:00,95471.3671875,3301.2431640625,-736.2895399565423,-0.0872915321243159,0,0.2988136002122701,0.0,0.0,0.0,0.0,-312.535495637618
2026-01-16 04:22:00+00:00,95418.984375,3299.33740234375,-735.9800058768997,0.24138388599321522,0,0.30953407964261714,0.0,0.0,0.0,0.0,-312.535495637618
2026-01-16 04:23:00+00:00,95432.5078125,3299.098388671875,-736.790932602767,-0.5793604965455652,0,-0.8109267258673754,-0.0,0.0,0.0,-0.0,-312.535495637618
2026-01-16 04:24:00+00:00,95456.4609375,3298.91650390625,-737.985807214458,-1.7361575046206457,0,-1.1948746116909206,-0.0,0.0,0.0,-0.0,-312.535495637618
2026-01-16 04:25:00+00:00,95488.296875,3299.361572265625,-738.8870968533602,-2.465034391691524,1,-0.9012896389021989,-0.0,1.0,3.299361572265625,-3.299361572265625,-315.83485720988364
2026-01-16 04:26:00+00:00,95503.2265625,3300.653564453125,-738.2264887479969,-1.7532077152343775,1,0.6606081053632806,0.6606081053632806,0.0,0.0,0.6606081053632806,-315.17424910452036
2026-01-16 04:27:00+00:00,95516.9921875,3301.08984375,-738.3723647377392,-1.8018817471120356,1,-0.14587598974230787,-0.14587598974230787,0.0,0.0,-0.14587598974230787,-315.32012509426266
2026-01-16 04:28:00+00:00,95520.359375,3301.20703125,-738.3975773106858,-1.7638375774048993,1,-0.02521257294665702,-0.02521257294665702,0.0,0.0,-0.02521257294665702,-315.3453376672093
2026-01-16 04:29:00+00:00,95505.6640625,3300.998291015625,-737.9848453009481,-1.3537983110033467,1,0.4127320097377378,0.4127320097377378,0.0,0.0,0.4127320097377378,-314.9326056574716
2026-01-16 04:30:00+00:00,95375.65625,3298.310546875,-735.1744928895896,1.3323913704188375,1,2.810352411358508,2.810352411358508,0.0,0.0,2.810352411358508,-312.1222532461131
2026-01-16 04:31:00+00:00,95386.234375,3297.929931640625,-736.0024624134535,0.5953304907641978,1,-0.8279695238638851,-0.8279695238638851,0.0,0.0,-0.8279695238638851,-312.95022276997696
2026-01-16 04:32:00+00:00,95343.5078125,3295.392333984375,-736.7331319979053,-0.11475458807289865,0,-0.730669584451789,-0.730669584451789,1.0,3.295392333984375,-4.026061918436164,-316.9762846884131
2026-01-16 04:33:00+00:00,95343.5078125,3294.081787109375,-738.0436788729053,-1.5339429230055426,0,-1.310546875,-0.0,0.0,0.0,-0.0,-316.9762846884131
2026-01-16 04:34:00+00:00,95309.96875,3290.040283203125,-740.6667987579026,-3.89291576049389,1,-2.6231198849973225,-0.0,1.0,3.2900402832031252,-3.2900402832031252,-320.2663249716162
2026-01-16 04:35:00+00:00,95298.8125,3283.127685546875,-747.1075929242043,-6.105695041348108,1,-6.440794166301657,-6.440794166301657,0.0,0.0,-6.440794166301657,-326.70711913791786
2026-01-16 04:36:00+00:00,95258.703125,3282.391357421875,-746.147675168675,-4.424470018258509,1,0.9599177555292044,0.9599177555292044,0.0,0.0,0.9599177555292044,-325.74720138238865
2026-01-16 04:37:00+00:00,95269.34375,3283.504638671875,-745.4843913649706,-3.5624693028289487,1,0.6632838037044166,0.6632838037044166,0.0,0.0,0.6632838037044166,-325.08391757868424
2026-01-16 04:39:00+00:00,95220.1953125,3280.95849609375,-745.9520215094362,-3.3290331637075727,1,-0.4676301444656019,-0.4676301444656019,0.0,0.0,-0.4676301444656019,-325.55154772314984
2026-01-16 04:40:00+00:00,95239.34375,3283.583984375,-744.1363303947574,-2.4390565065147665,1,1.8156911146788843,1.8156911146788843,0.0,0.0,1.8156911146788843,-323.73585660847095
2026-01-16 04:41:00+00:00,95134.15625,3276.583251953125,-746.688629911404,-3.0467127338365954,1,-2.552299516646599,-2.552299516646599,0.0,0.0,-2.552299516646599,-326.28815612511755
2026-01-16 04:42:00+00:00,95213.484375,3280.15966796875,-746.4670406723453,-2.726048294506304,1,0.22158923905863048,0.22158923905863048,0.0,0.0,0.22158923905863048,-326.0665668860589
2026-01-16 04:43:00+00:00,95220.9453125,3281.381103515625,-745.5611319692384,-2.284787286816529,1,0.9059087031068884,0.9059087031068884,0.0,0.0,0.9059087031068884,-325.16065818295203
2026-01-16 04:44:00+00:00,95213.6328125,3282.00048828125,-744.6324978572607,-1.903847550674774,1,0.9286341119777717,0.9286341119777717,0.0,0.0,0.9286341119777717,-324.23202407097426
2026-01-16 04:45:00+00:00,95198.125,3281.71875,-744.258402855914,-1.714650618811775,1,0.37409500134663176,0.37409500134663176,0.0,0.0,0.37409500134663176,-323.85792906962763
2026-01-16 04:46:00+00:00,95248.453125,3282.855712890625,-745.2498419836702,-1.9001756193162886,1,-0.9914391277561663,-0.9914391277561663,0.0,0.0,-0.9914391277561663,-324.8493681973838
2026-01-16 04:47:00+00:00,95226.1640625,3282.9384765625,-744.2244625157005,-1.551010937904323,1,1.025379467969742,1.025379467969742,0.0,0.0,1.025379467969742,-323.82398872941405
2026-01-16 04:48:00+00:00,95228.8671875,3283.51220703125,-743.7650485788286,-1.3739488817182655,1,0.459413936871897,0.459413936871897,0.0,0.0,0.459413936871897,-323.36457479254216
2026-01-16 04:49:00+00:00,95193.984375,3282.101318359375,-743.7007253581128,-1.3088304498518444,1,0.064323220715778,0.064323220715778,0.0,0.0,0.064323220715778,-323.3002515718264
2026-01-16 04:50:00+00:00,95199.78125,3282.413818359375,-743.6333781519097,-1.2462675512312948,1,0.06734720620306689,0.06734720620306689,0.0,0.0,0.06734720620306689,-323.2329043656233
2026-01-16 04:51:00+00:00,95183.6953125,3281.834228515625,-743.5326855126036,-1.1787440927906823,1,0.1006926393060894,0.1006926393060894,0.0,0.0,0.1006926393060894,-323.1322117263172
2026-01-16 04:52:00+00:00,95167.203125,3281.377685546875,-743.2917654790558,-1.0797651467995568,1,0.240920033547809,0.240920033547809,0.0,0.0,0.240920033547809,-322.8912916927694
2026-01-16 04:54:00+00:00,95135.9296875,3280.511962890625,-742.8349185482866,-0.9310242644824483,1,0.4568469307691885,0.4568469307691885,0.0,0.0,0.4568469307691885,-322.4344447620002
2026-01-16 04:55:00+00:00,95150.5390625,3281.95751953125,-742.0071998111657,-0.6943040224986146,1,0.8277187371209038,0.8277187371209038,0.0,0.0,0.8277187371209038,-321.6067260248793
2026-01-16 04:56:00+00:00,95150.0078125,3282.236572265625,-741.7056802439356,-0.5960628038120879,1,0.3015195672301161,0.3015195672301161,0.0,0.0,0.3015195672301161,-321.3052064576492
2026-01-16 04:57:00+00:00,95135.9921875,3281.682373046875,-741.6671515488429,-0.5642643352851165,1,0.0385286950927366,0.0385286950927366,0.0,0.0,0.0385286950927366,-321.26667776255647
2026-01-16 04:59:00+00:00,95125.375,3281.786865234375,-741.1136530988501,-0.40015851710446926,0,0.5534984499927305,0.5534984499927305,1.0,3.281786865234375,-2.7282884152416447,-323.9949661777981
2026-01-16 05:00:00+00:00,95222.0703125,3286.541748046875,-740.448064260504,-0.20613868980093625,0,0.6655888383461388,0.0,0.0,0.0,0.0,-323.9949661777981
2026-01-16 05:01:00+00:00,95272.2890625,3288.135986328125,-740.9776024732237,-0.32369641990987014,0,-0.5295382127196717,-0.0,0.0,0.0,-0.0,-323.9949661777981
2026-01-16 05:02:00+00:00,95345.0859375,3290.061279296875,-742.1309263947678,-0.6060920499058177,0,-1.1533239215441426,-0.0,0.0,0.0,-0.0,-323.9949661777981
2026-01-16 05:03:00+00:00,95341.0390625,3289.322998046875,-742.6980632415512,-0.7316893551815687,0,-0.5671368467833418,-0.0,0.0,0.0,-0.0,-323.9949661777981
2026-01-16 05:04:00+00:00,95312.7890625,3288.32177734375,-742.5045770681677,-0.65383891329978,0,0.1934861733834623,0.0,0.0,0.0,0.0,-323.9949661777981
2026-01-16 05:05:00+00:00,95275.6484375,3286.4453125,-742.8103459796944,-0.7116110081734847,0,-0.30576891152668395,-0.0,0.0,0.0,-0.0,-323.9949661777981
2026-01-16 05:06:00+00:00,95253.8046875,3284.4775390625,-743.8543361133461,-0.9656936893901689,0,-1.0439901336517323,-0.0,0.0,0.0,-0.0,-323.9949661777981
2026-01-16 05:07:00+00:00,95244.484375,3283.69970703125,-744.2380073858362,-1.036532823373307,0,-0.383671272490119,-0.0,0.0,0.0,-0.0,-323.9949661777981
2026-01-16 05:08:00+00:00,95302.921875,3287.838134765625,-742.5709312654772,-0.5519181162358597,0,1.66707612035907,0.0,0.0,0.0,0.0,-323.9949661777981
2026-01-16 05:10:00+00:00,95347.8828125,3289.44189453125,-742.8685924274805,-0.6100793481863928,0,-0.2976611620033509,-0.0,0.0,0.0,-0.0,-323.9949661777981
2026-01-16 05:11:00+00:00,95371.6796875,3291.357421875,-741.9594470377801,-0.33309987294137966,0,0.9091453897003703,0.0,0.0,0.0,0.0,-323.9949661777981
2026-01-16 05:12:00+00:00,95381.703125,3292.8662109375,-740.874554248112,-0.0028809633901136092,0,1.0848927896681744,0.0,0.0,0.0,0.0,-323.9949661777981
2026-01-16 05:13:00+00:00,95394.3828125,3292.90576171875,-741.3712339039675,-0.12331496993455626,0,-0.49667965585558704,-0.0,0.0,0.0,-0.0,-323.9949661777981
2026-01-16 05:14:00+00:00,95385.8984375,3291.693603515625,-742.224583570619,-0.3492914156987263,0,-0.8533496666514111,-0.0,0.0,0.0,-0.0,-323.9949661777981
2026-01-16 05:15:00+00:00,95376.953125,3291.477294921875,-742.0625903464479,-0.28010195643785374,0,0.16199322417105577,0.0,0.0,0.0,0.0,-323.9949661777981
2026-01-16 05:16:00+00:00,95375.375,3291.37939453125,-742.0937510277108,-0.2679227341868063,0,-0.031160681262917933,-0.0,0.0,0.0,-0.0,-323.9949661777981
2026-01-16 05:17:00+00:00,95340.765625,3289.992431640625,-742.0170658367729,-0.2224584126613354,0,0.07668519093795112,0.0,0.0,0.0,0.0,-323.9949661777981
2026-01-16 05:18:00+00:00,95394.28125,3292.136474609375,-742.136225883532,-0.23772780617443082,0,-0.11916004675913427,-0.0,0.0,0.0,-0.0,-323.9949661777981
2026-01-16 05:19:00+00:00,95334.6171875,3290.45751953125,-741.291957395315,0.04948059977204204,0,0.8442684882170397,0.0,0.0,0.0,0.0,-323.9949661777981
2026-01-16 05:21:00+00:00,95310.59375,3289.714111328125,-741.0194022009669,0.1580856795927767,0,0.27255519434811504,0.0,0.0,0.0,0.0,-323.9949661777981
2026-01-16 05:22:00+00:00,95306.625,3290.38232421875,-740.1833488531333,0.4455942876888501,0,0.8360533478335128,0.0,0.0,0.0,0.0,-323.9949661777981
2026-01-16 05:23:00+00:00,95269.2265625,3288.252197265625,-740.7318768522086,0.28789071793714843,0,-0.5485279990753043,-0.0,0.0,0.0,-0.0,-323.9949661777981
2026-01-16 05:24:00+00:00,95274.296875,3288.640869140625,-740.5576310731303,0.3658293243564837,0,0.17424577907831917,0.0,0.0,0.0,0.0,-323.9949661777981
2026-01-16 05:25:00+00:00,95262.8046875,3288.75830078125,-739.9541889747225,0.600267241062816,0,0.6034420984078679,0.0,0.0,0.0,0.0,-323.9949661777981
2026-01-16 05:26:00+00:00,95242.9765625,3288.20849609375,-739.6654521653813,0.7374536791606198,0,0.2887368093411169,0.0,0.0,0.0,0.0,-323.9949661777981
2026-01-16 05:27:00+00:00,95256.9921875,3288.814453125,-739.6522230479741,0.788186101258778,0,0.013229117407263402,0.0,0.0,0.0,0.0,-323.9949661777981
2026-01-16 05:28:00+00:00,95251.1953125,3288.8828125,-739.3387108791771,0.9379059157053341,0,0.3135121687969331,0.0,0.0,0.0,0.0,-323.9949661777981
2026-01-16 05:29:00+00:00,95262.4609375,3289.63818359375,-739.059768799787,1.0570579294377682,0,0.2789420793901627,0.0,0.0,0.0,0.0,-323.9949661777981
2026-01-16 05:32:00+00:00,95273.734375,3290.661376953125,-738.5133348493723,1.2558161510520969,0,0.5464339504146665,0.0,0.0,0.0,0.0,-323.9949661777981
2026-01-16 05:33:00+00:00,95332.890625,3292.430908203125,-739.2455515166621,0.9963085841000935,0,-0.7322166672897765,-0.0,0.0,0.0,-0.0,-323.9949661777981
2026-01-16 05:34:00+00:00,95313.921875,3291.848388671875,-739.0258729571597,1.0885485023441301,0,0.21967855950242665,0.0,0.0,0.0,0.0,-323.9949661777981
2026-01-16 05:35:00+00:00,95315.5,3291.35595703125,-739.5850443071467,0.8920914905615862,0,-0.5591713499870821,-0.0,0.0,0.0,-0.0,-323.9949661777981
2026-01-16 05:36:00+00:00,95347.4609375,3292.78369140625,-739.5089542440369,0.9421658248967502,0,0.07609006310985933,0.0,0.0,0.0,0.0,-323.9949661777981
2026-01-16 05:37:00+00:00,95357.2734375,3293.491455078125,-739.2161661907721,1.1382907602511128,0,0.29278805326475776,0.0,0.0,0.0,0.0,-323.9949661777981
2026-01-16 05:39:00+00:00,95412.5546875,3297.05712890625,-737.988364557938,1.6990854884559699,0,1.2278016328341437,0.0,0.0,0.0,0.0,-323.9949661777981
2026-01-16 05:40:00+00:00,95426.390625,3303.09521484375,-732.5354074584625,3.631403999249779,-1,5.452957099475498,0.0,1.0,3.3030952148437502,-3.3030952148437502,-327.29806139264184
2026-01-16 05:41:00+00:00,95457.390625,3303.68212890625,-733.2594991719534,3.0970467883063226,-1,-0.7240917134909068,0.7240917134909068,0.0,0.0,0.7240917134909068,-326.57396967915093
2026-01-16 05:42:00+00:00,95480.34375,3304.708984375,-733.2033430403662,2.8536174931007507,-1,0.0561561315871586,-0.0561561315871586,0.0,0.0,-0.0561561315871586,-326.6301258107381
2026-01-16 05:43:00+00:00,95479.828125,3304.86328125,-733.0272401217135,2.721914805056065,-1,0.1761029186527594,-0.1761029186527594,0.0,0.0,-0.1761029186527594,-326.80622872939085
2026-01-16 05:44:00+00:00,95572.6328125,3310.01611328125,-731.799165553417,2.868539940119766,-1,1.2280745682965062,-1.2280745682965062,0.0,0.0,-1.2280745682965062,-328.03430329768736
2026-01-16 05:45:00+00:00,95562.4453125,3309.977294921875,-731.4071493533429,2.7565291634331675,-1,0.39201620007406746,-0.39201620007406746,0.0,0.0,-0.39201620007406746,-328.4263194977614
2026-01-16 05:46:00+00:00,95543.1484375,3309.5546875,-731.0136821112314,2.6658305105724627,-1,0.39346724211145556,-0.39346724211145556,0.0,0.0,-0.39346724211145556,-328.8197867398729
2026-01-16 05:48:00+00:00,95610.6171875,3311.426025390625,-731.9956319931521,2.2546579011110435,-1,-0.9819498819206274,0.9819498819206274,0.0,0.0,0.9819498819206274,-327.83783685795225
2026-01-16 05:49:00+00:00,95581.2734375,3311.147705078125,-731.0329901850314,2.369320425302865,-1,0.9626418081206793,-0.9626418081206793,0.0,0.0,-0.9626418081206793,-328.80047866607293
2026-01-16 05:50:00+00:00,95581.828125,3310.97412109375,-731.2300321860635,2.2045301853128723,-1,-0.1970420010320595,0.1970420010320595,0.0,0.0,0.1970420010320595,-328.6034366650409
2026-01-16 05:51:00+00:00,95569.0390625,3311.39892578125,-730.2643715370468,2.3062663609069456,-1,0.9656606490166268,-0.9656606490166268,0.0,0.0,-0.9656606490166268,-329.5690973140575
2026-01-16 05:52:00+00:00,95569.8828125,3310.330810546875,-731.3681693883086,1.943928899291013,-1,-1.1037978512617883,1.1037978512617883,0.0,0.0,1.1037978512617883,-328.4652994627957
2026-01-16 05:53:00+00:00,95569.609375,3309.163330078125,-732.5240860460308,1.6057597920855444,-1,-1.1559166577221731,1.1559166577221731,0.0,0.0,1.1559166577221731,-327.30938280507354
2026-01-16 05:54:00+00:00,95587.703125,3309.34716796875,-733.1054420508681,1.421124743543283,-1,-0.5813560048372892,0.5813560048372892,0.0,0.0,0.5813560048372892,-326.72802680023625
2026-01-16 05:55:00+00:00,95568.1484375,3307.806640625,-733.8189917088052,1.2138464367470025,-1,-0.7135496579371647,0.7135496579371647,0.0,0.0,0.7135496579371647,-326.0144771422991
2026-01-16 05:56:00+00:00,95557.265625,3308.22705078125,-732.9383418736347,1.3679838788189862,-1,0.8806498351705159,-0.8806498351705159,0.0,0.0,-0.8806498351705159,-326.8951269774696
2026-01-16 05:57:00+00:00,95603.7578125,3308.66796875,-734.4636021742708,0.983264769948138,-1,-1.5252603006360914,1.5252603006360914,0.0,0.0,1.5252603006360914,-325.3698666768335
2026-01-16 05:58:00+00:00,95605.546875,3308.540283203125,-734.6669480847299,0.9054753001972228,-1,-0.2033459104591202,0.2033459104591202,0.0,0.0,0.2033459104591202,-325.1665207663744
2026-01-16 05:59:00+00:00,95612.265625,3308.265625,-735.2257456445468,0.7487126551346046,-1,-0.5587975598168669,0.5587975598168669,0.0,0.0,0.5587975598168669,-324.6077232065575
2026-01-16 06:00:00+00:00,95613.5703125,3308.051025390625,-735.4955211522561,0.6602609953833509,-1,-0.2697755077092552,0.2697755077092552,0.0,0.0,0.2697755077092552,-324.33794769884827
2026-01-16 06:01:00+00:00,95643.0546875,3309.4443359375,-735.3491198288161,0.6693764373278336,-1,0.14640132343993173,-0.14640132343993173,0.0,0.0,-0.14640132343993173,-324.4843490222882
2026-01-16 06:02:00+00:00,95645.625,3308.673828125,-736.2283274649808,0.4408335670431478,0,-0.879207636164665,0.879207636164665,1.0,3.308673828125,-2.429466191960335,-326.91381521424853
2026-01-16 06:03:00+00:00,95652.6640625,3308.240234375,-736.9596067503053,0.24940796066352647,0,-0.73127928532449,-0.0,0.0,0.0,-0.0,-326.91381521424853
2026-01-16 06:04:00+00:00,95661.2109375,3307.98095703125,-737.5803357873351,0.08502678925915574,0,-0.6207290370298324,-0.0,0.0,0.0,-0.0,-326.91381521424853
2026-01-16 06:05:00+00:00,95660.078125,3307.66064453125,-737.8527410702186,0.006298109934725034,0,-0.27240528288348287,-0.0,0.0,0.0,-0.0,-326.91381521424853
2026-01-16 06:06:00+00:00,95710.2890625,3307.32373046875,-740.3131012320873,-0.5905166963395406,0,-2.4603601618687208,-0.0,0.0,0.0,-0.0,-326.91381521424853
2026-01-16 06:07:00+00:00,95759.96875,3308.4755859375,-741.2622250298514,-0.8186371260500778,0,-0.9491237977640594,-0.0,0.0,0.0,-0.0,-326.91381521424853
2026-01-16 06:09:00+00:00,95644.0234375,3305.399658203125,-739.4347664936909,-0.3901045229611407,0,1.8274585361605205,0.0,0.0,0.0,0.0,-326.91381521424853
2026-01-16 06:10:00+00:00,95640.8125,3305.236083984375,-739.4625485315105,-0.4144973367339208,0,-0.027782037819633842,-0.0,0.0,0.0,-0.0,-326.91381521424853
2026-01-16 06:11:00+00:00,95587.46875,3303.162109375,-739.2805888065941,-0.3869219852513894,0,0.18195972491639623,0.0,0.0,0.0,0.0,-326.91381521424853
2026-01-16 06:12:00+00:00,95596.7265625,3303.556396484375,-739.2778192991723,-0.40599568486622184,0,0.002769507421817252,0.0,0.0,0.0,0.0,-326.91381521424853
2026-01-16 06:13:00+00:00,95583.0859375,3303.108154296875,-739.1491925136679,-0.40129590345700766,0,0.12862678550436613,0.0,0.0,0.0,0.0,-326.91381521424853
2026-01-16 06:14:00+00:00,95564.6953125,3303.52685546875,-737.9527424514995,-0.12321704372352935,0,1.1964500621684238,0.0,0.0,0.0,0.0,-326.91381521424853
2026-01-16 06:15:00+00:00,95565.3046875,3303.2998046875,-738.2055640116123,-0.21252880420512918,0,-0.25282156011280676,-0.0,0.0,0.0,-0.0,-326.91381521424853
2026-01-16 06:16:00+00:00,95560.359375,3303.548095703125,-737.7481332136786,-0.11477469107365355,0,0.4574307979337391,0.0,0.0,0.0,0.0,-326.91381521424853
2026-01-16 06:17:00+00:00,95556.1953125,3304.202392578125,-736.9177360164499,0.09061710463444486,0,0.830397197228649,0.0,0.0,0.0,0.0,-326.91381521424853
2026-01-16 06:18:00+00:00,95559.859375,3304.005126953125,-737.2699567092268,-0.023942832534223808,0,-0.35222069277688206,-0.0,0.0,0.0,-0.0,-326.91381521424853
2026-01-16 06:19:00+00:00,95561.8671875,3304.017333984375,-737.3426610903834,-0.06382962908875797,0,-0.07270438115665456,-0.0,0.0,0.0,-0.0,-326.91381521424853
2026-01-16 06:20:00+00:00,95509.8984375,3301.786376953125,-737.375833237084,-0.09787818670564258,0,-0.033172146700508165,-0.0,0.0,0.0,-0.0,-326.91381521424853
2026-01-16 06:21:00+00:00,95514.25,3302.174560546875,-737.1716794359818,-0.0636725223513263,0,0.20415380110216574,0.0,0.0,0.0,0.0,-326.91381521424853
2026-01-16 06:22:00+00:00,95575.7265625,3305.605224609375,-736.3408904872103,0.15524785342480413,0,0.8307889487714419,0.0,0.0,0.0,0.0,-326.91381521424853
2026-01-16 06:23:00+00:00,95618.953125,3307.414794921875,-736.3593935009603,0.12401459452294698,0,-0.01850301374997798,-0.0,0.0,0.0,-0.0,-326.91381521424853
2026-01-16 06:24:00+00:00,95630.3671875,3307.567138671875,-736.689756262735,-0.004947675064040181,0,-0.33036276177472246,-0.0,0.0,0.0,-0.0,-326.91381521424853
2026-01-16 06:25:00+00:00,95631.0546875,3306.824462890625,-737.461506768856,-0.27153574018456794,0,-0.7717505061209522,-0.0,0.0,0.0,-0.0,-326.91381521424853
2026-01-16 06:26:00+00:00,95618.2421875,3306.177978515625,-737.566143998537,-0.3286125905317481,0,-0.104637229680975,-0.0,0.0,0.0,-0.0,-326.91381521424853
2026-01-16 06:27:00+00:00,95635.6640625,3307.1845703125,-737.2963321614552,-0.25970735035110576,0,0.26981183708176104,0.0,0.0,0.0,0.0,-326.91381521424853
2026-01-16 06:28:00+00:00,95636.0390625,3307.387451171875,-737.109310242919,-0.2217846897351232,0,0.18702191853617478,0.0,0.0,0.0,0.0,-326.91381521424853
2026-01-16 06:29:00+00:00,95633.1953125,3307.25537109375,-737.1211266863511,-0.24875417349032736,0,-0.011816443432053347,-0.0,0.0,0.0,-0.0,-326.91381521424853
2026-01-16 06:30:00+00:00,95619.46875,3306.9697265625,-736.8262679039881,-0.16862490081131828,0,0.2948587823630078,0.0,0.0,0.0,0.0,-326.91381521424853
2026-01-16 06:31:00+00:00,95618.9375,3306.9033203125,-736.8702073211334,-0.20189080923959415,0,-0.043939417145338666,-0.0,0.0,0.0,-0.0,-326.91381521424853
2026-01-16 06:32:00+00:00,95620.1171875,3308.2998046875,-735.5236125308547,0.24402286862913214,0,1.3465947902786866,0.0,0.0,0.0,0.0,-326.91381521424853
2026-01-16 06:33:00+00:00,95603.6796875,3308.901611328125,-734.2266556501377,0.6734464803695858,0,1.2969568807170617,0.0,0.0,0.0,0.0,-326.91381521424853
2026-01-16 06:35:00+00:00,95627.03125,3309.168701171875,-734.9471152681917,0.39801249272274264,0,-0.7204596180540648,-0.0,0.0,0.0,-0.0,-326.91381521424853
2026-01-16 06:36:00+00:00,95624.34375,3310.080322265625,-733.9218384317651,0.7370313025474764,0,1.0252768364266558,0.0,0.0,0.0,0.0,-326.91381521424853
2026-01-16 06:38:00+00:00,95611.796875,3309.973876953125,-733.4976700153734,0.8586997369012762,0,0.42416841639169434,0.0,0.0,0.0,0.0,-326.91381521424853
2026-01-16 06:39:00+00:00,95608.453125,3309.985595703125,-733.3445423762291,0.883364472585596,0,0.15312763914425886,0.0,0.0,0.0,0.0,-326.91381521424853
2026-01-16 06:40:00+00:00,95611.3203125,3309.95458984375,-733.4968030540995,0.8005638937639157,0,-0.1522606778703448,-0.0,0.0,0.0,-0.0,-326.91381521424853
2026-01-16 06:41:00+00:00,95655.9609375,3312.352294921875,-732.9869727249697,0.95501348273654,0,0.509830329129727,0.0,0.0,0.0,0.0,-326.91381521424853
2026-01-16 06:42:00+00:00,95662.625,3313.801513671875,-731.8195805694559,1.3381285738757158,0,1.1673921555138804,0.0,0.0,0.0,0.0,-326.91381521424853
2026-01-16 06:43:00+00:00,95686.4296875,3313.949951171875,-732.6778554181064,0.9895462661440011,0,-0.8582748486505807,-0.0,0.0,0.0,-0.0,-326.91381521424853
2026-01-16 06:44:00+00:00,95678.234375,3313.990234375,-732.2909882787376,1.1280477831647449,0,0.3868671393688601,0.0,0.0,0.0,0.0,-326.91381521424853
2026-01-16 06:45:00+00:00,95675.65625,3313.90478515625,-732.2674072792224,1.1240588502121551,0,0.02358099951516124,0.0,0.0,0.0,0.0,-326.91381521424853
2026-01-16 06:46:00+00:00,95701.1875,3314.075927734375,-733.1759942565254,0.7931122421704568,0,-0.9085869773030026,-0.0,0.0,0.0,-0.0,-326.91381521424853
2026-01-16 06:47:00+00:00,95695.2421875,3315.33154296875,-731.6689487309386,1.321268781420421,0,1.5070455255868183,0.0,0.0,0.0,0.0,-326.91381521424853
2026-01-16 06:48:00+00:00,95667.9453125,3313.993896484375,-731.8521964801034,1.2560202876840054,0,-0.18324774916482056,-0.0,0.0,0.0,-0.0,-326.91381521424853
2026-01-16 06:49:00+00:00,95681.3046875,3314.04052734375,-732.3705403881036,1.0827875193539849,0,-0.5183439080001335,-0.0,0.0,0.0,-0.0,-326.91381521424853
2026-01-16 06:50:00+00:00,95685.6171875,3313.89453125,-732.6989143014976,0.9867972524033872,0,-0.3283739133939889,-0.0,0.0,0.0,-0.0,-326.91381521424853
2026-01-16 06:51:00+00:00,95679.1015625,3313.33203125,-732.9858652044268,0.8930863253070401,0,-0.2869509029292203,-0.0,0.0,0.0,-0.0,-326.91381521424853
2026-01-16 06:52:00+00:00,95663.34375,3312.66162109375,-732.9898694508547,0.9180384291322696,0,-0.004004246427939506,-0.0,0.0,0.0,-0.0,-326.91381521424853
2026-01-16 06:53:00+00:00,95665.9453125,3312.50244140625,-733.2590705404227,0.8426319382134866,0,-0.26920108956801414,-0.0,0.0,0.0,-0.0,-326.91381521424853
2026-01-16 06:54:00+00:00,95675.7890625,3312.779052734375,-733.3987564093109,0.8332112524072434,0,-0.1396858688881366,-0.0,0.0,0.0,-0.0,-326.91381521424853
2026-01-16 06:55:00+00:00,95667.65625,3312.377685546875,-733.4561828173737,0.8387956874435565,0,-0.05742640806283816,-0.0,0.0,0.0,-0.0,-326.91381521424853
2026-01-16 06:56:00+00:00,95685.359375,3312.944091796875,-733.6384507327962,0.7790320132789333,0,-0.18226791542247156,-0.0,0.0,0.0,-0.0,-326.91381521424853
2026-01-16 06:57:00+00:00,95714.015625,3313.71435546875,-734.0800744566709,0.6104220868463823,0,-0.44162372387472715,-0.0,0.0,0.0,-0.0,-326.91381521424853
2026-01-16 06:58:00+00:00,95709.1796875,3313.456787109375,-734.1331285581482,0.5918336239668746,0,-0.05305410147730072,-0.0,0.0,0.0,-0.0,-326.91381521424853
2026-01-16 06:59:00+00:00,95710.625,3313.0703125,-734.5807261686718,0.4244963596010214,0,-0.4475976105236441,-0.0,0.0,0.0,-0.0,-326.91381521424853
2026-01-16 07:00:00+00:00,95713.9140625,3313.0234375,-734.7666972956108,0.3505663729271225,0,-0.18597112693896634,-0.0,0.0,0.0,-0.0,-326.91381521424853
2026-01-16 07:01:00+00:00,95713.1015625,3313.282470703125,-734.4733030540019,0.4694573498927982,0,0.29339424160889394,0.0,0.0,0.0,0.0,-326.91381521424853
2026-01-16 07:02:00+00:00,95700.46875,3312.6572265625,-734.5642991251266,0.42700734172901383,0,-0.09099607112466401,-0.0,0.0,0.0,-0.0,-326.91381521424853
2026-01-16 07:03:00+00:00,95689.0,3311.943115234375,-734.7933911792711,0.3280119612634841,0,-0.22909205414453027,-0.0,0.0,0.0,-0.0,-326.91381521424853
2026-01-16 07:04:00+00:00,95682.1875,3311.6787109375,-734.7696913842447,0.33347148994863907,0,0.02369979502645947,0.0,0.0,0.0,0.0,-326.91381521424853
2026-01-16 07:06:00+00:00,95736.7734375,3313.100341796875,-735.6565276006886,-0.03329584236535008,0,-0.8868362164439532,-0.0,0.0,0.0,-0.0,-326.91381521424853
2026-01-16 07:07:00+00:00,95689.140625,3311.55810546875,-735.1843480477105,0.14828001232490787,0,0.47217955297810477,0.0,0.0,0.0,0.0,-326.91381521424853
2026-01-16 07:08:00+00:00,95689.4453125,3311.419189453125,-735.3361494527667,0.07104620114407849,0,-0.151801405056176,-0.0,0.0,0.0,-0.0,-326.91381521424853
2026-01-16 07:09:00+00:00,95686.8125,3311.500732421875,-735.1432635035458,0.13310573156618363,0,0.19288594922090851,0.0,0.0,0.0,0.0,-326.91381521424853
2026-01-16 07:11:00+00:00,95691.59375,3312.736083984375,-734.1101134367377,0.5380497913246146,0,1.033150066808048,0.0,0.0,0.0,0.0,-326.91381521424853
2026-01-16 07:12:00+00:00,95688.6640625,3313.2138671875,-733.5084322583111,0.7824052008847181,0,0.6016811784265883,0.0,0.0,0.0,0.0,-326.91381521424853
2026-01-16 07:13:00+00:00,95684.0390625,3313.693359375,-732.833346467135,1.0629486533089314,0,0.6750857911761159,0.0,0.0,0.0,0.0,-326.91381521424853
2026-01-16 07:14:00+00:00,95686.2890625,3313.56298828125,-733.0588712059171,0.9350740055206064,0,-0.22552473878204182,-0.0,0.0,0.0,-0.0,-326.91381521424853
2026-01-16 07:15:00+00:00,95685.1640625,3314.309326171875,-732.264956492776,1.2878807567446622,0,0.7939147131410209,0.0,0.0,0.0,0.0,-326.91381521424853
2026-01-16 07:16:00+00:00,95667.1484375,3313.99658203125,-731.8158106839464,1.4790697353750017,0,0.44914580882959854,0.0,0.0,0.0,0.0,-326.91381521424853
2026-01-16 07:17:00+00:00,95643.3828125,3312.664794921875,-732.1425374176752,1.2935360328163226,0,-0.3267267337287194,-0.0,0.0,0.0,-0.0,-326.91381521424853
2026-01-16 07:18:00+00:00,95636.3828125,3312.192626953125,-732.3186718241045,1.1702523965829186,0,-0.1761344064293553,-0.0,0.0,0.0,-0.0,-326.91381521424853
2026-01-16 07:19:00+00:00,95643.015625,3312.085693359375,-732.7061104339373,0.9430606632288128,0,-0.38743860983277045,-0.0,0.0,0.0,-0.0,-326.91381521424853
2026-01-16 07:20:00+00:00,95638.671875,3311.916259765625,-732.69184462964,0.9237332962490964,0,0.014265804297338036,0.0,0.0,0.0,0.0,-326.91381521424853
2026-01-16 07:21:00+00:00,95649.3828125,3312.373291015625,-732.6877843773427,0.8961855165597178,0,0.004060252297222178,0.0,0.0,0.0,0.0,-326.91381521424853
2026-01-16 07:22:00+00:00,95651.7734375,3312.430419921875,-732.7317562189387,0.8446966335047572,0,-0.043971841595976,-0.0,0.0,0.0,-0.0,-326.91381521424853
2026-01-16 07:23:00+00:00,95640.625,3312.166259765625,-732.5244432798409,0.9335757464656188,0,0.20731293909784654,0.0,0.0,0.0,0.0,-326.91381521424853
2026-01-16 07:24:00+00:00,95650.6328125,3312.51611328125,-732.5978252478462,0.8662717602226085,0,-0.07338196800537844,-0.0,0.0,0.0,-0.0,-326.91381521424853
2026-01-16 07:25:00+00:00,95640.921875,3312.9365234375,-731.7667346027965,1.3174923726139587,0,0.8310906450496987,0.0,0.0,0.0,0.0,-326.91381521424853
2026-01-16 07:26:00+00:00,95631.6328125,3312.938720703125,-731.3716981568155,1.498471108028011,0,0.3950364459810771,0.0,0.0,0.0,0.0,-326.91381521424853
2026-01-16 07:27:00+00:00,95614.4375,3311.9208984375,-731.6623219060702,1.28554448164887,0,-0.2906237492547916,-0.0,0.0,0.0,-0.0,-326.91381521424853
2026-01-16 07:28:00+00:00,95597.328125,3309.703369140625,-733.1562870271841,0.37294129629029743,0,-1.493965121113888,-0.0,0.0,0.0,-0.0,-326.91381521424853
2026-01-16 07:29:00+00:00,95555.0859375,3307.673583984375,-733.3996285768853,0.19229750114478406,0,-0.24334154970119926,-0.0,0.0,0.0,-0.0,-326.91381521424853
2026-01-16 07:31:00+00:00,95482.0390625,3302.335205078125,-735.6488179656158,-1.3100839722854973,0,-2.2491893887304286,-0.0,0.0,0.0,-0.0,-326.91381521424853
2026-01-16 07:32:00+00:00,95494.015625,3303.944580078125,-734.545937888649,-0.6407736862402489,0,1.1028800769668123,0.0,0.0,0.0,0.0,-326.91381521424853
2026-01-16 07:33:00+00:00,95500.484375,3304.100341796875,-734.6637428993645,-0.7878842425726488,0,-0.11780501071552862,-0.0,0.0,0.0,-0.0,-326.91381521424853
2026-01-16 07:34:00+00:00,95510.328125,3304.234375,-734.9460068932531,-1.0734434771926018,0,-0.28226399388859136,-0.0,0.0,0.0,-0.0,-326.91381521424853
2026-01-16 07:35:00+00:00,95515.359375,3305.34326171875,-734.0498942974209,-0.4456077927876546,0,0.8961125958321645,0.0,0.0,0.0,0.0,-326.91381521424853
2026-01-16 07:36:00+00:00,95502.4140625,3305.110595703125,-733.7350964595134,-0.24899894634283595,0,0.31479783790746296,0.0,0.0,0.0,0.0,-326.91381521424853
2026-01-16 07:37:00+00:00,95487.5390625,3303.577392578125,-734.639228264582,-1.0676254435197525,0,-0.9041318050685732,-0.0,0.0,0.0,-0.0,-326.91381521424853
2026-01-16 07:39:00+00:00,95468.9296875,3303.104736328125,-734.3248845754665,-0.7868887143183344,0,0.31434368911550337,0.0,0.0,0.0,0.0,-326.91381521424853
2026-01-16 07:40:00+00:00,95459.3828125,3302.937255859375,-734.0886228420336,-0.5979816164787405,0,0.23626173343291157,0.0,0.0,0.0,0.0,-326.91381521424853
2026-01-16 07:41:00+00:00,95458.3046875,3302.91259765625,-734.0676865902478,-0.5763917883963822,0,0.020936251785769855,0.0,0.0,0.0,0.0,-326.91381521424853
2026-01-16 07:42:00+00:00,95459.4609375,3303.162841796875,-733.8663408505417,-0.3902046730169509,0,0.20134573970608471,0.0,0.0,0.0,0.0,-326.91381521424853
2026-01-16 07:43:00+00:00,95464.15625,3303.226806640625,-734.000943161875,-0.49967876526372973,0,-0.13460231133331035,-0.0,0.0,0.0,-0.0,-326.91381521424853
2026-01-16 07:44:00+00:00,95452.953125,3303.073486328125,-733.6804776168219,-0.21104673243665742,0,0.32046554505313907,0.0,0.0,0.0,0.0,-326.91381521424853
2026-01-16 07:45:00+00:00,95460.734375,3303.040283203125,-734.0427537642227,-0.5178986166283827,0,-0.36227614740073477,-0.0,0.0,0.0,-0.0,-326.91381521424853
2026-01-16 07:46:00+00:00,95479.890625,3303.97216796875,-733.9209965597697,-0.38491789456374054,0,0.12175720445293337,0.0,0.0,0.0,0.0,-326.91381521424853
2026-01-16 07:47:00+00:00,95505.7421875,3304.812744140625,-734.1736961219558,-0.5924219054371545,0,-0.2526995621860806,-0.0,0.0,0.0,-0.0,-326.91381521424853
2026-01-16 07:48:00+00:00,95513.15625,3304.714599609375,-734.5853851293691,-0.9346192318715157,0,-0.41168900741331527,-0.0,0.0,0.0,-0.0,-326.91381521424853
2026-01-16 07:49:00+00:00,95508.6484375,3304.87646484375,-734.23288221033,-0.5889424368541515,0,0.3525029190391251,0.0,0.0,0.0,0.0,-326.91381521424853
2026-01-16 07:50:00+00:00,95524.2421875,3305.59521484375,-734.1735998335353,-0.5186014178930763,0,0.05928237679472659,0.0,0.0,0.0,0.0,-326.91381521424853
2026-01-16 07:51:00+00:00,95545.8203125,3305.7998046875,-734.8815598772067,-1.1386515700801603,0,-0.7079600436713918,-0.0,0.0,0.0,-0.0,-326.91381521424853
2026-01-16 07:52:00+00:00,95539.40625,3304.826416015625,-735.5836945818214,-1.734048214213439,0,-0.7021347046147639,-0.0,0.0,0.0,-0.0,-326.91381521424853
2026-01-16 07:53:00+00:00,95543.421875,3305.052001953125,-735.5279314691347,-1.6180801516782135,0,0.055763112686690874,0.0,0.0,0.0,0.0,-326.91381521424853
2026-01-16 07:54:00+00:00,95552.8984375,3304.91455078125,-736.0661512917854,-2.0079449709015775,1,-0.5382198226507171,-0.0,1.0,3.30491455078125,-3.30491455078125,-330.21872976502976
2026-01-16 07:55:00+00:00,95565.9921875,3305.351806640625,-736.1826367833582,-2.0022237577236104,1,-0.11648549157280286,-0.11648549157280286,0.0,0.0,-0.11648549157280286,-330.33521525660257
2026-01-16 07:56:00+00:00,95614.34375,3307.1787109375,-736.4005446708607,-2.072775053935285,1,-0.21790788750240608,-0.21790788750240608,0.0,0.0,-0.21790788750240608,-330.553123144105
2026-01-16 07:57:00+00:00,95613.6484375,3307.2294921875,-736.3203583013892,-1.90519840572737,1,0.08018636947144842,0.08018636947144842,0.0,0.0,0.08018636947144842,-330.4729367746335
2026-01-16 07:58:00+00:00,95618.3203125,3307.470703125,-736.2767233351701,-1.7829783579215517,1,0.0436349662190878,0.0436349662190878,0.0,0.0,0.0436349662190878,-330.42930180841444
2026-01-16 07:59:00+00:00,95633.5390625,3308.354736328125,-736.0362988144116,-1.5280300530989108,1,0.2404245207585518,0.2404245207585518,0.0,0.0,0.2404245207585518,-330.1888772876559
2026-01-16 08:00:00+00:00,95630.6875,3308.295654296875,-735.9747868163681,-1.4252549566559587,1,0.06151199804344287,0.06151199804344287,0.0,0.0,0.06151199804344287,-330.12736528961244
2026-01-16 08:01:00+00:00,95603.1015625,3308.50244140625,-734.6013763715532,-0.36025475175875743,0,1.3734104448149083,1.3734104448149083,1.0,3.30850244140625,-1.9350919965913418,-332.06245728620377
2026-01-16 08:02:00+00:00,95615.203125,3310.278076171875,-733.3375228425739,0.6001101390278105,0,1.2638535289793253,0.0,0.0,0.0,0.0,-332.06245728620377
2026-01-16 08:03:00+00:00,95605.375,3310.757568359375,-732.4423942472622,1.2438018791967043,0,0.8951285953116894,0.0,0.0,0.0,0.0,-332.06245728620377
2026-01-16 08:04:00+00:00,95592.5703125,3310.299560546875,-732.3588853090441,1.2619304472731134,0,0.08350893821807404,0.0,0.0,0.0,0.0,-332.06245728620377
2026-01-16 08:05:00+00:00,95574.125,3309.817626953125,-732.0607572502954,1.4304469778851816,0,0.2981280587487163,0.0,0.0,0.0,0.0,-332.06245728620377
2026-01-16 08:06:00+00:00,95541.15625,3308.1708984375,-732.3132205505267,1.2034595982123037,0,-0.25246330023128394,-0.0,0.0,0.0,-0.0,-332.06245728620377
2026-01-16 08:07:00+00:00,95559.7265625,3308.661376953125,-732.6080900010134,0.9576514626113745,0,-0.294869450486658,-0.0,0.0,0.0,-0.0,-332.06245728620377
2026-01-16 08:08:00+00:00,95589.46875,3309.683837890625,-732.8434413087748,0.7624908840097215,0,-0.23535130776144797,-0.0,0.0,0.0,-0.0,-332.06245728620377
2026-01-16 08:09:00+00:00,95594.5703125,3311.501953125,-731.2410737487253,1.8385587431439587,0,1.6023675600495153,0.0,0.0,0.0,0.0,-332.06245728620377
2026-01-16 08:10:00+00:00,95598.09375,3312.45166015625,-730.4403746824378,2.2642000932375277,-1,0.8006990662875069,0.0,1.0,3.31245166015625,-3.31245166015625,-335.37490894636
2026-01-16 08:11:00+00:00,95630.453125,3313.661865234375,-730.5986640408441,2.0455073391277585,-1,-0.15828935840636404,0.15828935840636404,0.0,0.0,0.15828935840636404,-335.21661958795363
2026-01-16 08:12:00+00:00,95677.625,3317.05615234375,-729.1992995311248,2.740514699183773,-1,1.399364509719362,-1.399364509719362,0.0,0.0,-1.399364509719362,-336.615984097673
2026-01-16 08:13:00+00:00,95667.546875,3316.61865234375,-729.2105904960877,2.53217505879507,-1,-0.011290964962881844,0.011290964962881844,0.0,0.0,0.011290964962881844,-336.6046931327101
2026-01-16 08:14:00+00:00,95679.3671875,3316.81396484375,-729.5151650271041,2.212634413892922,-1,-0.30457453101644205,0.30457453101644205,0.0,0.0,0.30457453101644205,-336.30011860169367
2026-01-16 08:15:00+00:00,95673.9765625,3317.074462890625,-729.0266947056743,2.3373759335291417,-1,0.48847032142975877,-0.48847032142975877,0.0,0.0,-0.48847032142975877,-336.7885889231234
2026-01-16 08:16:00+00:00,95678.609375,3316.833984375,-729.4630972195764,1.9974020859373964,-1,-0.43640251390206686,0.43640251390206686,0.0,0.0,0.43640251390206686,-336.35218640922136
2026-01-16 08:17:00+00:00,95656.9375,3315.221923828125,-730.1586431438204,1.5851578313284929,-1,-0.6955459242440156,0.6955459242440156,0.0,0.0,0.6955459242440156,-335.65664048497734
2026-01-16 08:18:00+00:00,95658.578125,3314.443603515625,-731.0063463224892,1.1375723431854843,-1,-0.8477031786687803,0.8477031786687803,0.0,0.0,0.8477031786687803,-334.80893730630856
2026-01-16 08:19:00+00:00,95685.9765625,3315.96875,-730.6398937031345,1.2953229425671902,-1,0.3664526193547317,-0.3664526193547317,0.0,0.0,-0.3664526193547317,-335.1753899256633
2026-01-16 08:20:00+00:00,95699.1328125,3316.55810546875,-730.606922742139,1.281329425032193,-1,0.0329709609954989,-0.0329709609954989,0.0,0.0,-0.0329709609954989,-335.2083608866588
2026-01-16 08:21:00+00:00,95715.3828125,3316.984130859375,-730.8681181211869,1.12486194496057,-1,-0.2611953790478765,0.2611953790478765,0.0,0.0,0.2611953790478765,-334.9471655076109
2026-01-16 08:22:00+00:00,95685.5078125,3314.871826171875,-731.7169938552115,0.6981478216401706,-1,-0.8488757340246593,0.8488757340246593,0.0,0.0,0.8488757340246593,-334.09828977358626
2026-01-16 08:23:00+00:00,95691.984375,3315.718017578125,-731.144699573028,0.9578287993111098,-1,0.5722942821835204,-0.5722942821835204,0.0,0.0,-0.5722942821835204,-334.6705840557698
2026-01-16 08:24:00+00:00,95686.046875,3315.111083984375,-731.5005332701671,0.7716586363740519,-1,-0.3558336971391327,0.3558336971391327,0.0,0.0,0.3558336971391327,-334.31475035863065
2026-01-16 08:25:00+00:00,95680.3046875,3314.943603515625,-731.4251737073259,0.7953315563505218,-1,0.07535956284118583,-0.07535956284118583,0.0,0.0,-0.07535956284118583,-334.39010992147183
2026-01-16 08:26:00+00:00,95688.4609375,3315.567138671875,-731.1465705143155,0.9112936903250656,-1,0.27860319301044,-0.27860319301044,0.0,0.0,-0.27860319301044,-334.6687131144823
2026-01-16 08:27:00+00:00,95708.3046875,3315.511962890625,-732.0409485816081,0.4876236622666063,0,-0.8943780672925641,0.8943780672925641,1.0,3.315511962890625,-2.421133895598061,-337.08984701008035
2026-01-16 08:28:00+00:00,95713.421875,3315.426513671875,-732.342806263885,0.3528559298462767,0,-0.3018576822769319,-0.0,0.0,0.0,-0.0,-337.08984701008035
2026-01-16 08:29:00+00:00,95719.8671875,3315.48583984375,-732.5560556376736,0.25861150278411704,0,-0.21324937378858522,-0.0,0.0,0.0,-0.0,-337.08984701008035
2026-01-16 08:30:00+00:00,95773.5859375,3316.152099609375,-734.1615891471783,-0.5048289930657962,0,-1.6055335095047667,-0.0,0.0,0.0,-0.0,-337.08984701008035
2026-01-16 08:31:00+00:00,95801.890625,3317.130126953125,-734.3805814421421,-0.6003574992407505,0,-0.21899229496375483,-0.0,0.0,0.0,-0.0,-337.08984701008035
2026-01-16 08:32:00+00:00,95738.859375,3315.02490234375,-733.8201824122284,-0.3507253407691858,0,0.5603990299136967,0.0,0.0,0.0,0.0,-337.08984701008035
2026-01-16 08:33:00+00:00,95731.4921875,3315.201171875,-733.3323507724203,-0.1247473444117233,0,0.4878316398080642,0.0,0.0,0.0,0.0,-337.08984701008035
2026-01-16 08:34:00+00:00,95739.7890625,3315.279052734375,-733.6053489790993,-0.26731987633517146,0,-0.2729982066789489,-0.0,0.0,0.0,-0.0,-337.08984701008035
2026-01-16 08:35:00+00:00,95728.78125,3315.109130859375,-733.3097448615663,-0.13720194749193082,0,0.29560411753300286,0.0,0.0,0.0,0.0,-337.08984701008035
2026-01-16 08:36:00+00:00,95654.8984375,3312.54833984375,-732.7459941373854,0.12980720607636628,0,0.5637507241808635,0.0,0.0,0.0,0.0,-337.08984701008035
2026-01-16 08:37:00+00:00,95642.890625,3311.59033203125,-733.1961854484493,-0.09672531251002975,0,-0.45019131106391796,-0.0,0.0,0.0,-0.0,-337.08984701008035
2026-01-16 08:38:00+00:00,95639.65625,3311.971435546875,-732.6782985680916,0.14357739111752832,0,0.5178868803577643,0.0,0.0,0.0,0.0,-337.08984701008035
2026-01-16 08:39:00+00:00,95661.9140625,3313.67138671875,-731.9196416139075,0.5011262049747078,0,0.7586569541840618,0.0,0.0,0.0,0.0,-337.08984701008035
2026-01-16 08:40:00+00:00,95671.625,3313.8486328125,-732.1530760089572,0.3696434219578852,0,-0.23343439504969865,-0.0,0.0,0.0,-0.0,-337.08984701008035
2026-01-16 08:41:00+00:00,95681.90625,3314.18603515625,-732.2504729598659,0.306701263394455,0,-0.09739695090866007,-0.0,0.0,0.0,-0.0,-337.08984701008035
2026-01-16 08:42:00+00:00,95693.5234375,3314.587646484375,-732.3401584031367,0.24964302275371555,0,-0.08968544327080963,-0.0,0.0,0.0,-0.0,-337.08984701008035
2026-01-16 08:43:00+00:00,95701.609375,3314.988037109375,-732.281726189969,0.26514224673169356,0,0.05843221316763447,0.0,0.0,0.0,0.0,-337.08984701008035
2026-01-16 08:44:00+00:00,95739.3984375,3316.2529296875,-732.614952295934,0.08940061022172065,0,-0.33322610596496816,-0.0,0.0,0.0,-0.0,-337.08984701008035
2026-01-16 08:45:00+00:00,95758.171875,3316.162353515625,-733.4994666935418,-0.3599005645626693,0,-0.8845143976077452,-0.0,0.0,0.0,-0.0,-337.08984701008035
2026-01-16 08:46:00+00:00,95694.3671875,3314.29541015625,-732.6680773481485,0.04795565940315422,0,0.8313893453932906,0.0,0.0,0.0,0.0,-337.08984701008035
2026-01-16 08:47:00+00:00,95666.8984375,3313.550537109375,-732.2512829785956,0.24298793481251219,0,0.4167943695529175,0.0,0.0,0.0,0.0,-337.08984701008035
2026-01-16 08:48:00+00:00,95665.40625,3313.77197265625,-731.9667420629671,0.36735998130173236,0,0.2845409156284404,0.0,0.0,0.0,0.0,-337.08984701008035
2026-01-16 08:49:00+00:00,95726.6484375,3315.9404296875,-732.3882483074217,0.1375559499043917,0,-0.4215062444545765,-0.0,0.0,0.0,-0.0,-337.08984701008035
2026-01-16 08:50:00+00:00,95688.6875,3314.33544921875,-732.3878414108635,0.12314138055638194,0,0.0004068965581609518,0.0,0.0,0.0,0.0,-337.08984701008035
2026-01-16 08:51:00+00:00,95721.28125,3315.6796875,-732.4220094041689,0.08542669807778984,0,-0.03416799330534559,-0.0,0.0,0.0,-0.0,-337.08984701008035
2026-01-16 08:52:00+00:00,95723.1875,3315.02587890625,-733.1564342805154,-0.32494766631323446,0,-0.7344248763465657,-0.0,0.0,0.0,-0.0,-337.08984701008035
2026-01-16 08:53:00+00:00,95683.09375,3313.59033203125,-732.8963960641877,-0.21458621409341394,0,0.26003821632775725,0.0,0.0,0.0,0.0,-337.08984701008035
2026-01-16 08:55:00+00:00,95720.125,3314.57421875,-733.47857975325,-0.5717484993121111,0,-0.5821836890622762,-0.0,0.0,0.0,-0.0,-337.08984701008035
2026-01-16 08:57:00+00:00,95680.703125,3313.300048828125,-733.0855785194667,-0.3950123804524918,0,0.39300123378325225,0.0,0.0,0.0,0.0,-337.08984701008035
2026-01-16 08:59:00+00:00,95643.59375,3312.12353515625,-732.6927178375217,-0.21237475720597987,0,0.3928606819449669,0.0,0.0,0.0,0.0,-337.08984701008035
2026-01-16 09:01:00+00:00,95634.2265625,3311.451171875,-732.9689379924075,-0.43740262783160255,0,-0.27622015488577745,-0.0,0.0,0.0,-0.0,-337.08984701008035
2026-01-16 09:02:00+00:00,95647.328125,3311.951171875,-733.0230097379563,-0.5372396108905255,0,-0.054071745548753825,-0.0,0.0,0.0,-0.0,-337.08984701008035
2026-01-16 09:03:00+00:00,95672.5078125,3313.447021484375,-732.5920219269733,-0.30023074816945244,0,0.4309878109829697,0.0,0.0,0.0,0.0,-337.08984701008035
2026-01-16 09:04:00+00:00,95674.4609375,3313.3779296875,-732.7437123740492,-0.4806927678676648,0,-0.1516904470759073,-0.0,0.0,0.0,-0.0,-337.08984701008035
2026-01-16 09:05:00+00:00,95662.875,3312.72998046875,-732.9016863998067,-0.6437203142373137,0,-0.1579740257575395,-0.0,0.0,0.0,-0.0,-337.08984701008035
2026-01-16 09:06:00+00:00,95680.1640625,3313.50927734375,-732.8535527763861,-0.614967542095091,0,0.04813362342065375,0.0,0.0,0.0,0.0,-337.08984701008035
2026-01-16 09:07:00+00:00,95703.78125,3314.2783203125,-733.0832926858675,-0.7871088906453494,0,-0.22973990948139544,-0.0,0.0,0.0,-0.0,-337.08984701008035
2026-01-16 09:08:00+00:00,95708.3203125,3313.457275390625,-734.09629687081,-1.5412925768918382,0,-1.0130041849424742,-0.0,0.0,0.0,-0.0,-337.08984701008035
2026-01-16 09:09:00+00:00,95699.6328125,3313.20263671875,-733.9835367465903,-1.4035382720458771,0,0.11276012421967607,0.0,0.0,0.0,0.0,-337.08984701008035
2026-01-16 09:10:00+00:00,95686.5234375,3312.426025390625,-734.205745934566,-1.5192491261440244,0,-0.22220918797574996,-0.0,0.0,0.0,-0.0,-337.08984701008035
2026-01-16 09:11:00+00:00,95703.890625,3313.527587890625,-733.838650632154,-1.212420235964969,0,0.36709530241205357,0.0,0.0,0.0,0.0,-337.08984701008035
2026-01-16 09:12:00+00:00,95702.0859375,3313.01416015625,-734.275757213743,-1.4935984103105409,0,-0.43710658158897786,-0.0,0.0,0.0,-0.0,-337.08984701008035
2026-01-16 09:13:00+00:00,95668.0625,3311.6953125,-734.1557363834904,-1.354555402619715,0,0.12002083025254251,0.0,0.0,0.0,0.0,-337.08984701008035
2026-01-16 09:14:00+00:00,95672.3671875,3312.343994140625,-733.6891021679089,-0.9847671538329371,0,0.4666342155815073,0.0,0.0,0.0,0.0,-337.08984701008035
2026-01-16 09:15:00+00:00,95664.453125,3312.035400390625,-733.6630061872938,-0.9345438008994041,0,0.026095980615082226,0.0,0.0,0.0,0.0,-337.08984701008035
2026-01-16 09:16:00+00:00,95608.453125,3310.0927734375,-733.2373646418541,-0.6002368303444231,0,0.4256415454397029,0.0,0.0,0.0,0.0,-337.08984701008035
2026-01-16 09:17:00+00:00,95557.2421875,3307.955078125,-733.2093233460823,-0.5567569941226913,0,0.028041295771799923,0.0,0.0,0.0,0.0,-337.08984701008035
2026-01-16 09:18:00+00:00,95573.453125,3308.53173828125,-733.3182319865014,-0.6245513215073215,0,-0.10890864041903114,-0.0,0.0,0.0,-0.0,-337.08984701008035
2026-01-16 09:19:00+00:00,95562.4765625,3308.042724609375,-733.3430412442463,-0.6349451942647946,0,-0.02480925774489151,-0.0,0.0,0.0,-0.0,-337.08984701008035
2026-01-16 09:20:00+00:00,95566.5,3308.463134765625,-733.0927843074105,-0.3760668082256237,0,0.2502569368357399,0.0,0.0,0.0,0.0,-337.08984701008035
2026-01-16 09:21:00+00:00,95557.09375,3308.0390625,-733.119061473667,-0.3744653563022737,0,-0.026277166256477358,-0.0,0.0,0.0,-0.0,-337.08984701008035
2026-01-16 09:22:00+00:00,95567.234375,3307.885498046875,-733.7014781186363,-0.9698322922986864,0,-0.5824166449692711,-0.0,0.0,0.0,-0.0,-337.08984701008035
2026-01-16 09:23:00+00:00,95568.8203125,3307.57177734375,-734.0822689257243,-1.3692814771695185,0,-0.38079080708803303,-0.0,0.0,0.0,-0.0,-337.08984701008035
2026-01-16 09:24:00+00:00,95572.453125,3307.935546875,-733.8721328838483,-1.123910220058161,0,0.21013604187601231,0.0,0.0,0.0,0.0,-337.08984701008035
2026-01-16 09:25:00+00:00,95578.5078125,3307.973388671875,-734.0903469025966,-1.3696720776043243,0,-0.2182140187483128,-0.0,0.0,0.0,-0.0,-337.08984701008035
2026-01-16 09:26:00+00:00,95584.2109375,3308.302001953125,-734.0029216799335,-1.2250010871242847,0,0.08742522266311425,0.0,0.0,0.0,0.0,-337.08984701008035
2026-01-16 09:27:00+00:00,95582.609375,3308.247314453125,-733.989878286769,-1.1926140263163458,0,0.013043393164480221,0.0,0.0,0.0,0.0,-337.08984701008035
2026-01-16 09:28:00+00:00,95594.9609375,3308.32861328125,-734.4309333225151,-1.7151135409888554,0,-0.4410550357461034,-0.0,0.0,0.0,-0.0,-337.08984701008035
2026-01-16 09:29:00+00:00,95615.4140625,3309.101318359375,-734.5232013092959,-1.7943735263302687,0,-0.0922679867808256,-0.0,0.0,0.0,-0.0,-337.08984701008035
2026-01-16 09:31:00+00:00,95643.46875,3310.212646484375,-734.5983201957838,-1.8801264412759802,0,-0.07511888648787135,-0.0,0.0,0.0,-0.0,-337.08984701008035
2026-01-16 09:32:00+00:00,95629.296875,3309.68603515625,-734.5255957180498,-1.7187384873012117,0,0.07272447773402746,0.0,0.0,0.0,0.0,-337.08984701008035
2026-01-16 09:33:00+00:00,95625.0546875,3309.883056640625,-734.1491699654384,-1.1673802175808743,0,0.3764257526113397,0.0,0.0,0.0,0.0,-337.08984701008035
2026-01-16 09:34:00+00:00,95616.140625,3309.201904296875,-734.4533420696707,-1.521445810258189,0,-0.30417210423229335,-0.0,0.0,0.0,-0.0,-337.08984701008035
2026-01-16 09:35:00+00:00,95612.7578125,3308.307373046875,-735.2048124575222,-2.4089049144896335,1,-0.751470387851441,-0.0,1.0,3.3083073730468753,-3.3083073730468753,-340.39815438312723
2026-01-16 09:36:00+00:00,95618.125,3308.505859375,-735.23330722015,-2.346110652133705,1,-0.028494762627815362,-0.028494762627815362,0.0,0.0,-0.028494762627815362,-340.42664914575505
2026-01-16 09:37:00+00:00,95626.6171875,3309.130126953125,-734.9681785730991,-1.9313008895508768,1,0.2651286470509149,0.2651286470509149,0.0,0.0,0.2651286470509149,-340.16152049870414
2026-01-16 09:38:00+00:00,95611.8046875,3309.3076171875,-734.1642601755993,-0.9324869678718402,1,0.8039183974997286,0.8039183974997286,0.0,0.0,0.8039183974997286,-339.3576021012044
2026-01-16 09:39:00+00:00,95629.125,3309.7275390625,-734.476823130582,-1.2737808006772928,1,-0.3125629549826954,-0.3125629549826954,0.0,0.0,-0.3125629549826954,-339.6701650561871
2026-01-16 09:40:00+00:00,95626.9765625,3309.942626953125,-734.170876724736,-0.8874693253174543,1,0.3059464058460435,0.3059464058460435,0.0,0.0,0.3059464058460435,-339.36421865034106
2026-01-16 09:41:00+00:00,95622.0703125,3309.746337890625,-734.1596779779311,-0.8458341231776947,1,0.011198746804893744,0.011198746804893744,0.0,0.0,0.011198746804893744,-339.35301990353616
2026-01-16 09:42:00+00:00,95628.828125,3309.914794921875,-734.2770122763768,-0.955966257408605,1,-0.11733429844571219,-0.11733429844571219,0.0,0.0,-0.11733429844571219,-339.4703542019819
2026-01-16 09:43:00+00:00,95630.2578125,3310.044189453125,-734.208079957074,-0.8463659420821475,1,0.06893231930280308,0.06893231930280308,0.0,0.0,0.06893231930280308,-339.4014218826791
2026-01-16 09:44:00+00:00,95636.59375,3310.115966796875,-734.4042526345761,-1.048710722805924,1,-0.19617267750209066,-0.19617267750209066,0.0,0.0,-0.19617267750209066,-339.59759456018116
2026-01-16 09:45:00+00:00,95618.046875,3309.361328125,-734.3745345241418,-0.9839534999131518,1,0.02971811043425987,0.02971811043425987,0.0,0.0,0.02971811043425987,-339.5678764497469
2026-01-16 09:46:00+00:00,95618.0390625,3309.40673828125,-734.3287939732909,-0.9001135090637182,1,0.04574055085095097,0.04574055085095097,0.0,0.0,0.04574055085095097,-339.52213589889595
2026-01-16 09:47:00+00:00,95584.3984375,3308.134033203125,-734.1788199003531,-0.689136636014149,1,0.14997407293776632,0.14997407293776632,0.0,0.0,0.14997407293776632,-339.3721618259582
2026-01-16 09:48:00+00:00,95590.3671875,3308.357177734375,-734.2080968441173,-0.7001288591378395,1,-0.029276943764216412,-0.029276943764216412,0.0,0.0,-0.029276943764216412,-339.4014387697224
2026-01-16 09:49:00+00:00,95574.9765625,3307.947265625,-733.9671315899081,-0.3680382906268448,0,0.24096525420918624,0.24096525420918624,1.0,3.307947265625,-3.066982011415814,-342.4684207811382
2026-01-16 09:50:00+00:00,95562.46875,3307.841796875,-733.5436385840203,0.18317163233294717,0,0.423493005887849,0.0,0.0,0.0,0.0,-342.4684207811382
2026-01-16 09:51:00+00:00,95567.09375,3307.950927734375,-733.6301013283214,0.09305236483122316,0,-0.08646274430111589,-0.0,0.0,0.0,-0.0,-342.4684207811382
2026-01-16 09:52:00+00:00,95577.1875,3308.02099609375,-733.9869027931859,-0.35040681983260785,0,-0.35680146486447484,-0.0,0.0,0.0,-0.0,-342.4684207811382
2026-01-16 09:53:00+00:00,95601.609375,3309.342529296875,-733.6981831121748,0.08640539201828075,0,0.28871968101111634,0.0,0.0,0.0,0.0,-342.4684207811382
2026-01-16 09:55:00+00:00,95592.03125,3308.71435546875,-733.9212931597135,-0.20385001496435945,0,-0.2231100475387393,-0.0,0.0,0.0,-0.0,-342.4684207811382
2026-01-16 09:57:00+00:00,95598.7421875,3308.762939453125,-734.1565181374294,-0.5279482556643504,0,-0.23522497771591588,-0.0,0.0,0.0,-0.0,-342.4684207811382
2026-01-16 09:59:00+00:00,95577.734375,3307.778564453125,-734.252462055867,-0.6526526769189239,0,-0.09594391843756966,-0.0,0.0,0.0,-0.0,-342.4684207811382
2026-01-16 10:00:00+00:00,95573.9296875,3306.789306640625,-735.0808176977753,-1.8846626127581687,0,-0.8283556419082743,-0.0,0.0,0.0,-0.0,-342.4684207811382
2026-01-16 10:01:00+00:00,95587.84375,3306.8623046875,-735.5962524349325,-2.5241066067863636,1,-0.515434737157193,-0.0,1.0,3.3068623046875,-3.3068623046875,-345.7752830858257
2026-01-16 10:02:00+00:00,95570.1953125,3306.865966796875,-734.8462289223407,-1.3435237837672394,1,0.7500235125917243,0.7500235125917243,0.0,0.0,0.7500235125917243,-345.025259573234
2026-01-16 10:03:00+00:00,95549.8046875,3306.0439453125,-734.8059204986166,-1.2418202398055542,1,0.04030842372412735,0.04030842372412735,0.0,0.0,0.04030842372412735,-344.98495114950987
2026-01-16 10:04:00+00:00,95506.1484375,3303.321533203125,-735.682087578698,-2.42185443446845,1,-0.876167080081359,-0.876167080081359,0.0,0.0,-0.876167080081359,-345.8611182295912
2026-01-16 10:06:00+00:00,95513.15625,3304.01171875,-735.2882659887441,-1.7779145784685029,1,0.3938215899538591,0.3938215899538591,0.0,0.0,0.3938215899538591,-345.46729663963737
2026-01-16 10:07:00+00:00,95459.3046875,3301.634033203125,-735.3885415522755,-1.846727368378747,1,-0.1002755635313406,-0.1002755635313406,0.0,0.0,-0.1002755635313406,-345.5675722031687
2026-01-16 10:08:00+00:00,95473.8359375,3302.285888671875,-735.3512200410214,-1.7530557246538845,1,0.037321511254049256,0.037321511254049256,0.0,0.0,0.037321511254049256,-345.53025069191466
2026-01-16 10:09:00+00:00,95475.6875,3302.42724609375,-735.2881661395372,-1.6222257320062288,1,0.06305390148418155,0.06305390148418155,0.0,0.0,0.06305390148418155,-345.4671967904305
2026-01-16 10:10:00+00:00,95486.625,3302.658447265625,-735.519517408788,-1.8992219808206188,1,-0.2313512692508084,-0.2313512692508084,0.0,0.0,-0.2313512692508084,-345.6985480596813
2026-01-16 10:11:00+00:00,95485.4140625,3302.744873046875,-735.3818804644134,-1.6550490303071532,1,0.13763694437466256,0.13763694437466256,0.0,0.0,0.13763694437466256,-345.5609111153066
2026-01-16 10:12:00+00:00,95505.8828125,3303.75146484375,-735.2409225216452,-1.4056790648019626,1,0.14095794276818197,0.14095794276818197,0.0,0.0,0.14095794276818197,-345.41995317253844
2026-01-16 10:13:00+00:00,95518.375,3304.66943359375,-734.8512547383316,-0.7943183401006053,1,0.3896677833135982,0.3896677833135982,0.0,0.0,0.3896677833135982,-345.03028538922484
2026-01-16 10:14:00+00:00,95516.65625,3304.628662109375,-734.8193394105297,-0.723716435817388,1,0.03191532780192574,0.03191532780192574,0.0,0.0,0.03191532780192574,-344.9983700614229
2026-01-16 10:15:00+00:00,95519.5078125,3304.74560546875,-734.8229900804481,-0.7108803455904306,1,-0.0036506699184428726,-0.0036506699184428726,0.0,0.0,-0.0036506699184428726,-345.00202073134136
2026-01-16 10:16:00+00:00,95478.6640625,3303.495361328125,-734.3459312480686,0.01477468900644635,0,0.4770588323794982,0.4770588323794982,1.0,3.303495361328125,-2.826436528948627,-347.82845726029
2026-01-16 10:17:00+00:00,95399.5703125,3301.178955078125,-733.3174225595262,1.505456972362823,0,1.028508688542388,0.0,0.0,0.0,0.0,-347.82845726029
2026-01-16 10:18:00+00:00,95409.203125,3301.702392578125,-733.2013616023178,1.6163152466125368,0,0.11606095720844678,0.0,0.0,0.0,0.0,-347.82845726029
2026-01-16 10:19:00+00:00,95409.234375,3301.729736328125,-733.1753394307211,1.615773192797264,0,0.026022171596650878,0.0,0.0,0.0,0.0,-347.82845726029
2026-01-16 10:20:00+00:00,95418.546875,3302.2763671875,-733.022538935505,1.7800588270502726,0,0.15280049521606998,0.0,0.0,0.0,0.0,-347.82845726029
2026-01-16 10:21:00+00:00,95434.3203125,3303.3662109375,-732.5997618845286,2.2874062792371657,-1,0.4227770509764923,0.0,1.0,3.3033662109375,-3.3033662109375,-351.1318234712275
2026-01-16 10:22:00+00:00,95432.6640625,3304.15771484375,-731.7382143229079,3.1671207169085496,-1,0.8615475616206822,-0.8615475616206822,0.0,0.0,-0.8615475616206822,-351.9933710328482
2026-01-16 10:23:00+00:00,95432.6640625,3304.15771484375,-731.7382143229079,2.929137732008374,-1,0.0,-0.0,0.0,0.0,-0.0,-351.9933710328482
2026-01-16 10:24:00+00:00,95385.5546875,3302.30419921875,-731.5994505050585,2.8609923931879915,-1,0.1387638178493944,-0.1387638178493944,0.0,0.0,-0.1387638178493944,-352.1321348506976
2026-01-16 10:25:00+00:00,95376.8984375,3302.44384765625,-731.0937248498676,3.1219106548034428,-1,0.5057256551908722,-0.5057256551908722,0.0,0.0,-0.5057256551908722,-352.63786050588845
2026-01-16 10:26:00+00:00,95393.1875,3302.8818359375,-731.3446093112943,2.6831473223012243,-1,-0.2508844614267218,0.2508844614267218,0.0,0.0,0.2508844614267218,-352.38697604446173
2026-01-16 10:28:00+00:00,95393.359375,3303.22705078125,-731.0066631487621,2.7654849323424537,-1,0.33794616253226195,-0.33794616253226195,0.0,0.0,-0.33794616253226195,-352.724922206994
2026-01-16 10:29:00+00:00,95398.9375,3303.341064453125,-731.128551221861,2.471459866401026,-1,-0.121888073098944,0.121888073098944,0.0,0.0,0.121888073098944,-352.60303413389505
2026-01-16 10:30:00+00:00,95386.6953125,3303.180908203125,-730.770979132401,2.5700669232201308,-1,0.3575720894600636,-0.3575720894600636,0.0,0.0,-0.3575720894600636,-352.9606062233551
2026-01-16 10:31:00+00:00,95373.078125,3302.09130859375,-731.284700952574,2.0466494707710634,-1,-0.513721820173032,0.513721820173032,0.0,0.0,0.513721820173032,-352.4468844031821
2026-01-16 10:32:00+00:00,95379.0546875,3300.681884765625,-732.9468766503146,0.7571733453178306,-1,-1.6621756977406221,1.6621756977406221,0.0,0.0,1.6621756977406221,-350.78470870544146
2026-01-16 10:33:00+00:00,95372.703125,3300.18115234375,-733.1789982617356,0.5685073693883838,-1,-0.2321216114210074,0.2321216114210074,0.0,0.0,0.2321216114210074,-350.55258709402045
2026-01-16 10:34:00+00:00,95360.5625,3298.962158203125,-733.8845591927106,0.025743436779493208,0,-0.7055609309750253,0.7055609309750253,1.0,3.298962158203125,-2.5934012272281,-353.1459883212486
2026-01-16 10:35:00+00:00,95346.015625,3298.5615234375,-733.6699992116382,0.17837127996174407,0,0.21455998107239793,0.0,0.0,0.0,0.0,-353.1459883212486
2026-01-16 10:36:00+00:00,95350.6171875,3298.676025390625,-733.750099678387,0.10684299417915835,0,-0.08010046674871774,-0.0,0.0,0.0,-0.0,-353.1459883212486
2026-01-16 10:37:00+00:00,95362.3515625,3299.087646484375,-733.8347312750448,0.0335118189539482,0,-0.0846315966578004,-0.0,0.0,0.0,-0.0,-353.1459883212486
2026-01-16 10:39:00+00:00,95331.703125,3297.791748046875,-733.8344916935898,0.02969391024568672,0,0.0002395814549345232,0.0,0.0,0.0,0.0,-353.1459883212486
2026-01-16 10:40:00+00:00,95293.59375,3296.0263671875,-733.9882076902418,-0.09401967624717412,0,-0.1537159966519539,-0.0,0.0,0.0,-0.0,-353.1459883212486
2026-01-16 10:41:00+00:00,95284.4453125,3296.152587890625,-733.4750949095751,0.27953702551550963,0,0.5131127806666882,0.0,0.0,0.0,0.0,-353.1459883212486
2026-01-16 10:42:00+00:00,95286.59375,3296.57373046875,-733.1448108466711,0.5119637981427497,0,0.3302840629039565,0.0,0.0,0.0,0.0,-353.1459883212486
2026-01-16 10:43:00+00:00,95280.71875,3296.001953125,-733.4681314506165,0.2421835268909888,0,-0.3233206039453762,-0.0,0.0,0.0,-0.0,-353.1459883212486
2026-01-16 10:44:00+00:00,95268.9296875,3294.835693359375,-734.135825763628,-0.28191810982845683,0,-0.6676943130114523,-0.0,0.0,0.0,-0.0,-353.1459883212486
2026-01-16 10:45:00+00:00,95320.4921875,3296.9814453125,-734.1706781758107,-0.3138111400223251,0,-0.03485241218277224,-0.0,0.0,0.0,-0.0,-353.1459883212486
2026-01-16 10:46:00+00:00,95351.375,3298.337646484375,-734.1205268609151,-0.2751156621918334,0,0.050151314895629184,0.0,0.0,0.0,0.0,-353.1459883212486
2026-01-16 10:47:00+00:00,95366.078125,3298.8037109375,-734.2762650465038,-0.3957770762332958,0,-0.1557381855886888,-0.0,0.0,0.0,-0.0,-353.1459883212486
2026-01-16 10:48:00+00:00,95364.421875,3298.986328125,-734.0236042036331,-0.20082344044233447,0,0.25266084287068225,0.0,0.0,0.0,0.0,-353.1459883212486
2026-01-16 10:49:00+00:00,95374.0,3299.34716796875,-734.0678281404689,-0.23756549223839765,0,-0.044223936835805944,-0.0,0.0,0.0,-0.0,-353.1459883212486
2026-01-16 10:50:00+00:00,95362.3125,3298.44189453125,-734.4788312551659,-0.5596509170148144,0,-0.4110031146969959,-0.0,0.0,0.0,-0.0,-353.1459883212486
2026-01-16 10:51:00+00:00,95322.984375,3296.57080078125,-734.6867185847173,-0.7172462966210642,0,-0.20788732955134037,-0.0,0.0,0.0,-0.0,-353.1459883212486
2026-01-16 10:52:00+00:00,95280.734375,3295.32080078125,-734.149944583568,-0.2988056474095434,0,0.536774001149297,0.0,0.0,0.0,0.0,-353.1459883212486
2026-01-16 10:53:00+00:00,95293.53125,3294.632080078125,-735.3798516428105,-1.2332837436150546,0,-1.2299070592425778,-0.0,0.0,0.0,-0.0,-353.1459883212486
2026-01-16 10:54:00+00:00,95291.8046875,3294.745361328125,-735.1935531860327,-1.0664605391202362,0,0.1862984567778767,0.0,0.0,0.0,0.0,-353.1459883212486
2026-01-16 10:55:00+00:00,95279.3984375,3293.935546875,-735.4787010130808,-1.2492467224467674,0,-0.28514782704814934,-0.0,0.0,0.0,-0.0,-353.1459883212486
2026-01-16 10:56:00+00:00,95292.890625,3295.798583984375,-734.1862553792944,-0.2611959089312351,0,1.2924456337864285,0.0,0.0,0.0,0.0,-353.1459883212486
2026-01-16 10:57:00+00:00,95295.78125,3295.779052734375,-734.3280326315921,-0.35952796527962183,0,-0.14177725229774296,-0.0,0.0,0.0,-0.0,-353.1459883212486
2026-01-16 10:58:00+00:00,95295.78125,3295.779052734375,-734.3280326315921,-0.3548676297875235,0,0.0,0.0,0.0,0.0,0.0,-353.1459883212486
2026-01-16 10:59:00+00:00,95272.90625,3295.94287109375,-733.1968188810624,0.4937026228977803,0,1.131213750529696,0.0,0.0,0.0,0.0,-353.1459883212486
2026-01-16 11:00:00+00:00,95273.109375,3295.999267578125,-733.1490126563081,0.5188864618456941,0,0.04780622475436758,0.0,0.0,0.0,0.0,-353.1459883212486
2026-01-16 11:01:00+00:00,95267.7890625,3295.806884765625,-733.1163967456605,0.5293788591162973,0,0.032615910647564306,0.0,0.0,0.0,0.0,-353.1459883212486
2026-01-16 11:02:00+00:00,95266.0859375,3295.812744140625,-733.038511347685,0.5716339199607201,0,0.07788539797547855,0.0,0.0,0.0,0.0,-353.1459883212486
2026-01-16 11:03:00+00:00,95236.3671875,3294.873046875,-732.721387551851,0.7822437222370161,0,0.3171237958340498,0.0,0.0,0.0,0.0,-353.1459883212486
2026-01-16 11:04:00+00:00,95226.6796875,3294.631591796875,-732.5531533249787,0.8794333441493143,0,0.1682342268723005,0.0,0.0,0.0,0.0,-353.1459883212486
2026-01-16 11:05:00+00:00,95229.578125,3295.073974609375,-732.2333469093769,1.0852966198043126,0,0.3198064156017608,0.0,0.0,0.0,0.0,-353.1459883212486
2026-01-16 11:06:00+00:00,95249.828125,3295.36962890625,-732.7940754177866,0.6371857680445305,0,-0.5607285084097384,-0.0,0.0,0.0,-0.0,-353.1459883212486
2026-01-16 11:07:00+00:00,95270.3984375,3298.089111328125,-730.944521979829,1.956628680676069,0,1.8495534379576384,0.0,0.0,0.0,0.0,-353.1459883212486
2026-01-16 11:08:00+00:00,95279.328125,3297.889404296875,-731.5218700397982,1.470481625274945,0,-0.5773480599691538,-0.0,0.0,0.0,-0.0,-353.1459883212486
2026-01-16 11:09:00+00:00,95293.03125,3297.7236328125,-732.2671536539838,0.8846947594126944,0,-0.7452836141856096,-0.0,0.0,0.0,-0.0,-353.1459883212486
2026-01-16 11:10:00+00:00,95294.5859375,3297.336669921875,-732.7198650701689,0.5181135774312714,0,-0.45271141618513866,-0.0,0.0,0.0,-0.0,-353.1459883212486
2026-01-16 11:11:00+00:00,95305.8984375,3298.087646484375,-732.4472998896335,0.7007409662032997,0,0.2725651805353664,0.0,0.0,0.0,0.0,-353.1459883212486
2026-01-16 11:12:00+00:00,95334.5625,3299.453857421875,-732.2933067424842,0.7942334443471496,0,0.15399314714932189,0.0,0.0,0.0,0.0,-353.1459883212486
2026-01-16 11:13:00+00:00,95303.0,3298.646240234375,-731.7661297427353,1.1788580133165207,0,0.5271769997489173,0.0,0.0,0.0,0.0,-353.1459883212486
2026-01-16 11:14:00+00:00,95294.3125,3298.3994140625,-731.6455571185161,1.2392637848254386,0,0.12057262421922132,0.0,0.0,0.0,0.0,-353.1459883212486
2026-01-16 11:15:00+00:00,95276.3046875,3297.416748046875,-731.866663579287,1.0268659471084807,0,-0.22110646077089768,-0.0,0.0,0.0,-0.0,-353.1459883212486
2026-01-16 11:16:00+00:00,95284.0859375,3296.71044921875,-732.9020354298132,0.15807230798614894,0,-1.0353718505261895,-0.0,0.0,0.0,-0.0,-353.1459883212486
2026-01-16 11:17:00+00:00,95254.078125,3295.87890625,-732.4645327368739,0.49646752619464013,0,0.4375026929392334,0.0,0.0,0.0,0.0,-353.1459883212486
2026-01-16 11:18:00+00:00,95231.625,3294.134765625,-733.2591192791629,-0.19089407106092096,0,-0.7945865422889256,-0.0,0.0,0.0,-0.0,-353.1459883212486
2026-01-16 11:19:00+00:00,95289.5625,3296.926025390625,-732.918065873102,0.09403171327271673,0,0.341053406060837,0.0,0.0,0.0,0.0,-353.1459883212486
2026-01-16 11:20:00+00:00,95323.6484375,3298.106201171875,-733.1794017351608,-0.12902208951036256,0,-0.261335862058786,-0.0,0.0,0.0,-0.0,-353.1459883212486
2026-01-16 11:21:00+00:00,95312.28125,3297.4833984375,-733.3214803253654,-0.24794700725526156,0,-0.1420785902046191,-0.0,0.0,0.0,-0.0,-353.1459883212486
2026-01-16 11:22:00+00:00,95295.9765625,3296.047119140625,-734.0682260903623,-0.8637188308641784,0,-0.746745764996831,-0.0,0.0,0.0,-0.0,-353.1459883212486
2026-01-16 11:23:00+00:00,95326.46875,3297.424072265625,-733.9808030923009,-0.7672649271088385,0,0.08742299806135634,0.0,0.0,0.0,0.0,-353.1459883212486
2026-01-16 11:24:00+00:00,95345.9375,3297.868896484375,-734.3593222187551,-1.0510736048682183,0,-0.3785191264541936,-0.0,0.0,0.0,-0.0,-353.1459883212486
2026-01-16 11:25:00+00:00,95335.7890625,3298.419921875,-733.3791142416858,-0.2025745138165739,0,0.9802079770693126,0.0,0.0,0.0,0.0,-353.1459883212486
2026-01-16 11:26:00+00:00,95318.5703125,3299.603271484375,-731.4675749321382,1.4245089798114192,0,1.9115393095476065,0.0,0.0,0.0,0.0,-353.1459883212486
2026-01-16 11:27:00+00:00,95322.625,3299.749267578125,-731.4930536362053,1.4214472833611984,0,-0.025478704067154467,-0.0,0.0,0.0,-0.0,-353.1459883212486
2026-01-16 11:28:00+00:00,95299.0703125,3299.05126953125,-731.1949119616556,1.6697640998906662,0,0.2981416745496972,0.0,0.0,0.0,0.0,-353.1459883212486
2026-01-16 11:29:00+00:00,95298.0859375,3299.31103515625,-730.8935166169545,1.920444845445326,0,0.30139534470117724,0.0,0.0,0.0,0.0,-353.1459883212486
2026-01-16 11:31:00+00:00,95291.5,3298.12255859375,-731.8034705309765,1.169387633137106,0,-0.9099539140220259,-0.0,0.0,0.0,-0.0,-353.1459883212486
2026-01-16 11:32:00+00:00,95300.390625,3298.92919921875,-731.3728189616918,1.5765575995976286,0,0.4306515692846915,0.0,0.0,0.0,0.0,-353.1459883212486
2026-01-16 11:33:00+00:00,95302.671875,3299.181396484375,-731.2170969195013,1.7097807927040467,0,0.15572204219051855,0.0,0.0,0.0,0.0,-353.1459883212486
2026-01-16 11:34:00+00:00,95319.625,3299.616943359375,-731.4985063282465,1.4164907025055118,0,-0.28140940874527587,-0.0,0.0,0.0,-0.0,-353.1459883212486
2026-01-16 11:35:00+00:00,95334.4140625,3302.553466796875,-729.1874198700689,3.070921682246464,-1,2.3110864581776696,0.0,1.0,3.302553466796875,-3.302553466796875,-356.4485417880455
2026-01-16 11:36:00+00:00,95354.265625,3303.905029296875,-728.6753900507124,3.119410105881652,-1,0.512029819356485,-0.512029819356485,0.0,0.0,-0.512029819356485,-356.96057160740196
2026-01-16 11:37:00+00:00,95346.8359375,3303.7587890625,-728.5074250197226,2.938822398476052,-1,0.16796503098976245,-0.16796503098976245,0.0,0.0,-0.16796503098976245,-357.1285366383917
2026-01-16 11:38:00+00:00,95349.171875,3304.034912109375,-728.3300899584883,2.7957030738582533,-1,0.17733506123431653,-0.17733506123431653,0.0,0.0,-0.17733506123431653,-357.30587169962604
2026-01-16 11:39:00+00:00,95341.8359375,3302.81005859375,-729.2447029439581,2.1000305167826347,-1,-0.9146129854698302,0.9146129854698302,0.0,0.0,0.9146129854698302,-356.3912587141562
2026-01-16 11:40:00+00:00,95339.3125,3301.7783203125,-730.1697237691483,1.4829972117682937,-1,-0.9250208251901313,0.9250208251901313,0.0,0.0,0.9250208251901313,-355.4662378889661
2026-01-16 11:41:00+00:00,95330.859375,3301.765625,-729.824932123578,1.6172905728924154,-1,0.3447916455702398,-0.3447916455702398,0.0,0.0,-0.3447916455702398,-355.8110295345363
2026-01-16 11:42:00+00:00,95319.2890625,3301.69384765625,-729.407395063537,1.7748585297486756,-1,0.4175370600410133,-0.4175370600410133,0.0,0.0,-0.4175370600410133,-356.22856659457733
2026-01-16 11:43:00+00:00,95311.7265625,3301.46728515625,-729.3141355899584,1.7456847509108704,-1,0.09325947357865516,-0.09325947357865516,0.0,0.0,-0.09325947357865516,-356.321826068156
2026-01-16 11:44:00+00:00,95309.65625,3299.36865234375,-731.3252138332455,0.6130062432321836,-1,-2.011078243287102,2.011078243287102,0.0,0.0,2.011078243287102,-354.3107478248689
2026-01-16 11:45:00+00:00,95277.25,3297.431640625,-731.8917487478593,0.2810711675548549,0,-0.5665349146138396,0.5665349146138396,1.0,3.297431640625,-2.7308967260111605,-357.04164455088005
2026-01-16 11:46:00+00:00,95287.859375,3297.982177734375,-731.7898875063765,0.3181016418759457,0,0.10186124148276576,0.0,0.0,0.0,0.0,-357.04164455088005
2026-01-16 11:47:00+00:00,95318.0546875,3299.039306640625,-732.009733732235,0.17647817188757448,0,-0.21984622585841862,-0.0,0.0,0.0,-0.0,-357.04164455088005
2026-01-16 11:48:00+00:00,95347.6015625,3300.207275390625,-732.0913173624767,0.11089458888758838,0,-0.08158363024176651,-0.0,0.0,0.0,-0.0,-357.04164455088005
2026-01-16 11:49:00+00:00,95363.1171875,3300.669189453125,-732.2855669771739,-0.016849922327856377,0,-0.19424961469712798,-0.0,0.0,0.0,-0.0,-357.04164455088005
2026-01-16 11:50:00+00:00,95386.6171875,3301.1826171875,-732.7659662020178,-0.309010577645166,0,-0.4803992248439499,-0.0,0.0,0.0,-0.0,-357.04164455088005
2026-01-16 11:51:00+00:00,95398.9765625,3302.13916015625,-732.3321074917403,-0.07865087116689315,0,0.4338587102774909,0.0,0.0,0.0,0.0,-357.04164455088005
2026-01-16 11:52:00+00:00,95421.484375,3302.688720703125,-732.7344137897821,-0.3414033193391732,0,-0.4023062980418217,-0.0,0.0,0.0,-0.0,-357.04164455088005
2026-01-16 11:53:00+00:00,95431.671875,3302.85009765625,-733.0038713961058,-0.5200259944917099,0,-0.2694576063236127,-0.0,0.0,0.0,-0.0,-357.04164455088005
2026-01-16 11:54:00+00:00,95430.828125,3301.51953125,-734.298755185469,-1.3417216363486029,0,-1.2948837893632117,-0.0,0.0,0.0,-0.0,-357.04164455088005
2026-01-16 11:55:00+00:00,95423.96875,3301.224853515625,-734.3033464603382,-1.3747345991263629,0,-0.004591274869198969,-0.0,0.0,0.0,-0.0,-357.04164455088005
2026-01-16 11:56:00+00:00,95375.8671875,3299.775146484375,-733.7188139344362,-1.057619841719148,0,0.5845325259019774,0.0,0.0,0.0,0.0,-357.04164455088005
2026-01-16 11:57:00+00:00,95396.890625,3301.146484375,-733.2365679145755,-0.7641561471096061,0,0.48224601986066773,0.0,0.0,0.0,0.0,-357.04164455088005
2026-01-16 11:58:00+00:00,95385.2734375,3300.495361328125,-733.3963941900547,-0.8898526750737598,0,-0.15982627547919037,-0.0,0.0,0.0,-0.0,-357.04164455088005
2026-01-16 11:59:00+00:00,95389.3203125,3300.4013671875,-733.6615327338964,-1.0834449563718431,0,-0.26513854384165825,-0.0,0.0,0.0,-0.0,-357.04164455088005
2026-01-16 12:00:00+00:00,95397.6015625,3300.78759765625,-733.6255205419989,-1.0499096345283072,0,0.03601219189749827,0.0,0.0,0.0,0.0,-357.04164455088005
2026-01-16 12:01:00+00:00,95382.96875,3300.308837890625,-733.4854512203174,-0.949813573521855,0,0.14006932168149433,0.0,0.0,0.0,0.0,-357.04164455088005
2026-01-16 12:02:00+00:00,95393.5703125,3300.30908203125,-733.9335525529837,-1.2274532729234682,0,-0.44810133266628327,-0.0,0.0,0.0,-0.0,-357.04164455088005
2026-01-16 12:04:00+00:00,95417.9453125,3301.79052734375,-733.4829383949927,-0.9223715875080278,0,0.45061415799091264,0.0,0.0,0.0,0.0,-357.04164455088005
2026-01-16 12:05:00+00:00,95417.3203125,3301.377685546875,-733.8693486238035,-1.15161999984022,0,-0.38641022881074605,-0.0,0.0,0.0,-0.0,-357.04164455088005
2026-01-16 12:06:00+00:00,95426.9296875,3301.33935546875,-734.3140640609176,-1.3981960586231559,0,-0.44471543711415507,-0.0,0.0,0.0,-0.0,-357.04164455088005
2026-01-16 12:07:00+00:00,95438.109375,3301.588623046875,-734.5375911565438,-1.487300130628353,0,-0.22352709562619566,-0.0,0.0,0.0,-0.0,-357.04164455088005
2026-01-16 12:08:00+00:00,95424.5234375,3302.586181640625,-732.9654763519952,-0.5003258722420378,0,1.5721148045486188,0.0,0.0,0.0,0.0,-357.04164455088005
2026-01-16 12:09:00+00:00,95430.03125,3303.15185546875,-732.632730717437,-0.27566464931453705,0,0.33274563455825046,0.0,0.0,0.0,0.0,-357.04164455088005
2026-01-16 12:10:00+00:00,95433.5234375,3303.476318359375,-732.4559542133716,-0.1549524474126365,0,0.17677650406540124,0.0,0.0,0.0,0.0,-357.04164455088005
2026-01-16 12:11:00+00:00,95420.7890625,3302.87109375,-732.5226356234357,-0.19418687747602922,0,-0.06668141006412043,-0.0,0.0,0.0,-0.0,-357.04164455088005
2026-01-16 12:12:00+00:00,95435.046875,3304.265869140625,-731.7308303792784,0.293761216277616,0,0.7918052441573309,0.0,0.0,0.0,0.0,-357.04164455088005
2026-01-16 12:13:00+00:00,95422.6953125,3304.3115234375,-731.1628222185318,0.6356918276734592,0,0.5680081607465581,0.0,0.0,0.0,0.0,-357.04164455088005
2026-01-16 12:14:00+00:00,95412.734375,3304.164306640625,-730.8887858993817,0.7886900905379649,0,0.2740363191501274,0.0,0.0,0.0,0.0,-357.04164455088005
2026-01-16 12:15:00+00:00,95424.0390625,3304.587158203125,-730.9440153242454,0.7424996787204865,0,-0.05522942486368265,-0.0,0.0,0.0,-0.0,-357.04164455088005
2026-01-16 12:16:00+00:00,95450.28125,3305.47119140625,-731.1697775852217,0.595954961209667,0,-0.225762260976353,-0.0,0.0,0.0,-0.0,-357.04164455088005
2026-01-16 12:17:00+00:00,95444.7578125,3305.29150390625,-731.1158761024531,0.6196950785766316,0,0.053901482768651476,0.0,0.0,0.0,0.0,-357.04164455088005
2026-01-16 12:18:00+00:00,95473.1328125,3305.994384765625,-731.612988433199,0.2995753733143543,0,-0.4971123307459493,-0.0,0.0,0.0,-0.0,-357.04164455088005
2026-01-16 12:19:00+00:00,95471.5390625,3306.2119140625,-731.32805863776,0.463508951960396,0,0.284929795438984,0.0,0.0,0.0,0.0,-357.04164455088005
2026-01-16 12:20:00+00:00,95463.9453125,3307.287841796875,-729.9309873514035,1.2799975482167525,0,1.3970712863565495,0.0,0.0,0.0,0.0,-357.04164455088005
2026-01-16 12:21:00+00:00,95481.484375,3309.446044921875,-728.5145201052087,2.031027995736395,-1,1.4164672461947703,0.0,1.0,3.309446044921875,-3.309446044921875,-360.3510905958019
2026-01-16 12:22:00+00:00,95440.625,3308.05029296875,-728.1823082961278,2.1031506496011403,-1,0.3322118090809454,-0.3322118090809454,0.0,0.0,-0.3322118090809454,-360.68330240488285
2026-01-16 12:23:00+00:00,95473.078125,3309.059814453125,-728.5452459834933,1.8083745707359218,-1,-0.3629376873655019,0.3629376873655019,0.0,0.0,0.3629376873655019,-360.32036471751735
2026-01-16 12:24:00+00:00,95486.96875,3309.607177734375,-728.5853243024735,1.7146163776418237,-1,-0.040078318980249605,0.040078318980249605,0.0,0.0,0.040078318980249605,-360.2802863985371
2026-01-16 12:25:00+00:00,95485.5859375,3310.20166015625,-727.9323620362561,1.9771059214370603,-1,0.6529622662174006,-0.6529622662174006,0.0,0.0,-0.6529622662174006,-360.9332486647545
2026-01-16 12:26:00+00:00,95491.1328125,3310.221923828125,-728.1466785309522,1.7896562135447356,-1,-0.21431649469604963,0.21431649469604963,0.0,0.0,0.21431649469604963,-360.71893217005845
2026-01-16 12:27:00+00:00,95499.34375,3310.6044921875,-728.1113548970225,1.730795530659541,-1,0.03532363392969273,-0.03532363392969273,0.0,0.0,-0.03532363392969273,-360.75425580398814
2026-01-16 12:29:00+00:00,95538.640625,3311.52001953125,-728.8577123953178,1.2962893413606775,-1,-0.7463574982953105,0.7463574982953105,0.0,0.0,0.7463574982953105,-360.00789830569283
2026-01-16 12:30:00+00:00,95531.328125,3310.943603515625,-729.12487906459,1.1249741969006386,-1,-0.2671666692722283,0.2671666692722283,0.0,0.0,0.2671666692722283,-359.7407316364206
2026-01-16 12:31:00+00:00,95524.5390625,3309.65380859375,-730.1275610783659,0.6001306545938111,-1,-1.0026820137759387,1.0026820137759387,0.0,0.0,1.0026820137759387,-358.73804962264467
2026-01-16 12:32:00+00:00,95465.390625,3307.878173828125,-729.4017783213021,0.9511070619225301,-1,0.7257827570638256,-0.7257827570638256,0.0,0.0,-0.7257827570638256,-359.4638323797085
2026-01-16 12:33:00+00:00,95439.2421875,3307.02392578125,-729.1501956392854,1.0468822162539286,-1,0.2515826820167604,-0.2515826820167604,0.0,0.0,-0.2515826820167604,-359.71541506172525
2026-01-16 12:34:00+00:00,95426.90625,3306.842529296875,-728.8098990489902,1.1820069574407706,-1,0.34029659029511095,-0.34029659029511095,0.0,0.0,-0.34029659029511095,-360.05571165202036
2026-01-16 12:35:00+00:00,95439.3125,3308.421630859375,-727.7554641125676,1.6377166521165636,-1,1.0544349364226946,-1.0544349364226946,0.0,0.0,-1.0544349364226946,-361.11014658844306
2026-01-16 12:36:00+00:00,95405.921875,3308.514404296875,-726.2505841512302,2.2243233901654347,-1,1.5048799613373376,-1.5048799613373376,0.0,0.0,-1.5048799613373376,-362.6150265497804
2026-01-16 12:37:00+00:00,95413.96875,3308.85498046875,-726.2503144181837,2.1277527324568193,-1,0.0002697330464798142,-0.0002697330464798142,0.0,0.0,-0.0002697330464798142,-362.6152962828269
2026-01-16 12:38:00+00:00,95417.4609375,3308.171142578125,-727.0818386953679,1.71439262538565,-1,-0.831524277184144,0.831524277184144,0.0,0.0,0.831524277184144,-361.78377200564273
2026-01-16 12:40:00+00:00,95442.671875,3309.738525390625,-726.5806392596633,1.88094826348037,-1,0.5011994357046206,-0.5011994357046206,0.0,0.0,-0.5011994357046206,-362.28497144134735
2026-01-16 12:41:00+00:00,95445.703125,3310.1259765625,-726.3213811929004,1.934776166531836,-1,0.2592580667628681,-0.2592580667628681,0.0,0.0,-0.2592580667628681,-362.5442295081102
2026-01-16 12:42:00+00:00,95487.6484375,3312.510986328125,-725.7102600389935,2.0933111119680525,-1,0.611121153906879,-0.611121153906879,0.0,0.0,-0.611121153906879,-363.1553506620171
2026-01-16 12:43:00+00:00,95464.34375,3310.687744140625,-726.5479351322942,1.6854982401496144,-1,-0.8376750933007315,0.8376750933007315,0.0,0.0,0.8376750933007315,-362.31767556871637
2026-01-16 12:44:00+00:00,95448.0078125,3310.1025390625,-726.4422851001377,1.6659124500313833,-1,0.10565003215651814,-0.10565003215651814,0.0,0.0,-0.10565003215651814,-362.4233256008729
2026-01-16 12:45:00+00:00,95469.359375,3311.0009765625,-726.4468160441356,1.6114054825254442,-1,-0.004530943997906434,0.004530943997906434,0.0,0.0,0.004530943997906434,-362.418794656875
2026-01-16 12:46:00+00:00,95473.0625,3311.4384765625,-726.1659230849168,1.6613552491476122,-1,0.28089295921881785,-0.28089295921881785,0.0,0.0,-0.28089295921881785,-362.6996876160938
2026-01-16 12:47:00+00:00,95452.1484375,3310.22314453125,-726.496788769814,1.4802647633938224,-1,-0.3308656848971623,0.3308656848971623,0.0,0.0,0.3308656848971623,-362.36882193119663
2026-01-16 12:48:00+00:00,95424.3515625,3308.9267578125,-726.6176314989025,1.3834916277780693,-1,-0.12084272908850835,0.12084272908850835,0.0,0.0,0.12084272908850835,-362.2479792021081
2026-01-16 12:49:00+00:00,95394.7578125,3307.625732421875,-726.6671221416809,1.3174047133959526,-1,-0.04949064277843718,0.04949064277843718,0.0,0.0,0.04949064277843718,-362.1984885593297
2026-01-16 12:50:00+00:00,95383.0703125,3307.246337890625,-726.5522463501279,1.3099795862930708,-1,0.11487579155300409,-0.11487579155300409,0.0,0.0,-0.11487579155300409,-362.3133643508827
2026-01-16 12:51:00+00:00,95327.4375,3304.672607421875,-726.7732368665506,1.190614826936453,-1,-0.2209905164227166,0.2209905164227166,0.0,0.0,0.2209905164227166,-362.09237383446
2026-01-16 12:52:00+00:00,95358.0859375,3304.73876953125,-728.003212776131,0.7374930293365576,-1,-1.2299759095803893,1.2299759095803893,0.0,0.0,1.2299759095803893,-360.8623979248796
2026-01-16 12:53:00+00:00,95357.2734375,3304.17578125,-728.5318400188971,0.5315253487939051,-1,-0.5286272427661061,0.5286272427661061,0.0,0.0,0.5286272427661061,-360.3337706821135
2026-01-16 12:54:00+00:00,95356.25,3304.1669921875,-728.4973473886917,0.5228807630421755,-1,0.034492630205477326,-0.034492630205477326,0.0,0.0,-0.034492630205477326,-360.36826331231896
2026-01-16 12:55:00+00:00,95355.4375,3304.100830078125,-728.5291484595832,0.4900581040483874,0,-0.03180107089156081,0.03180107089156081,1.0,3.304100830078125,-3.272299759186564,-363.64056307150554
2026-01-16 12:56:00+00:00,95378.015625,3304.516845703125,-729.0679732309077,0.27937263266143647,0,-0.5388247713244709,-0.0,0.0,0.0,-0.0,-363.64056307150554
2026-01-16 12:57:00+00:00,95406.9453125,3304.9248046875,-729.8834654533107,-0.03837713893500656,0,-0.8154922224030088,-0.0,0.0,0.0,-0.0,-363.64056307150554
2026-01-16 12:58:00+00:00,95397.859375,3305.744140625,-728.6798805950752,0.3745194676778801,0,1.2035848582354447,0.0,0.0,0.0,0.0,-363.64056307150554
2026-01-16 12:59:00+00:00,95409.296875,3305.861572265625,-729.0461466500278,0.21304586377136298,0,-0.36626605495257536,-0.0,0.0,0.0,-0.0,-363.64056307150554
2026-01-16 13:00:00+00:00,95415.3125,3307.026123046875,-728.1359997113968,0.5342771117684297,0,0.9101469386309873,0.0,0.0,0.0,0.0,-363.64056307150554
2026-01-16 13:01:00+00:00,95415.625,3307.141845703125,-728.033492839179,0.5485964714527065,0,0.10250687221787302,0.0,0.0,0.0,0.0,-363.64056307150554
2026-01-16 13:02:00+00:00,95381.328125,3305.38427734375,-728.3406289010236,0.4024571138666336,0,-0.3071360618446306,-0.0,0.0,0.0,-0.0,-363.64056307150554
2026-01-16 13:03:00+00:00,95404.453125,3305.95947265625,-728.7434016069042,0.2135899715898783,0,-0.40277270588057945,-0.0,0.0,0.0,-0.0,-363.64056307150554
2026-01-16 13:04:00+00:00,95415.578125,3306.21484375,-728.9585124246992,0.09648673976080054,0,-0.21511081779499364,-0.0,0.0,0.0,-0.0,-363.64056307150554
2026-01-16 13:05:00+00:00,95406.6796875,3305.9990234375,-728.7980132868834,0.13284288972005368,0,0.16049913781580472,0.0,0.0,0.0,0.0,-363.64056307150554
2026-01-16 13:06:00+00:00,95369.8515625,3304.717041015625,-728.5225155605672,0.22452758310682555,0,0.2754977263161891,0.0,0.0,0.0,0.0,-363.64056307150554
2026-01-16 13:07:00+00:00,95368.921875,3304.417724609375,-728.7825150093213,0.07144845086252642,0,-0.2599994487541153,-0.0,0.0,0.0,-0.0,-363.64056307150554
2026-01-16 13:08:00+00:00,95365.9375,3303.798095703125,-729.275933178064,-0.21376770085051264,0,-0.4934181687426644,-0.0,0.0,0.0,-0.0,-363.64056307150554
2026-01-16 13:09:00+00:00,95371.5234375,3304.73193359375,-728.5783274270143,0.09301293283712266,0,0.6976057510496503,0.0,0.0,0.0,0.0,-363.64056307150554
2026-01-16 13:10:00+00:00,95403.7734375,3304.879638671875,-729.7944912610092,-0.6196724041728641,0,-1.2161638339948695,-0.0,0.0,0.0,-0.0,-363.64056307150554
2026-01-16 13:11:00+00:00,95410.15625,3304.72998046875,-730.2140818529911,-0.9128584032980147,0,-0.419590591981887,-0.0,0.0,0.0,-0.0,-363.64056307150554
2026-01-16 13:12:00+00:00,95424.296875,3305.2763671875,-730.2657093616967,-0.9998904903213213,0,-0.05162750870567834,-0.0,0.0,0.0,-0.0,-363.64056307150554
2026-01-16 13:13:00+00:00,95432.625,3305.6796875,-730.214589693654,-1.034431803925624,0,0.05111966804270196,0.0,0.0,0.0,0.0,-363.64056307150554
2026-01-16 13:14:00+00:00,95464.4140625,3306.940185546875,-730.2984672774514,-1.1299679354682286,0,-0.08387758379740262,-0.0,0.0,0.0,-0.0,-363.64056307150554
2026-01-16 13:15:00+00:00,95488.6484375,3308.064208984375,-730.1993278916461,-1.0921628095486438,0,0.09913938580530157,0.0,0.0,0.0,0.0,-363.64056307150554
2026-01-16 13:16:00+00:00,95498.5859375,3308.942626953125,-729.7411718551193,-0.8151710114511511,0,0.458156036526816,0.0,0.0,0.0,0.0,-363.64056307150554
2026-01-16 13:17:00+00:00,95492.296875,3308.40380859375,-730.014022560847,-1.022423584663058,0,-0.27285070572770564,-0.0,0.0,0.0,-0.0,-363.64056307150554
2026-01-16 13:18:00+00:00,95496.5234375,3308.055419921875,-730.5411547117569,-1.403618756204354,0,-0.5271321509098925,-0.0,0.0,0.0,-0.0,-363.64056307150554
2026-01-16 13:19:00+00:00,95471.4375,3306.491943359375,-731.0437342110745,-1.752179357001869,0,-0.5025794993175623,-0.0,0.0,0.0,-0.0,-363.64056307150554
2026-01-16 13:20:00+00:00,95467.71875,3305.836181640625,-731.5422280998419,-2.0994929104103175,1,-0.49849388876737066,-0.0,1.0,3.305836181640625,-3.305836181640625,-366.9463992531462
2026-01-16 13:21:00+00:00,95457.1015625,3304.1328125,-732.7965909779737,-2.8303235482308673,1,-1.2543628781318148,-1.2543628781318148,0.0,0.0,-1.2543628781318148,-368.200762131278
2026-01-16 13:22:00+00:00,95501.875,3306.064208984375,-732.7586859508078,-2.6240502934568783,1,0.037905027165834326,0.037905027165834326,0.0,0.0,0.037905027165834326,-368.16285710411216
2026-01-16 13:23:00+00:00,95509.328125,3306.4560546875,-732.68203669685,-2.4032544845698136,1,0.07664925395783939,0.07664925395783939,0.0,0.0,0.07664925395783939,-368.0862078501543
2026-01-16 13:24:00+00:00,95508.6875,3306.79833984375,-732.3126591833343,-2.06408082021769,1,0.36937751351570114,0.36937751351570114,0.0,0.0,0.36937751351570114,-367.7168303366386
2026-01-16 13:25:00+00:00,95508.484375,3306.948974609375,-732.1534341580882,-1.878820378589491,1,0.15922502524608717,0.15922502524608717,0.0,0.0,0.15922502524608717,-367.55760531139254
2026-01-16 13:26:00+00:00,95520.1171875,3307.570068359375,-732.0242979686859,-1.7292301159408445,1,0.12913618940228844,0.12913618940228844,0.0,0.0,0.12913618940228844,-367.42846912199025
2026-01-16 13:27:00+00:00,95523.640625,3307.5380859375,-732.2052883555234,-1.7444477230052553,1,-0.18099038683749313,-0.18099038683749313,0.0,0.0,-0.18099038683749313,-367.60945950882774
2026-01-16 13:28:00+00:00,95515.4296875,3307.31787109375,-732.0782584738281,-1.6081341909077196,1,0.12702988169530727,0.12702988169530727,0.0,0.0,0.12702988169530727,-367.48242962713243
2026-01-16 13:29:00+00:00,95521.9453125,3307.474853515625,-732.1968251490239,-1.6003157576472435,1,-0.11856667519577968,-0.11856667519577968,0.0,0.0,-0.11856667519577968,-367.6009963023282
2026-01-16 13:31:00+00:00,95494.453125,3307.0703125,-731.438707564419,-1.1814610468484013,1,0.7581175846048609,0.7581175846048609,0.0,0.0,0.7581175846048609,-366.84287871772335
2026-01-16 13:32:00+00:00,95504.421875,3307.176025390625,-731.7545781844201,-1.2978945554947146,1,-0.31587062000107835,-0.31587062000107835,0.0,0.0,-0.31587062000107835,-367.15874933772443
2026-01-16 13:33:00+00:00,95472.46875,3305.21875,-732.3605396577559,-1.5478257944856562,1,-0.6059614733358103,-0.6059614733358103,0.0,0.0,-0.6059614733358103,-367.76471081106024
2026-01-16 13:34:00+00:00,95441.53125,3303.696533203125,-732.5743938354458,-1.5898564308408987,1,-0.2138541776898819,-0.2138541776898819,0.0,0.0,-0.2138541776898819,-367.9785649887501
2026-01-16 13:35:00+00:00,95417.515625,3302.700439453125,-732.5548545825736,-1.5225227759420414,1,0.01953925287216407,0.01953925287216407,0.0,0.0,0.01953925287216407,-367.95902573587796
2026-01-16 13:36:00+00:00,95434.9453125,3303.2412109375,-732.7511934525928,-1.5503509466164997,1,-0.19633887001918993,-0.19633887001918993,0.0,0.0,-0.19633887001918993,-368.15536460589715
2026-01-16 13:37:00+00:00,95410.765625,3303.022705078125,-731.9471280224789,-1.1465945699970852,1,0.8040654301139512,0.8040654301139512,0.0,0.0,0.8040654301139512,-367.3512991757832
2026-01-16 13:38:00+00:00,95417.28125,3303.26025390625,-731.9851282914246,-1.1279623628688853,1,-0.03800026894577968,-0.03800026894577968,0.0,0.0,-0.03800026894577968,-367.389299444729
2026-01-16 13:39:00+00:00,95384.3203125,3301.85791015625,-731.9935372206314,-1.0976359583379958,1,-0.008408929206780158,-0.008408929206780158,0.0,0.0,-0.008408929206780158,-367.39770837393576
2026-01-16 13:40:00+00:00,95293.8828125,3297.04638671875,-732.9804127592215,-1.490812720436745,1,-0.986875538590084,-0.986875538590084,0.0,0.0,-0.986875538590084,-368.38458391252584
2026-01-16 13:41:00+00:00,95278.5078125,3296.965087890625,-732.4114950129638,-1.1951807057652297,1,0.568917746257739,0.568917746257739,0.0,0.0,0.568917746257739,-367.8156661662681
2026-01-16 13:42:00+00:00,95274.6953125,3297.44091796875,-731.7744323696465,-0.8773691353948574,1,0.637062643317222,0.637062643317222,0.0,0.0,0.637062643317222,-367.1786035229509
2026-01-16 13:43:00+00:00,95363.21875,3301.28466796875,-731.6743835913594,-0.8069917570414253,1,0.10004877828714598,0.10004877828714598,0.0,0.0,0.10004877828714598,-367.07855474466373
2026-01-16 13:44:00+00:00,95384.3515625,3304.2890625,-729.5637064552848,0.22318114583173132,0,2.110677136074628,2.110677136074628,1.0,3.3042890625,-1.1936119264253722,-368.2721666710891
2026-01-16 13:45:00+00:00,95387.96875,3303.156982421875,-730.8487592335819,-0.3743227214065083,0,-1.2850527782970858,-0.0,0.0,0.0,-0.0,-368.2721666710891
2026-01-16 13:46:00+00:00,95404.890625,3303.95068359375,-730.7706927670492,-0.3082283142166449,0,0.0780664665326185,0.0,0.0,0.0,0.0,-368.2721666710891
2026-01-16 13:47:00+00:00,95421.15625,3304.94140625,-730.4678516696736,-0.1207972352786175,0,0.3028410973756763,0.0,0.0,0.0,0.0,-368.2721666710891
2026-01-16 13:48:00+00:00,95400.8671875,3303.928466796875,-730.62275634451,-0.17257158402004355,0,-0.15490467483641623,-0.0,0.0,0.0,-0.0,-368.2721666710891
2026-01-16 13:49:00+00:00,95447.40625,3304.498779296875,-732.0206044815009,-0.9199039060824957,0,-1.3978481369908877,-0.0,0.0,0.0,-0.0,-368.2721666710891
2026-01-16 13:50:00+00:00,95439.53125,3304.580078125,-731.6062678957651,-0.6617521016875919,0,0.41433658573578214,0.0,0.0,0.0,0.0,-368.2721666710891
2026-01-16 13:51:00+00:00,95428.9609375,3304.660888671875,-731.0784334540017,-0.32161326348726604,0,0.5278344417633889,0.0,0.0,0.0,0.0,-368.2721666710891
2026-01-16 13:52:00+00:00,95431.140625,3305.33251953125,-730.4989826882511,0.07807467128888856,0,0.5794507657506074,0.0,0.0,0.0,0.0,-368.2721666710891
2026-01-16 13:53:00+00:00,95394.484375,3304.861572265625,-729.4197184869026,0.8089441338029632,0,1.079264201348451,0.0,0.0,0.0,0.0,-368.2721666710891
2026-01-16 13:54:00+00:00,95395.4765625,3304.736083984375,-729.5871668824548,0.7188540836501546,0,-0.1674483955521282,-0.0,0.0,0.0,-0.0,-368.2721666710891
2026-01-16 13:55:00+00:00,95400.671875,3304.457275390625,-730.0856878857398,0.4096283961346562,0,-0.4985210032850773,-0.0,0.0,0.0,-0.0,-368.2721666710891
2026-01-16 13:56:00+00:00,95398.9296875,3304.765625,-729.7036602803855,0.6933725146863301,0,0.3820276053543239,0.0,0.0,0.0,0.0,-368.2721666710891
2026-01-16 13:57:00+00:00,95399.5859375,3304.71240234375,-729.7846360831031,0.6505264654613828,0,-0.08097580271760307,-0.0,0.0,0.0,-0.0,-368.2721666710891
2026-01-16 13:58:00+00:00,95414.65625,3305.824462890625,-729.3099067211792,0.9694356966246003,0,0.4747293619238917,0.0,0.0,0.0,0.0,-368.2721666710891
2026-01-16 13:59:00+00:00,95418.40625,3306.869384765625,-728.4235742545652,1.5735462203042907,0,0.8863324666140215,0.0,0.0,0.0,0.0,-368.2721666710891
2026-01-16 14:00:00+00:00,95412.2578125,3306.529296875,-728.5036415943573,1.4995010033103116,0,-0.08006733979209457,-0.0,0.0,0.0,-0.0,-368.2721666710891
2026-01-16 14:01:00+00:00,95409.6796875,3307.016845703125,-727.9070625479671,1.8958069905128843,0,0.5965790463901612,0.0,0.0,0.0,0.0,-368.2721666710891
2026-01-16 14:02:00+00:00,95426.1171875,3308.380615234375,-727.2384432568092,2.298592456697144,-1,0.6686192911579383,0.0,1.0,3.308380615234375,-3.308380615234375,-371.5805472863235
2026-01-16 14:03:00+00:00,95483.3828125,3310.538818359375,-727.5020325557043,2.077195636389834,-1,-0.26358929889511273,0.26358929889511273,0.0,0.0,0.26358929889511273,-371.3169579874284
2026-01-16 14:05:00+00:00,95449.7109375,3309.639892578125,-726.9769576074877,2.320566523803269,-1,0.5250749482165702,-0.5250749482165702,0.0,0.0,-0.5250749482165702,-371.84203293564497
2026-01-16 14:06:00+00:00,95444.0234375,3307.273681640625,-729.1026412756023,0.9752399619717979,-1,-2.1256836681145614,2.1256836681145614,0.0,0.0,2.1256836681145614,-369.7163492675304
2026-01-16 14:07:00+00:00,95441.421875,3305.717041015625,-730.5492604985347,0.07558530848881044,0,-1.4466192229324406,1.4466192229324406,1.0,3.305717041015625,-1.8590978180831845,-371.5754470856136
2026-01-16 14:08:00+00:00,95407.1171875,3303.964599609375,-730.8509392126534,-0.09498141576573652,0,-0.30167871411867964,-0.0,0.0,0.0,-0.0,-371.5754470856136
2026-01-16 14:09:00+00:00,95412.1015625,3303.533935546875,-731.4923950304665,-0.49047603039110427,0,-0.6414558178130392,-0.0,0.0,0.0,-0.0,-371.5754470856136
2026-01-16 14:10:00+00:00,95417.390625,3303.7451171875,-731.5048905345857,-0.4771682105333134,0,-0.012495504119215184,-0.0,0.0,0.0,-0.0,-371.5754470856136
2026-01-16 14:11:00+00:00,95411.1015625,3303.575439453125,-731.4086006153134,-0.38849958599136725,0,0.09628991927229436,0.0,0.0,0.0,0.0,-371.5754470856136
2026-01-16 14:12:00+00:00,95403.4921875,3302.77001953125,-731.8922161960049,-0.6925397953846656,0,-0.48361558069154853,-0.0,0.0,0.0,-0.0,-371.5754470856136
2026-01-16 14:13:00+00:00,95412.0078125,3302.267578125,-732.7547877171319,-1.2338924520063665,0,-0.862571521126938,-0.0,0.0,0.0,-0.0,-371.5754470856136
2026-01-16 14:14:00+00:00,95402.34375,3302.266845703125,-732.346822017812,-0.9318994292890231,0,0.40796569931990234,0.0,0.0,0.0,0.0,-371.5754470856136
2026-01-16 14:15:00+00:00,95403.4140625,3302.305419921875,-732.3535118593722,-0.9079749412143748,0,-0.006689841560273635,-0.0,0.0,0.0,-0.0,-371.5754470856136
2026-01-16 14:16:00+00:00,95399.6484375,3302.368408203125,-732.1312733805344,-0.7383531128071807,0,0.2222384788378804,0.0,0.0,0.0,0.0,-371.5754470856136
2026-01-16 14:17:00+00:00,95380.5390625,3302.135498046875,-731.5560383432171,-0.3440168832540573,0,0.5752350373172703,0.0,0.0,0.0,0.0,-371.5754470856136
2026-01-16 14:18:00+00:00,95350.953125,3301.4296875,-731.0106445368465,0.030906377522001333,0,0.5453938063706119,0.0,0.0,0.0,0.0,-371.5754470856136
2026-01-16 14:19:00+00:00,95351.3359375,3302.642578125,-729.8139432472858,0.8238389925501491,0,1.1967012895606786,0.0,0.0,0.0,0.0,-371.5754470856136
2026-01-16 14:20:00+00:00,95351.90625,3303.505859375,-728.9747808031448,1.3440496915707452,0,0.8391624441410386,0.0,0.0,0.0,0.0,-371.5754470856136
2026-01-16 14:21:00+00:00,95387.515625,3305.015380859375,-728.9711979092353,1.3042305189408359,0,0.003582893909424456,0.0,0.0,0.0,0.0,-371.5754470856136
2026-01-16 14:22:00+00:00,95382.015625,3304.645263671875,-729.1087172977691,1.1763633911452058,0,-0.13751938853374668,-0.0,0.0,0.0,-0.0,-371.5754470856136
2026-01-16 14:23:00+00:00,95367.65625,3305.206298828125,-727.9404168652409,1.8369525546594914,0,1.1683004325282127,0.0,0.0,0.0,0.0,-371.5754470856136
2026-01-16 14:24:00+00:00,95348.2265625,3304.8017578125,-727.523266508666,1.996454176266894,0,0.4171503565748935,0.0,0.0,0.0,0.0,-371.5754470856136
2026-01-16 14:25:00+00:00,95350.40625,3304.539306640625,-727.8778977741654,1.7063164127411674,0,-0.3546312654993926,-0.0,0.0,0.0,-0.0,-371.5754470856136
2026-01-16 14:26:00+00:00,95375.6171875,3305.49951171875,-727.9838760728358,1.577005064537242,0,-0.10597829867037944,-0.0,0.0,0.0,-0.0,-371.5754470856136
2026-01-16 14:27:00+00:00,95447.125,3308.1044921875,-728.4029973852466,1.280917685300265,0,-0.4191213124108799,-0.0,0.0,0.0,-0.0,-371.5754470856136
2026-01-16 14:28:00+00:00,95498.703125,3308.994384765625,-729.6943699616313,0.49661729604602134,0,-1.2913725763846742,-0.0,0.0,0.0,-0.0,-371.5754470856136
2026-01-16 14:29:00+00:00,95530.140625,3309.110595703125,-730.9076668977677,-0.23853622255933984,0,-1.2132969361364303,-0.0,0.0,0.0,-0.0,-371.5754470856136
2026-01-16 14:30:00+00:00,95635.9140625,3311.10107421875,-733.3904008824311,-1.6821244068084082,0,-2.482733984663355,-0.0,0.0,0.0,-0.0,-371.5754470856136
2026-01-16 14:31:00+00:00,95611.3515625,3310.981689453125,-732.4710250231278,-1.1352982450740576,0,0.9193758593032726,0.0,0.0,0.0,0.0,-371.5754470856136
2026-01-16 14:32:00+00:00,95483.390625,3307.78369140625,-730.2574899034298,0.1519247515737159,0,2.213535119698008,0.0,0.0,0.0,0.0,-371.5754470856136
2026-01-16 14:33:00+00:00,95427.2578125,3302.536865234375,-733.1304308685267,-1.500595806269297,0,-2.872940965096859,-0.0,0.0,0.0,-0.0,-371.5754470856136
2026-01-16 14:34:00+00:00,95564.7890625,3302.09375,-739.3898126554595,-4.241389714561383,1,-6.259381786932863,-0.0,1.0,3.30209375,-3.30209375,-374.87754083561356
2026-01-16 14:35:00+00:00,95563.0703125,3303.094482421875,-738.3163934214076,-3.3291507435604144,1,1.0734192340519257,1.0734192340519257,0.0,0.0,1.0734192340519257,-373.80412160156163
2026-01-16 14:36:00+00:00,95480.265625,3302.256103515625,-735.6529199537331,-2.065525862814648,1,2.663473467674521,2.663473467674521,0.0,0.0,2.663473467674521,-371.1406481338871
2026-01-16 14:37:00+00:00,95352.0078125,3297.89599609375,-734.5889392142053,-1.5741506781973447,1,1.0639807395277785,1.0639807395277785,0.0,0.0,1.0639807395277785,-370.07666739435933
2026-01-16 14:39:00+00:00,95426.609375,3299.114501953125,-736.52537139791,-2.2528605611044354,1,-1.93643218370471,-1.93643218370471,0.0,0.0,-1.93643218370471,-372.01309957806404
2026-01-16 14:40:00+00:00,95294.8828125,3294.8974609375,-735.1716290493746,-1.6509235321021873,1,1.3537423485354338,1.3537423485354338,0.0,0.0,1.3537423485354338,-370.6593572295286
2026-01-16 14:41:00+00:00,95293.953125,3295.634765625,-734.3950074043787,-1.3124949350491115,1,0.7766216449958847,0.7766216449958847,0.0,0.0,0.7766216449958847,-369.8827355845327
2026-01-16 14:42:00+00:00,95341.015625,3296.80224609375,-735.2178240108738,-1.5889518256721116,1,-0.8228166064950528,-0.8228166064950528,0.0,0.0,-0.8228166064950528,-370.7055521910278
2026-01-16 14:43:00+00:00,95252.9765625,3295.328857421875,-732.9679959262858,-0.7279737206680881,1,2.249828084587989,2.249828084587989,0.0,0.0,2.249828084587989,-368.4557241064398
2026-01-16 14:44:00+00:00,95241.203125,3294.663330078125,-733.1356186066237,-0.7793813713579165,1,-0.1676226803378995,-0.1676226803378995,0.0,0.0,-0.1676226803378995,-368.6233467867777
2026-01-16 14:45:00+00:00,95221.1328125,3293.950927734375,-732.9992372209076,-0.716642504649689,1,0.1363813857160494,0.1363813857160494,0.0,0.0,0.1363813857160494,-368.48696540106164
2026-01-16 14:46:00+00:00,95412.65625,3301.1484375,-733.9013510939985,-1.022509287404428,1,-0.9021138730909115,-0.9021138730909115,0.0,0.0,-0.9021138730909115,-369.38907927415255
2026-01-16 14:47:00+00:00,95349.9296875,3299.538818359375,-732.858231984766,-0.6179398896655527,1,1.0431191092325207,1.0431191092325207,0.0,0.0,1.0431191092325207,-368.34596016492003
2026-01-16 14:48:00+00:00,95338.65625,3299.165771484375,-732.7545194508057,-0.5655147302229003,1,0.10371253396033353,0.10371253396033353,0.0,0.0,0.10371253396033353,-368.2422476309597
2026-01-16 14:49:00+00:00,95374.34375,3300.65576171875,-732.7737717529044,-0.5572763134448694,1,-0.019252302098720975,-0.019252302098720975,0.0,0.0,-0.019252302098720975,-368.2614999330584
2026-01-16 14:50:00+00:00,95254.4921875,3294.939208984375,-733.4217409163416,-0.7767353550185471,1,-0.6479691634372102,-0.6479691634372102,0.0,0.0,-0.6479691634372102,-368.9094690964956
2026-01-16 14:51:00+00:00,95239.65625,3294.6064453125,-733.1270852412895,-0.6590013888582973,1,0.29465567505212675,0.29465567505212675,0.0,0.0,0.29465567505212675,-368.6148134214435
2026-01-16 14:52:00+00:00,95236.7578125,3293.416015625,-734.1949385318912,-1.0268852003540456,1,-1.0678532906017608,-1.0678532906017608,0.0,0.0,-1.0678532906017608,-369.68266671204526
2026-01-16 14:53:00+00:00,95249.59375,3294.250732421875,-733.9030600641372,-0.8970321019794887,1,0.2918784677540316,0.2918784677540316,0.0,0.0,0.2918784677540316,-369.39078824429123
2026-01-16 14:54:00+00:00,95256.3671875,3294.64697265625,-733.7932719486598,-0.833147466003235,1,0.10978811547738587,0.10978811547738587,0.0,0.0,0.10978811547738587,-369.28100012881384
2026-01-16 14:55:00+00:00,95272.984375,3295.141357421875,-734.0016364989451,-0.8790476467035079,1,-0.208364550285296,-0.208364550285296,0.0,0.0,-0.208364550285296,-369.48936467909914
2026-01-16 14:56:00+00:00,95317.9296875,3296.279296875,-734.764457184247,-1.1152254190279534,1,-0.7628206853019037,-0.7628206853019037,0.0,0.0,-0.7628206853019037,-370.25218536440104
2026-01-16 14:57:00+00:00,95274.2265625,3295.380126953125,-733.8153997092231,-0.7520554084899195,1,0.949057475023892,0.949057475023892,0.0,0.0,0.949057475023892,-369.30312788937715
2026-01-16 14:58:00+00:00,95223.375,3294.5302734375,-732.5147147682133,-0.2724142118897748,0,1.3006849410098766,1.3006849410098766,1.0,3.2945302734375,-1.9938453324276235,-371.29697322180476
2026-01-16 15:00:00+00:00,95151.796875,3293.033447265625,-730.9844656075202,0.2836787299083552,0,1.5302491606930744,0.0,0.0,0.0,0.0,-371.29697322180476
2026-01-16 15:02:00+00:00,95100.796875,3290.3544921875,-731.506604731595,0.10993936272919295,0,-0.5221391240747835,-0.0,0.0,0.0,-0.0,-371.29697322180476
2026-01-16 15:03:00+00:00,95109.203125,3289.07421875,-733.1423827595604,-0.458522478814736,0,-1.6357780279654435,-0.0,0.0,0.0,-0.0,-371.29697322180476
2026-01-16 15:04:00+00:00,95175.546875,3294.64404296875,-730.37826949084,0.57022715817648,0,2.7641132687203935,0.0,0.0,0.0,0.0,-371.29697322180476
2026-01-16 15:05:00+00:00,95216.0703125,3295.154052734375,-731.5820165195864,0.1506264709679022,0,-1.2037470287464203,-0.0,0.0,0.0,-0.0,-371.29697322180476
2026-01-16 15:07:00+00:00,95324.078125,3299.248291015625,-732.0554835944549,0.0024985562163731267,0,-0.4734670748684948,-0.0,0.0,0.0,-0.0,-371.29697322180476
2026-01-16 15:08:00+00:00,95399.6171875,3301.5771484375,-732.921211567756,-0.3062911950118997,0,-0.865727973301091,-0.0,0.0,0.0,-0.0,-371.29697322180476
2026-01-16 15:09:00+00:00,95536.4609375,3304.3818359375,-735.9037158954434,-1.4628878886592405,0,-2.9825043276873657,-0.0,0.0,0.0,-0.0,-371.29697322180476
2026-01-16 15:10:00+00:00,95527.8046875,3302.84814453125,-737.071330084002,-1.8536064074033427,0,-1.167614188558673,-0.0,0.0,0.0,-0.0,-371.29697322180476
2026-01-16 15:11:00+00:00,95541.5546875,3305.4091796875,-735.0917894251675,-1.027722606273722,0,1.979540658834594,0.0,0.0,0.0,0.0,-371.29697322180476
2026-01-16 15:12:00+00:00,95581.2890625,3308.326416015625,-733.8549400367328,-0.5162919065232807,0,1.2368493884346208,0.0,0.0,0.0,0.0,-371.29697322180476
2026-01-16 15:13:00+00:00,95509.5390625,3305.78564453125,-733.3613675073216,-0.30737745496116675,0,0.49357252941126717,0.0,0.0,0.0,0.0,-371.29697322180476
2026-01-16 15:14:00+00:00,95521.4921875,3307.133056640625,-732.5194591371774,0.03524295137917828,0,0.8419083701442105,0.0,0.0,0.0,0.0,-371.29697322180476
2026-01-16 15:15:00+00:00,95505.828125,3306.775146484375,-732.2149281188149,0.1625632656668216,0,0.3045310183624679,0.0,0.0,0.0,0.0,-371.29697322180476
2026-01-16 15:16:00+00:00,95503.5234375,3307.283447265625,-731.6091609303276,0.40284777359579066,0,0.6057671884873344,0.0,0.0,0.0,0.0,-371.29697322180476
2026-01-16 15:17:00+00:00,95452.8046875,3305.190673828125,-731.5570126194066,0.415113606649869,0,0.05214831092098393,0.0,0.0,0.0,0.0,-371.29697322180476
2026-01-16 15:18:00+00:00,95427.5703125,3304.345458984375,-731.3350529025588,0.4960109216114259,0,0.2219597168477776,0.0,0.0,0.0,0.0,-371.29697322180476
2026-01-16 15:19:00+00:00,95214.359375,3297.00439453125,-729.6593183051355,1.1333142896550423,0,1.675734597423343,0.0,0.0,0.0,0.0,-371.29697322180476
2026-01-16 15:20:00+00:00,94931.109375,3289.461669921875,-725.2232562677518,2.6585943917541957,-1,4.4360620373836355,0.0,1.0,3.289461669921875,-3.289461669921875,-374.58643489172664
2026-01-16 15:21:00+00:00,94961.0859375,3288.86474609375,-727.0879041791627,1.8835393641935247,-1,-1.8646479114108843,1.8646479114108843,0.0,0.0,1.8646479114108843,-372.72178698031576
2026-01-16 15:22:00+00:00,94876.5625,3288.992919921875,-723.3851911649367,2.9273414718340227,-1,3.702713014225992,-3.702713014225992,0.0,0.0,-3.702713014225992,-376.42449999454175
2026-01-16 15:23:00+00:00,94865.4296875,3289.69140625,-722.2158925306658,3.0210325307443444,-1,1.1692986342709446,-1.1692986342709446,0.0,0.0,-1.1692986342709446,-377.5937986288127
2026-01-16 15:24:00+00:00,95056.6953125,3299.576416015625,-720.4196033819298,3.221317156968509,-1,1.796289148735923,-1.796289148735923,0.0,0.0,-1.796289148735923,-379.3900877775486
2026-01-16 15:25:00+00:00,94972.1015625,3296.137451171875,-720.2810554881717,2.980645833658709,-1,0.13854789375818655,-0.13854789375818655,0.0,0.0,-0.13854789375818655,-379.5286356713068
2026-01-16 15:26:00+00:00,94924.640625,3294.039306640625,-720.3720528195358,2.7360715066073085,-1,-0.09099733136417854,0.09099733136417854,0.0,0.0,0.09099733136417854,-379.4376383399426
2026-01-16 15:27:00+00:00,94909.3046875,3293.416259765625,-720.3465350931574,2.570552871884544,-1,0.025517726378438965,-0.025517726378438965,0.0,0.0,-0.025517726378438965,-379.46315606632106
2026-01-16 15:28:00+00:00,94986.921875,3296.311279296875,-720.7339859208973,2.3527033106809174,-1,-0.38745082773994,0.38745082773994,0.0,0.0,0.38745082773994,-379.0757052385811
2026-01-16 15:29:00+00:00,94824.0625,3291.52880859375,-718.6290507756571,2.6255323474129413,-1,2.1049351452402334,-2.1049351452402334,0.0,0.0,-2.1049351452402334,-381.18064038382136
2026-01-16 15:31:00+00:00,94749.4765625,3290.440185546875,-716.5633965686543,2.813291920290349,-1,2.065654207002808,-2.065654207002808,0.0,0.0,-2.065654207002808,-383.24629459082416
2026-01-16 15:32:00+00:00,94688.7265625,3288.655517578125,-715.7789161215505,2.735768614484259,-1,0.7844804471037605,-0.7844804471037605,0.0,0.0,-0.7844804471037605,-384.0307750379279
2026-01-16 15:33:00+00:00,94641.0625,3284.71240234375,-717.7062938964186,2.246335425576701,-1,-1.9273777748680914,1.9273777748680914,0.0,0.0,1.9273777748680914,-382.10339726305983
2026-01-16 15:34:00+00:00,94479.765625,3271.52734375,-724.0700255619645,1.1113549096780269,-1,-6.363731665545856,6.363731665545856,0.0,0.0,6.363731665545856,-375.739665597514
2026-01-16 15:35:00+00:00,94469.9765625,3271.05517578125,-724.1282090959066,1.0664950921562686,-1,-0.05818353394215592,0.05818353394215592,0.0,0.0,0.05818353394215592,-375.6814820635718
2026-01-16 15:36:00+00:00,94501.5234375,3273.455322265625,-723.0621960095796,1.2070765525799,-1,1.0660130863270751,-1.0660130863270751,0.0,0.0,-1.0660130863270751,-376.7474951498989
2026-01-16 15:37:00+00:00,94456.75,3270.864990234375,-723.7590365836204,1.0612011598240993,-1,-0.6968405740408343,0.6968405740408343,0.0,0.0,0.6968405740408343,-376.05065457585806
2026-01-16 15:38:00+00:00,94591.9296875,3276.69580078125,-723.6450438144611,1.0461230564317088,-1,0.11399276915926748,-0.11399276915926748,0.0,0.0,-0.11399276915926748,-376.16464734501733
2026-01-16 15:39:00+00:00,94693.578125,3281.614990234375,-723.0246185123997,1.1152616452738324,-1,0.6204253020614487,-0.6204253020614487,0.0,0.0,-0.6204253020614487,-376.7850726470788
2026-01-16 15:40:00+00:00,94688.34375,3277.8017578125,-726.6164865517362,0.49038705524575027,0,-3.591868039336532,3.591868039336532,1.0,3.2778017578125,0.31406628152403204,-376.47100636555473
2026-01-16 15:41:00+00:00,94550.6015625,3273.3095703125,-725.2834868449568,0.691065676363255,0,1.3329997067794466,0.0,0.0,0.0,0.0,-376.47100636555473
2026-01-16 15:42:00+00:00,94382.0390625,3261.36181640625,-730.1026468442542,-0.14534198715809735,0,-4.819159999297426,-0.0,0.0,0.0,-0.0,-376.47100636555473
2026-01-16 15:43:00+00:00,94410.515625,3261.603759765625,-731.0649918048107,-0.33055171674255557,0,-0.9623449605564929,-0.0,0.0,0.0,-0.0,-376.47100636555473
2026-01-16 15:44:00+00:00,94410.515625,3261.603759765625,-731.0649918048107,-0.34538160491673786,0,0.0,0.0,0.0,0.0,0.0,-376.47100636555473
2026-01-16 15:45:00+00:00,94470.8828125,3266.821533203125,-728.4001774477251,0.1056643502806107,0,2.664814357085561,0.0,0.0,0.0,0.0,-376.47100636555473
2026-01-16 15:46:00+00:00,94489.2734375,3263.7568359375,-732.2426236036431,-0.5870835259577505,0,-3.842446155917969,-0.0,0.0,0.0,-0.0,-376.47100636555473
2026-01-16 15:47:00+00:00,94381.46875,3260.97607421875,-730.4642702258957,-0.2786709640722402,0,1.7783533777474076,0.0,0.0,0.0,0.0,-376.47100636555473
2026-01-16 15:48:00+00:00,94268.7734375,3254.869384765625,-731.8050175624194,-0.5238112751891092,0,-1.340747336523691,-0.0,0.0,0.0,-0.0,-376.47100636555473
2026-01-16 15:49:00+00:00,94317.8515625,3256.055908203125,-732.6940330071716,-0.6846059600651059,0,-0.8890154447522036,-0.0,0.0,0.0,-0.0,-376.47100636555473
2026-01-16 15:50:00+00:00,94314.78125,3254.264404296875,-734.3556918353056,-0.9801615837410499,0,-1.6616588281340228,-0.0,0.0,0.0,-0.0,-376.47100636555473
2026-01-16 15:51:00+00:00,94455.5390625,3259.979736328125,-734.5930793267457,-1.0129191003953648,0,-0.23738749144013127,-0.0,0.0,0.0,-0.0,-376.47100636555473
2026-01-16 15:52:00+00:00,94358.3515625,3253.92578125,-736.5369255708661,-1.3330584373485832,0,-1.9438462441203228,-0.0,0.0,0.0,-0.0,-376.47100636555473
2026-01-16 15:53:00+00:00,94402.0859375,3257.576904296875,-734.7353514992928,-1.00461714134344,0,1.8015740715732136,0.0,0.0,0.0,0.0,-376.47100636555473
2026-01-16 15:54:00+00:00,94403.7109375,3258.793701171875,-733.5872767012602,-0.8023258252944786,0,1.1480747980326669,0.0,0.0,0.0,0.0,-376.47100636555473
2026-01-16 15:55:00+00:00,94476.1015625,3260.54296875,-734.8994454941871,-1.0226473421470539,0,-1.3121687929269683,-0.0,0.0,0.0,-0.0,-376.47100636555473
2026-01-16 15:56:00+00:00,94586.3828125,3263.13818359375,-736.9680808353901,-1.3631633715656413,0,-2.068635341202935,-0.0,0.0,0.0,-0.0,-376.47100636555473
2026-01-16 15:57:00+00:00,94587.671875,3264.163330078125,-735.9974494601474,-1.1818607656279299,0,0.9706313752426468,0.0,0.0,0.0,0.0,-376.47100636555473
2026-01-16 15:58:00+00:00,94594.25,3263.149658203125,-737.2893135890249,-1.378649252720096,0,-1.291864128877478,-0.0,0.0,0.0,-0.0,-376.47100636555473
2026-01-16 15:59:00+00:00,94605.625,3263.950927734375,-736.9690985965458,-1.30392465243899,0,0.3202149924791229,0.0,0.0,0.0,0.0,-376.47100636555473
2026-01-16 16:00:00+00:00,94559.625,3262.860595703125,-736.1140672182605,-1.1514022965988637,0,0.8550313782852754,0.0,0.0,0.0,0.0,-376.47100636555473
2026-01-16 16:01:00+00:00,94541.84375,3261.552734375,-736.6699504349549,-1.2267940934935195,0,-0.555883216694383,-0.0,0.0,0.0,-0.0,-376.47100636555473
2026-01-16 16:02:00+00:00,94572.9140625,3263.908447265625,-735.6282168717285,-1.037513095129055,0,1.041733563226444,0.0,0.0,0.0,0.0,-376.47100636555473
2026-01-16 16:03:00+00:00,94527.5390625,3263.33984375,-734.2778885458824,-0.8011654719669471,0,1.3503283258460215,0.0,0.0,0.0,0.0,-376.47100636555473
2026-01-16 16:04:00+00:00,94517.3515625,3260.9443359375,-736.2425617989338,-1.1009372642549569,0,-1.9646732530513873,-0.0,0.0,0.0,-0.0,-376.47100636555473
2026-01-16 16:05:00+00:00,94536.765625,3263.259521484375,-734.7484068350573,-0.8503035174214124,0,1.4941549638765537,0.0,0.0,0.0,0.0,-376.47100636555473
2026-01-16 16:06:00+00:00,94581.9140625,3264.647216796875,-735.2700619206048,-0.9152886521835929,0,-0.5216550855475361,-0.0,0.0,0.0,-0.0,-376.47100636555473
2026-01-16 16:08:00+00:00,94783.890625,3270.099365234375,-738.3596050976967,-1.3738164949309626,0,-3.089543177091855,-0.0,0.0,0.0,-0.0,-376.47100636555473
2026-01-16 16:10:00+00:00,94788.0,3269.283447265625,-739.34931062647,-1.4844842430072727,0,-0.9897055287733565,-0.0,0.0,0.0,-0.0,-376.47100636555473
2026-01-16 16:11:00+00:00,94755.140625,3269.034912109375,-738.2082060917373,-1.2770329995130716,0,1.1411045347326763,0.0,0.0,0.0,0.0,-376.47100636555473
2026-01-16 16:12:00+00:00,94712.703125,3268.593505859375,-736.8549088701689,-1.0634757017144136,0,1.3532972215684822,0.0,0.0,0.0,0.0,-376.47100636555473
2026-01-16 16:13:00+00:00,94651.4609375,3268.214111328125,-734.6443401257143,-0.7342157805400054,0,2.2105687444545765,0.0,0.0,0.0,0.0,-376.47100636555473
2026-01-16 16:14:00+00:00,94616.8671875,3266.812744140625,-734.5827200208532,-0.7267437361696093,0,0.061620104861049185,0.0,0.0,0.0,0.0,-376.47100636555473
2026-01-16 16:15:00+00:00,94700.3359375,3269.9697265625,-734.9556735139704,-0.780044630794113,0,-0.37295349311716564,-0.0,0.0,0.0,-0.0,-376.47100636555473
2026-01-16 16:16:00+00:00,94693.25,3268.970947265625,-735.6547849079161,-0.8783777368336397,0,-0.6991113939457136,-0.0,0.0,0.0,-0.0,-376.47100636555473
2026-01-16 16:17:00+00:00,94604.5078125,3262.87646484375,-737.9963150592557,-1.2104851975770279,0,-2.3415301513396116,-0.0,0.0,0.0,-0.0,-376.47100636555473
2026-01-16 16:18:00+00:00,94659.3359375,3263.969482421875,-739.2220067895751,-1.358251284348592,0,-1.2256917303193404,-0.0,0.0,0.0,-0.0,-376.47100636555473
2026-01-16 16:20:00+00:00,94730.25,3273.088134765625,-733.102346237325,-0.4376805805141657,0,6.119660552250025,0.0,0.0,0.0,0.0,-376.47100636555473
2026-01-16 16:21:00+00:00,94844.5703125,3277.3466796875,-733.6784655090182,-0.5175405983274093,0,-0.5761192716931873,-0.0,0.0,0.0,-0.0,-376.47100636555473
2026-01-16 16:22:00+00:00,94845.703125,3276.04248046875,-735.0305719448852,-0.7072584974844711,0,-1.3521064358669719,-0.0,0.0,0.0,-0.0,-376.47100636555473
2026-01-16 16:23:00+00:00,94870.0546875,3279.132080078125,-732.9708123062169,-0.39238759733282025,0,2.059759638668311,0.0,0.0,0.0,0.0,-376.47100636555473
2026-01-16 16:24:00+00:00,94898.5234375,3279.766357421875,-733.5404928877974,-0.45782841108567734,0,-0.5696805815805419,-0.0,0.0,0.0,-0.0,-376.47100636555473
2026-01-16 16:25:00+00:00,94883.9453125,3279.6171875,-733.0731464845717,-0.3737373217032782,0,0.46734640322574705,0.0,0.0,0.0,0.0,-376.47100636555473
2026-01-16 16:26:00+00:00,94879.1328125,3280.06591796875,-732.4208929417264,-0.2564539213518651,0,0.6522535428453011,0.0,0.0,0.0,0.0,-376.47100636555473
2026-01-16 16:27:00+00:00,94858.5859375,3279.19775390625,-732.420119204111,-0.23395887537217278,0,0.000773737615418213,0.0,0.0,0.0,0.0,-376.47100636555473
2026-01-16 16:28:00+00:00,94845.0859375,3278.842529296875,-732.2044219432964,-0.1749220778236388,0,0.21569726081452245,0.0,0.0,0.0,0.0,-376.47100636555473
2026-01-16 16:29:00+00:00,94879.890625,3280.762939453125,-731.7559197336295,-0.07702074380454778,0,0.4485022096669127,0.0,0.0,0.0,0.0,-376.47100636555473
2026-01-16 16:30:00+00:00,94833.546875,3278.381103515625,-732.1778548991588,-0.11611166805575282,0,-0.4219351655292485,-0.0,0.0,0.0,-0.0,-376.47100636555473
2026-01-16 16:31:00+00:00,94776.671875,3276.990478515625,-731.1632072053039,0.08263788669391073,0,1.0146476938548403,0.0,0.0,0.0,0.0,-376.47100636555473
2026-01-16 16:32:00+00:00,94800.78125,3278.957763671875,-730.2155197871357,0.27789793406840163,0,0.9476874181682433,0.0,0.0,0.0,0.0,-376.47100636555473
2026-01-16 16:33:00+00:00,94673.8984375,3272.639892578125,-731.1674521692239,0.15558718830787016,0,-0.9519323820882164,-0.0,0.0,0.0,-0.0,-376.47100636555473
2026-01-16 16:34:00+00:00,94658.390625,3272.3232421875,-730.8282692772527,0.2809312307955021,0,0.339182891971177,0.0,0.0,0.0,0.0,-376.47100636555473
2026-01-16 16:35:00+00:00,94662.8203125,3271.670654296875,-731.6681909065337,0.18536342238989995,0,-0.8399216292809797,-0.0,0.0,0.0,-0.0,-376.47100636555473
2026-01-16 16:36:00+00:00,94718.515625,3273.440673828125,-732.2535544844172,0.12228303395624164,0,-0.5853635778835269,-0.0,0.0,0.0,-0.0,-376.47100636555473
2026-01-16 16:37:00+00:00,94804.3828125,3279.31103515625,-730.0145602137313,0.7069930496138862,0,2.2389942706859074,0.0,0.0,0.0,0.0,-376.47100636555473
2026-01-16 16:39:00+00:00,94800.5703125,3279.5224609375,-729.6419018672891,0.8524144181030165,0,0.37265834644222195,0.0,0.0,0.0,0.0,-376.47100636555473
2026-01-16 16:40:00+00:00,94824.9765625,3280.181884765625,-730.0146307720765,0.8293282157281807,0,-0.3727289047874365,-0.0,0.0,0.0,-0.0,-376.47100636555473
2026-01-16 16:41:00+00:00,94869.546875,3280.90185546875,-731.1795612665396,0.577885990919747,0,-1.1649304944630785,-0.0,0.0,0.0,-0.0,-376.47100636555473
2026-01-16 16:42:00+00:00,94850.375,3280.65625,-730.6143783849161,0.8239308585629116,0,0.5651828816235138,0.0,0.0,0.0,0.0,-376.47100636555473
2026-01-16 16:43:00+00:00,94866.5703125,3280.880126953125,-731.0754094392582,0.7905981902713947,0,-0.4610310543421292,-0.0,0.0,0.0,-0.0,-376.47100636555473
2026-01-16 16:44:00+00:00,94887.3203125,3281.862060546875,-730.9710039052443,0.8844207043179597,0,0.10440553401394936,0.0,0.0,0.0,0.0,-376.47100636555473
2026-01-16 16:45:00+00:00,94858.8515625,3280.770263671875,-730.8588428549137,1.0218019710942292,0,0.11216105033054191,0.0,0.0,0.0,0.0,-376.47100636555473
2026-01-16 16:46:00+00:00,94937.5,3284.8740234375,-730.0811655355847,1.3102888437129578,0,0.7776773193290865,0.0,0.0,0.0,0.0,-376.47100636555473
2026-01-16 16:47:00+00:00,94913.3125,3282.653076171875,-731.2792111171198,0.8677658264050103,0,-1.1980455815350979,-0.0,0.0,0.0,-0.0,-376.47100636555473
2026-01-16 16:48:00+00:00,94868.125,3280.602783203125,-731.4185017148184,0.8197797318551974,0,-0.1392905976986185,-0.0,0.0,0.0,-0.0,-376.47100636555473
2026-01-16 16:49:00+00:00,94892.0234375,3281.336181640625,-731.6957803611781,0.7584037321225899,0,-0.27727864635971855,-0.0,0.0,0.0,-0.0,-376.47100636555473
2026-01-16 16:50:00+00:00,94890.4921875,3281.8544921875,-731.1127124725458,0.9693253767977547,0,0.5830678886322858,0.0,0.0,0.0,0.0,-376.47100636555473
2026-01-16 16:51:00+00:00,94908.0625,3282.464111328125,-731.2461507891294,0.9284505698963444,0,-0.13343831658357885,-0.0,0.0,0.0,-0.0,-376.47100636555473
2026-01-16 16:52:00+00:00,94916.734375,3283.02490234375,-731.0520977803972,0.9938766619003544,0,0.19405300873222586,0.0,0.0,0.0,0.0,-376.47100636555473
2026-01-16 16:53:00+00:00,94928.546875,3283.892333984375,-730.6842227761881,1.1108273219546567,0,0.36787500420905417,0.0,0.0,0.0,0.0,-376.47100636555473
2026-01-16 16:54:00+00:00,94918.265625,3283.216064453125,-730.9256930127799,0.9900988132266852,0,-0.24147023659179467,-0.0,0.0,0.0,-0.0,-376.47100636555473
2026-01-16 16:55:00+00:00,94865.7109375,3279.311279296875,-732.6079136894195,0.3466792465332233,0,-1.6822206766396448,-0.0,0.0,0.0,-0.0,-376.47100636555473
2026-01-16 16:56:00+00:00,94887.9453125,3280.143310546875,-732.7161854733085,0.2850992549899057,0,-0.10827178388899483,-0.0,0.0,0.0,-0.0,-376.47100636555473
2026-01-16 16:57:00+00:00,94772.4140625,3276.52685546875,-731.4467651947402,0.7435539660983739,0,1.2694202785683046,0.0,0.0,0.0,0.0,-376.47100636555473
2026-01-16 16:58:00+00:00,94799.6953125,3276.913818359375,-732.213540250124,0.44423477103912684,0,-0.7667750553837323,-0.0,0.0,0.0,-0.0,-376.47100636555473
2026-01-16 16:59:00+00:00,94795.359375,3276.943359375,-732.0006302310526,0.5066631808547952,0,0.21291001907138707,0.0,0.0,0.0,0.0,-376.47100636555473
2026-01-16 17:00:00+00:00,94831.453125,3277.48779296875,-732.982619693018,0.11250184544180292,0,-0.9819894619654406,-0.0,0.0,0.0,-0.0,-376.47100636555473
2026-01-16 17:02:00+00:00,94752.46875,3275.2138671875,-731.9162560601371,0.4994335431535619,0,1.0663636328808934,0.0,0.0,0.0,0.0,-376.47100636555473
2026-01-16 17:03:00+00:00,94764.9765625,3274.704345703125,-732.9547393004,0.07141559776839371,0,-1.038483240262849,-0.0,0.0,0.0,-0.0,-376.47100636555473
2026-01-16 17:04:00+00:00,94751.6484375,3274.35546875,-732.7399630645527,0.13105615052556238,0,0.21477623584723915,0.0,0.0,0.0,0.0,-376.47100636555473
2026-01-16 17:05:00+00:00,94762.078125,3274.640625,-732.8958836066263,0.04715679943231202,0,-0.15592054207354522,-0.0,0.0,0.0,-0.0,-376.47100636555473
2026-01-16 17:06:00+00:00,94773.6328125,3275.31005859375,-732.7151036274659,0.09595820276157942,0,0.18077997916043387,0.0,0.0,0.0,0.0,-376.47100636555473
2026-01-16 17:07:00+00:00,94676.546875,3271.336181640625,-732.5831668763967,0.13119369210494572,0,0.1319367510691336,0.0,0.0,0.0,0.0,-376.47100636555473
2026-01-16 17:08:00+00:00,94697.453125,3272.53173828125,-732.2717461875236,0.24888998532033274,0,0.31142068887311325,0.0,0.0,0.0,0.0,-376.47100636555473
2026-01-16 17:09:00+00:00,94698.3046875,3272.18359375,-732.6559037302613,0.06254206071155517,0,-0.3841575427377393,-0.0,0.0,0.0,-0.0,-376.47100636555473
2026-01-16 17:10:00+00:00,94732.5390625,3273.85302734375,-732.4342592772355,0.14207495809623627,0,0.2216444530258741,0.0,0.0,0.0,0.0,-376.47100636555473
2026-01-16 17:11:00+00:00,94729.125,3273.4619140625,-732.680990117934,0.016900312720398235,0,-0.24673084069854667,-0.0,0.0,0.0,-0.0,-376.47100636555473
2026-01-16 17:12:00+00:00,94716.2890625,3273.359375,-732.2406908513126,0.1740069100874499,0,0.44029926662142316,0.0,0.0,0.0,0.0,-376.47100636555473
2026-01-16 17:13:00+00:00,94641.7109375,3270.742919921875,-731.7031990701607,0.39733387505536705,0,0.5374917811518571,0.0,0.0,0.0,0.0,-376.47100636555473
2026-01-16 17:14:00+00:00,94623.0,3269.587890625,-732.0669332981092,0.1750519250509136,0,-0.3637342279484983,-0.0,0.0,0.0,-0.0,-376.47100636555473
2026-01-16 17:15:00+00:00,94741.7421875,3274.143798828125,-732.5326926326079,-0.12479147793226361,0,-0.4657593344986708,-0.0,0.0,0.0,-0.0,-376.47100636555473
2026-01-16 17:16:00+00:00,94761.0390625,3275.093994140625,-732.3985719840944,-0.07023440147498396,0,0.13412064851354444,0.0,0.0,0.0,0.0,-376.47100636555473
2026-01-16 17:17:00+00:00,94762.3046875,3274.5576171875,-732.9884728625498,-0.4368242953559098,0,-0.5899008784554098,-0.0,0.0,0.0,-0.0,-376.47100636555473
2026-01-16 17:18:00+00:00,94788.703125,3275.213134765625,-733.4493586405424,-0.7381565809257753,0,-0.46088577799264385,-0.0,0.0,0.0,-0.0,-376.47100636555473
2026-01-16 17:19:00+00:00,94838.7734375,3277.5078125,-733.2721799027217,-0.6780698721385654,0,0.17717873782066818,0.0,0.0,0.0,0.0,-376.47100636555473
2026-01-16 17:20:00+00:00,94793.3984375,3275.06689453125,-733.7941660300007,-1.1777624056398959,0,-0.5219861272789785,-0.0,0.0,0.0,-0.0,-376.47100636555473
2026-01-16 17:21:00+00:00,94763.9609375,3274.093505859375,-733.5226278460455,-1.3718472479848605,0,0.27153818395527196,0.0,0.0,0.0,0.0,-376.47100636555473
2026-01-16 17:22:00+00:00,94743.3984375,3273.890380859375,-732.8561542567286,-0.7688856647929613,0,0.6664735893168654,0.0,0.0,0.0,0.0,-376.47100636555473
2026-01-16 17:23:00+00:00,94748.578125,3273.20361328125,-733.7619734551868,-1.595262579865965,0,-0.9058191984581754,-0.0,0.0,0.0,-0.0,-376.47100636555473
2026-01-16 17:24:00+00:00,94754.6953125,3273.0712890625,-734.1529966463663,-2.0330623623464805,1,-0.3910231911795563,-0.0,1.0,3.2730712890625,-3.2730712890625,-379.74407765461723
2026-01-16 17:25:00+00:00,94662.1953125,3269.360595703125,-733.9518179322195,-1.7890226031552778,1,0.20117871414686306,0.20117871414686306,0.0,0.0,0.20117871414686306,-379.54289894047037
2026-01-16 17:26:00+00:00,94538.2265625,3265.990966796875,-732.0787453129078,-0.07737222821270667,0,1.8730726193116425,1.8730726193116425,1.0,3.265990966796875,-1.3929183474852325,-380.9358172879556
2026-01-16 17:27:00+00:00,94600.59375,3268.01025390625,-732.696998301753,-0.6695493537481506,0,-0.6182529888451427,-0.0,0.0,0.0,-0.0,-380.9358172879556
2026-01-16 17:28:00+00:00,94634.46875,3269.6591796875,-732.4806635095902,-0.4634175557044315,0,0.21633479216279738,0.0,0.0,0.0,0.0,-380.9358172879556
2026-01-16 17:29:00+00:00,94696.4453125,3271.718505859375,-733.042357705895,-0.978840576868317,0,-0.5616941963048703,-0.0,0.0,0.0,-0.0,-380.9358172879556
2026-01-16 17:31:00+00:00,94711.078125,3272.86962890625,-732.5100637463265,-0.4725743330119027,0,0.5322939595685057,0.0,0.0,0.0,0.0,-380.9358172879556
2026-01-16 17:32:00+00:00,94759.1640625,3276.228759765625,-731.1845116549016,0.7599257380805609,0,1.3255520914249246,0.0,0.0,0.0,0.0,-380.9358172879556
2026-01-16 17:33:00+00:00,94784.015625,3276.989013671875,-731.4752429738096,0.4763532067771598,0,-0.2907313189080014,-0.0,0.0,0.0,-0.0,-380.9358172879556
2026-01-16 17:34:00+00:00,94792.734375,3277.98974609375,-730.8432309264322,1.0563600780974016,0,0.6320120473774296,0.0,0.0,0.0,0.0,-380.9358172879556
2026-01-16 17:35:00+00:00,94775.515625,3276.86865234375,-731.2361349762596,0.7208713709927308,0,-0.39290404982739346,-0.0,0.0,0.0,-0.0,-380.9358172879556
2026-01-16 17:36:00+00:00,94749.65625,3275.450439453125,-731.5607417382225,0.42126712791961546,0,-0.32460676196296845,-0.0,0.0,0.0,-0.0,-380.9358172879556
2026-01-16 17:37:00+00:00,94737.5859375,3275.56298828125,-730.9377332518552,1.0171936312643788,0,0.6230084863673255,0.0,0.0,0.0,0.0,-380.9358172879556
2026-01-16 17:38:00+00:00,94825.8359375,3279.99072265625,-730.2421362875398,1.620590810669546,0,0.6955969643154276,0.0,0.0,0.0,0.0,-380.9358172879556
2026-01-16 17:39:00+00:00,94754.09375,3277.463623046875,-729.7352222777295,1.9838897595436622,0,0.5069140098103162,0.0,0.0,0.0,0.0,-380.9358172879556
2026-01-16 17:40:00+00:00,94779.7578125,3278.370361328125,-729.9138302601214,1.8167085622330716,0,-0.17860798239189535,-0.0,0.0,0.0,-0.0,-380.9358172879556
2026-01-16 17:41:00+00:00,94788.09375,3278.00048828125,-730.6362343460546,1.213445601684664,0,-0.722404085933249,-0.0,0.0,0.0,-0.0,-380.9358172879556
2026-01-16 17:42:00+00:00,94828.6171875,3280.228271484375,-730.122207937301,1.693067183297041,0,0.5140264087535797,0.0,0.0,0.0,0.0,-380.9358172879556
2026-01-16 17:43:00+00:00,94814.625,3280.209228515625,-729.5495141760107,2.1192381790458366,-1,0.5726937612903384,0.0,1.0,3.2802092285156252,-3.2802092285156252,-384.21602651647123
2026-01-16 17:44:00+00:00,94848.828125,3281.55419921875,-729.6510110352065,1.9694691132756028,-1,-0.10149685919577678,0.10149685919577678,0.0,0.0,0.10149685919577678,-384.11452965727545
2026-01-16 17:45:00+00:00,94864.2109375,3282.277099609375,-729.5786576135652,1.9525271981212111,-1,0.07235342164130998,-0.07235342164130998,0.0,0.0,-0.07235342164130998,-384.18688307891676
2026-01-16 17:46:00+00:00,94876.7578125,3281.850341796875,-730.5360291549569,1.130397498619071,-1,-0.9573715413916943,0.9573715413916943,0.0,0.0,0.9573715413916943,-383.22951153752507
2026-01-16 17:47:00+00:00,94850.765625,3281.8701171875,-729.4170309274559,1.9918818740823132,-1,1.1189982275009243,-1.1189982275009243,0.0,0.0,-1.1189982275009243,-384.348509765026
2026-01-16 17:48:00+00:00,94843.40625,3280.406005859375,-730.5699105416234,1.0665239953822638,-1,-1.152879614167432,1.152879614167432,0.0,0.0,1.152879614167432,-383.19563015085856
2026-01-16 17:49:00+00:00,94821.15625,3279.78662109375,-730.2483314841579,1.3004094679322589,-1,0.321579057465442,-0.321579057465442,0.0,0.0,-0.321579057465442,-383.517209208324
2026-01-16 17:50:00+00:00,94828.84375,3279.103271484375,-731.2567893807245,0.47805669530446776,0,-1.008457896566597,1.008457896566597,1.0,3.279103271484375,-2.270645374917778,-385.78785458324177
2026-01-16 17:51:00+00:00,94808.40625,3278.308349609375,-731.1873989800206,0.5263336302662739,0,0.06939040070392366,0.0,0.0,0.0,0.0,-385.78785458324177
2026-01-16 17:52:00+00:00,94814.5859375,3278.310302734375,-731.4467879842568,0.3213422520470222,0,-0.25938900423625455,-0.0,0.0,0.0,-0.0,-385.78785458324177
2026-01-16 17:53:00+00:00,94792.671875,3277.934326171875,-730.8960076915009,0.761524664123131,0,0.5507802927559169,0.0,0.0,0.0,0.0,-385.78785458324177
2026-01-16 17:54:00+00:00,94765.4609375,3276.89013671875,-730.7894327500248,0.8420137624775544,0,0.10657494147608304,0.0,0.0,0.0,0.0,-385.78785458324177
2026-01-16 17:55:00+00:00,94759.25,3275.883544921875,-731.5333608392602,0.25456412756219016,0,-0.7439280892353963,-0.0,0.0,0.0,-0.0,-385.78785458324177
2026-01-16 17:56:00+00:00,94784.640625,3276.89013671875,-731.6005514949989,0.21002172775970984,0,-0.06719065573861371,-0.0,0.0,0.0,-0.0,-385.78785458324177
2026-01-16 17:57:00+00:00,94876.7421875,3279.955322265625,-732.4303878970054,-0.47067169208159354,0,-0.8298364020065492,-0.0,0.0,0.0,-0.0,-385.78785458324177
2026-01-16 17:58:00+00:00,94870.0703125,3279.8291015625,-732.2744516110433,-0.3503148561463662,0,0.15593628596207054,0.0,0.0,0.0,0.0,-385.78785458324177
2026-01-16 17:59:00+00:00,94893.2578125,3280.21435546875,-732.8698088799802,-0.8153098358595826,0,-0.595357268936823,-0.0,0.0,0.0,-0.0,-385.78785458324177
2026-01-16 18:00:00+00:00,95032.8671875,3283.21044921875,-735.7778666463519,-2.905407979146318,1,-2.908057766371712,-0.0,1.0,3.28321044921875,-3.28321044921875,-389.0710650324605
2026-01-16 18:01:00+00:00,95072.8828125,3284.565185546875,-736.1154114635465,-2.878132260399764,1,-0.3375448171946118,-0.3375448171946118,0.0,0.0,-0.3375448171946118,-389.40860984965514
2026-01-16 18:02:00+00:00,95043.0078125,3284.13916015625,-735.2780079006961,-2.1799839988429452,1,0.8374035628503407,0.8374035628503407,0.0,0.0,0.8374035628503407,-388.5712062868048
2026-01-16 18:03:00+00:00,95048.2578125,3283.987548828125,-735.6516444005615,-2.280017802531956,1,-0.37363649986536984,-0.37363649986536984,0.0,0.0,-0.37363649986536984,-388.94484278667016
2026-01-16 18:04:00+00:00,95082.8515625,3284.81396484375,-736.2882156772976,-2.5111708031918485,1,-0.6365712767360492,-0.6365712767360492,0.0,0.0,-0.6365712767360492,-389.5814140634062
2026-01-16 18:05:00+00:00,95030.546875,3282.517578125,-736.3726105436631,-2.399659007416667,1,-0.08439486636552829,-0.08439486636552829,0.0,0.0,-0.08439486636552829,-389.66580892977174
2026-01-16 18:06:00+00:00,95073.078125,3283.64501953125,-737.0438373441916,-2.5873218960711317,1,-0.6712268005285296,-0.6712268005285296,0.0,0.0,-0.6712268005285296,-390.3370357303003
2026-01-16 18:07:00+00:00,95095.0234375,3284.14208984375,-737.4748454653504,-2.611357567952979,1,-0.43100812115881126,-0.43100812115881126,0.0,0.0,-0.43100812115881126,-390.7680438514591
2026-01-16 18:08:00+00:00,95076.4453125,3283.5556640625,-737.2755928858883,-2.349423420258451,1,0.19925257946215424,0.19925257946215424,0.0,0.0,0.19925257946215424,-390.56879127199693
2026-01-16 18:09:00+00:00,95079.1484375,3282.9619140625,-737.9836594177664,-2.500740586622863,1,-0.708066531878103,-0.708066531878103,0.0,0.0,-0.708066531878103,-391.27685780387503
2026-01-16 18:10:00+00:00,95074.3515625,3283.37841796875,-737.3642932266225,-2.096168741631497,1,0.6193661911438539,0.6193661911438539,0.0,0.0,0.6193661911438539,-390.6574916127312
2026-01-16 18:12:00+00:00,95027.78125,3280.75927734375,-738.0139516362287,-2.2386109268414014,1,-0.6496584096062179,-0.6496584096062179,0.0,0.0,-0.6496584096062179,-391.3071500223374
2026-01-16 18:13:00+00:00,95045.75,3280.984619140625,-738.5485174212031,-2.30892520892954,1,-0.5345657849743475,-0.5345657849743475,0.0,0.0,-0.5345657849743475,-391.84171580731174
2026-01-16 18:14:00+00:00,95065.609375,3280.845703125,-739.5272965120726,-2.5069573360644957,1,-0.978779090869466,-0.978779090869466,0.0,0.0,-0.978779090869466,-392.8204948981812
2026-01-16 18:16:00+00:00,95033.3671875,3280.1591796875,-738.8502814320536,-2.1212549431918832,1,0.6770150800189185,0.6770150800189185,0.0,0.0,0.6770150800189185,-392.1434798181623
2026-01-16 18:17:00+00:00,95071.9921875,3281.396728515625,-739.2462035103049,-2.135486038305066,1,-0.39592207825126025,-0.39592207825126025,0.0,0.0,-0.39592207825126025,-392.53940189641355
2026-01-16 18:18:00+00:00,95125.609375,3282.988037109375,-739.9223930618741,-2.228742501106387,1,-0.6761895515692231,-0.6761895515692231,0.0,0.0,-0.6761895515692231,-393.2155914479828
2026-01-16 18:19:00+00:00,95126.5625,3283.247802734375,-739.7029355781724,-2.0385400074865485,1,0.21945748370171714,0.21945748370171714,0.0,0.0,0.21945748370171714,-392.99613396428106
2026-01-16 18:20:00+00:00,95087.8359375,3281.324462890625,-739.9885093857356,-2.018742264560877,1,-0.28557380756319617,-0.28557380756319617,0.0,0.0,-0.28557380756319617,-393.28170777184425
2026-01-16 18:21:00+00:00,95047.171875,3279.4541015625,-740.1391668166748,-1.9624255311879089,1,-0.15065743093919082,-0.15065743093919082,0.0,0.0,-0.15065743093919082,-393.43236520278344
2026-01-16 18:22:00+00:00,95012.7109375,3277.87548828125,-740.2604095137772,-1.9018644494985841,1,-0.12124269710238877,-0.12124269710238877,0.0,0.0,-0.12124269710238877,-393.55360789988583
2026-01-16 18:23:00+00:00,95022.828125,3277.618896484375,-740.9448623186936,-1.9950013392648696,1,-0.6844528049164182,-0.6844528049164182,0.0,0.0,-0.6844528049164182,-394.23806070480225
2026-01-16 18:24:00+00:00,95053.3203125,3278.848388671875,-741.0049002581327,-1.9135201311079286,1,-0.06003793943909841,-0.06003793943909841,0.0,0.0,-0.06003793943909841,-394.29809864424135
2026-01-16 18:25:00+00:00,95087.5546875,3280.397216796875,-740.9038612738568,-1.7985000347219269,1,0.1010389842758741,0.1010389842758741,0.0,0.0,0.1010389842758741,-394.1970596599655
2026-01-16 18:26:00+00:00,95113.734375,3280.8310546875,-741.5771756905269,-1.882662955203362,1,-0.6733144166701095,-0.6733144166701095,0.0,0.0,-0.6733144166701095,-394.8703740766356
2026-01-16 18:27:00+00:00,95134.4765625,3281.981201171875,-741.304226871287,-1.7348824575657797,1,0.27294881923990033,0.27294881923990033,0.0,0.0,0.27294881923990033,-394.5974252573957
2026-01-16 18:28:00+00:00,95140.84375,3282.80029296875,-740.7544066740675,-1.5365267566147867,1,0.5498201972195602,0.5498201972195602,0.0,0.0,0.5498201972195602,-394.0476050601761
2026-01-16 18:29:00+00:00,95113.21875,3281.21435546875,-741.1720688656237,-1.5721680085954002,1,-0.4176621915562464,-0.4176621915562464,0.0,0.0,-0.4176621915562464,-394.46526725173237
2026-01-16 18:30:00+00:00,95151.3984375,3282.032470703125,-741.968592045379,-1.6872213874211832,1,-0.7965231797552406,-0.7965231797552406,0.0,0.0,-0.7965231797552406,-395.2617904314876
2026-01-16 18:31:00+00:00,95156.140625,3282.103271484375,-742.0983407868171,-1.644644092829584,1,-0.12974874143810666,-0.12974874143810666,0.0,0.0,-0.12974874143810666,-395.3915391729257
2026-01-16 18:32:00+00:00,95139.2890625,3282.790283203125,-740.6986679141323,-1.2764575785028607,1,1.3996728726847323,1.3996728726847323,0.0,0.0,1.3996728726847323,-393.991866300241
2026-01-16 18:33:00+00:00,95128.953125,3283.27685546875,-739.7749835916434,-1.032119011228051,1,0.9236843224889526,0.9236843224889526,0.0,0.0,0.9236843224889526,-393.06818197775203
2026-01-16 18:34:00+00:00,95117.4375,3283.164306640625,-739.4005307781831,-0.9163582566004578,1,0.37445281346026604,0.37445281346026604,0.0,0.0,0.37445281346026604,-392.69372916429177
2026-01-16 18:35:00+00:00,95117.4375,3283.164306640625,-739.4005307781831,-0.8863434060931199,1,0.0,0.0,0.0,0.0,0.0,-392.69372916429177
2026-01-16 18:36:00+00:00,95117.4375,3283.164306640625,-739.4005307781831,-0.8568311704463643,1,0.0,0.0,0.0,0.0,0.0,-392.69372916429177
2026-01-16 18:37:00+00:00,95135.0546875,3283.18994140625,-740.1199358373715,-0.9866182307398447,1,-0.7194050591883752,-0.7194050591883752,0.0,0.0,-0.7194050591883752,-393.41313422348014
2026-01-16 18:38:00+00:00,95118.4921875,3283.42236328125,-739.1870774086665,-0.7483874243961405,1,0.9328584287050035,0.9328584287050035,0.0,0.0,0.9328584287050035,-392.48027579477514
2026-01-16 18:39:00+00:00,95082.3046875,3282.291015625,-738.7880372739914,-0.6325958504594094,1,0.3990401346750332,0.3990401346750332,0.0,0.0,0.3990401346750332,-392.0812356601001
2026-01-16 18:40:00+00:00,95087.8125,3281.935546875,-739.3764342175582,-0.7405059766420751,1,-0.5883969435667495,-0.5883969435667495,0.0,0.0,-0.5883969435667495,-392.66963260366686
2026-01-16 18:41:00+00:00,95063.4140625,3281.316162109375,-738.9639966448717,-0.6192501272606628,1,0.4124375726864855,0.4124375726864855,0.0,0.0,0.4124375726864855,-392.25719503098037
2026-01-16 18:42:00+00:00,95083.3671875,3281.327392578125,-739.7965939865758,-0.7881868672161187,1,-0.8325973417040586,-0.8325973417040586,0.0,0.0,-0.8325973417040586,-393.0897923726844
2026-01-16 18:43:00+00:00,95116.21875,3282.10107421875,-740.4122216423325,-0.905579947863209,1,-0.6156276557567253,-0.6156276557567253,0.0,0.0,-0.6156276557567253,-393.70542002844115
2026-01-16 18:44:00+00:00,95089.875,3282.093994140625,-739.3052111265456,-0.6125413496187646,1,1.1070105157868966,1.1070105157868966,0.0,0.0,1.1070105157868966,-392.59840951265426
2026-01-16 18:45:00+00:00,95083.3203125,3281.919189453125,-739.202814743971,-0.5619565281402735,1,0.10239638257462502,0.10239638257462502,0.0,0.0,0.10239638257462502,-392.49601313007963
2026-01-16 18:46:00+00:00,95114.234375,3283.236328125,-739.1930475074782,-0.5340454451862873,1,0.00976723649273481,0.00976723649273481,0.0,0.0,0.00976723649273481,-392.4862458935869
2026-01-16 18:47:00+00:00,95081.1640625,3281.996337890625,-739.034477396649,-0.46685068035559285,0,0.15857011082925965,0.15857011082925965,1.0,3.281996337890625,-3.1234262270613655,-395.60967212064827
2026-01-16 18:49:00+00:00,95027.75,3279.698974609375,-739.0729327922004,-0.45119495381752595,0,-0.03845539555140931,-0.0,0.0,0.0,-0.0,-395.60967212064827
2026-01-16 18:50:00+00:00,94963.34375,3277.41943359375,-738.6287007187952,-0.29902031751252794,0,0.44423207340514637,0.0,0.0,0.0,0.0,-395.60967212064827
2026-01-16 18:51:00+00:00,94995.21875,3278.82080078125,-738.5753435025763,-0.25421731488769916,0,0.05335721621895573,0.0,0.0,0.0,0.0,-395.60967212064827
2026-01-16 18:52:00+00:00,95014.5625,3278.73046875,-739.4837325654175,-0.5003293922216993,0,-0.9083890628412519,-0.0,0.0,0.0,-0.0,-395.60967212064827
2026-01-16 18:53:00+00:00,95015.6015625,3278.96630859375,-739.2918352035749,-0.41370106149249075,0,0.19189736184262074,0.0,0.0,0.0,0.0,-395.60967212064827
2026-01-16 18:55:00+00:00,95037.5546875,3279.674072265625,-739.5124803599597,-0.4590169426556706,0,-0.22064515638476223,-0.0,0.0,0.0,-0.0,-395.60967212064827
2026-01-16 18:56:00+00:00,95031.640625,3279.287353515625,-739.6490903971508,-0.47965022445272687,0,-0.13661003719107612,-0.0,0.0,0.0,-0.0,-395.60967212064827
2026-01-16 18:58:00+00:00,95003.015625,3278.709716796875,-739.0161612985539,-0.2224175198437573,0,0.6329290985968328,0.0,0.0,0.0,0.0,-395.60967212064827
2026-01-16 18:59:00+00:00,94988.109375,3277.8076171875,-739.2878680095946,-0.2922973287175969,0,-0.2717067110406788,-0.0,0.0,0.0,-0.0,-395.60967212064827
2026-01-16 19:00:00+00:00,94955.8515625,3277.01220703125,-738.7190788591238,-0.015396437651984216,0,0.5687891504708205,0.0,0.0,0.0,0.0,-395.60967212064827
2026-01-16 19:01:00+00:00,94925.8671875,3276.09130859375,-738.3719228187374,0.20196306962322852,0,0.3471560403863805,0.0,0.0,0.0,0.0,-395.60967212064827
2026-01-16 19:02:00+00:00,94946.09375,3277.1328125,-738.1858105339693,0.36586949746697117,0,0.18611228476811448,0.0,0.0,0.0,0.0,-395.60967212064827
2026-01-16 19:03:00+00:00,94902.5703125,3275.548095703125,-737.9298990097641,0.6106845602766235,0,0.255911524205203,0.0,0.0,0.0,0.0,-395.60967212064827
2026-01-16 19:04:00+00:00,94905.421875,3275.0322265625,-738.5663621796825,0.3358294271693812,0,-0.6364631699184429,-0.0,0.0,0.0,-0.0,-395.60967212064827
2026-01-16 19:05:00+00:00,94921.5625,3276.36376953125,-737.9174144561939,0.8106084548940191,0,0.6489477234886181,0.0,0.0,0.0,0.0,-395.60967212064827
2026-01-16 19:07:00+00:00,94919.328125,3275.84716796875,-738.3395231628642,0.5695086849302383,0,-0.42210870667031486,-0.0,0.0,0.0,-0.0,-395.60967212064827
2026-01-16 19:08:00+00:00,94924.65625,3275.426025390625,-738.9859948587377,0.1721011999894948,0,-0.6464716958735153,-0.0,0.0,0.0,-0.0,-395.60967212064827
2026-01-16 19:09:00+00:00,94889.5,3273.484375,-739.4408695457437,-0.12887571947837226,0,-0.45487468700594036,-0.0,0.0,0.0,-0.0,-395.60967212064827
2026-01-16 19:10:00+00:00,94930.71875,3274.61328125,-740.0551252095865,-0.5972310707965555,0,-0.6142556638428687,-0.0,0.0,0.0,-0.0,-395.60967212064827
2026-01-16 19:11:00+00:00,94942.5859375,3274.57275390625,-740.5975219519582,-1.0403179962705829,0,-0.5423967423716931,-0.0,0.0,0.0,-0.0,-395.60967212064827
2026-01-16 19:12:00+00:00,94934.203125,3274.820556640625,-739.9952058109202,-0.4858478687081286,0,0.6023161410380453,0.0,0.0,0.0,0.0,-395.60967212064827
2026-01-16 19:13:00+00:00,94947.0625,3275.012451171875,-740.347140792594,-0.7811122007553237,0,-0.3519349816738213,-0.0,0.0,0.0,-0.0,-395.60967212064827
2026-01-16 19:14:00+00:00,94953.625,3274.542236328125,-741.0948871010196,-1.4484715077786503,0,-0.747746308425576,-0.0,0.0,0.0,-0.0,-395.60967212064827
2026-01-16 19:15:00+00:00,94933.9375,3273.7841796875,-741.0203493476179,-1.3353665225674143,0,0.07453775340172797,0.0,0.0,0.0,0.0,-395.60967212064827
2026-01-16 19:16:00+00:00,94924.75,3273.451904296875,-740.9640806876973,-1.259069900730704,0,0.05626865992053354,0.0,0.0,0.0,0.0,-395.60967212064827
2026-01-16 19:17:00+00:00,94920.0234375,3272.547607421875,-741.6684888292107,-1.877723992661628,0,-0.7044081415133405,-0.0,0.0,0.0,-0.0,-395.60967212064827
2026-01-16 19:18:00+00:00,94855.890625,3270.52294921875,-740.9809377543338,-1.1670504530926986,0,0.6875510748768647,0.0,0.0,0.0,0.0,-395.60967212064827
2026-01-16 19:19:00+00:00,94839.2109375,3269.880615234375,-740.9178792659918,-1.072670385708959,0,0.06305848834199423,0.0,0.0,0.0,0.0,-395.60967212064827
2026-01-16 19:20:00+00:00,94891.0546875,3270.98876953125,-742.0022235400534,-2.0117619255733876,1,-1.08434427406155,-0.0,1.0,3.2709887695312503,-3.2709887695312503,-398.8806608901795
