Datetime,Price_USD,Log_Return,Volatility
2024-06-02 00:00:00+00:00,3830.826416015625,0.004683866367077373,0.0023938071177736797
2024-06-02 01:00:00+00:00,3821.25048828125,-0.002502832329812824,0.0024863895189148697
2024-06-02 02:00:00+00:00,3802.046875,-0.005038148975818593,0.0026857132474682618
2024-06-02 03:00:00+00:00,3804.8134765625,0.00072739647019214,0.002686205301756758
2024-06-02 04:00:00+00:00,3815.827392578125,0.002890550512338846,0.002731866410680066
2024-06-02 05:00:00+00:00,3804.310546875,-0.0030227417308504737,0.002808573978135617
2024-06-02 06:00:00+00:00,3811.579833984375,0.0019089795029632148,0.0028300679012986584
2024-06-02 07:00:00+00:00,3794.0048828125,-0.004621599287497665,0.002834178609323858
2024-06-02 08:00:00+00:00,3791.67138671875,-0.0006152374776995358,0.002436260321846569
2024-06-02 09:00:00+00:00,3778.95751953125,-0.0033587379059681404,0.0025123421001454977
2024-06-02 10:00:00+00:00,3777.695068359375,-0.0003341297403676788,0.0024832980181916657
2024-06-02 11:00:00+00:00,3801.701171875,0.006334589993489832,0.0028027825289257506
2024-06-02 12:00:00+00:00,3787.646728515625,-0.003703733076934339,0.002861508278587413
2024-06-02 13:00:00+00:00,3794.00634765625,0.0016776343017291093,0.0028658835300156473
2024-06-02 14:00:00+00:00,3801.608154296875,0.0020016311193098175,0.0028876779741645636
2024-06-02 15:00:00+00:00,3795.9560546875,-0.0014878717695841685,0.002869947450588369
2024-06-02 16:00:00+00:00,3789.625732421875,-0.0016690410604794936,0.0028892380456939405
2024-06-02 17:00:00+00:00,3772.48681640625,-0.0045328458815227825,0.0030072698541619377
2024-06-02 18:00:00+00:00,3767.496826171875,-0.0013236079014042343,0.0030113507610129457
2024-06-02 19:00:00+00:00,3780.03173828125,0.0033215968716493083,0.003090882283136942
2024-06-02 20:00:00+00:00,3784.364990234375,0.0011456967641008918,0.0031022651501352787
2024-06-02 21:00:00+00:00,3782.186279296875,-0.000575879530872935,0.003037548263283145
2024-06-02 22:00:00+00:00,3778.963134765625,-0.0008525541686779685,0.0030101992623405146
2024-06-02 23:00:00+00:00,3782.99560546875,0.0010665149662609852,0.0030094015706882186
2024-06-03 00:00:00+00:00,3770.863525390625,-0.00321215693845263,0.0028658075082935506
2024-06-03 01:00:00+00:00,3798.640380859375,0.0073391811386149305,0.0032664191929238297
2024-06-03 02:00:00+00:00,3806.50634765625,0.002068591148228377,0.0031326102115380263
2024-06-03 03:00:00+00:00,3798.659423828125,-0.0020635780595680896,0.0031580263335824503
2024-06-03 04:00:00+00:00,3816.2509765625,0.004620299676176331,0.0032469554432882908
2024-06-03 05:00:00+00:00,3811.31982421875,-0.0012929812543298652,0.0031956268682116155
2024-06-03 06:00:00+00:00,3824.12841796875,0.0033550370216591254,0.003244928059272616
2024-06-03 07:00:00+00:00,3814.948974609375,-0.0024032870216770413,0.0031331593163732695
2024-06-03 08:00:00+00:00,3824.117919921875,0.0024005418049537507,0.0031581875293831686
2024-06-03 09:00:00+00:00,3815.912841796875,-0.0021479183881456527,0.003105513941578957
2024-06-03 10:00:00+00:00,3808.74169921875,-0.0018810412075798621,0.0031374211610371776
2024-06-03 11:00:00+00:00,3807.99072265625,-0.00019719126873266597,0.0028665064802966098
2024-06-03 12:00:00+00:00,3835.759033203125,0.007265657194595025,0.003103540668189341
2024-06-03 13:00:00+00:00,3825.091064453125,-0.0027850631482371395,0.0031646255422804626
2024-06-03 14:00:00+00:00,3765.834228515625,-0.015612863348497513,0.0045163767789713075
2024-06-03 15:00:00+00:00,3793.795654296875,0.007397598488044747,0.0047793398179670175
2024-06-03 16:00:00+00:00,3766.981689453125,-0.007092941913698238,0.004984362855410303
2024-06-03 17:00:00+00:00,3778.933837890625,0.003167848457734571,0.004944354579421979
2024-06-03 18:00:00+00:00,3779.24267578125,8.172285742165749e-05,0.004935432032341489
2024-06-03 19:00:00+00:00,3770.529296875,-0.0023082505820210646,0.004910857686085875
2024-06-03 20:00:00+00:00,3772.4306640625,0.0005041435292293074,0.0049054976133639724
2024-06-03 21:00:00+00:00,3772.697265625,7.066853341533319e-05,0.004904726987758329
2024-06-03 22:00:00+00:00,3776.111083984375,0.0009044655617138486,0.004906191130745561
2024-06-03 23:00:00+00:00,3766.455078125,-0.0025604047553514577,0.004926716342546302
2024-06-04 00:00:00+00:00,3758.8642578125,-0.002017408842908226,0.004900741136951062
2024-06-04 01:00:00+00:00,3771.9365234375,0.0034716835922935577,0.0047040021918039795
2024-06-04 02:00:00+00:00,3768.801025390625,-0.000831615795478143,0.004677851097021078
2024-06-04 03:00:00+00:00,3773.67041015625,0.00129119095345474,0.004676563213090905
2024-06-04 04:00:00+00:00,3764.61572265625,-0.002402321083368603,0.004575559782958054
2024-06-04 05:00:00+00:00,3759.8046875,-0.0012787791084534512,0.004575462809938425
2024-06-04 06:00:00+00:00,3763.956787109375,0.0011037298417556675,0.004514226113414644
2024-06-04 07:00:00+00:00,3773.505126953125,0.002533570334460734,0.004543757969842053
2024-06-04 08:00:00+00:00,3759.66357421875,-0.003674832958151341,0.004546980424487232
2024-06-04 09:00:00+00:00,3747.90966796875,-0.003131215766871929,0.00456491113899623
2024-06-04 10:00:00+00:00,3765.869140625,0.00478041936425684,0.004693800964837089
2024-06-04 11:00:00+00:00,3763.945556640625,-0.0005109246650966455,0.004693440152659067
2024-06-04 12:00:00+00:00,3760.40869140625,-0.0009401113712278626,0.004393600759590775
2024-06-04 13:00:00+00:00,3777.813232421875,0.004617686270831546,0.004508484007996817
2024-06-04 14:00:00+00:00,3777.122802734375,-0.0001827757869051842,0.0031612556621372773
2024-06-04 15:00:00+00:00,3810.060791015625,0.008682588156618461,0.0032977259602210533
2024-06-04 16:00:00+00:00,3816.594482421875,0.0017133835922568802,0.0029220296476545476
2024-06-04 17:00:00+00:00,3813.59814453125,-0.000785389882310887,0.0028788646544273774
2024-06-04 18:00:00+00:00,3813.770751953125,4.526001672312309e-05,0.0028790387841123523
2024-06-04 19:00:00+00:00,3801.7421875,-0.003158966323497323,0.0029185279682339077
2024-06-04 20:00:00+00:00,3808.301513671875,0.0017238607434607095,0.0029320353787962187
2024-06-04 21:00:00+00:00,3813.412109375,0.001341062317954315,0.0029374008031267038
2024-06-04 22:00:00+00:00,3814.469970703125,0.00027736698700926276,0.0029359457161646126
2024-06-04 23:00:00+00:00,3813.09375,-0.0003608545974708101,0.002872472459331406
2024-06-05 00:00:00+00:00,3821.534912109375,0.002211283854808705,0.002840034276235342
2024-06-05 01:00:00+00:00,3824.58154296875,0.0007969093953794761,0.0027778889177679225
2024-06-05 02:00:00+00:00,3804.65673828125,-0.005223286848097508,0.0030097192876381933
2024-06-05 03:00:00+00:00,3809.834716796875,0.00136003286478417,0.0030106436626733376
2024-06-05 04:00:00+00:00,3811.828125,0.0005230901156233623,0.0029509923391149375
2024-06-05 05:00:00+00:00,3789.91357421875,-0.005765681696974474,0.003201366616856576
2024-06-05 06:00:00+00:00,3811.53173828125,0.0056879241926155845,0.0033811035867295923
2024-06-05 07:00:00+00:00,3809.880859375,-0.0004332212463022185,0.0033585718507939196
2024-06-05 08:00:00+00:00,3802.35400390625,-0.001977568495172042,0.003286133946924627
2024-06-05 09:00:00+00:00,3796.673583984375,-0.001495038914971675,0.0032245603083271507
2024-06-05 10:00:00+00:00,3795.202392578125,-0.0003875699311230422,0.00309909770489508
2024-06-05 11:00:00+00:00,3803.73291015625,0.0022451885222636095,0.003117849048990998
2024-06-05 12:00:00+00:00,3821.484619140625,0.004656061544727539,0.0032179462369968863
2024-06-05 13:00:00+00:00,3800.741943359375,-0.005442694943804174,0.0033346601964446914
2024-06-05 14:00:00+00:00,3796.1845703125,-0.0011997940444390023,0.0033468666631795074
2024-06-05 15:00:00+00:00,3815.548828125,0.005088013090794251,0.003015214700357728
2024-06-05 16:00:00+00:00,3801.957763671875,-0.00356837994453193,0.0030813165123363038
2024-06-05 17:00:00+00:00,3838.767333984375,0.009635173262858523,0.003667753978198916
2024-06-05 18:00:00+00:00,3846.90087890625,0.002116549331288496,0.0036864568482553564
2024-06-05 19:00:00+00:00,3873.637939453125,0.006926243896596633,0.0038394727984141772
2024-06-05 20:00:00+00:00,3864.84765625,-0.002271836491816013,0.003883175335314372
2024-06-05 21:00:00+00:00,3848.2060546875,-0.00431518514184671,0.00400681357712409
2024-06-05 22:00:00+00:00,3853.092529296875,0.0012690003411336551,0.004010836744268765
2024-06-05 23:00:00+00:00,3864.321533203125,0.002910045188604269,0.004038634122317903
2024-06-06 00:00:00+00:00,3859.196044921875,-0.0013272421488820616,0.004040169498259224
2024-06-06 01:00:00+00:00,3862.863525390625,0.0009498711350531854,0.004040929248245444
2024-06-06 02:00:00+00:00,3870.39599609375,0.0019480719777559162,0.0038672924809979403
2024-06-06 03:00:00+00:00,3862.37451171875,-0.002074673558232592,0.003905699577546986
2024-06-06 04:00:00+00:00,3864.229248046875,0.0004800909743574089,0.003905732219946567
2024-06-06 05:00:00+00:00,3845.859375,-0.004765161259490225,0.003839965530300547
2024-06-06 06:00:00+00:00,3844.092041015625,-0.0004596476414169676,0.0036886073380204836
2024-06-06 07:00:00+00:00,3852.253662109375,0.002120908926909755,0.0037017163869649304
2024-06-06 08:00:00+00:00,3847.1484375,-0.0013261355340357986,0.0036854115816134874
2024-06-06 09:00:00+00:00,3851.455078125,0.0011188109805865755,0.003662814198258731
2024-06-06 10:00:00+00:00,3850.92236328125,-0.00013832478313398512,0.00366025399623562
2024-06-06 11:00:00+00:00,3848.71044921875,-0.0005745505473343415,0.0036506360948481875
2024-06-06 12:00:00+00:00,3843.811279296875,-0.0012737489102166602,0.0035558376732764325
2024-06-06 13:00:00+00:00,3842.2236328125,-0.0004131249792930996,0.0033483525439534684
2024-06-06 14:00:00+00:00,3843.490234375,0.000329598940541964,0.0033300469962298535
2024-06-06 15:00:00+00:00,3843.787353515625,7.73015251175186e-05,0.0031848491212069993
2024-06-06 16:00:00+00:00,3831.122314453125,-0.0033003777520692213,0.003171109775426486
2024-06-06 17:00:00+00:00,3831.5703125,0.0001169296666839258,0.002473775977123114
2024-06-06 18:00:00+00:00,3831.305908203125,-6.900915253350876e-05,0.0024292978548539085
2024-06-06 19:00:00+00:00,3789.343994140625,-0.011012797779835526,0.002870856463935572
2024-06-06 20:00:00+00:00,3799.445556640625,0.002662234444276652,0.0029452979879783466
2024-06-06 21:00:00+00:00,3800.069580078125,0.0001642271717804071,0.002847278892239966
2024-06-06 22:00:00+00:00,3810.289794921875,0.002685870793773925,0.002900278010625519
2024-06-06 23:00:00+00:00,3812.29638671875,0.0005264858396899316,0.0028193456516877407
2024-06-07 00:00:00+00:00,3807.58154296875,-0.0012375117804281819,0.002818349882381168
2024-06-07 01:00:00+00:00,3805.951171875,-0.0004282824228212874,0.0028002086722579544
2024-06-07 02:00:00+00:00,3799.502197265625,-0.0016958821103695422,0.002753396571520536
2024-06-07 03:00:00+00:00,3805.801025390625,0.0016564308827145353,0.002781732979554101
2024-06-07 04:00:00+00:00,3816.945068359375,0.0029238940326855,0.002866976181257708
2024-06-07 05:00:00+00:00,3818.267578125,0.0003464238234307155,0.002723638083364125
2024-06-07 06:00:00+00:00,3815.0556640625,-0.0008415506982089089,0.0027257261124600724
2024-06-07 07:00:00+00:00,3815.423583984375,9.643428943316682e-05,0.0026779414438159697
2024-06-07 08:00:00+00:00,3809.26318359375,-0.0016159094580264171,0.0026829458830044902
2024-06-07 09:00:00+00:00,3808.610595703125,-0.00017133071802653377,0.0026637897868802985
2024-06-07 10:00:00+00:00,3808.03466796875,-0.0001512287143579372,0.00266372205164053
2024-06-07 11:00:00+00:00,3831.64599609375,0.006181253992538044,0.002988934365345207
2024-06-07 12:00:00+00:00,3804.604248046875,-0.007082497356872965,0.0032999221334323154
2024-06-07 13:00:00+00:00,3812.391357421875,0.00204466760683181,0.0033382912534303854
2024-06-07 14:00:00+00:00,3818.297607421875,0.0015480256649646573,0.0033578827317289127
2024-06-07 15:00:00+00:00,3798.13720703125,-0.005293932913730228,0.003509042933582738
2024-06-07 16:00:00+00:00,3779.927490234375,-0.004805910894967631,0.003574174872512033
2024-06-07 17:00:00+00:00,3730.381103515625,-0.01319442600906816,0.00440154021780921
2024-06-07 18:00:00+00:00,3677.50830078125,-0.014274970289365968,0.005146838108167546
2024-06-07 19:00:00+00:00,3685.93701171875,0.0022893399111649304,0.0048061160414828216
2024-06-07 20:00:00+00:00,3691.2978515625,0.001453346921090366,0.004770597487988477
2024-06-07 21:00:00+00:00,3692.470703125,0.0003176837311941758,0.004772612360243917
2024-06-07 22:00:00+00:00,3693.13671875,0.00018035500366089582,0.004710994720586724
2024-06-07 23:00:00+00:00,3678.51904296875,-0.003965919031835843,0.004724446677927136
2024-06-08 00:00:00+00:00,3684.55712890625,0.0016400990971854395,0.004767410323969015
2024-06-08 01:00:00+00:00,3689.3818359375,0.0013085835786637511,0.004795403969921117
2024-06-08 02:00:00+00:00,3686.690185546875,-0.0007298330336965246,0.0047959569901188095
2024-06-08 03:00:00+00:00,3688.616455078125,0.0005223564711030652,0.004771540063265165
2024-06-08 04:00:00+00:00,3681.40673828125,-0.0019564983467629193,0.004686805890734107
2024-06-08 05:00:00+00:00,3681.106689453125,-8.150717312401681e-05,0.00468025967897127
2024-06-08 06:00:00+00:00,3683.494140625,0.0006483586308597167,0.004699551006088564
2024-06-08 07:00:00+00:00,3707.396240234375,0.0064680117568143205,0.004963959929145753
2024-06-08 08:00:00+00:00,3694.112060546875,-0.0035895910432645044,0.004987498990117992
2024-06-08 09:00:00+00:00,3691.47802734375,-0.0007132898748667404,0.00498349118142341
2024-06-08 10:00:00+00:00,3692.208740234375,0.00019792629779998345,0.004987503340337466
2024-06-08 11:00:00+00:00,3683.638916015625,-0.002323754088871276,0.0047292575758066955
2024-06-08 12:00:00+00:00,3681.543701171875,-0.0005689512423982645,0.00458822641779155
2024-06-08 13:00:00+00:00,3684.711669921875,0.0008601300893649467,0.0045561567361037175
2024-06-08 14:00:00+00:00,3694.75244140625,0.002721275563963637,0.004595503853542422
2024-06-08 15:00:00+00:00,3686.987060546875,-0.0021039441236926056,0.004522645718901663
2024-06-08 16:00:00+00:00,3682.9033203125,-0.0011082229019138395,0.00445832518132219
2024-06-08 17:00:00+00:00,3686.3642578125,0.0009392894796569994,0.003649039985039719
2024-06-08 18:00:00+00:00,3688.724609375,0.0006400876479170024,0.0021707069869273646
2024-06-08 19:00:00+00:00,3682.969482421875,-0.0015614126280101156,0.002146094581217569
2024-06-08 20:00:00+00:00,3674.511962890625,-0.002299026730632049,0.002169616066997915
2024-06-08 21:00:00+00:00,3676.740234375,0.0006062291138500001,0.002173347398708438
2024-06-08 22:00:00+00:00,3676.7802734375,1.0889767005648233e-05,0.0021724079843403418
2024-06-08 23:00:00+00:00,3681.808837890625,0.0013667199404113464,0.002037392149824478
2024-06-09 00:00:00+00:00,3679.97265625,-0.0004988416676488782,0.002010838715832389
2024-06-09 01:00:00+00:00,3681.9970703125,0.0005499653458832683,0.0019944188207692633
2024-06-09 02:00:00+00:00,3670.020263671875,-0.0032581036445557226,0.002094312666717888
2024-06-09 03:00:00+00:00,3674.341796875,0.0011768302450914487,0.002108190456583217
2024-06-09 04:00:00+00:00,3676.841064453125,0.0006799634076762998,0.0020790829354797574
2024-06-09 05:00:00+00:00,3681.491455078125,0.0012639796398969119,0.0020963134023496695
2024-06-09 06:00:00+00:00,3686.490234375,0.001356892640217179,0.002110716828508687
2024-06-09 07:00:00+00:00,3685.66845703125,-0.0002229407644497702,0.0016052954042450696
2024-06-09 08:00:00+00:00,3687.7431640625,0.0005627536322720568,0.0014448923730212863
2024-06-09 09:00:00+00:00,3689.045654296875,0.0003531320415919974,0.0014407018654829554
2024-06-09 10:00:00+00:00,3686.964111328125,-0.0005644089664057099,0.0014439167356881542
2024-06-09 11:00:00+00:00,3692.2490234375,0.0014323784708339398,0.0013903636087961007
2024-06-09 12:00:00+00:00,3703.770263671875,0.003115527179250782,0.0015117205911888104
2024-06-09 13:00:00+00:00,3688.814697265625,-0.004046104816747249,0.0017402023945053324
2024-06-09 14:00:00+00:00,3692.17724609375,0.0009111374423798479,0.0016564391188842492
2024-06-09 15:00:00+00:00,3692.27099609375,2.539119970258441e-05,0.0015964096510908987
2024-06-09 16:00:00+00:00,3698.071044921875,0.0015696296563140787,0.001604792527276706
2024-06-09 17:00:00+00:00,3699.609375,0.0004158952571555118,0.0015974410087874432
2024-06-09 18:00:00+00:00,3705.619873046875,0.0016233121664226686,0.0016229748878879267
2024-06-09 19:00:00+00:00,3701.028076171875,-0.0012399124394088094,0.0016091548765511132
2024-06-09 20:00:00+00:00,3699.802978515625,-0.00033107029694028284,0.0015239577745748746
2024-06-09 21:00:00+00:00,3712.13671875,0.0033280766229282035,0.0016452879280300643
2024-06-09 22:00:00+00:00,3706.627685546875,-0.0014851621956194,0.0016884155131301943
2024-06-09 23:00:00+00:00,3705.76025390625,-0.00023404917596600924,0.001677547247523495
2024-06-10 00:00:00+00:00,3692.2802734375,-0.003644206959138223,0.0018538395639527993
2024-06-10 01:00:00+00:00,3691.560791015625,-0.00019488025754389661,0.001852897066232906
2024-06-10 02:00:00+00:00,3690.517822265625,-0.00028256777300186484,0.0017120633761146104
2024-06-10 03:00:00+00:00,3682.626953125,-0.002140435972343358,0.001765544402946198
2024-06-10 04:00:00+00:00,3690.096435546875,0.0020262485336049537,0.001805902216871852
2024-06-10 05:00:00+00:00,3683.049560546875,-0.0019114980632158923,0.001836795525211709
2024-06-10 06:00:00+00:00,3671.51123046875,-0.0031377372143926467,0.0019214894166652342
2024-06-10 07:00:00+00:00,3656.3740234375,-0.004131404364980226,0.0020848833284086276
2024-06-10 08:00:00+00:00,3671.087158203125,0.004015894229834991,0.0022610615556378235
2024-06-10 09:00:00+00:00,3670.914794921875,-4.6952665603263105e-05,0.0022583669769112506
2024-06-10 10:00:00+00:00,3676.3056640625,0.0014674583777977393,0.0022822774920183845
2024-06-10 11:00:00+00:00,3674.990478515625,-0.00035781052358622344,0.00225844389062928
2024-06-10 12:00:00+00:00,3674.748046875,-6.597014026434034e-05,0.0021462506203708755
2024-06-10 13:00:00+00:00,3672.50537109375,-0.0006104800592331186,0.0019968363691436667
2024-06-10 14:00:00+00:00,3678.029296875,0.0015030000049397424,0.002014533798314219
2024-06-10 15:00:00+00:00,3706.8251953125,0.007798676172554968,0.0025886874453346907
2024-06-10 16:00:00+00:00,3698.943359375,-0.0021285674417759665,0.002611342913235053
2024-06-10 17:00:00+00:00,3694.45751953125,-0.0012134714369412892,0.002621487481669942
2024-06-10 18:00:00+00:00,3686.757080078125,-0.0020864973217738945,0.0026274024253480476
2024-06-10 19:00:00+00:00,3665.590087890625,-0.005757902934610833,0.002856105268130817
2024-06-10 20:00:00+00:00,3671.643798828125,0.0016501347523126583,0.00288667876480493
2024-06-10 21:00:00+00:00,3672.358642578125,0.0001946741597543861,0.002783607137942511
2024-06-10 22:00:00+00:00,3672.783203125,0.0001156030901148242,0.0027768673583749557
2024-06-10 23:00:00+00:00,3666.818359375,-0.0016253866132671369,0.0027881405307097515
2024-06-11 00:00:00+00:00,3662.7578125,-0.0011079896559337118,0.00270834338095625
2024-06-11 01:00:00+00:00,3615.432373046875,-0.013004910629784875,0.00374392514932224
2024-06-11 02:00:00+00:00,3599.88232421875,-0.004310296516637839,0.0038062830878345714
2024-06-11 03:00:00+00:00,3594.81201171875,-0.0014094589992664826,0.0037999812340212716
2024-06-11 04:00:00+00:00,3563.89013671875,-0.00863901491458175,0.004045684367024367
2024-06-11 05:00:00+00:00,3560.0166015625,-0.001087475083628697,0.004045094029560219
2024-06-11 06:00:00+00:00,3533.517578125,-0.007471352370538562,0.004218321352425278
2024-06-11 07:00:00+00:00,3531.106201171875,-0.0006826625513559764,0.0041868288343897666
2024-06-11 08:00:00+00:00,3532.804443359375,0.0004808221127577616,0.0040458932419076945
2024-06-11 09:00:00+00:00,3518.509033203125,-0.0040546856380840315,0.004061689891971224
2024-06-11 10:00:00+00:00,3523.262451171875,0.0013500633189503682,0.0040576942574797
2024-06-11 11:00:00+00:00,3527.2607421875,0.001134182906595552,0.004091585436132713
2024-06-11 12:00:00+00:00,3533.9375,0.0018911124070849787,0.004144920558739426
2024-06-11 13:00:00+00:00,3516.49560546875,-0.004947761322540167,0.004192903450767119
2024-06-11 14:00:00+00:00,3512.7529296875,-0.0010648865568514446,0.004137112923080892
2024-06-11 15:00:00+00:00,3448.751708984375,-0.018387698432768943,0.004854609334687699
2024-06-11 16:00:00+00:00,3451.4755859375,0.0007895035853720577,0.004913743888988505
2024-06-11 17:00:00+00:00,3471.880615234375,0.005894565521844502,0.005223346326035642
2024-06-11 18:00:00+00:00,3487.914794921875,0.004607666493189382,0.005426144650030668
2024-06-11 19:00:00+00:00,3495.249267578125,0.0021006166510215986,0.005446117253217127
2024-06-11 20:00:00+00:00,3486.48974609375,-0.0025092676948708544,0.005391391791075307
2024-06-11 21:00:00+00:00,3500.254638671875,0.003940293112055964,0.005515188467662767
2024-06-11 22:00:00+00:00,3500.280517578125,7.393407981777411e-06,0.005513427744730921
2024-06-11 23:00:00+00:00,3499.40283203125,-0.0002507786445864807,0.005524665206051946
2024-06-12 00:00:00+00:00,3491.94140625,-0.0021344761063950336,0.0055218587438353095
2024-06-12 01:00:00+00:00,3475.859130859375,-0.004616178050217534,0.0050386620210571675
2024-06-12 02:00:00+00:00,3498.566162109375,0.0065115362278071725,0.005268333817961785
2024-06-12 03:00:00+00:00,3509.210205078125,0.0030377827705707666,0.005338010873695948
2024-06-12 04:00:00+00:00,3518.5546875,0.0026593057882986254,0.00512954878606225
2024-06-12 05:00:00+00:00,3509.80078125,-0.0024910267602648276,0.005144120146946237
2024-06-12 06:00:00+00:00,3516.69140625,0.001961327793451929,0.004952427660568152
2024-06-12 07:00:00+00:00,3526.190673828125,0.002697552857045122,0.004986022422657493
2024-06-12 08:00:00+00:00,3520.677734375,-0.001564649787246255,0.004993886729443149
2024-06-12 09:00:00+00:00,3539.87646484375,0.005438320348351014,0.00504628543870369
2024-06-12 10:00:00+00:00,3543.522705078125,0.0010295171764183877,0.005043677087951441
2024-06-12 11:00:00+00:00,3531.69775390625,-0.003342641335541617,0.005091683604659314
2024-06-12 12:00:00+00:00,3639.25,0.029998911021779463,0.007958521942390216
2024-06-12 13:00:00+00:00,3615.72119140625,-0.0064862810518822684,0.008016378327949127
2024-06-12 14:00:00+00:00,3634.5029296875,0.005181020608654237,0.008042370086928348
2024-06-12 15:00:00+00:00,3619.612060546875,-0.004105501519154084,0.0069699031975558375
2024-06-12 16:00:00+00:00,3616.57373046875,-0.0008397601566419232,0.006990260703803589
2024-06-12 17:00:00+00:00,3620.697265625,0.0011395277597548736,0.006940716904999485
2024-06-12 18:00:00+00:00,3565.59716796875,-0.015335073718460946,0.0077322146164265715
2024-06-12 19:00:00+00:00,3523.468994140625,-0.011885534371723322,0.008154700964584139
2024-06-12 20:00:00+00:00,3554.50537109375,0.008769903441794994,0.008307241670486281
2024-06-12 21:00:00+00:00,3565.4267578125,0.003067836908184502,0.008294824902587754
2024-06-12 22:00:00+00:00,3570.285400390625,0.0013617823200399895,0.008294027649664516
2024-06-12 23:00:00+00:00,3559.779296875,-0.0029469890008772116,0.008327426725447073
2024-06-13 00:00:00+00:00,3558.863037109375,-0.00025742542684314274,0.008308315715104547
2024-06-13 01:00:00+00:00,3540.1650390625,-0.005267774992434334,0.008327795208237064
2024-06-13 02:00:00+00:00,3508.79443359375,-0.008900834995906156,0.00845852214397087
2024-06-13 03:00:00+00:00,3501.093994140625,-0.0021970228570548636,0.008447541986014653
2024-06-13 04:00:00+00:00,3498.9365234375,-0.0006164175330441487,0.00842751986036317
2024-06-13 05:00:00+00:00,3509.74365234375,0.003083929413358449,0.008439397946079556
2024-06-13 06:00:00+00:00,3493.762451171875,-0.004563779533794519,0.008478457228124523
2024-06-13 07:00:00+00:00,3505.2734375,0.003289309239119713,0.00848832497173243
2024-06-13 08:00:00+00:00,3504.81591796875,-0.00013053172611638458,0.008483699080523124
2024-06-13 09:00:00+00:00,3489.72265625,-0.004315734336238617,0.008435942968011936
2024-06-13 10:00:00+00:00,3503.205078125,0.0038560211381710864,0.008479220820008678
2024-06-13 11:00:00+00:00,3495.621826171875,-0.0021670074212004186,0.008465329352906366
2024-06-13 12:00:00+00:00,3492.284912109375,-0.0009550540501237505,0.005448538938759454
2024-06-13 13:00:00+00:00,3498.10400390625,0.001664883945920347,0.0053921160622939605
2024-06-13 14:00:00+00:00,3509.660400390625,0.003298172225397011,0.005305540417379127
2024-06-13 15:00:00+00:00,3440.781494140625,-0.019820656658108466,0.006485301362444496
2024-06-13 16:00:00+00:00,3468.15625,0.007924488576555594,0.0067991612145825
2024-06-13 17:00:00+00:00,3467.491455078125,-0.00019170377509925552,0.006780000550583635
2024-06-13 18:00:00+00:00,3475.67529296875,0.0023573801343285774,0.006179799688033298
2024-06-13 19:00:00+00:00,3486.786865234375,0.003191854101840858,0.005785707471839061
2024-06-13 20:00:00+00:00,3474.984130859375,-0.003390730803894042,0.0054682090271596
2024-06-13 21:00:00+00:00,3481.252685546875,0.0018022837777813669,0.005433846413229811
2024-06-13 22:00:00+00:00,3480.0341796875,-0.0003500806375054299,0.005412752829720178
2024-06-13 23:00:00+00:00,3468.496826171875,-0.0033208066880578238,0.0054189327907850846
2024-06-14 00:00:00+00:00,3471.762451171875,0.0009410672168014135,0.005432371172164574
2024-06-14 01:00:00+00:00,3485.4638671875,0.003938763266316802,0.005445334508384689
2024-06-14 02:00:00+00:00,3505.838134765625,0.005828478086204969,0.005303030120812248
2024-06-14 03:00:00+00:00,3490.047119140625,-0.004514380059075865,0.0053648418366865425
2024-06-14 04:00:00+00:00,3495.611572265625,0.0015931079795592806,0.005375110256730796
2024-06-14 05:00:00+00:00,3520.27880859375,0.00703184817097832,0.00553294978984074
2024-06-14 06:00:00+00:00,3518.1279296875,-0.000611183483189632,0.00544545501010912
2024-06-14 07:00:00+00:00,3517.671630859375,-0.00012970773963587518,0.0054081615674781095
2024-06-14 08:00:00+00:00,3520.60107421875,0.0008324325161266039,0.005409584085131866
2024-06-14 09:00:00+00:00,3512.756103515625,-0.002230790718630577,0.005350545578719119
2024-06-14 10:00:00+00:00,3510.871337890625,-0.0005366929513172903,0.0052975593425834315
2024-06-14 11:00:00+00:00,3513.017333984375,0.000611056427792681,0.005276382747721383
2024-06-14 12:00:00+00:00,3510.481201171875,-0.0007221850791403456,0.005274366953858547
2024-06-14 13:00:00+00:00,3509.344482421875,-0.00032385954044189427,0.005266239070866423
2024-06-14 14:00:00+00:00,3487.224609375,-0.00632308391590582,0.005379849414209519
2024-06-14 15:00:00+00:00,3460.52587890625,-0.007685613332014632,0.003800707168967972
2024-06-14 16:00:00+00:00,3399.620361328125,-0.01775679868885755,0.00497609598579765
2024-06-14 17:00:00+00:00,3386.501953125,-0.0038662505437688627,0.005011950807143035
2024-06-14 18:00:00+00:00,3384.621826171875,-0.0005553367691173004,0.004962525049187501
2024-06-14 19:00:00+00:00,3406.200439453125,0.006355249796187274,0.005121122019736776
2024-06-14 20:00:00+00:00,3411.908203125,0.0016742957041183065,0.0051215761711788975
2024-06-14 21:00:00+00:00,3502.1845703125,0.026115211590756856,0.0075022971971853624
2024-06-14 22:00:00+00:00,3482.658203125,-0.005591083060096367,0.007596206168277644
2024-06-14 23:00:00+00:00,3480.0615234375,-0.0007458808942085974,0.007564920740444022
2024-06-15 00:00:00+00:00,3494.181396484375,0.004049154152224,0.007605747194381513
2024-06-15 01:00:00+00:00,3478.86083984375,-0.004394231606170026,0.007621086009210403
2024-06-15 02:00:00+00:00,3483.49560546875,0.0013313786348128356,0.007524192897810372
2024-06-15 03:00:00+00:00,3497.451416015625,0.003998262440756151,0.007515874395189735
2024-06-15 04:00:00+00:00,3507.669677734375,0.0029173711144590392,0.007532245400930257
2024-06-15 05:00:00+00:00,3525.05419921875,0.004943904296023691,0.007460945844024756
2024-06-15 06:00:00+00:00,3539.737548828125,0.0041567738372317725,0.007505739156748112
2024-06-15 07:00:00+00:00,3529.4765625,-0.002903008275799591,0.007533219597941375
2024-06-15 08:00:00+00:00,3531.15478515625,0.00047537468116387415,0.007532144318154398
2024-06-15 09:00:00+00:00,3529.783447265625,-0.00038842937375377725,0.00751646606043743
2024-06-15 10:00:00+00:00,3536.086181640625,0.001783994434549166,0.0075214824757936834
2024-06-15 11:00:00+00:00,3536.79443359375,0.00020027256050854142,0.007521206916215698
2024-06-15 12:00:00+00:00,3559.1220703125,0.006293115313223353,0.007616242403607504
2024-06-15 13:00:00+00:00,3562.26123046875,0.0008816153342654296,0.007614042711395701
2024-06-15 14:00:00+00:00,3556.7060546875,-0.001560669317975252,0.007486113272497024
2024-06-15 15:00:00+00:00,3561.84765625,0.001444563787924854,0.0072636610878600094
2024-06-15 16:00:00+00:00,3556.029296875,-0.0016348584582850493,0.006083709660605708
2024-06-15 17:00:00+00:00,3570.43115234375,0.0040418031299834616,0.005972418674374465
2024-06-15 18:00:00+00:00,3560.68115234375,-0.002734497974191741,0.006032451047563321
2024-06-15 19:00:00+00:00,3555.77099609375,-0.001379945210552143,0.006002500010459482
2024-06-15 20:00:00+00:00,3551.472412109375,-0.0012096348082184238,0.006033715077926827
2024-06-15 21:00:00+00:00,3560.644775390625,0.0025793636760571394,0.003075358659204172
2024-06-15 22:00:00+00:00,3567.323486328125,0.00187394574350795,0.0027753666524644245
2024-06-15 23:00:00+00:00,3564.521728515625,-0.0007857035233469712,0.00277646802280263
2024-06-16 00:00:00+00:00,3557.026123046875,-0.00210505030447997,0.0027667075095307064
2024-06-16 01:00:00+00:00,3565.09814453125,0.002266746447372583,0.0025549855218358545
2024-06-16 02:00:00+00:00,3559.569091796875,-0.0015520876023876577,0.0026069866501646373
2024-06-16 03:00:00+00:00,3553.514892578125,-0.0017022716711910255,0.00257189526307883
2024-06-16 04:00:00+00:00,3552.647216796875,-0.0002442037691251956,0.0025320445018072817
2024-06-16 05:00:00+00:00,3564.23779296875,0.003257207725962381,0.0024253935074110646
2024-06-16 06:00:00+00:00,3568.341796875,0.0011507770246267264,0.002300627712128715
2024-06-16 07:00:00+00:00,3559.897216796875,-0.002369332457118378,0.0022703466114278176
2024-06-16 08:00:00+00:00,3549.42431640625,-0.002946246816220844,0.002367961237806011
2024-06-16 09:00:00+00:00,3549.4580078125,9.492031199092173e-06,0.002364943449897939
2024-06-16 10:00:00+00:00,3564.966796875,0.004359822207484796,0.0024934162039006807
2024-06-16 11:00:00+00:00,3553.451416015625,-0.0032353791418047962,0.002598147096251951
2024-06-16 12:00:00+00:00,3560.171630859375,0.0018893935758540394,0.002285504551593551
2024-06-16 13:00:00+00:00,3587.071533203125,0.00752738608215131,0.0027506675615343533
2024-06-16 14:00:00+00:00,3577.248291015625,-0.0027422696318568297,0.002795427606666698
2024-06-16 15:00:00+00:00,3590.769775390625,0.0037727305617523623,0.0028782173654465578
2024-06-16 16:00:00+00:00,3591.16748046875,0.00011075147675696131,0.0028481208588720473
2024-06-16 17:00:00+00:00,3590.16064453125,-0.0002804038268609117,0.002743188402682536
2024-06-16 18:00:00+00:00,3594.32080078125,0.0011580951935441395,0.002674531409389654
2024-06-16 19:00:00+00:00,3595.701416015625,0.00038403643541405814,0.0026478297130733026
2024-06-16 20:00:00+00:00,3597.45556640625,0.00048772755264047914,0.0026237055479376996
2024-06-16 21:00:00+00:00,3594.389404296875,-0.0008526775278496588,0.002600924263416717
2024-06-16 22:00:00+00:00,3626.1884765625,0.008807959244105098,0.003108230754022273
2024-06-16 23:00:00+00:00,3620.22998046875,-0.0016445358412509143,0.0031307245904536453
2024-06-17 00:00:00+00:00,3615.6015625,-0.0012793052388000864,0.0031035946770103136
2024-06-17 01:00:00+00:00,3607.9794921875,-0.0021103308964165717,0.003134781657355156
2024-06-17 02:00:00+00:00,3593.54296875,-0.004009302992287767,0.0032429181579330373
2024-06-17 03:00:00+00:00,3580.54443359375,-0.00362374993542951,0.003319775696515274
2024-06-17 04:00:00+00:00,3587.610107421875,0.0019714073060394,0.003334302129224815
2024-06-17 05:00:00+00:00,3572.984130859375,-0.004085134952783587,0.0033977544961451547
2024-06-17 06:00:00+00:00,3549.178466796875,-0.006684978723857436,0.00365903094450023
2024-06-17 07:00:00+00:00,3551.50732421875,0.000655952840027229,0.003633948740510141
2024-06-17 08:00:00+00:00,3542.784423828125,-0.002459133369835255,0.0036186790795614755
2024-06-17 09:00:00+00:00,3512.057373046875,-0.008710966444179452,0.004024559441962671
2024-06-17 10:00:00+00:00,3515.18359375,0.0008897434780261338,0.0039051331445128633
2024-06-17 11:00:00+00:00,3524.64501953125,0.00268797210776391,0.003917567757729862
2024-06-17 12:00:00+00:00,3520.469482421875,-0.001185371109905876,0.003891710840759306
2024-06-17 13:00:00+00:00,3492.833740234375,-0.00788098969856818,0.0037849869655257845
2024-06-17 14:00:00+00:00,3523.179443359375,0.00865046617298291,0.004256344858959819
2024-06-17 15:00:00+00:00,3492.6552734375,-0.00870156260919932,0.0044519017858875186
2024-06-17 16:00:00+00:00,3521.6416015625,0.008264974706825166,0.00484633234300786
2024-06-17 17:00:00+00:00,3548.633544921875,0.007635367488041941,0.005144457286488262
2024-06-17 18:00:00+00:00,3557.482177734375,0.002490428732459141,0.005170080986229884
2024-06-17 19:00:00+00:00,3549.54248046875,-0.002234324756285083,0.005179789993472034
2024-06-17 20:00:00+00:00,3515.855712890625,-0.00953577474902652,0.00548836608447546
2024-06-17 21:00:00+00:00,3522.40576171875,0.001861269503189664,0.005518463625107991
2024-06-17 22:00:00+00:00,3523.153076171875,0.00021213773757978744,0.00513015067417614
2024-06-17 23:00:00+00:00,3513.263916015625,-0.0028108529322038653,0.005140048683649497
2024-06-18 00:00:00+00:00,3471.785400390625,-0.011876509755470025,0.005579122485311965
2024-06-18 01:00:00+00:00,3406.455810546875,-0.01899658719554841,0.006604777626426847
2024-06-18 02:00:00+00:00,3431.98193359375,0.007465518458406,0.006891911655383819
2024-06-18 03:00:00+00:00,3440.067138671875,0.002353070743154242,0.006935393481669033
2024-06-18 04:00:00+00:00,3444.453857421875,0.0012743716944625374,0.006920936090622187
2024-06-18 05:00:00+00:00,3445.163818359375,0.00020609588903864812,0.006911974391941735
2024-06-18 06:00:00+00:00,3434.176513671875,-0.0031942929117084,0.006834814588900488
2024-06-18 07:00:00+00:00,3443.450439453125,0.0026968404844254254,0.006873734097053164
2024-06-18 08:00:00+00:00,3447.39501953125,0.0011448756273707294,0.006886379199392477
2024-06-18 09:00:00+00:00,3433.222412109375,-0.004119580141234478,0.006728801842604651
2024-06-18 10:00:00+00:00,3424.36865234375,-0.0025821792527114633,0.006724940755921115
2024-06-18 11:00:00+00:00,3414.24267578125,-0.0029614152572873123,0.006685687060236024
2024-06-18 12:00:00+00:00,3406.05419921875,-0.002401209403932527,0.0066891806410012125
2024-06-18 13:00:00+00:00,3390.272216796875,-0.004644276870480219,0.0065841465524409054
2024-06-18 14:00:00+00:00,3406.73291015625,0.004843523061165191,0.006378097882100307
2024-06-18 15:00:00+00:00,3418.990478515625,0.003591584609499408,0.006258766930976488
2024-06-18 16:00:00+00:00,3419.364013671875,0.00010924708774545625,0.005954181797367193
2024-06-18 17:00:00+00:00,3407.605224609375,-0.0034448084589968585,0.005659318467761362
2024-06-18 18:00:00+00:00,3402.870361328125,-0.001390465022410316,0.0055897027263217035
2024-06-18 19:00:00+00:00,3422.92822265625,0.005877090809182038,0.005806560887473539
2024-06-18 20:00:00+00:00,3461.947265625,0.011334834099225964,0.006107878225850676
2024-06-18 21:00:00+00:00,3474.348388671875,0.00357572308855526,0.006148342514502664
2024-06-18 22:00:00+00:00,3478.301513671875,0.0011371564745860916,0.006156368445399901
2024-06-18 23:00:00+00:00,3484.2861328125,0.0017190794337723012,0.006152963033988807
2024-06-19 00:00:00+00:00,3493.756591796875,0.0027143613683090614,0.005665579396611701
2024-06-19 01:00:00+00:00,3516.139892578125,0.006386221794900875,0.004053963719545314
2024-06-19 02:00:00+00:00,3541.898681640625,0.007299167652864494,0.004043128123668743
2024-06-19 03:00:00+00:00,3569.054931640625,0.007637901608083063,0.004241264832188932
2024-06-19 04:00:00+00:00,3559.74267578125,-0.002612575547509503,0.004324986573215469
2024-06-19 05:00:00+00:00,3556.26416015625,-0.0009776595167114046,0.00434555936052224
2024-06-19 06:00:00+00:00,3559.86865234375,0.0010130481233943962,0.004238982917748544
2024-06-19 07:00:00+00:00,3543.101806640625,-0.004721088717038112,0.0044145517917244725
2024-06-19 08:00:00+00:00,3530.396240234375,-0.0035924460532921875,0.00452121761965075
2024-06-19 09:00:00+00:00,3530.642578125,6.977383840026738e-05,0.0043944096175775466
2024-06-19 10:00:00+00:00,3558.930419921875,0.007980168037178334,0.004529554159257768
2024-06-19 11:00:00+00:00,3537.50830078125,-0.00603744640227231,0.004704550386129541
2024-06-19 12:00:00+00:00,3547.857666015625,0.0029213374843811897,0.00463873619866853
2024-06-19 13:00:00+00:00,3538.6044921875,-0.0026115087840505426,0.004535272217596332
2024-06-19 14:00:00+00:00,3516.864990234375,-0.0061624731864146414,0.004763193388394473
2024-06-19 15:00:00+00:00,3525.6708984375,0.0025007789613278346,0.004745804584848519
2024-06-19 16:00:00+00:00,3544.118896484375,0.005218836897049027,0.004805227424332148
2024-06-19 17:00:00+00:00,3558.542724609375,0.004061533189241731,0.004713259083699264
2024-06-19 18:00:00+00:00,3553.380126953125,-0.0014518151197075186,0.0047150842940960865
2024-06-19 19:00:00+00:00,3547.33740234375,-0.0017020043518606587,0.004684084545083613
2024-06-19 20:00:00+00:00,3551.089111328125,0.0010570537925507675,0.004188232006912795
2024-06-19 21:00:00+00:00,3571.458740234375,0.005719774683113633,0.004266378780648881
2024-06-19 22:00:00+00:00,3557.552978515625,-0.003901180108427421,0.004389159046313291
2024-06-19 23:00:00+00:00,3558.4560546875,0.0002538153542271461,0.004388022806621003
2024-06-20 00:00:00+00:00,3560.97412109375,0.0007073786662914876,0.004370587277700238
2024-06-20 01:00:00+00:00,3554.623291015625,-0.0017850452735470666,0.004232090802206314
2024-06-20 02:00:00+00:00,3550.5146484375,-0.0011565273105458716,0.0039819946348332745
2024-06-20 03:00:00+00:00,3549.651611328125,-0.00024310335337245073,0.0036440765608151933
2024-06-20 04:00:00+00:00,3569.213134765625,0.005495700050341691,0.0037863888274132286
2024-06-20 05:00:00+00:00,3581.90380859375,0.0035492881045424696,0.0038421600929682224
2024-06-20 06:00:00+00:00,3576.882568359375,-0.0014028190794971264,0.0038542759188475518
2024-06-20 07:00:00+00:00,3604.474609375,0.0076843905986325135,0.003995078194443852
2024-06-20 08:00:00+00:00,3585.21826171875,-0.005356666563209502,0.004092826602887365
2024-06-20 09:00:00+00:00,3578.7900390625,-0.0017945887585722818,0.004121751255615819
2024-06-20 10:00:00+00:00,3598.89208984375,0.005601279905567928,0.003961136050722837
2024-06-20 11:00:00+00:00,3596.70556640625,-0.0006077392342524131,0.0037213930180574283
2024-06-20 12:00:00+00:00,3588.26123046875,-0.002350557786619421,0.0037395965156027176
2024-06-20 13:00:00+00:00,3531.0791015625,-0.01606422953060437,0.0050131951452260844
2024-06-20 14:00:00+00:00,3519.628662109375,-0.0032480283975654047,0.004893543377028135
2024-06-20 15:00:00+00:00,3506.667236328125,-0.0036894092337972557,0.004920861060709648
2024-06-20 16:00:00+00:00,3512.31103515625,0.0016081542999977054,0.004800917368385624
2024-06-20 17:00:00+00:00,3518.828857421875,0.0018539878973152545,0.0047328742038496895
2024-06-20 18:00:00+00:00,3527.55712890625,0.002477376619839107,0.004765196994114783
2024-06-20 19:00:00+00:00,3525.65185546875,-0.0005402572043627352,0.004756269536930609
2024-06-20 20:00:00+00:00,3523.289306640625,-0.0006703273193114744,0.004748607403010591
2024-06-20 21:00:00+00:00,3514.62158203125,-0.002463153946912015,0.004586536015666116
2024-06-20 22:00:00+00:00,3514.6142578125,-2.0839302925583047e-06,0.004535823873602372
2024-06-20 23:00:00+00:00,3511.58154296875,-0.0008632594701527535,0.004533419179554459
2024-06-21 00:00:00+00:00,3499.109375,-0.003558046210423688,0.004565376830192145
2024-06-21 01:00:00+00:00,3523.60791015625,0.00697696733041175,0.004820566450856845
2024-06-21 02:00:00+00:00,3506.689453125,-0.004813022498745129,0.004903729703137721
2024-06-21 03:00:00+00:00,3499.279296875,-0.0021153845464352513,0.004914056385253069
2024-06-21 04:00:00+00:00,3513.74560546875,0.0041255604574446676,0.004847725949775689
2024-06-21 05:00:00+00:00,3516.76806640625,0.000859812316643097,0.004776939083974664
2024-06-21 06:00:00+00:00,3508.698486328125,-0.002297237789505755,0.004785615134776738
2024-06-21 07:00:00+00:00,3470.218505859375,-0.011027605133403527,0.00486650502508758
2024-06-21 08:00:00+00:00,3459.485595703125,-0.0030976557097454668,0.004811854540147073
2024-06-21 09:00:00+00:00,3514.483642578125,0.01577270710106021,0.005961841001347999
2024-06-21 10:00:00+00:00,3493.757568359375,-0.005914789180214223,0.0058909851841263084
2024-06-21 11:00:00+00:00,3502.5947265625,0.0025262201016599912,0.005940031760266001
2024-06-21 12:00:00+00:00,3493.14306640625,-0.002702121259221103,0.005943669919437433
2024-06-21 13:00:00+00:00,3470.79150390625,-0.006419255961522488,0.005164218615814447
2024-06-21 14:00:00+00:00,3509.29296875,0.011031916726232105,0.00565892998870587
2024-06-21 15:00:00+00:00,3483.70068359375,-0.0073194401956204625,0.005805035384651111
2024-06-21 16:00:00+00:00,3484.537841796875,0.00024027828671551647,0.005792456174780486
2024-06-21 17:00:00+00:00,3478.27197265625,-0.001799810995569044,0.005780541455407375
2024-06-21 18:00:00+00:00,3519.782470703125,0.011863578726412692,0.0062850442155120674
2024-06-21 19:00:00+00:00,3530.86328125,0.0031432070365397563,0.006318505501407615
2024-06-21 20:00:00+00:00,3519.40380859375,-0.003250793935000855,0.006353360175435618
2024-06-21 21:00:00+00:00,3514.94091796875,-0.0012688861286384082,0.006338264052599116
2024-06-21 22:00:00+00:00,3521.44677734375,0.0018492048791640097,0.006349444797481364
2024-06-21 23:00:00+00:00,3516.359375,-0.0014457355373949585,0.006354322052564825
2024-06-22 00:00:00+00:00,3499.247314453125,-0.004878293564630937,0.006392575247373311
2024-06-22 01:00:00+00:00,3502.89501953125,0.001041882679360108,0.006223568968529825
2024-06-22 02:00:00+00:00,3503.02734375,3.7774960070664836e-05,0.006147087270041219
2024-06-22 03:00:00+00:00,3504.403564453125,0.00039278895185626344,0.006131633533625167
2024-06-22 04:00:00+00:00,3507.219482421875,0.0008032143488936077,0.0060731035963471685
2024-06-22 05:00:00+00:00,3506.157958984375,-0.00030271390766419725,0.0060699382440038046
2024-06-22 06:00:00+00:00,3501.531494140625,-0.0013203968431716295,0.006058008747281372
2024-06-22 07:00:00+00:00,3491.9873046875,-0.002729440115310687,0.005627859217244463
2024-06-22 08:00:00+00:00,3482.468017578125,-0.0027297595527306755,0.005618808260876146
2024-06-22 09:00:00+00:00,3491.21337890625,0.0025081059530462995,0.004585579149196143
2024-06-22 10:00:00+00:00,3494.093994140625,0.0008247641066681032,0.004428992048572702
2024-06-22 11:00:00+00:00,3491.531982421875,-0.0007335095930464184,0.004398156651357333
2024-06-22 12:00:00+00:00,3487.5166015625,-0.0011506959019181523,0.004370047878853797
2024-06-22 13:00:00+00:00,3498.06787109375,0.0030208717957664216,0.004194779949040645
2024-06-22 14:00:00+00:00,3500.1201171875,0.0005865078663265383,0.0035239602031171212
2024-06-22 15:00:00+00:00,3502.7548828125,0.000752481159330364,0.0031736588487901863
2024-06-22 16:00:00+00:00,3502.410400390625,-9.835097623713165e-05,0.0031743511984507816
2024-06-22 17:00:00+00:00,3498.89208984375,-0.0010050446607443835,0.0031565340678325255
2024-06-22 18:00:00+00:00,3493.450439453125,-0.0015564602181284855,0.001977586335769219
2024-06-22 19:00:00+00:00,3490.336181640625,-0.0008918537142924232,0.0018375516881376263
2024-06-22 20:00:00+00:00,3494.897216796875,0.0013059079186866847,0.0017732060792549672
2024-06-22 21:00:00+00:00,3505.8671875,0.0031339376811235398,0.0018914630169378252
2024-06-22 22:00:00+00:00,3500.201171875,-0.001617459770483924,0.0018677433264869358
2024-06-22 23:00:00+00:00,3495.242919921875,-0.001417566266947208,0.0018669693339754918
2024-06-23 00:00:00+00:00,3506.345947265625,0.0031715762982880884,0.001716542465753675
2024-06-23 01:00:00+00:00,3507.301025390625,0.0002723485041739664,0.0017050290552454823
2024-06-23 02:00:00+00:00,3509.619384765625,0.0006607911516291076,0.0017095338359953756
2024-06-23 03:00:00+00:00,3517.341552734375,0.002197869362306454,0.00176284623354196
2024-06-23 04:00:00+00:00,3512.751220703125,-0.0013059095609539064,0.0017815236814592926
2024-06-23 05:00:00+00:00,3507.4384765625,-0.0015135617081480574,0.00180933786635184
2024-06-23 06:00:00+00:00,3506.4609375,-0.00027874339539837216,0.0017882773337384846
2024-06-23 07:00:00+00:00,3510.6552734375,0.0011954587357355159,0.0016994858959938225
2024-06-23 08:00:00+00:00,3502.852294921875,-0.0022251296256775212,0.0016641304793959385
2024-06-23 09:00:00+00:00,3499.852783203125,-0.0008566723483934683,0.001605732215366775
2024-06-23 10:00:00+00:00,3492.7001953125,-0.002045773670125716,0.001655760600809566
2024-06-23 11:00:00+00:00,3495.396728515625,0.0007717504111220782,0.0016559339157944922
2024-06-23 12:00:00+00:00,3497.924072265625,0.0007227879092135544,0.0016411561603340353
2024-06-23 13:00:00+00:00,3494.275634765625,-0.0010435736918214867,0.0015355549423006233
2024-06-23 14:00:00+00:00,3482.228271484375,-0.0034536998526086657,0.0016781341333499471
2024-06-23 15:00:00+00:00,3471.626708984375,-0.003049120450010957,0.0017603884653947788
2024-06-23 16:00:00+00:00,3462.33251953125,-0.0026807757914137933,0.0018208248065795095
2024-06-23 17:00:00+00:00,3471.048583984375,0.0025142333630442455,0.0019158914903325713
2024-06-23 18:00:00+00:00,3475.499267578125,0.0012814089236438087,0.0019246463815531948
2024-06-23 19:00:00+00:00,3476.434814453125,0.0002691472242423998,0.0019214733114021692
2024-06-23 20:00:00+00:00,3433.34423828125,-0.012472507283202372,0.0031366210891756565
2024-06-23 21:00:00+00:00,3430.3720703125,-0.0008660521562642631,0.0030261310077274086
2024-06-23 22:00:00+00:00,3421.9697265625,-0.0024524018825209616,0.0030394233532191695
2024-06-23 23:00:00+00:00,3418.294921875,-0.0010744628256092884,0.003037894983675945
2024-06-24 00:00:00+00:00,3420.300537109375,0.0005865576649202302,0.002930156787686476
2024-06-24 01:00:00+00:00,3421.61328125,0.0003837359521282893,0.0029324053268125387
2024-06-24 02:00:00+00:00,3404.17138671875,-0.005110601445054563,0.0030229171039100372
2024-06-24 03:00:00+00:00,3401.7763671875,-0.000703801944038526,0.0029348874931585766
2024-06-24 04:00:00+00:00,3407.09033203125,0.0015608958604724943,0.0029962415420090017
2024-06-24 05:00:00+00:00,3366.728759765625,-0.01191707348112697,0.0037020558260807486
2024-06-24 06:00:00+00:00,3372.2763671875,0.001646417704251557,0.0037548072454143917
2024-06-24 07:00:00+00:00,3368.9482421875,-0.000987394861689465,0.0037096630377032713
2024-06-24 08:00:00+00:00,3376.028564453125,0.002099436386282694,0.003788095879320015
2024-06-24 09:00:00+00:00,3309.75927734375,-0.019824576866314208,0.005312170940878441
2024-06-24 10:00:00+00:00,3319.38623046875,0.0029044346307359114,0.005418596902357219
2024-06-24 11:00:00+00:00,3318.611328125,-0.00023347473102542445,0.005399117490487494
2024-06-24 12:00:00+00:00,3314.4091796875,-0.001267039350993687,0.005368072741090584
2024-06-24 13:00:00+00:00,3323.119873046875,0.0026246810494679656,0.005455294823027186
2024-06-24 14:00:00+00:00,3311.5859375,-0.0034768526277502826,0.005455548025077956
2024-06-24 15:00:00+00:00,3269.86572265625,-0.012678289178567306,0.005867409347892116
2024-06-24 16:00:00+00:00,3262.0361328125,-0.0023973396315103666,0.005867303916553443
2024-06-24 17:00:00+00:00,3290.40087890625,0.008657824019670413,0.006218322441488053
2024-06-24 18:00:00+00:00,3297.580810546875,0.0021797068728490305,0.006243012585439429
2024-06-24 19:00:00+00:00,3287.686279296875,-0.0030050531165782064,0.006222689750695291
2024-06-24 20:00:00+00:00,3307.98388671875,0.006154847342982527,0.0060617026424938806
2024-06-24 21:00:00+00:00,3342.569580078125,0.010400940409018879,0.006534794616819156
2024-06-24 22:00:00+00:00,3332.58203125,-0.0029924582579432956,0.006540651785871036
2024-06-24 23:00:00+00:00,3351.709228515625,0.005723044890998628,0.006687463871535014
2024-06-25 00:00:00+00:00,3346.4892578125,-0.0015586196110840428,0.006682185676960278
2024-06-25 01:00:00+00:00,3344.594482421875,-0.0005663583105018554,0.006677006299533681
2024-06-25 02:00:00+00:00,3348.32861328125,0.0011158446596294068,0.00662905323364149
2024-06-25 03:00:00+00:00,3371.764892578125,0.006975014348403707,0.006811125026631043
2024-06-25 04:00:00+00:00,3390.524658203125,0.005548361574772986,0.0069081953160748215
2024-06-25 05:00:00+00:00,3375.1435546875,-0.004546817706730881,0.006517601003321483
2024-06-25 06:00:00+00:00,3368.40576171875,-0.001998293448957971,0.006522559510114776
2024-06-25 07:00:00+00:00,3358.320068359375,-0.0029986954045216974,0.006548027191483773
2024-06-25 08:00:00+00:00,3351.250732421875,-0.0021072401688056472,0.006542008092906971
2024-06-25 09:00:00+00:00,3380.054443359375,0.00855818774812215,0.00530970031850685
2024-06-25 10:00:00+00:00,3377.223388671875,-0.0008379276162733971,0.005302477540979812
2024-06-25 11:00:00+00:00,3376.388671875,-0.00024719121964428763,0.005302585488139806
2024-06-25 12:00:00+00:00,3363.731201171875,-0.003755863640685111,0.005367062760679497
2024-06-25 13:00:00+00:00,3363.46875,-7.802686821054956e-05,0.005351403837796809
2024-06-25 14:00:00+00:00,3402.985107421875,0.011680211677441384,0.005741479951492302
2024-06-25 15:00:00+00:00,3420.20849609375,0.005048493785796491,0.004976561457158597
2024-06-25 16:00:00+00:00,3382.210205078125,-0.011172110367539203,0.005588626322163017
2024-06-25 17:00:00+00:00,3388.330322265625,0.0018078671354792913,0.005378539803688562
2024-06-25 18:00:00+00:00,3417.393310546875,0.008540800807199052,0.005580718413858799
2024-06-25 19:00:00+00:00,3419.184814453125,0.0005240937540684353,0.005503165201515929
2024-06-25 20:00:00+00:00,3411.2490234375,-0.002323657552262976,0.0054723903704271114
2024-06-25 21:00:00+00:00,3400.9306640625,-0.0030293878727426548,0.005177996639795491
2024-06-25 22:00:00+00:00,3400.58154296875,-0.00010265984487848835,0.005121172376225101
2024-06-25 23:00:00+00:00,3395.130859375,-0.0016041540429899252,0.005035197739420187
2024-06-26 00:00:00+00:00,3388.321044921875,-0.0020077732802759496,0.0050441494924843115
2024-06-26 01:00:00+00:00,3415.70068359375,0.008048118466056855,0.0052653117430986555
2024-06-26 02:00:00+00:00,3405.469482421875,-0.002999839791544579,0.005323875781166862
2024-06-26 03:00:00+00:00,3393.683349609375,-0.0034669450471717356,0.005214754493098719
2024-06-26 04:00:00+00:00,3388.625732421875,-0.0014914148157530646,0.005101707148762019
2024-06-26 05:00:00+00:00,3389.54248046875,0.0002705002365451093,0.005009938566826686
2024-06-26 06:00:00+00:00,3388.69287109375,-0.00025068748291649567,0.0049896003923021095
2024-06-26 07:00:00+00:00,3400.400146484375,0.003448851551962746,0.004980634512432856
2024-06-26 08:00:00+00:00,3385.93994140625,-0.004261568614339392,0.005048965489102422
2024-06-26 09:00:00+00:00,3378.702392578125,-0.0021398179629940547,0.004764293873155595
2024-06-26 10:00:00+00:00,3372.49560546875,-0.001838722211933589,0.004776159486307597
2024-06-26 11:00:00+00:00,3379.67822265625,0.002127498515152218,0.004796631475615472
2024-06-26 12:00:00+00:00,3372.61328125,-0.002092606333798908,0.0047511954488264774
2024-06-26 13:00:00+00:00,3389.376220703125,0.00495800053721725,0.004852659484155246
2024-06-26 14:00:00+00:00,3379.070556640625,-0.003045210331256478,0.004246931516626178
2024-06-26 15:00:00+00:00,3359.62744140625,-0.005770601144126702,0.004229373762988692
2024-06-26 16:00:00+00:00,3351.60546875,-0.0023906118545195887,0.00362466715595459
2024-06-26 17:00:00+00:00,3360.057861328125,0.0025187190211716642,0.0036461525232301607
2024-06-26 18:00:00+00:00,3363.957763671875,0.001159992182812117,0.0031398463635418073
2024-06-26 19:00:00+00:00,3405.8271484375,0.012369645172141999,0.004113564804961594
2024-06-26 20:00:00+00:00,3388.46142578125,-0.00511187014862753,0.004215349616607493
2024-06-26 21:00:00+00:00,3386.8955078125,-0.0004622392626630488,0.004174908041193957
2024-06-26 22:00:00+00:00,3378.25634765625,-0.002554019491929255,0.004203021845189506
2024-06-26 23:00:00+00:00,3369.343505859375,-0.0026417829076818707,0.004222585881746185
2024-06-27 00:00:00+00:00,3370.156982421875,0.00024140559611650025,0.004208380434033101
2024-06-27 01:00:00+00:00,3378.82275390625,0.002568025563957736,0.0038755489455124244
2024-06-27 02:00:00+00:00,3383.521728515625,0.0013897474102032394,0.003853612614524437
2024-06-27 03:00:00+00:00,3380.184814453125,-0.0009867117421596997,0.0037969755941463525
2024-06-27 04:00:00+00:00,3382.130859375,0.0005755557916728592,0.0037890400536953416
2024-06-27 05:00:00+00:00,3366.738037109375,-0.004561608528249025,0.0038964679831513835
2024-06-27 06:00:00+00:00,3371.297119140625,0.0013532380349062106,0.003910744129615293
2024-06-27 07:00:00+00:00,3372.471923828125,0.00034841190197902583,0.003834946204595559
2024-06-27 08:00:00+00:00,3373.68505859375,0.00035965210470581196,0.003744626479748555
2024-06-27 09:00:00+00:00,3397.67431640625,0.007085536846768866,0.003996621599476239
2024-06-27 10:00:00+00:00,3393.3505859375,-0.0012733662783324707,0.003985528576087618
2024-06-27 11:00:00+00:00,3403.8544921875,0.0030906569657733847,0.00400995785248954
2024-06-27 12:00:00+00:00,3429.197998046875,0.0074179503547232165,0.00422756736894738
2024-06-27 13:00:00+00:00,3453.77685546875,0.007141958940877531,0.0043452243366003465
2024-06-27 14:00:00+00:00,3443.95654296875,-0.0028474046669437415,0.004337826170638081
2024-06-27 15:00:00+00:00,3445.527587890625,0.0004560704166716365,0.004108359409146877
2024-06-27 16:00:00+00:00,3448.083251953125,0.0007414587910336848,0.0040434841869156695
2024-06-27 17:00:00+00:00,3458.89306640625,0.003130117371410283,0.004054180811231566
2024-06-27 18:00:00+00:00,3448.07080078125,-0.0031337284194755282,0.0041499940004650635
2024-06-27 19:00:00+00:00,3447.107421875,-0.0002794355363732612,0.0033786556876225873
2024-06-27 20:00:00+00:00,3442.21875,-0.0014192019868341551,0.003190745216605257
2024-06-27 21:00:00+00:00,3442.4873046875,7.801485945883811e-05,0.0031844136675857567
2024-06-27 22:00:00+00:00,3447.00048828125,0.0013101653925395814,0.003110711147815054
2024-06-27 23:00:00+00:00,3444.7041015625,-0.0006664205564245178,0.0030399261124616785
2024-06-28 00:00:00+00:00,3435.72265625,-0.0026107248082178226,0.00312230808930693
2024-06-28 01:00:00+00:00,3482.847412109375,0.013622897271812203,0.004066665456888551
2024-06-28 02:00:00+00:00,3449.26904296875,-0.009687844103814075,0.004639951923710662
2024-06-28 03:00:00+00:00,3456.964599609375,0.00222858368944635,0.004632475977656704
2024-06-28 04:00:00+00:00,3452.6669921875,-0.0012439470669188758,0.00465346975303815
2024-06-28 05:00:00+00:00,3445.349365234375,-0.002121662031214373,0.004555494346739092
2024-06-28 06:00:00+00:00,3450.381103515625,0.0014593781462589937,0.004555942472164304
2024-06-28 07:00:00+00:00,3429.190673828125,-0.006160411545718914,0.004782408388159804
2024-06-28 08:00:00+00:00,3433.90478515625,0.0013737568121188033,0.004783797092024567
2024-06-28 09:00:00+00:00,3437.00439453125,0.00090224146592713,0.004589596173862627
2024-06-28 10:00:00+00:00,3443.2392578125,0.001812396567033214,0.004581570273968388
2024-06-28 11:00:00+00:00,3447.9111328125,0.0013559058940634113,0.004554304623857899
2024-06-28 12:00:00+00:00,3437.111083984375,-0.0031372615356227364,0.004366596969361852
2024-06-28 13:00:00+00:00,3440.28076171875,0.0009217674461236003,0.004107096699850055
2024-06-28 14:00:00+00:00,3407.524658203125,-0.009566963821251022,0.0045075536058018055
2024-06-28 15:00:00+00:00,3411.763916015625,0.001243313965220642,0.004517235590114781
2024-06-28 16:00:00+00:00,3389.50341796875,-0.0065460086900398255,0.004678498124071444
2024-06-28 17:00:00+00:00,3380.55419921875,-0.0026437659673162243,0.004620324010885737
2024-06-28 18:00:00+00:00,3378.691162109375,-0.0005512559633395644,0.004597380889778098
2024-06-28 19:00:00+00:00,3373.292724609375,-0.001599067397344681,0.004598189801728433
2024-06-28 20:00:00+00:00,3382.95947265625,0.00286157306182693,0.004659864738545357
2024-06-28 21:00:00+00:00,3377.02294921875,-0.0017563728995491437,0.004661189407933261
2024-06-28 22:00:00+00:00,3367.8759765625,-0.0027122654807097196,0.004654327964089401
2024-06-28 23:00:00+00:00,3373.4931640625,0.0016664830786784963,0.004685150229618698
2024-06-29 00:00:00+00:00,3382.335693359375,0.0026177496597464844,0.004722121018174337
2024-06-29 01:00:00+00:00,3390.097900390625,0.0022922957671721966,0.0036854512183884668
2024-06-29 02:00:00+00:00,3383.512939453125,-0.0019442991832931238,0.0032116880221416083
2024-06-29 03:00:00+00:00,3379.876220703125,-0.0010754132327376001,0.003146282357700214
2024-06-29 04:00:00+00:00,3383.580078125,0.0010952559249255177,0.0031725687557497867
2024-06-29 05:00:00+00:00,3380.555419921875,-0.0008943222398767751,0.0031609185432517036
2024-06-29 06:00:00+00:00,3382.7177734375,0.000639439965674515,0.0031398988833732213
2024-06-29 07:00:00+00:00,3394.489990234375,0.003474064555023653,0.0030425111334134117
2024-06-29 08:00:00+00:00,3385.7431640625,-0.002580097417022378,0.003047987818411088
2024-06-29 09:00:00+00:00,3388.20947265625,0.0007281741798306733,0.003044491344333832
2024-06-29 10:00:00+00:00,3391.5888671875,0.0009969012769195922,0.0030209050348136038
2024-06-29 11:00:00+00:00,3396.975830078125,0.0015870700984892481,0.0030278718671865185
2024-06-29 12:00:00+00:00,3387.28857421875,-0.0028558033313179024,0.0030182284294954552
2024-06-29 13:00:00+00:00,3389.2529296875,0.0005797516395755335,0.0030114894847523394
2024-06-29 14:00:00+00:00,3383.04833984375,-0.0018323436400115292,0.002354999202715384
2024-06-29 15:00:00+00:00,3388.853271484375,0.001714417425306084,0.002370338921127046
2024-06-29 16:00:00+00:00,3380.761474609375,-0.0023906237008367794,0.002018439225937569
2024-06-29 17:00:00+00:00,3384.281005859375,0.001040505385648868,0.001956312817086713
2024-06-29 18:00:00+00:00,3385.217529296875,0.0002766891634914426,0.0019526210640153441
2024-06-29 19:00:00+00:00,3381.339599609375,-0.001146204794606069,0.0019378177406497261
2024-06-29 20:00:00+00:00,3377.906494140625,-0.0010158250539636666,0.0018574749661286678
2024-06-29 21:00:00+00:00,3381.8896484375,0.0011784836920681271,0.001837597326517356
2024-06-29 22:00:00+00:00,3370.079345703125,-0.003498332053800541,0.0018952583995662585
2024-06-29 23:00:00+00:00,3371.931884765625,0.0005495508820132121,0.001866755325228835
2024-06-30 00:00:00+00:00,3380.638427734375,0.0025787359155432987,0.0018643746175559196
2024-06-30 01:00:00+00:00,3368.83154296875,-0.0034986145164562768,0.0019257039439098743
2024-06-30 02:00:00+00:00,3355.6943359375,-0.003907256505886125,0.002038628518620751
2024-06-30 03:00:00+00:00,3365.116943359375,0.0028040107671681693,0.002129870415077243
2024-06-30 04:00:00+00:00,3358.74658203125,-0.0018948520326491736,0.0021393199425644386
2024-06-30 05:00:00+00:00,3360.564697265625,0.0005411612003590401,0.0021422484646755743
2024-06-30 06:00:00+00:00,3369.902099609375,0.002774668865060267,0.0022234670199771543
2024-06-30 07:00:00+00:00,3386.91552734375,0.005035939884633192,0.002353457157571828
2024-06-30 08:00:00+00:00,3386.80322265625,-3.315894611364262e-05,0.0022930854040112726
2024-06-30 09:00:00+00:00,3383.285888671875,-0.0010390806510828428,0.002297493493539683
2024-06-30 10:00:00+00:00,3380.529052734375,-0.0008151719448396574,0.0022909959649806584
2024-06-30 11:00:00+00:00,3382.726806640625,0.0006499100519939842,0.0022682223362700178
2024-06-30 12:00:00+00:00,3379.992431640625,-0.0008086614430272407,0.0022005131847280634
2024-06-30 13:00:00+00:00,3389.757080078125,0.0028847906979110475,0.0022798804183330385
2024-06-30 14:00:00+00:00,3387.7998046875,-0.0005775755123312451,0.0022500783982237933
2024-06-30 15:00:00+00:00,3393.38916015625,0.0016484887129648643,0.0022480081243810785
2024-06-30 16:00:00+00:00,3387.6806640625,-0.0016836568831223857,0.002219003143987828
2024-06-30 17:00:00+00:00,3407.0400390625,0.0056983732610708685,0.002492969590698987
2024-06-30 18:00:00+00:00,3421.314453125,0.004180929643326006,0.0026170882760596075
2024-06-30 19:00:00+00:00,3422.233154296875,0.0002684868229446419,0.0025956062831164004
2024-06-30 20:00:00+00:00,3418.05029296875,-0.0012230083392737658,0.002601208478343852
2024-06-30 21:00:00+00:00,3411.37353515625,-0.001955292308027696,0.0026435727372569897
2024-06-30 22:00:00+00:00,3444.418212890625,0.009640005079224408,0.0031258403318912137
2024-06-30 23:00:00+00:00,3434.974609375,-0.0027454775999819453,0.0032134537532871057
2024-07-01 00:00:00+00:00,3435.624267578125,0.0001891125407540571,0.0031919820208389437
2024-07-01 01:00:00+00:00,3512.061767578125,0.02200461674910265,0.005295257209159566
2024-07-01 02:00:00+00:00,3495.595703125,-0.004699457650788148,0.005334282415189378
2024-07-01 03:00:00+00:00,3495.5048828125,-2.5981692406987195e-05,0.005340135934101633
2024-07-01 04:00:00+00:00,3482.748779296875,-0.0036559627498570163,0.005401761504056552
2024-07-01 05:00:00+00:00,3484.78466796875,0.0005843929549026659,0.0054014313741140955
2024-07-01 06:00:00+00:00,3485.022216796875,6.816511049574536e-05,0.005402184717157253
2024-07-01 07:00:00+00:00,3486.296142578125,0.00036547629293595576,0.005349361927874691
2024-07-01 08:00:00+00:00,3480.419921875,-0.0016869417505443788,0.005376587115446481
2024-07-01 09:00:00+00:00,3475.96875,-0.0012797365680498971,0.005381042775717201
2024-07-01 10:00:00+00:00,3467.056396484375,-0.0025672839209600145,0.005420267291022825
2024-07-01 11:00:00+00:00,3455.507080078125,-0.003336719745770745,0.005493748826158336
2024-07-01 12:00:00+00:00,3468.49951171875,0.0037528695899367638,0.005511413689673715
2024-07-01 13:00:00+00:00,3456.2763671875,-0.0035302679652125216,0.005575119771787828
2024-07-01 14:00:00+00:00,3466.005126953125,0.0028108554034856352,0.005581360957391096
2024-07-01 15:00:00+00:00,3466.392578125,0.00011177984551996593,0.005581825010538132
2024-07-01 16:00:00+00:00,3462.023681640625,-0.0012611531696815957,0.005574026191233544
2024-07-01 17:00:00+00:00,3487.668701171875,0.007380221892012807,0.0056470099384690105
2024-07-01 18:00:00+00:00,3478.706787109375,-0.00257290725182807,0.005648562017688128
2024-07-01 19:00:00+00:00,3467.255615234375,-0.0032972197619640323,0.005706810667682364
2024-07-01 20:00:00+00:00,3464.432373046875,-0.0008145901397720868,0.0057019174616821326
2024-07-01 21:00:00+00:00,3456.476806640625,-0.0022989956098875873,0.005708941058282506
2024-07-01 22:00:00+00:00,3440.11328125,-0.00474540487093284,0.0054626345088900335
2024-07-01 23:00:00+00:00,3441.233154296875,0.00032548079572816105,0.005432687026787118
2024-07-02 00:00:00+00:00,3440.9013671875,-9.641982689999691e-05,0.005432740848193698
2024-07-02 01:00:00+00:00,3444.80029296875,0.0011324702667572244,0.002800888448478349
2024-07-02 02:00:00+00:00,3444.90576171875,3.0616327945193936e-05,0.0026787448591278173
2024-07-02 03:00:00+00:00,3454.8134765625,0.002871920236585796,0.00276991113123854
2024-07-02 04:00:00+00:00,3450.090576171875,-0.0013679845776521232,0.0026944801749995877
2024-07-02 05:00:00+00:00,3454.261962890625,0.0012083355253643911,0.0027072956472584384
2024-07-02 06:00:00+00:00,3443.619140625,-0.003085826082321125,0.002761287360931627
2024-07-02 07:00:00+00:00,3434.932861328125,-0.002525614086130705,0.0027849422813113825
2024-07-02 08:00:00+00:00,3437.815673828125,0.0008389111443038711,0.0027905283681442534
2024-07-02 09:00:00+00:00,3443.144775390625,0.0015489415081811986,0.0028163616800229627
2024-07-02 10:00:00+00:00,3446.0419921875,0.0008410911375806313,0.0027878686792784306
2024-07-02 11:00:00+00:00,3448.011474609375,0.0005713568903804187,0.002713069881193863
2024-07-02 12:00:00+00:00,3447.930908203125,-2.3366322333104662e-05,0.0025870598335703474
2024-07-02 13:00:00+00:00,3434.651611328125,-0.0038588170400355396,0.002605984269198669
2024-07-02 14:00:00+00:00,3408.83349609375,-0.007545347821855322,0.0029143016913184146
2024-07-02 15:00:00+00:00,3411.2333984375,0.0007037768045152028,0.0029238991836528345
2024-07-02 16:00:00+00:00,3412.5341796875,0.00038125016740774893,0.0029286378682553188
2024-07-02 17:00:00+00:00,3419.541259765625,0.0020512310196539253,0.0024621642795645405
2024-07-02 18:00:00+00:00,3426.573486328125,0.0020543707771680975,0.002499975247003621
2024-07-02 19:00:00+00:00,3414.68701171875,-0.003474940494881208,0.002508470530192248
2024-07-02 20:00:00+00:00,3414.385009765625,-8.84459710988327e-05,0.0025106082076998353
2024-07-02 21:00:00+00:00,3417.148193359375,0.000808949810321145,0.0024996332628278014
2024-07-02 22:00:00+00:00,3419.15185546875,0.0005861832138547403,0.002335291454106978
2024-07-02 23:00:00+00:00,3416.722900390625,-0.0007106494097967698,0.0023336769826953507
2024-07-03 00:00:00+00:00,3419.9580078125,0.0009463971499556975,0.002347258729748828
2024-07-03 01:00:00+00:00,3387.58544921875,-0.009510861832434344,0.0029910036141017945
2024-07-03 02:00:00+00:00,3377.719970703125,-0.0029164937563647105,0.0030201508251700123
2024-07-03 03:00:00+00:00,3356.522216796875,-0.006295533581416277,0.0031111835106559724
2024-07-03 04:00:00+00:00,3356.21337890625,-9.201550886066636e-05,0.0031191270145095973
2024-07-03 05:00:00+00:00,3362.808349609375,0.001963075306941318,0.0031476069108731905
2024-07-03 06:00:00+00:00,3365.625,0.0008372381530152296,0.0031428341201030813
2024-07-03 07:00:00+00:00,3349.835205078125,-0.004702529249625204,0.003220599282866113
2024-07-03 08:00:00+00:00,3335.549560546875,-0.00427370054991099,0.0032594050542552695
2024-07-03 09:00:00+00:00,3337.075927734375,0.00045750123899622924,0.003225977147455166
2024-07-03 10:00:00+00:00,3307.593017578125,-0.008874212962095191,0.0035394540165852254
2024-07-03 11:00:00+00:00,3303.87646484375,-0.0011242744553933615,0.003508755809308927
2024-07-03 12:00:00+00:00,3284.709716796875,-0.005818183624422838,0.0035813072790407403
2024-07-03 13:00:00+00:00,3313.30322265625,0.008667362469412264,0.004166689909988866
2024-07-03 14:00:00+00:00,3303.670166015625,-0.002911622241825551,0.003977382656814226
2024-07-03 15:00:00+00:00,3299.534912109375,-0.0012524991721214504,0.003954390286164239
2024-07-03 16:00:00+00:00,3311.926513671875,0.0037485255602239527,0.004077677134864904
2024-07-03 17:00:00+00:00,3299.41845703125,-0.0037838205749399635,0.004046314676175519
2024-07-03 18:00:00+00:00,3302.7314453125,0.0010036090086813759,0.004011834332247309
2024-07-03 19:00:00+00:00,3266.696044921875,-0.010970746498187937,0.004438603888947392
2024-07-03 20:00:00+00:00,3255.772705078125,-0.003349452630496285,0.004432367313019459
2024-07-03 21:00:00+00:00,3296.244873046875,0.012354265613590867,0.005291667709588728
2024-07-03 22:00:00+00:00,3299.69921875,0.0010474151905648117,0.005300407476770863
2024-07-03 23:00:00+00:00,3294.7802734375,-0.0014918375985911868,0.005297864527414886
2024-07-04 00:00:00+00:00,3303.21484375,0.0025567084416566925,0.00534040953451521
2024-07-04 01:00:00+00:00,3213.989013671875,-0.027383340291250818,0.007373017213837272
2024-07-04 02:00:00+00:00,3226.3974609375,0.00385332857525616,0.007472911567927515
2024-07-04 03:00:00+00:00,3240.137451171875,0.0042495744934572715,0.007513729155559547
2024-07-04 04:00:00+00:00,3235.647705078125,-0.0013866262406184273,0.0075080482346320445
2024-07-04 05:00:00+00:00,3222.04443359375,-0.004213050518211835,0.007489139475241598
2024-07-04 06:00:00+00:00,3203.161376953125,-0.005877822925198708,0.007512443660785944
2024-07-04 07:00:00+00:00,3172.45751953125,-0.009631722123486695,0.007653835963161991
2024-07-04 08:00:00+00:00,3163.65673828125,-0.0027779760754453714,0.007642866312806618
2024-07-04 09:00:00+00:00,3160.56787109375,-0.0009768367266842811,0.007626736162435137
2024-07-04 10:00:00+00:00,3166.255615234375,0.001797978301483875,0.0075351608781433505
2024-07-04 11:00:00+00:00,3156.566162109375,-0.0030649165993304425,0.007537786691458428
2024-07-04 12:00:00+00:00,3128.45849609375,-0.008944389221463078,0.007634817972299864
2024-07-04 13:00:00+00:00,3121.4755859375,-0.0022345557473758817,0.0072870346784148915
2024-07-04 14:00:00+00:00,3121.589599609375,3.652490195100944e-05,0.007304358428216788
2024-07-04 15:00:00+00:00,3137.1201171875,0.004962859808880413,0.0074540588926531315
2024-07-04 16:00:00+00:00,3139.294921875,0.0006930085920080125,0.007375447136182112
2024-07-04 17:00:00+00:00,3140.82568359375,0.00048749437956096956,0.007387858792211863
2024-07-04 18:00:00+00:00,3129.340087890625,-0.0036635741280654317,0.007365307856321296
2024-07-04 19:00:00+00:00,3133.287109375,0.001260500388304883,0.007155610416185126
2024-07-04 20:00:00+00:00,3141.27685546875,0.0025467109608884714,0.007198940993778434
2024-07-04 21:00:00+00:00,3158.052978515625,0.0053263325306914565,0.006739521330793097
2024-07-04 22:00:00+00:00,3125.79150390625,-0.010268159295400146,0.006926018486567977
2024-07-04 23:00:00+00:00,3062.264404296875,-0.020532888665625824,0.007862011463632069
2024-07-05 00:00:00+00:00,3100.96337890625,0.01255818689957196,0.008417522976135246
2024-07-05 01:00:00+00:00,3095.517333984375,-0.0017577869040463776,0.006562293252334885
2024-07-05 02:00:00+00:00,2976.119140625,-0.039334893716306225,0.01002163271469561
2024-07-05 03:00:00+00:00,2920.840576171875,-0.01874870657567694,0.010355899183475795
2024-07-05 04:00:00+00:00,2867.597900390625,-0.01839673259317831,0.010721837679407646
2024-07-05 05:00:00+00:00,2895.556396484375,0.009702573968158943,0.011136274818423556
2024-07-05 06:00:00+00:00,2859.44580078125,-0.012549454676817338,0.011256048610212635
2024-07-05 07:00:00+00:00,2878.168212890625,0.006526224495472102,0.01143194039873036
2024-07-05 08:00:00+00:00,2852.310302734375,-0.009024756165801496,0.011472609843736669
2024-07-05 09:00:00+00:00,2881.758056640625,0.010271245807099682,0.011838878933262817
2024-07-05 10:00:00+00:00,2913.889892578125,0.011088377155219306,0.012178526343424468
2024-07-05 11:00:00+00:00,2946.626220703125,0.011171940485359346,0.012540016799237814
2024-07-05 12:00:00+00:00,2939.58984375,-0.002390799191770063,0.012473114960205974
2024-07-05 13:00:00+00:00,2966.980224609375,0.009274613483610404,0.012706617663743884
2024-07-05 14:00:00+00:00,2954.348388671875,-0.004266561079274046,0.012705297190271777
2024-07-05 15:00:00+00:00,2984.51708984375,0.010159839716043145,0.012877482175809262
2024-07-05 16:00:00+00:00,2966.065673828125,-0.0062015691183021325,0.012889879762254744
2024-07-05 17:00:00+00:00,2991.30810546875,0.00847439950621976,0.013068591863903514
2024-07-05 18:00:00+00:00,2990.816162109375,-0.00016447112713795955,0.01306911999896889
2024-07-05 19:00:00+00:00,2982.535400390625,-0.002772569783219069,0.013052814908920025
2024-07-05 20:00:00+00:00,2973.827880859375,-0.002923772551496182,0.013016685993617058
2024-07-05 21:00:00+00:00,2979.806396484375,0.0020083590479455884,0.012949808173839476
2024-07-05 22:00:00+00:00,2976.275390625,-0.0011856809222082307,0.01284277697016063
2024-07-05 23:00:00+00:00,2982.21923828125,0.0019950843285047714,0.012241769092861472
2024-07-06 00:00:00+00:00,2990.6396484375,0.0028195595758794827,0.011926578987088243
2024-07-06 01:00:00+00:00,2964.969970703125,-0.008620389292654611,0.012014733328296745
2024-07-06 02:00:00+00:00,2981.820068359375,0.0056669707993711555,0.009046314909370039
2024-07-06 03:00:00+00:00,2980.26904296875,-0.0005202959555460112,0.008113940271526633
2024-07-06 04:00:00+00:00,2965.103515625,-0.005101634956138849,0.007138793491197879
2024-07-06 05:00:00+00:00,2972.366943359375,0.0024466416827919227,0.006921941119410364
2024-07-06 06:00:00+00:00,2991.3740234375,0.006374235413676923,0.006355206448263185
2024-07-06 07:00:00+00:00,3005.2490234375,0.004627612792197881,0.006306478137351827
2024-07-06 08:00:00+00:00,3001.52490234375,-0.0012399739417293559,0.005913452490310671
2024-07-06 09:00:00+00:00,2999.101806640625,-0.0008076142550911886,0.005677574879997852
2024-07-06 10:00:00+00:00,3012.224853515625,0.0043661136597256366,0.005348661312213528
2024-07-06 11:00:00+00:00,3007.298095703125,-0.0016369266980717854,0.004953902587227771
2024-07-06 12:00:00+00:00,3000.36083984375,-0.0023094716318666875,0.0049516172281982955
2024-07-06 13:00:00+00:00,3008.712158203125,0.0027795714044273052,0.004638923375650322
2024-07-06 14:00:00+00:00,3013.889404296875,0.0017192727479337588,0.004526459517194994
2024-07-06 15:00:00+00:00,3020.968017578125,0.002345910112772189,0.004085887227076862
2024-07-06 16:00:00+00:00,3050.6650390625,0.00978229679699055,0.004244649443435267
2024-07-06 17:00:00+00:00,3049.85546875,-0.0002654102436720771,0.0039559920416048855
2024-07-06 18:00:00+00:00,3056.0087890625,0.0020155451008403973,0.003957728182788188
2024-07-06 19:00:00+00:00,3061.568603515625,0.0018176528475499624,0.0038828131175191105
2024-07-06 20:00:00+00:00,3064.2265625,0.0008677923695267951,0.0037884003700014283
2024-07-06 21:00:00+00:00,3060.50634765625,-0.0012148171539364367,0.003817283985282125
2024-07-06 22:00:00+00:00,3065.9384765625,0.0017733385301451675,0.0037874674506854977
2024-07-06 23:00:00+00:00,3068.299560546875,0.0007698051776567679,0.003785057803667916
2024-07-07 00:00:00+00:00,3050.850830078125,-0.0057030066748311285,0.0040177371878736155
2024-07-07 01:00:00+00:00,3054.212646484375,0.0011013208163859838,0.0034771673970637827
2024-07-07 02:00:00+00:00,3065.257080078125,0.003609608701078746,0.003387371291642043
2024-07-07 03:00:00+00:00,3051.794189453125,-0.004401765415835015,0.0035588971168955185
2024-07-07 04:00:00+00:00,3030.919921875,-0.006863498478064512,0.0037051424646632226
2024-07-07 05:00:00+00:00,3030.0166015625,-0.0002980794521425386,0.0036981562781667693
2024-07-07 06:00:00+00:00,3029.184814453125,-0.00027455338005480954,0.0035065291819842775
2024-07-07 07:00:00+00:00,3004.821044921875,-0.008075531414534159,0.003806028200859761
2024-07-07 08:00:00+00:00,3012.517578125,0.0025581200867800876,0.003831363829432259
2024-07-07 09:00:00+00:00,3013.921875,0.00046604530298209905,0.0038263069986266434
2024-07-07 10:00:00+00:00,3013.35205078125,-0.00018908190583811457,0.003722515406727555
2024-07-07 11:00:00+00:00,3016.391845703125,0.0010082667627621625,0.0037106007887432384
2024-07-07 12:00:00+00:00,3010.009033203125,-0.00211828420145401,0.0037053467817366762
2024-07-07 13:00:00+00:00,2973.876708984375,-0.012076688934896503,0.0044167644235883615
2024-07-07 14:00:00+00:00,2963.32373046875,-0.003554870594819561,0.004433485832287437
2024-07-07 15:00:00+00:00,2970.781982421875,0.0025136916129060867,0.004438635077179392
2024-07-07 16:00:00+00:00,2988.248046875,0.005862066270501234,0.004095021068410793
2024-07-07 17:00:00+00:00,2994.30322265625,0.002024279467451806,0.004135975776767616
2024-07-07 18:00:00+00:00,2987.54931640625,-0.0022581329365227187,0.004102881999691628
2024-07-07 19:00:00+00:00,2984.499755859375,-0.0010212778813546467,0.00406050484988108
2024-07-07 20:00:00+00:00,2999.41357421875,0.004984647476206494,0.004229046761816837
2024-07-07 21:00:00+00:00,2959.060791015625,-0.01354487664690591,0.004956498297964322
2024-07-07 22:00:00+00:00,2938.5458984375,-0.006957051021764919,0.005032909716392767
2024-07-07 23:00:00+00:00,2932.415771484375,-0.0020882879247172787,0.0050039735556860615
2024-07-08 00:00:00+00:00,2887.5341796875,-0.01542366580746017,0.005674693322857086
2024-07-08 01:00:00+00:00,2852.40673828125,-0.012239805409956186,0.005973371287400782
2024-07-08 02:00:00+00:00,2891.09814453125,0.013473303267467943,0.006728597922316241
2024-07-08 03:00:00+00:00,2879.989013671875,-0.0038499313132647206,0.006722533155859717
2024-07-08 04:00:00+00:00,2913.65576171875,0.011622088791015714,0.007230409903870459
2024-07-08 05:00:00+00:00,2917.053466796875,0.0011654518617029088,0.0072484046125834345
2024-07-08 06:00:00+00:00,2913.79443359375,-0.0011178592198514078,0.007243828084459784
2024-07-08 07:00:00+00:00,2927.665283203125,0.0047491128424033595,0.0072197592137965986
2024-07-08 08:00:00+00:00,3061.226318359375,0.04461031959759632,0.011795144174759246
2024-07-08 09:00:00+00:00,3049.81396484375,-0.0037349996903351503,0.011829399019274798
2024-07-08 10:00:00+00:00,3014.713623046875,-0.011575752022022648,0.012083569420925326
2024-07-08 11:00:00+00:00,3050.3857421875,0.011763213866842228,0.012318990530045008
2024-07-08 12:00:00+00:00,3046.272216796875,-0.0013494363772805034,0.012312973604900117
2024-07-08 13:00:00+00:00,3035.0634765625,-0.0036862799530235683,0.01205683999447169
2024-07-08 14:00:00+00:00,2984.21240234375,-0.01689647892194734,0.01256553282788781
2024-07-08 15:00:00+00:00,2968.219970703125,-0.005373423541291152,0.012607985839751631
2024-07-08 16:00:00+00:00,2970.71875,0.000841490226398298,0.012547376510204822
2024-07-08 17:00:00+00:00,2984.949462890625,0.00477888944282543,0.012581590348873182
2024-07-08 18:00:00+00:00,2991.251708984375,0.002109115221768196,0.012581060174047712
2024-07-08 19:00:00+00:00,3007.162109375,0.0053048816519277635,0.012623802672334622
2024-07-08 20:00:00+00:00,2996.83544921875,-0.003439931558441665,0.01260543190182678
2024-07-08 21:00:00+00:00,3026.74462890625,0.009930780400950454,0.012421064167737347
2024-07-08 22:00:00+00:00,3023.083740234375,-0.0012102456120537284,0.012317118836305315
2024-07-08 23:00:00+00:00,3016.794921875,-0.002082432771857727,0.01231705130805087
2024-07-09 00:00:00+00:00,3026.4814453125,0.00320572191121776,0.011801271882625908
2024-07-09 01:00:00+00:00,3028.81689453125,0.0007713738294893987,0.011413151747716784
2024-07-09 02:00:00+00:00,3070.439697265625,0.013648695789225495,0.011420537136290222
2024-07-09 03:00:00+00:00,3067.8701171875,-0.0008372272843479482,0.011364036263027316
2024-07-09 04:00:00+00:00,3072.086669921875,0.0013734798284202477,0.011202990576569951
2024-07-09 05:00:00+00:00,3068.364013671875,-0.0012125027617345013,0.011223092738113305
2024-07-09 06:00:00+00:00,3076.9091796875,0.0027810550497277507,0.011202581352686727
2024-07-09 07:00:00+00:00,3060.34375,-0.005398333784324069,0.011296032425094964
2024-07-09 08:00:00+00:00,3084.64111328125,0.007908071523884253,0.0068736971074677125
2024-07-09 09:00:00+00:00,3091.8896484375,0.002347122928245742,0.006829771105432078
2024-07-09 10:00:00+00:00,3080.391845703125,-0.003725629184187954,0.006397023589943366
2024-07-09 11:00:00+00:00,3084.863037109375,0.0014504484486405132,0.005967392807955701
2024-07-09 12:00:00+00:00,3071.408935546875,-0.004370866992789431,0.006038851982938711
2024-07-09 13:00:00+00:00,3065.459716796875,-0.0019388456721756353,0.0059985666016446415
2024-07-09 14:00:00+00:00,3057.1494140625,-0.00271462955093924,0.004797306085990173
2024-07-09 15:00:00+00:00,3067.586669921875,0.003408233700054085,0.004621234381876343
2024-07-09 16:00:00+00:00,3075.87109375,0.002696992204843707,0.004627489531765612
2024-07-09 17:00:00+00:00,3052.42578125,-0.007651531041572927,0.004924720423419061
2024-07-09 18:00:00+00:00,3059.907958984375,0.002448224128321777,0.004928731135845376
2024-07-09 19:00:00+00:00,3068.25048828125,0.0027226888868117846,0.004857094985706388
2024-07-09 20:00:00+00:00,3070.681640625,0.000792044094899713,0.004771095866440571
2024-07-09 21:00:00+00:00,3061.6005859375,-0.0029617232182388912,0.004437665253695311
2024-07-09 22:00:00+00:00,3059.013916015625,-0.0008452321494994976,0.004432253127057475
2024-07-09 23:00:00+00:00,3063.142578125,0.0013487609273680784,0.004400818553498121
2024-07-10 00:00:00+00:00,3033.4365234375,-0.009745232298248925,0.004843662673719386
2024-07-10 01:00:00+00:00,3059.44970703125,0.00853892249691851,0.005141150982306402
2024-07-10 02:00:00+00:00,3070.978759765625,0.0037612595558949523,0.00437384112210667
2024-07-10 03:00:00+00:00,3079.260009765625,0.002692986505103569,0.004403464532309078
2024-07-10 04:00:00+00:00,3117.187744140625,0.012241919741397734,0.005046227760258455
2024-07-10 05:00:00+00:00,3104.600341796875,-0.004046238587153807,0.0051232227212886965
2024-07-10 06:00:00+00:00,3112.193115234375,0.0024426667108198115,0.005117103062638784
2024-07-10 07:00:00+00:00,3097.857421875,-0.004616941114679708,0.0050804627695013324
2024-07-10 08:00:00+00:00,3086.850341796875,-0.0035594540987550203,0.004889878545276097
2024-07-10 09:00:00+00:00,3088.98291015625,0.0006906172356456147,0.004867386779550849
2024-07-10 10:00:00+00:00,3100.9384765625,0.0038629186143735845,0.004863978697342705
2024-07-10 11:00:00+00:00,3100.933349609375,-1.6533566861132838e-06,0.004857774800985474
2024-07-10 12:00:00+00:00,3105.683837890625,0.0015307820880160825,0.004763930045511326
2024-07-10 13:00:00+00:00,3101.413818359375,-0.0013758508215296456,0.004752965479446474
2024-07-10 14:00:00+00:00,3102.72314453125,0.00042208165266014515,0.004704006922262953
2024-07-10 15:00:00+00:00,3122.67333984375,0.006409315023569266,0.004819904445010014
2024-07-10 16:00:00+00:00,3119.428466796875,-0.0010396733150717353,0.004814342647355674
2024-07-10 17:00:00+00:00,3106.0498046875,-0.004298041731561738,0.0046091619991310865
2024-07-10 18:00:00+00:00,3101.216796875,-0.001557209992531891,0.0046165871420328465
2024-07-10 19:00:00+00:00,3107.551025390625,0.0020404147471945475,0.004604768106140147
2024-07-10 20:00:00+00:00,3095.239013671875,-0.003969835448425034,0.004694712315134084
2024-07-10 21:00:00+00:00,3097.74072265625,0.0008079177478262309,0.004642497482134154
2024-07-10 22:00:00+00:00,3100.43017578125,0.0008678216002294024,0.004634254208373822
2024-07-10 23:00:00+00:00,3102.18408203125,0.000565537763222027,0.004631217527995845
2024-07-11 00:00:00+00:00,3101.84912109375,-0.00010798167155412493,0.004087674755105534
2024-07-11 01:00:00+00:00,3124.121337890625,0.0071546474404887315,0.00398408573672758
2024-07-11 02:00:00+00:00,3103.792236328125,-0.0065284058690015705,0.004207011057817863
2024-07-11 03:00:00+00:00,3078.166259765625,-0.008290616431841868,0.004536131694289648
2024-07-11 04:00:00+00:00,3083.50634765625,0.001733324559042224,0.0037386740246285344
2024-07-11 05:00:00+00:00,3098.911376953125,0.0049835070567856255,0.0038148878365639465
2024-07-11 06:00:00+00:00,3105.025634765625,0.0019710902223997405,0.003802543340654959
2024-07-11 07:00:00+00:00,3119.20751953125,0.004556998093122965,0.003789406188054952
2024-07-11 08:00:00+00:00,3123.182861328125,0.0012736602781100326,0.0037036042076544133
2024-07-11 09:00:00+00:00,3144.763916015625,0.006886191199296066,0.003927526280200853
2024-07-11 10:00:00+00:00,3143.507080078125,-0.00039973975517813056,0.0038764819188259855
2024-07-11 11:00:00+00:00,3147.646240234375,0.001315867073254782,0.0038773915470065538
2024-07-11 12:00:00+00:00,3184.487060546875,0.011636279357376805,0.004481843448593108
2024-07-11 13:00:00+00:00,3177.7216796875,-0.002126740471933842,0.0045020463044125065
2024-07-11 14:00:00+00:00,3154.714111328125,-0.007266609677168103,0.004809002813697351
2024-07-11 15:00:00+00:00,3112.017333984375,-0.013626701064381208,0.0054674398765683155
2024-07-11 16:00:00+00:00,3123.7041015625,0.003748333334699869,0.005520375101205478
2024-07-11 17:00:00+00:00,3132.651611328125,0.002860296401425361,0.005467971712337229
2024-07-11 18:00:00+00:00,3137.363037109375,0.0015028439109530422,0.005457102351942694
2024-07-11 19:00:00+00:00,3108.70068359375,-0.009177797725912549,0.005788284147242851
2024-07-11 20:00:00+00:00,3115.72119140625,0.0022557952949013547,0.005741229799424424
2024-07-11 21:00:00+00:00,3107.879638671875,-0.002519942103624681,0.005767919391628708
2024-07-11 22:00:00+00:00,3100.38623046875,-0.0024140112553256866,0.005788683832860744
2024-07-11 23:00:00+00:00,3100.38671875,1.574904464947267e-07,0.005787430052869272
2024-07-12 00:00:00+00:00,3097.33203125,-0.0009857458431304685,0.005790755419037726
2024-07-12 01:00:00+00:00,3089.837646484375,-0.002422557912979232,0.005598720528562972
2024-07-12 02:00:00+00:00,3107.771484375,0.005787356887959487,0.0055826938591207395
2024-07-12 03:00:00+00:00,3086.510986328125,-0.006864582503194014,0.005496955715104764
2024-07-12 04:00:00+00:00,3084.354248046875,-0.0006990067963413185,0.005488194620573766
2024-07-12 05:00:00+00:00,3082.2197265625,-0.0006922876717001814,0.005385964569036897
2024-07-12 06:00:00+00:00,3093.2646484375,0.003577025859368439,0.005424274637139373
2024-07-12 07:00:00+00:00,3069.401123046875,-0.0077445850709584,0.00553934572752389
2024-07-12 08:00:00+00:00,3078.199462890625,0.0028623674319537976,0.005572981786188888
2024-07-12 09:00:00+00:00,3056.883544921875,-0.006948888455169884,0.005479219847089662
2024-07-12 10:00:00+00:00,3071.236328125,0.004684245655994818,0.005607509949760944
2024-07-12 11:00:00+00:00,3068.1982421875,-0.0009896957612917216,0.00558637174001423
2024-07-12 12:00:00+00:00,3075.072021484375,0.002237825090034119,0.004950519720302605
2024-07-12 13:00:00+00:00,3123.65771484375,0.01567633705825883,0.006056131431134206
2024-07-12 14:00:00+00:00,3118.428955078125,-0.001675324699924222,0.005898639094681406
2024-07-12 15:00:00+00:00,3136.1787109375,0.005675752807090954,0.0053155716917883565
2024-07-12 16:00:00+00:00,3134.928466796875,-0.00039873155465378404,0.005266535461930531
2024-07-12 17:00:00+00:00,3145.35791015625,0.003321330372804978,0.005277682221447523
2024-07-12 18:00:00+00:00,3144.1044921875,-0.00039857714544139087,0.005271050788076611
2024-07-12 19:00:00+00:00,3118.5625,-0.008156950973353004,0.005196609735152188
2024-07-12 20:00:00+00:00,3109.810546875,-0.0028103515378512553,0.005209466867753956
2024-07-12 21:00:00+00:00,3119.34130859375,0.0030600535600990094,0.005220303039146017
2024-07-12 22:00:00+00:00,3127.395263671875,0.0025786134720681714,0.005213017222507719
2024-07-12 23:00:00+00:00,3134.160888671875,0.0021610051777275962,0.005225152856476641
2024-07-13 00:00:00+00:00,3132.700439453125,-0.00046608634489300174,0.005220012540382277
2024-07-13 01:00:00+00:00,3130.663818359375,-0.0006503281883974805,0.005189716493264836
2024-07-13 02:00:00+00:00,3128.346435546875,-0.0007404950062017594,0.005072871488460692
2024-07-13 03:00:00+00:00,3121.675537109375,-0.002134680805885757,0.004871317393106657
2024-07-13 04:00:00+00:00,3116.416748046875,-0.001686025171755935,0.004885778531494021
2024-07-13 05:00:00+00:00,3133.849609375,0.005578292359577563,0.004989662865892551
2024-07-13 06:00:00+00:00,3136.8623046875,0.0009608783135268341,0.004952336128607807
2024-07-13 07:00:00+00:00,3138.673583984375,0.0005772508927694152,0.004624380671682462
2024-07-13 08:00:00+00:00,3132.92578125,-0.0018329628564934168,0.004638370678307642
2024-07-13 09:00:00+00:00,3167.304443359375,0.010913570491402128,0.004782785468722231
2024-07-13 10:00:00+00:00,3158.369873046875,-0.0028248612897119056,0.0048094974277286965
2024-07-13 11:00:00+00:00,3156.337890625,-0.00064357134741831,0.004803268246838213
2024-07-13 12:00:00+00:00,3158.391357421875,0.0006503736862171079,0.004798997378265691
2024-07-13 13:00:00+00:00,3153.57568359375,-0.0015258871699443512,0.0036847157807766017
2024-07-13 14:00:00+00:00,3152.8544921875,-0.00022871621164168477,0.003661095573309552
2024-07-13 15:00:00+00:00,3155.93505859375,0.000976595153885324,0.003491617642204689
2024-07-13 16:00:00+00:00,3152.463623046875,-0.0011005759377196945,0.0035003173510747268
2024-07-13 17:00:00+00:00,3155.3408203125,0.0009122659051977855,0.0034419412194898716
2024-07-13 18:00:00+00:00,3153.774658203125,-0.0004964759788842738,0.003442655336490923
2024-07-13 19:00:00+00:00,3164.52490234375,0.0034028948489437114,0.003015256703184584
2024-07-13 20:00:00+00:00,3164.739013671875,6.765757631468901e-05,0.0029293358738053917
2024-07-13 21:00:00+00:00,3162.928466796875,-0.0005722636121442985,0.0028973511651469693
2024-07-13 22:00:00+00:00,3191.035888671875,0.008847265625861713,0.0033350277959929083
2024-07-13 23:00:00+00:00,3177.42041015625,-0.0042759182513291945,0.0034798088801960064
2024-07-14 00:00:00+00:00,3188.591552734375,0.003509623956071101,0.003522650829726821
2024-07-14 01:00:00+00:00,3187.140380859375,-0.000455217350784001,0.003519534103616403
2024-07-14 02:00:00+00:00,3172.636474609375,-0.004561144745985258,0.003672717910011151
2024-07-14 03:00:00+00:00,3174.526123046875,0.0005954309391812933,0.0036267868804739215
2024-07-14 04:00:00+00:00,3191.8212890625,0.005433322262697669,0.003713305040577766
2024-07-14 05:00:00+00:00,3201.95947265625,0.003171266725638779,0.003615379780573908
2024-07-14 06:00:00+00:00,3191.7705078125,-0.0031871766558527466,0.003710047563168744
2024-07-14 07:00:00+00:00,3199.293212890625,0.0023541334842139307,0.0037247124523239906
2024-07-14 08:00:00+00:00,3212.296142578125,0.004056076206176476,0.0037378739981257284
2024-07-14 09:00:00+00:00,3215.8974609375,0.001120476126973983,0.00309220674257907
2024-07-14 10:00:00+00:00,3199.9150390625,-0.0049822076113194055,0.003225617187099326
2024-07-14 11:00:00+00:00,3203.275390625,0.0010495867358276817,0.003217006852778012
2024-07-14 12:00:00+00:00,3191.91748046875,-0.003552018626154755,0.003327471306171239
2024-07-14 13:00:00+00:00,3184.82568359375,-0.0022242701693816723,0.0033483983444716515
2024-07-14 14:00:00+00:00,3196.8388671875,0.003764910451897499,0.003413826149562596
2024-07-14 15:00:00+00:00,3192.772705078125,-0.0012727417346971677,0.003433207592883576
2024-07-14 16:00:00+00:00,3198.262939453125,0.0017181051807285842,0.003424862627797209
2024-07-14 17:00:00+00:00,3191.14501953125,-0.002228038313441526,0.003472114365922167
2024-07-14 18:00:00+00:00,3187.502197265625,-0.0011421928624831667,0.0034824166479521016
2024-07-14 19:00:00+00:00,3191.474853515625,0.0012455466548848201,0.0034301500257591143
2024-07-14 20:00:00+00:00,3202.12060546875,0.0033301330557044444,0.0034825811920904054
2024-07-14 21:00:00+00:00,3251.1669921875,0.015200726875918566,0.004586778034775871
2024-07-14 22:00:00+00:00,3248.089599609375,-0.0009469984034772509,0.004298482800392593
2024-07-14 23:00:00+00:00,3242.2978515625,-0.001784716129129623,0.00420110818694761
2024-07-15 00:00:00+00:00,3278.375244140625,0.011065655395929547,0.004666994354425576
2024-07-15 01:00:00+00:00,3275.04345703125,-0.0010168089506750147,0.004676826891687843
2024-07-15 02:00:00+00:00,3333.111328125,0.01757506222375578,0.005597148050103079
2024-07-15 03:00:00+00:00,3331.2421875,-0.0005609368319456657,0.005615215486384953
2024-07-15 04:00:00+00:00,3338.177001953125,0.0020795864693373134,0.005567791895860468
2024-07-15 05:00:00+00:00,3336.5576171875,-0.0004852282194873419,0.005580593323493641
2024-07-15 06:00:00+00:00,3352.405029296875,0.004738385486004644,0.0055119267825913774
2024-07-15 07:00:00+00:00,3357.885498046875,0.0016334523658057536,0.005512137790966815
2024-07-15 08:00:00+00:00,3353.275390625,-0.001373863098644498,0.005536141686473253
2024-07-15 09:00:00+00:00,3350.4521484375,-0.0008422903043007588,0.005560898770110116
2024-07-15 10:00:00+00:00,3335.397705078125,-0.004503382257089266,0.005536659064489132
2024-07-15 11:00:00+00:00,3340.96240234375,0.0016669857421430876,0.005534804781803013
2024-07-15 12:00:00+00:00,3343.87255859375,0.0008706741305800114,0.005422974172135498
2024-07-15 13:00:00+00:00,3359.078857421875,0.004537202784568533,0.005372748388090288
2024-07-15 14:00:00+00:00,3374.10205078125,0.0044624430843079035,0.005383347658584986
2024-07-15 15:00:00+00:00,3369.756591796875,-0.0012887160944765727,0.005383802937850569
2024-07-15 16:00:00+00:00,3399.52685546875,0.008795747979936309,0.005544948363543115
2024-07-15 17:00:00+00:00,3387.755859375,-0.0034685479858492766,0.005596892843098248
2024-07-15 18:00:00+00:00,3401.050537109375,0.0039166516035755465,0.005549164559353781
2024-07-15 19:00:00+00:00,3403.12158203125,0.0006087573769649557,0.005557946426456296
2024-07-15 20:00:00+00:00,3437.33154296875,0.010002333333169756,0.005755480621093492
2024-07-15 21:00:00+00:00,3423.429931640625,-0.004052503619265206,0.005297781009139346
2024-07-15 22:00:00+00:00,3474.469970703125,0.014798988476263143,0.0058442315693681855
2024-07-15 23:00:00+00:00,3489.656494140625,0.004361364655480443,0.005768432432262626
2024-07-16 00:00:00+00:00,3472.254150390625,-0.004999311506117613,0.005731445178504112
2024-07-16 01:00:00+00:00,3480.447021484375,0.002356745869935063,0.005685340501386351
2024-07-16 02:00:00+00:00,3465.21337890625,-0.004386528026603283,0.004867907148365983
2024-07-16 03:00:00+00:00,3471.934814453125,0.0019378100230347513,0.004845916338047784
2024-07-16 04:00:00+00:00,3461.725341796875,-0.0029449035010693666,0.004937537105399263
2024-07-16 05:00:00+00:00,3412.346435546875,-0.014366959555534048,0.005901028709665666
2024-07-16 06:00:00+00:00,3391.445556640625,-0.006143910535999205,0.006013169333115304
2024-07-16 07:00:00+00:00,3379.368896484375,-0.00356727334550046,0.006063386032548594
2024-07-16 08:00:00+00:00,3374.7080078125,-0.0013801706666311854,0.006063460326264722
2024-07-16 09:00:00+00:00,3394.6357421875,0.00588765844264169,0.0061647751504828215
2024-07-16 10:00:00+00:00,3410.64990234375,0.00470639751288481,0.0061233092477561615
2024-07-16 11:00:00+00:00,3419.466064453125,0.0025815570477755474,0.006130938658185282
2024-07-16 12:00:00+00:00,3405.83544921875,-0.003994148339991866,0.006214142743268313
2024-07-16 13:00:00+00:00,3403.624267578125,-0.0006494440999157456,0.006167265116410725
2024-07-16 14:00:00+00:00,3414.1259765625,0.0030806987390357044,0.006135510830490443
2024-07-16 15:00:00+00:00,3480.074462890625,0.019132167259349006,0.007201326677741816
2024-07-16 16:00:00+00:00,3465.707763671875,-0.004136818356392167,0.007102526507777936
2024-07-16 17:00:00+00:00,3460.563232421875,-0.0014855128247099553,0.007062088614760272
2024-07-16 18:00:00+00:00,3461.435302734375,0.00025197067369629023,0.007033270796383242
2024-07-16 19:00:00+00:00,3470.4423828125,0.002598743242682684,0.007043461540785507
2024-07-16 20:00:00+00:00,3447.898193359375,-0.006517247597449562,0.006912691500566099
2024-07-16 21:00:00+00:00,3440.478515625,-0.0021542609869635225,0.0068735294685926705
2024-07-16 22:00:00+00:00,3431.905517578125,-0.0024949136871303818,0.0061451868531651535
2024-07-16 23:00:00+00:00,3444.249267578125,0.003590309888376223,0.006120558459775173
2024-07-17 00:00:00+00:00,3467.26171875,0.0066591910965911934,0.006213664437582975
2024-07-17 01:00:00+00:00,3484.906005859375,0.005075920401232248,0.006284037983872974
2024-07-17 02:00:00+00:00,3479.6806640625,-0.001500546414306937,0.006222697318343786
2024-07-17 03:00:00+00:00,3484.620849609375,0.0014187169713411718,0.006217198349272565
2024-07-17 04:00:00+00:00,3495.05908203125,0.0029910369260686296,0.006206705124517902
2024-07-17 05:00:00+00:00,3503.831298828125,0.002506746330652498,0.005359140438327571
2024-07-17 06:00:00+00:00,3493.760498046875,-0.0028783638790640157,0.005206443426972218
2024-07-17 07:00:00+00:00,3488.79931640625,-0.0014210211175560907,0.005138296825304844
2024-07-17 08:00:00+00:00,3483.21875,-0.00160084714206956,0.005143548237849095
2024-07-17 09:00:00+00:00,3493.4111328125,0.0029218663552432345,0.0050640167039439085
2024-07-17 10:00:00+00:00,3481.0068359375,-0.003557088207144058,0.0050957221018751945
2024-07-17 11:00:00+00:00,3450.265869140625,-0.00887028101987403,0.005450432366870678
2024-07-17 12:00:00+00:00,3455.66845703125,0.0015646221749596922,0.0053743330837866315
2024-07-17 13:00:00+00:00,3473.6298828125,0.00518420917327117,0.005446555725088538
2024-07-17 14:00:00+00:00,3458.00244140625,-0.004509029663586199,0.005530986099628874
2024-07-17 15:00:00+00:00,3440.90380859375,-0.004956921344875457,0.0039760054499935514
2024-07-17 16:00:00+00:00,3401.557373046875,-0.011500794287851722,0.004518307461246414
2024-07-17 17:00:00+00:00,3409.486083984375,0.002328193783808623,0.004559237431129641
2024-07-17 18:00:00+00:00,3417.916748046875,0.002469656047823338,0.00459996072459537
2024-07-17 19:00:00+00:00,3419.45751953125,0.00045069099632643185,0.004557193589240857
2024-07-17 20:00:00+00:00,3414.94580078125,-0.0013202965040083553,0.00438484182158205
2024-07-17 21:00:00+00:00,3415.370361328125,0.00012431651400773622,0.004369852371372697
2024-07-17 22:00:00+00:00,3395.78564453125,-0.005750792010882761,0.004489683826889022
2024-07-17 23:00:00+00:00,3390.137939453125,-0.001664535803336353,0.004412007097170464
2024-07-18 00:00:00+00:00,3414.4775390625,0.007153880624257581,0.0044486897741347455
2024-07-18 01:00:00+00:00,3421.90966796875,0.0021742863910833125,0.004324307748798386
2024-07-18 02:00:00+00:00,3423.556640625,0.0004811864126658399,0.004328472671422838
2024-07-18 03:00:00+00:00,3429.809814453125,0.0018248478625518313,0.00433780803199015
2024-07-18 04:00:00+00:00,3417.820068359375,-0.003501871027364873,0.004302492101935961
2024-07-18 05:00:00+00:00,3424.3369140625,0.0019049103054776817,0.004283294691935775
2024-07-18 06:00:00+00:00,3449.960205078125,0.007454844979401577,0.004590038498563407
2024-07-18 07:00:00+00:00,3436.002685546875,-0.00405391050401732,0.004643520231277814
2024-07-18 08:00:00+00:00,3458.803466796875,0.006613924702911691,0.004866660244006561
2024-07-18 09:00:00+00:00,3452.082763671875,-0.001944961910674304,0.004828117979987986
2024-07-18 10:00:00+00:00,3444.54296875,-0.0021865179345087163,0.004798349363791316
2024-07-18 11:00:00+00:00,3457.112548828125,0.0036424866305101943,0.004513737547269386
2024-07-18 12:00:00+00:00,3471.563232421875,0.004171274570467553,0.0045817965312653485
2024-07-18 13:00:00+00:00,3466.431396484375,-0.0014793429940168873,0.0044665246344146635
2024-07-18 14:00:00+00:00,3431.89208984375,-0.010013909999276066,0.0048300648986418565
2024-07-18 15:00:00+00:00,3389.849609375,-0.01232618138610801,0.005344747638605148
2024-07-18 16:00:00+00:00,3418.10693359375,0.008301312240200968,0.005116037895473478
2024-07-18 17:00:00+00:00,3400.88818359375,-0.005050241656140027,0.005203672355294716
2024-07-18 18:00:00+00:00,3405.4140625,0.0013299084905928364,0.005184316862616092
2024-07-18 19:00:00+00:00,3407.473388671875,0.0006045384572553056,0.005185190417934246
2024-07-18 20:00:00+00:00,3414.26220703125,0.001990349964547313,0.005196624392869768
2024-07-18 21:00:00+00:00,3420.940673828125,0.001954139193383576,0.005212055585813991
2024-07-18 22:00:00+00:00,3431.39501953125,0.0030513256449468994,0.005093143097915099
2024-07-18 23:00:00+00:00,3426.397705078125,-0.0014574121844591699,0.0050896056926649546
2024-07-19 00:00:00+00:00,3404.215576171875,-0.006494938586285446,0.00506968299117687
2024-07-19 01:00:00+00:00,3412.802978515625,0.0025194025268255146,0.005076973764140979
2024-07-19 02:00:00+00:00,3406.70263671875,-0.0017890867075254263,0.00508660053925166
2024-07-19 03:00:00+00:00,3427.618896484375,0.006120966058857031,0.005234602942708742
2024-07-19 04:00:00+00:00,3424.98291015625,-0.0007693388679280021,0.005185211984028843
2024-07-19 05:00:00+00:00,3423.8955078125,-0.0003175417306384657,0.0051711650979830125
2024-07-19 06:00:00+00:00,3438.4677734375,0.004247017224613351,0.005008866223723168
2024-07-19 07:00:00+00:00,3391.005859375,-0.013899366398811818,0.005699056815441317
2024-07-19 08:00:00+00:00,3393.4638671875,0.0007245983898853581,0.005500549641774835
2024-07-19 09:00:00+00:00,3389.19482421875,-0.0012588112498976357,0.0054960921816519185
2024-07-19 10:00:00+00:00,3400.29638671875,0.0032702221856574574,0.0055474038089121935
2024-07-19 11:00:00+00:00,3403.87109375,0.0010507405558140886,0.00548737286711546
2024-07-19 12:00:00+00:00,3414.57470703125,0.003139607583965765,0.0054519160486162935
2024-07-19 13:00:00+00:00,3441.76123046875,0.007930377439851545,0.005724205881849686
2024-07-19 14:00:00+00:00,3467.802490234375,0.007537779263474278,0.005547348468153911
2024-07-19 15:00:00+00:00,3463.79638671875,-0.001155896073268123,0.004855715911385439
2024-07-19 16:00:00+00:00,3493.023193359375,0.008402396599681372,0.0048624548675460484
2024-07-19 17:00:00+00:00,3500.404052734375,0.00211079971399108,0.004698175137650597
2024-07-19 18:00:00+00:00,3503.700927734375,0.0009414122868470298,0.004698383609908313
2024-07-19 19:00:00+00:00,3522.042236328125,0.005221184387741285,0.004767559199729006
2024-07-19 20:00:00+00:00,3506.777099609375,-0.004343591715620416,0.004905499152251662
2024-07-19 21:00:00+00:00,3512.640869140625,0.001670728519467955,0.004903729592862048
2024-07-19 22:00:00+00:00,3509.663818359375,-0.000847884303539616,0.004900936652964218
2024-07-19 23:00:00+00:00,3505.667724609375,-0.001139245995069079,0.004894596748050717
2024-07-20 00:00:00+00:00,3487.7236328125,-0.005131739454919775,0.004811614874684692
2024-07-20 01:00:00+00:00,3487.63671875,-2.4920307517882193e-05,0.004804932164527249
2024-07-20 02:00:00+00:00,3496.458740234375,0.0025263188993450113,0.004780462267638117
2024-07-20 03:00:00+00:00,3497.4912109375,0.0002952468112679094,0.004659944402054466
2024-07-20 04:00:00+00:00,3509.625,0.003463279564734223,0.004676420769733907
2024-07-20 05:00:00+00:00,3503.883544921875,-0.0016372565382647211,0.00470049481066174
2024-07-20 06:00:00+00:00,3503.748291015625,-3.860188703786445e-05,0.004651429711375259
2024-07-20 07:00:00+00:00,3492.810302734375,-0.003126679222538345,0.003566070885207788
2024-07-20 08:00:00+00:00,3487.95458984375,-0.0013911695203812824,0.003605111017676963
2024-07-20 09:00:00+00:00,3487.2138671875,-0.00021238846447865762,0.003581030483948639
2024-07-20 10:00:00+00:00,3490.3154296875,0.0008890145988108447,0.0035537130453364564
2024-07-20 11:00:00+00:00,3487.5791015625,-0.0007842847876263102,0.0035742472151642324
2024-07-20 12:00:00+00:00,3494.572021484375,0.0020030853348226084,0.003552298233307165
2024-07-20 13:00:00+00:00,3491.637451171875,-0.0008401037777585534,0.0032421698093214823
2024-07-20 14:00:00+00:00,3498.18212890625,0.0018726319247421054,0.002903610594884517
2024-07-20 15:00:00+00:00,3503.563720703125,0.0015372145668250486,0.0028943660873244656
2024-07-20 16:00:00+00:00,3499.27978515625,-0.0012234847395007741,0.002367093776495942
2024-07-20 17:00:00+00:00,3528.885009765625,0.008424788143327982,0.002895205386779308
2024-07-20 18:00:00+00:00,3533.3037109375,0.0012513689234993396,0.002898704949463749
2024-07-20 19:00:00+00:00,3516.30126953125,-0.004823667261001285,0.002890034279875624
2024-07-20 20:00:00+00:00,3525.670654296875,0.002661013249039473,0.002791485091405384
2024-07-20 21:00:00+00:00,3517.189453125,-0.0024084548442605217,0.002823561504662373
2024-07-20 22:00:00+00:00,3517.026611328125,-4.629991328445617e-05,0.0028171640897321796
2024-07-20 23:00:00+00:00,3518.772216796875,0.0004962067697527884,0.002805962524738769
2024-07-21 00:00:00+00:00,3509.6201171875,-0.0026043238189666757,0.0026415126061102123
2024-07-21 01:00:00+00:00,3519.055419921875,0.002684804086393328,0.00268630109156163
2024-07-21 02:00:00+00:00,3517.030517578125,-0.000575576369486892,0.0026526379220742067
2024-07-21 03:00:00+00:00,3512.697265625,-0.0012328365010992885,0.00266964961790524
2024-07-21 04:00:00+00:00,3506.8916015625,-0.0016541325983931152,0.0025995185097589814
2024-07-21 05:00:00+00:00,3502.673583984375,-0.0012035034914702632,0.0025893641500846797
2024-07-21 06:00:00+00:00,3487.635009765625,-0.004302699149283535,0.0027333841987397653
2024-07-21 07:00:00+00:00,3487.04833984375,-0.0001682284037429346,0.0026610381556052306
2024-07-21 08:00:00+00:00,3490.019775390625,0.0008517720272899443,0.0026519475746251196
2024-07-21 09:00:00+00:00,3502.43994140625,0.003552449232579383,0.002746962704831561
2024-07-21 10:00:00+00:00,3496.88037109375,-0.0015886032453112774,0.002765710568753296
2024-07-21 11:00:00+00:00,3499.78466796875,0.0008301946786344684,0.002763451367904566
2024-07-21 12:00:00+00:00,3501.853759765625,0.0005910307647163804,0.002737090211220863
2024-07-21 13:00:00+00:00,3493.2939453125,-0.0024473589655226104,0.0027800781985174356
2024-07-21 14:00:00+00:00,3512.8271484375,0.00557605370353609,0.0029827837394397223
2024-07-21 15:00:00+00:00,3500.678466796875,-0.003464371302364662,0.003057199323685971
2024-07-21 16:00:00+00:00,3518.4052734375,0.005051042268581476,0.003215284446992299
2024-07-21 17:00:00+00:00,3473.06982421875,-0.01296896120282473,0.003762741487662878
2024-07-21 18:00:00+00:00,3464.51318359375,-0.002466751015215024,0.0037569772900733836
2024-07-21 19:00:00+00:00,3493.042236328125,0.00820093004119328,0.004080181617681442
2024-07-21 20:00:00+00:00,3499.264892578125,0.0017798582865452594,0.004056495147658881
2024-07-21 21:00:00+00:00,3519.424072265625,0.005744444645976596,0.004211808244714981
2024-07-21 22:00:00+00:00,3534.970947265625,0.004407720329620463,0.004305547861687996
2024-07-21 23:00:00+00:00,3536.217041015625,0.0003524425499545131,0.004305235328158419
2024-07-22 00:00:00+00:00,3543.84716796875,0.0021553843812237294,0.0042796985517210865
2024-07-22 01:00:00+00:00,3528.314453125,-0.004392642773639767,0.0043588383151114355
2024-07-22 02:00:00+00:00,3534.468505859375,0.0017426712182865814,0.00436867256831211
2024-07-22 03:00:00+00:00,3517.58544921875,-0.004788133784442084,0.004478484381080568
2024-07-22 04:00:00+00:00,3516.707763671875,-0.0002495447729762269,0.004464293409978042
2024-07-22 05:00:00+00:00,3498.15625,-0.005289213557132483,0.0045928657970657275
2024-07-22 06:00:00+00:00,3476.797607421875,-0.006124401616185177,0.004680358878972001
2024-07-22 07:00:00+00:00,3480.887451171875,0.0011756336156667452,0.00468791026006003
2024-07-22 08:00:00+00:00,3476.384521484375,-0.0012944528642720482,0.004689958979713839
2024-07-22 09:00:00+00:00,3492.11328125,0.004514254555737132,0.004727051014149368
2024-07-22 10:00:00+00:00,3492.325927734375,6.089149839470662e-05,0.004716796173398198
2024-07-22 11:00:00+00:00,3501.8701171875,0.002729175824041251,0.004748102528281835
2024-07-22 12:00:00+00:00,3498.8603515625,-0.0008598433617375568,0.004749816072820759
2024-07-22 13:00:00+00:00,3469.597412109375,-0.008398733969429731,0.005028382798780647
2024-07-22 14:00:00+00:00,3449.70849609375,-0.005748834075366511,0.004985787612223471
2024-07-22 15:00:00+00:00,3458.499267578125,0.0025450236964580787,0.004994720192735114
2024-07-22 16:00:00+00:00,3455.51025390625,-0.0008646253230623523,0.004852551432593573
2024-07-22 17:00:00+00:00,3469.95751953125,0.0041722197128318955,0.004192765341134517
2024-07-22 18:00:00+00:00,3475.0830078125,0.0014760141979331264,0.004170622236902272
2024-07-22 19:00:00+00:00,3499.661865234375,0.007047988023542112,0.004079216887666924
2024-07-22 20:00:00+00:00,3487.849609375,-0.003380965356373651,0.004121459028415411
2024-07-22 21:00:00+00:00,3462.0947265625,-0.007411570356079742,0.004179798698543878
2024-07-22 22:00:00+00:00,3449.258544921875,-0.003714524752402652,0.004077142371104528
2024-07-22 23:00:00+00:00,3438.613037109375,-0.0030910902336253477,0.004087222539032606
2024-07-23 00:00:00+00:00,3472.068115234375,0.009682211851934241,0.004608681891541285
2024-07-23 01:00:00+00:00,3480.413818359375,0.0024007849896688174,0.004590389493549201
2024-07-23 02:00:00+00:00,3484.302978515625,0.0011168180053596033,0.004578445235360538
2024-07-23 03:00:00+00:00,3474.245361328125,-0.0028907248178783643,0.004518897669512012
2024-07-23 04:00:00+00:00,3457.38037109375,-0.004866109095978625,0.0046044839075657686
2024-07-23 05:00:00+00:00,3440.842529296875,-0.004794821425705337,0.004584162595138811
2024-07-23 06:00:00+00:00,3446.8544921875,0.0017457110551361656,0.004458149941327996
2024-07-23 07:00:00+00:00,3453.157958984375,0.0018270890364413858,0.004469876687856845
2024-07-23 08:00:00+00:00,3521.06005859375,0.01947293448633961,0.006017822773106029
2024-07-23 09:00:00+00:00,3523.65625,0.0007370606309912836,0.0059582461109228225
2024-07-23 10:00:00+00:00,3513.19140625,-0.002974300987017952,0.005997279544783563
2024-07-23 11:00:00+00:00,3517.83642578125,0.0013212919413762728,0.005978814158665132
2024-07-23 12:00:00+00:00,3508.345458984375,-0.0027016017305381934,0.00600463298120513
2024-07-23 13:00:00+00:00,3445.833740234375,-0.017978657370301177,0.006853465948216543
2024-07-23 14:00:00+00:00,3490.916015625,0.01299828066928282,0.007260102648794579
2024-07-23 15:00:00+00:00,3454.165771484375,-0.010583197802783993,0.007586159037645972
2024-07-23 16:00:00+00:00,3415.14794921875,-0.011360157205108691,0.007929758931962771
2024-07-23 17:00:00+00:00,3428.306884765625,0.003845704277698879,0.007921689136913697
2024-07-23 18:00:00+00:00,3447.260009765625,0.005513195725650946,0.00800793882420615
2024-07-23 19:00:00+00:00,3464.076904296875,0.004866476031861946,0.00793251901307728
2024-07-23 20:00:00+00:00,3485.204833984375,0.006080626914228239,0.008013963377251925
2024-07-23 21:00:00+00:00,3470.177978515625,-0.004320935095512168,0.007914432285137604
2024-07-23 22:00:00+00:00,3491.14453125,0.006023745086776217,0.00796001791044858
2024-07-23 23:00:00+00:00,3481.423583984375,-0.0027883423734878015,0.007954312560426386
2024-07-24 00:00:00+00:00,3465.4052734375,-0.004611698161878991,0.007771135876707101
2024-07-24 01:00:00+00:00,3444.20947265625,-0.006135180627294002,0.007847616914262378
2024-07-24 02:00:00+00:00,3449.068115234375,0.0014096758242393482,0.007850363116468109
2024-07-24 03:00:00+00:00,3449.061767578125,-1.8403991683950432e-06,0.007833016720523566
2024-07-24 04:00:00+00:00,3441.5673828125,-0.002175240477215386,0.007783968409616173
2024-07-24 05:00:00+00:00,3443.5712890625,0.0005820961354833639,0.007722839444579558
2024-07-24 06:00:00+00:00,3441.30126953125,-0.0006594224059163166,0.007715250054463436
2024-07-24 07:00:00+00:00,3446.623291015625,0.0015453196377749946,0.007712456069226977
2024-07-24 08:00:00+00:00,3459.44140625,0.003712137234647128,0.006560197441948693
2024-07-24 09:00:00+00:00,3460.049560546875,0.00017578006860887452,0.006555718089460627
2024-07-24 10:00:00+00:00,3470.262939453125,0.0029474533219949065,0.006580109483800087
2024-07-24 11:00:00+00:00,3461.701171875,-0.002470229734114339,0.00657968879763271
2024-07-24 12:00:00+00:00,3448.4697265625,-0.0038295612879883354,0.006598830107404725
2024-07-24 13:00:00+00:00,3441.908203125,-0.0019045473231922416,0.005493919944570643
2024-07-24 14:00:00+00:00,3442.131103515625,6.475860487548712e-05,0.004741413844697825
2024-07-24 15:00:00+00:00,3417.56982421875,-0.00716106562540561,0.004471481434312405
2024-07-24 16:00:00+00:00,3419.358154296875,0.0005231384986151568,0.0038207082576953333
2024-07-24 17:00:00+00:00,3420.031494140625,0.00019690056585074125,0.0037347887345746855
2024-07-24 18:00:00+00:00,3380.10595703125,-0.011742702607481783,0.004234600838047648
2024-07-24 19:00:00+00:00,3363.9443359375,-0.004792862250355139,0.004128366005522869
2024-07-24 20:00:00+00:00,3374.944091796875,0.003264563806442579,0.003947855040849244
2024-07-24 21:00:00+00:00,3341.22021484375,-0.010042684737742322,0.004293373088092306
2024-07-24 22:00:00+00:00,3329.885009765625,-0.0033983022618160295,0.0039879707253293924
2024-07-24 23:00:00+00:00,3337.30712890625,0.0022264611705452037,0.00407371027699474
2024-07-25 00:00:00+00:00,3323.04638671875,-0.004282284400304241,0.004064233638790206
2024-07-25 01:00:00+00:00,3213.688232421875,-0.033462688934347985,0.0076197158303255635
2024-07-25 02:00:00+00:00,3183.05810546875,-0.009576856558420735,0.007680174336769369
2024-07-25 03:00:00+00:00,3170.0556640625,-0.00409325569549303,0.007648099282127155
2024-07-25 04:00:00+00:00,3183.6376953125,0.004275324970824135,0.0078088730884863684
2024-07-25 05:00:00+00:00,3183.3798828125,-8.098375635922682e-05,0.007795902614519528
2024-07-25 06:00:00+00:00,3170.35546875,-0.004099771735784921,0.007777352682582586
2024-07-25 07:00:00+00:00,3172.4365234375,0.0006561951786334059,0.007754772594904213
2024-07-25 08:00:00+00:00,3174.995849609375,0.0008064131006538323,0.007660132452752463
2024-07-25 09:00:00+00:00,3173.010009765625,-0.0006256578687925054,0.007644801936142954
2024-07-25 10:00:00+00:00,3169.067626953125,-0.0012432466286676196,0.007535630398153317
2024-07-25 11:00:00+00:00,3174.25634765625,0.0016359630632585447,0.007612950267269745
2024-07-25 12:00:00+00:00,3145.384765625,-0.009137159019594318,0.007696182274829929
2024-07-25 13:00:00+00:00,3146.414794921875,0.0003274196185574135,0.007733892450346316
2024-07-25 14:00:00+00:00,3169.093994140625,0.0071820964750915475,0.008017393742173178
2024-07-25 15:00:00+00:00,3137.384521484375,-0.010056242894853915,0.008097145029843536
2024-07-25 16:00:00+00:00,3156.452880859375,0.006059393180725399,0.008295090954989136
2024-07-25 17:00:00+00:00,3167.913330078125,0.0036242245881800785,0.00838749855314394
2024-07-25 18:00:00+00:00,3117.026123046875,-0.016193734068053935,0.008630506441316042
2024-07-25 19:00:00+00:00,3121.8935546875,0.001560344700556917,0.008682440795251498
2024-07-25 20:00:00+00:00,3143.976318359375,0.007048615929586406,0.008836255733233893
2024-07-25 21:00:00+00:00,3176.595703125,0.010321747543055088,0.00909976949655583
2024-07-25 22:00:00+00:00,3165.531494140625,-0.003489119617071762,0.009100349443616382
2024-07-25 23:00:00+00:00,3174.771484375,0.0029146861931147548,0.009115676391509502
2024-07-26 00:00:00+00:00,3194.33935546875,0.006144635618282887,0.009253600448455232
2024-07-26 01:00:00+00:00,3185.318359375,-0.0028280520709324224,0.006322685123546156
2024-07-26 02:00:00+00:00,3244.64306640625,0.018453109285423513,0.007090202291801396
2024-07-26 03:00:00+00:00,3236.171630859375,-0.002614313405806557,0.007052163687632488
2024-07-26 04:00:00+00:00,3251.6240234375,0.004763535296433711,0.0070631389335606
2024-07-26 05:00:00+00:00,3268.4794921875,0.005170318617865423,0.007113222055053865
2024-07-26 06:00:00+00:00,3266.165283203125,-0.0007082891758212934,0.007038745651039818
2024-07-26 07:00:00+00:00,3249.0439453125,-0.0052558181028027635,0.007162448787949962
2024-07-26 08:00:00+00:00,3254.15478515625,0.0015717929307659379,0.007163280179260497
2024-07-26 09:00:00+00:00,3256.474365234375,0.0007125517742411148,0.007155067573508314
2024-07-26 10:00:00+00:00,3243.0,-0.0041462997717154,0.007220325028373472
2024-07-26 11:00:00+00:00,3247.623291015625,0.0014246064176734203,0.00721959471231749
2024-07-26 12:00:00+00:00,3238.930908203125,-0.0026801249935482236,0.006942250851719565
2024-07-26 13:00:00+00:00,3249.432373046875,0.0032370178913606698,0.00695136468552714
2024-07-26 14:00:00+00:00,3239.70166015625,-0.0029990812747586366,0.006889880554010627
2024-07-26 15:00:00+00:00,3254.227783203125,0.004473761965348894,0.006511624807672385
2024-07-26 16:00:00+00:00,3245.79443359375,-0.0025948693897191824,0.006489107851126797
2024-07-26 17:00:00+00:00,3247.60302734375,0.0005570562429449335,0.006468698360368153
2024-07-26 18:00:00+00:00,3259.2861328125,0.003590999550146814,0.005339763292735125
2024-07-26 19:00:00+00:00,3272.042724609375,0.0039062825640728905,0.005355497027082505
2024-07-26 20:00:00+00:00,3253.94091796875,-0.0055476244064736994,0.005451213987382072
2024-07-26 21:00:00+00:00,3264.5888671875,0.0032669816784789145,0.005131886114560161
2024-07-26 22:00:00+00:00,3279.809814453125,0.004651603745805054,0.005081508540847264
2024-07-26 23:00:00+00:00,3277.546142578125,-0.0006904221700802426,0.005090459785364674
2024-07-27 00:00:00+00:00,3260.51806640625,-0.005208916318101262,0.00515052690783699
2024-07-27 01:00:00+00:00,3248.5546875,-0.003675912938649218,0.005179708211948074
2024-07-27 02:00:00+00:00,3258.290771484375,0.0029925687682846895,0.00361687626308951
2024-07-27 03:00:00+00:00,3246.086669921875,-0.0037525853915595228,0.0036622200763919465
2024-07-27 04:00:00+00:00,3254.903564453125,0.0027124790591189136,0.0035721540580570563
2024-07-27 05:00:00+00:00,3253.54833984375,-0.00041645068562822787,0.003401384677490862
2024-07-27 06:00:00+00:00,3268.400390625,0.004554490404175579,0.0035336416459286024
2024-07-27 07:00:00+00:00,3272.85986328125,0.0013634905733870364,0.0033571781234067255
2024-07-27 08:00:00+00:00,3269.455078125,-0.0010408503699776558,0.0033566504726924777
2024-07-27 09:00:00+00:00,3277.105224609375,0.0023371509962098187,0.0033838033567410238
2024-07-27 10:00:00+00:00,3272.379150390625,-0.0014431899576942975,0.003273854483334568
2024-07-27 11:00:00+00:00,3280.02783203125,0.0023346184494346597,0.003291750946789561
2024-07-27 12:00:00+00:00,3288.5830078125,0.002604867551852223,0.003252324698820401
2024-07-27 13:00:00+00:00,3319.695068359375,0.009416156543222741,0.0036833711891489642
2024-07-27 14:00:00+00:00,3308.6201171875,-0.003341712386346875,0.0036997333177143025
2024-07-27 15:00:00+00:00,3281.04345703125,-0.008369720496145218,0.004067467654165388
2024-07-27 16:00:00+00:00,3273.443359375,-0.002319052970963591,0.004059190365296071
2024-07-27 17:00:00+00:00,3260.47216796875,-0.003970424286042569,0.004153425871239287
2024-07-27 18:00:00+00:00,3251.593994140625,-0.0027266858498504187,0.004126954724461803
2024-07-27 19:00:00+00:00,3258.233154296875,0.002039735405173465,0.004065331422206976
2024-07-27 20:00:00+00:00,3244.5859375,-0.0041973293859547955,0.003996523102695848
2024-07-27 21:00:00+00:00,3282.785888671875,0.011704676339124899,0.0046285728072395435
2024-07-27 22:00:00+00:00,3276.190673828125,-0.002011050658184334,0.004551102643353741
2024-07-27 23:00:00+00:00,3248.000732421875,-0.008641719742566426,0.004877744871538088
2024-07-28 00:00:00+00:00,3244.169189453125,-0.0011803583269429415,0.004772426729184733
2024-07-28 01:00:00+00:00,3248.55322265625,0.0013504454960874405,0.004723730759553996
2024-07-28 02:00:00+00:00,3251.22412109375,0.0008218431021798521,0.004684558741740982
2024-07-28 03:00:00+00:00,3239.7529296875,-0.003534507442785383,0.00467735248978382
2024-07-28 04:00:00+00:00,3228.928955078125,-0.0033465812368623257,0.004683512390564302
2024-07-28 05:00:00+00:00,3219.436767578125,-0.002944062035060252,0.004713771983394915
2024-07-28 06:00:00+00:00,3221.6005859375,0.0006718850775162498,0.0046001968539460735
2024-07-28 07:00:00+00:00,3227.4619140625,0.001817730790759065,0.004609555443365808
2024-07-28 08:00:00+00:00,3227.200927734375,-8.086753240690137e-05,0.004609565829587887
2024-07-28 09:00:00+00:00,3234.8154296875,0.0023566964415483805,0.00461009831589053
2024-07-28 10:00:00+00:00,3249.9404296875,0.00466479471395387,0.004725294413601069
2024-07-28 11:00:00+00:00,3257.50634765625,0.002325311796391455,0.004725070321674816
2024-07-28 12:00:00+00:00,3271.9658203125,0.004428993928047563,0.004787865142638727
2024-07-28 13:00:00+00:00,3275.121337890625,0.0009639455673080478,0.004338725686099123
2024-07-28 14:00:00+00:00,3263.64697265625,-0.003509644773289908,0.004343534160127541
2024-07-28 15:00:00+00:00,3269.167724609375,0.0016901606805626002,0.004032399227410336
2024-07-28 16:00:00+00:00,3266.939697265625,-0.0006817597344228581,0.004007902183961998
2024-07-28 17:00:00+00:00,3271.01025390625,0.0012452090324920357,0.003928561277132955
2024-07-28 18:00:00+00:00,3275.544921875,0.0013853602611580687,0.0038878113538084506
2024-07-28 19:00:00+00:00,3272.5166015625,-0.0009249517639880806,0.0038774077837276013
2024-07-28 20:00:00+00:00,3261.102783203125,-0.003493876608991979,0.0038453882911914004
2024-07-28 21:00:00+00:00,3262.970947265625,0.000572698651407327,0.0029707033129629965
2024-07-28 22:00:00+00:00,3259.62255859375,-0.0010267047802385851,0.0029521020590423924
2024-07-28 23:00:00+00:00,3271.92431640625,0.003766878687120966,0.0024564019378277473
2024-07-29 00:00:00+00:00,3284.392822265625,0.003803513657798741,0.002534720209144429
2024-07-29 01:00:00+00:00,3280.405029296875,-0.001214902133900523,0.0025519210135637456
2024-07-29 02:00:00+00:00,3330.8828125,0.015270478401873386,0.003966426498994906
2024-07-29 03:00:00+00:00,3348.62841796875,0.005313456810580639,0.0039368872841534855
2024-07-29 04:00:00+00:00,3342.151123046875,-0.001936186032041185,0.0038733217673990947
2024-07-29 05:00:00+00:00,3365.465087890625,0.00695151839195371,0.003913277613515101
2024-07-29 06:00:00+00:00,3374.7998046875,0.0027698385489723244,0.003909285787764055
2024-07-29 07:00:00+00:00,3366.93408203125,-0.002333443104536779,0.004005386690084502
2024-07-29 08:00:00+00:00,3372.64208984375,0.0016938777845155756,0.003986206221806034
2024-07-29 09:00:00+00:00,3393.19775390625,0.006076326896023568,0.00407854263985717
2024-07-29 10:00:00+00:00,3386.55029296875,-0.001960976432083991,0.0041138303198336446
2024-07-29 11:00:00+00:00,3376.5009765625,-0.0029718313234254534,0.004220417380473638
2024-07-29 12:00:00+00:00,3375.52099609375,-0.00029027763227066424,0.0041875817833410805
2024-07-29 13:00:00+00:00,3346.89013671875,-0.008518084337615486,0.004643028267193089
2024-07-29 14:00:00+00:00,3324.00048828125,-0.006862573397265864,0.004828326498577023
2024-07-29 15:00:00+00:00,3308.949951171875,-0.0045381201251693155,0.004942385362207704
2024-07-29 16:00:00+00:00,3270.835693359375,-0.01158538778692353,0.005523145201007596
2024-07-29 17:00:00+00:00,3312.051025390625,0.012522126644533753,0.0060808052926227
2024-07-29 18:00:00+00:00,3311.90673828125,-4.3565226272795294e-05,0.0060789543646670345
2024-07-29 19:00:00+00:00,3308.524658203125,-0.001021709967157557,0.006079944806191274
2024-07-29 20:00:00+00:00,3324.73046875,0.004886241364153854,0.006083876850688118
2024-07-29 21:00:00+00:00,3343.698974609375,0.005689062823800804,0.006164484009899432
2024-07-29 22:00:00+00:00,3328.9345703125,-0.004425367673146848,0.006251921923971467
2024-07-29 23:00:00+00:00,3320.8896484375,-0.002419590514040229,0.0062551123505691355
2024-07-30 00:00:00+00:00,3325.866455078125,0.0014975147254324326,0.006221689594036546
2024-07-30 01:00:00+00:00,3299.560302734375,-0.007941010154744058,0.006450644832840687
2024-07-30 02:00:00+00:00,3309.9384765625,0.0031403840756491575,0.005647153854293823
2024-07-30 03:00:00+00:00,3320.334716796875,0.003135994083894598,0.005570643057878524
2024-07-30 04:00:00+00:00,3311.218505859375,-0.002749345854221131,0.0055831463038790415
2024-07-30 05:00:00+00:00,3310.5,-0.00021701492189958038,0.005360778215761493
2024-07-30 06:00:00+00:00,3327.021728515625,0.004978292595767511,0.005441033314968488
2024-07-30 07:00:00+00:00,3340.146240234375,0.0039370625528743495,0.005504066716682422
2024-07-30 08:00:00+00:00,3336.452880859375,-0.0011063595955801947,0.0054888952287680095
2024-07-30 09:00:00+00:00,3336.30908203125,-4.310024213266663e-05,0.005311847540314597
2024-07-30 10:00:00+00:00,3335.5087890625,-0.00023990252373508114,0.005305761035008885
2024-07-30 11:00:00+00:00,3335.35302734375,-4.669912915757953e-05,0.005283242903892798
2024-07-30 12:00:00+00:00,3352.91259765625,0.005250871195178208,0.00541279075312836
2024-07-30 13:00:00+00:00,3328.482666015625,-0.007312855937462176,0.005338113652007733
2024-07-30 14:00:00+00:00,3300.02783203125,-0.00858564191278324,0.00544177977872028
2024-07-30 15:00:00+00:00,3321.959228515625,0.006623835555950047,0.005540053058765024
2024-07-30 16:00:00+00:00,3309.501220703125,-0.0037572485167081367,0.0050247345199914495
2024-07-30 17:00:00+00:00,3292.17724609375,-0.005248366597293715,0.004451135515264681
2024-07-30 18:00:00+00:00,3280.549560546875,-0.0035381655191676674,0.0045009426575775
2024-07-30 19:00:00+00:00,3274.472900390625,-0.0018540476201776405,0.004509169603449511
2024-07-30 20:00:00+00:00,3281.37353515625,0.0021051857702864578,0.004401020757245897
2024-07-30 21:00:00+00:00,3281.022216796875,-0.00010707015333726287,0.004198305060723636
2024-07-30 22:00:00+00:00,3276.70458984375,-0.0013168061751649177,0.004128595522005042
2024-07-30 23:00:00+00:00,3279.176025390625,0.0007539599358192117,0.004120566393970449
2024-07-31 00:00:00+00:00,3282.429931640625,0.0009918018662015376,0.00411104719632294
2024-07-31 01:00:00+00:00,3282.634765625,6.240120817913895e-05,0.003797937200018825
2024-07-31 02:00:00+00:00,3290.59033203125,0.002420598769267666,0.0037730551651904165
2024-07-31 03:00:00+00:00,3293.159423828125,0.0007804342578440912,0.00371143563577241
2024-07-31 04:00:00+00:00,3272.8935546875,-0.006172942423657584,0.0038703592030581747
2024-07-31 05:00:00+00:00,3299.475341796875,0.00808899575455467,0.00424827786237369
2024-07-31 06:00:00+00:00,3323.677490234375,0.007308379189119052,0.004394420362117521
2024-07-31 07:00:00+00:00,3316.64306640625,-0.002118700866779191,0.004329395501465308
2024-07-31 08:00:00+00:00,3318.383544921875,0.0005246334815219535,0.004328894013979573
2024-07-31 09:00:00+00:00,3319.39892578125,0.00030593978388910665,0.0043301222840050075
2024-07-31 10:00:00+00:00,3308.649658203125,-0.0032435721815024183,0.0043741555189967165
2024-07-31 11:00:00+00:00,3320.640625,0.0036175757469112764,0.004448050321233174
2024-07-31 12:00:00+00:00,3313.251708984375,-0.0022276270699444125,0.004310572187584918
2024-07-31 13:00:00+00:00,3330.78515625,0.005277962276104051,0.004209836177377058
2024-07-31 14:00:00+00:00,3318.882080078125,-0.003580055501159619,0.0038751924296478064
2024-07-31 15:00:00+00:00,3302.229736328125,-0.005030085376252038,0.0037688316924532543
2024-07-31 16:00:00+00:00,3291.163330078125,-0.0033568199347796153,0.0037534768786734317
2024-07-31 17:00:00+00:00,3312.19580078125,0.0063702553234940285,0.0038268357864718527
2024-07-31 18:00:00+00:00,3314.765869140625,0.0007756400644021874,0.0037414006685404125
2024-07-31 19:00:00+00:00,3259.095458984375,-0.016937303124917265,0.005145505578658353
2024-07-31 20:00:00+00:00,3221.3857421875,-0.011638068611535426,0.005621020913655309
2024-07-31 21:00:00+00:00,3238.607421875,0.005331807650105145,0.005756855235776013
2024-07-31 22:00:00+00:00,3242.255126953125,0.0011256851802766063,0.00576415006897385
2024-07-31 23:00:00+00:00,3233.394775390625,-0.0027365151684720615,0.005776725977206938
2024-08-01 00:00:00+00:00,3234.6728515625,0.00039519567890203424,0.005770922707356456
2024-08-01 01:00:00+00:00,3208.814453125,-0.008026255359178487,0.005962904661369824
2024-08-01 02:00:00+00:00,3195.50732421875,-0.004155677531417912,0.005952482202630358
2024-08-01 03:00:00+00:00,3178.439453125,-0.005355523817342289,0.005994374413872891
2024-08-01 04:00:00+00:00,3145.845947265625,-0.010307502703957477,0.00619136343398658
2024-08-01 05:00:00+00:00,3183.50439453125,0.011899765256922696,0.006493471402164411
2024-08-01 06:00:00+00:00,3169.649169921875,-0.004361691067076541,0.006237820003443356
2024-08-01 07:00:00+00:00,3165.95947265625,-0.0011647492422311085,0.006239917610749988
2024-08-01 08:00:00+00:00,3181.9765625,0.00504640366450349,0.006384086503272425
2024-08-01 09:00:00+00:00,3179.48974609375,-0.0007818375237063845,0.006372714544782774
2024-08-01 10:00:00+00:00,3189.225830078125,0.003057474133506641,0.006439852820088608
2024-08-01 11:00:00+00:00,3188.249755859375,-0.00030610049798503305,0.006352659183536059
2024-08-01 12:00:00+00:00,3196.399169921875,0.002552816476820272,0.0064099267789922134
2024-08-01 13:00:00+00:00,3184.849609375,-0.00361984732386065,0.006256576385742358
2024-08-01 14:00:00+00:00,3145.075927734375,-0.012567037277856321,0.006621847743499214
2024-08-01 15:00:00+00:00,3118.09375,-0.008616194690415918,0.006727136603273048
2024-08-01 16:00:00+00:00,3105.7177734375,-0.00397698189536256,0.0067321982742680935
2024-08-01 17:00:00+00:00,3116.220947265625,0.003376177193754778,0.006588500559683489
2024-08-01 18:00:00+00:00,3090.002685546875,-0.008449072814531777,0.006655323260119529
2024-08-01 19:00:00+00:00,3130.6943359375,0.013082852500449856,0.006728073704015345
2024-08-01 20:00:00+00:00,3166.274658203125,0.011300897610376408,0.00687881749595318
2024-08-01 21:00:00+00:00,3172.2548828125,0.0018869443914680674,0.006782333925060174
2024-08-01 22:00:00+00:00,3204.818359375,0.010212760104036038,0.0071422493732576356
2024-08-01 23:00:00+00:00,3202.066650390625,-0.0008589850291920827,0.007126769040071904
2024-08-02 00:00:00+00:00,3193.628173828125,-0.0026388005341217166,0.007138844036569213
2024-08-02 01:00:00+00:00,3173.9921875,-0.006167468365292867,0.007063692161402172
2024-08-02 02:00:00+00:00,3156.505859375,-0.0055244855835899775,0.007100305458818986
2024-08-02 03:00:00+00:00,3165.811767578125,0.002943830244774106,0.007056102604654151
2024-08-02 04:00:00+00:00,3163.54345703125,-0.0007167588367188968,0.006720363472343848
2024-08-02 05:00:00+00:00,3146.21484375,-0.0054926531322141954,0.006334334329878835
2024-08-02 06:00:00+00:00,3153.660888671875,0.002363871512848976,0.006304345262873433
2024-08-02 07:00:00+00:00,3146.657958984375,-0.002223040687565214,0.006315000491896245
2024-08-02 08:00:00+00:00,3154.74951171875,0.0025681745607873995,0.006244416060867782
2024-08-02 09:00:00+00:00,3150.459228515625,-0.0013608697323119455,0.006247242534180028
2024-08-02 10:00:00+00:00,3156.407958984375,0.001886430158112536,0.006223738280654018
2024-08-02 11:00:00+00:00,3150.22802734375,-0.0019598193496690045,0.006231445225436905
2024-08-02 12:00:00+00:00,3149.323974609375,-0.00028702128033900195,0.006197829957824044
2024-08-02 13:00:00+00:00,3157.960205078125,0.0027384958787001687,0.006199840000980985
2024-08-02 14:00:00+00:00,3046.345458984375,-0.035983652426320414,0.00928199393360198
2024-08-02 15:00:00+00:00,3043.77099609375,-0.0008454560969288954,0.009151356864170374
2024-08-02 16:00:00+00:00,3027.3212890625,-0.005419040434164841,0.009176417126084017
2024-08-02 17:00:00+00:00,3023.843994140625,-0.0011492977441175528,0.009127549595798659
2024-08-02 18:00:00+00:00,3012.426513671875,-0.003782963029932131,0.009016645516497912
2024-08-02 19:00:00+00:00,3011.5732421875,-0.0002832906788388991,0.008503329888998044
2024-08-02 20:00:00+00:00,3018.172607421875,0.0021889373230696094,0.008095134953134922
2024-08-02 21:00:00+00:00,3004.08984375,-0.004676909867670372,0.008069083745637431
2024-08-02 22:00:00+00:00,2971.03271484375,-0.011065033682720523,0.007802515773795106
2024-08-02 23:00:00+00:00,2984.62353515625,0.004564012204071009,0.00794907859467572
2024-08-03 00:00:00+00:00,2952.399169921875,-0.010855502255242488,0.00811127592907911
2024-08-03 01:00:00+00:00,2953.611572265625,0.00041056557927337704,0.008120332128321051
2024-08-03 02:00:00+00:00,2959.660888671875,0.00204601379574555,0.008164856197514014
2024-08-03 03:00:00+00:00,2977.23486328125,0.005920274390433756,0.008275889256508186
2024-08-03 04:00:00+00:00,2963.30029296875,-0.004691360459279258,0.00827719038527176
2024-08-03 05:00:00+00:00,2971.3271484375,0.002705093265829979,0.008326990467189632
2024-08-03 06:00:00+00:00,2987.058837890625,0.005280532696082827,0.008420043520958046
2024-08-03 07:00:00+00:00,2982.5908203125,-0.0014969114330829086,0.008421491985031908
2024-08-03 08:00:00+00:00,2979.614013671875,-0.000998559080362377,0.00836439277131867
2024-08-03 09:00:00+00:00,2987.0703125,0.002499311946760968,0.008421755496777178
2024-08-03 10:00:00+00:00,2991.02490234375,0.0013230269102350403,0.008410592239021642
2024-08-03 11:00:00+00:00,2995.05517578125,0.0013465486575095938,0.008442441647169343
2024-08-03 12:00:00+00:00,3005.61083984375,0.003518167790956512,0.00851349328682674
2024-08-03 13:00:00+00:00,3005.29150390625,-0.00010625224618150634,0.00846510055705968
2024-08-03 14:00:00+00:00,2999.651611328125,-0.0018784172067032733,0.00441934190159864
2024-08-03 15:00:00+00:00,2939.557373046875,-0.020237135736383912,0.00596147379889027
2024-08-03 16:00:00+00:00,2937.614501953125,-0.0006611585319764683,0.005902622153350015
2024-08-03 17:00:00+00:00,2901.515625,-0.012364628319258194,0.006323010397270549
2024-08-03 18:00:00+00:00,2901.569091796875,1.8427026137137676e-05,0.006316712649778696
2024-08-03 19:00:00+00:00,2893.7158203125,-0.0027102295782030178,0.006314773575435702
2024-08-03 20:00:00+00:00,2890.542724609375,-0.0010971487518337691,0.006263027192575282
2024-08-03 21:00:00+00:00,2911.174560546875,0.00711235032527534,0.0064859585245054235
2024-08-03 22:00:00+00:00,2909.078369140625,-0.0007203094168610289,0.006144157152672517
2024-08-03 23:00:00+00:00,2903.829345703125,-0.0018059894020954715,0.006035473477434011
2024-08-04 00:00:00+00:00,2912.5673828125,0.0030046243717462714,0.005720666022148948
2024-08-04 01:00:00+00:00,2907.9072265625,-0.0016012980241420062,0.005720474691763925
2024-08-04 02:00:00+00:00,2917.322265625,0.003232506898947025,0.005749836772351222
2024-08-04 03:00:00+00:00,2914.786376953125,-0.0008696301756714517,0.00557957170842128
2024-08-04 04:00:00+00:00,2899.578369140625,-0.005231196582163272,0.005596652890231322
2024-08-04 05:00:00+00:00,2912.960205078125,0.004604480265979173,0.005662969779070024
2024-08-04 06:00:00+00:00,2916.447509765625,0.001196452632615221,0.005531305109192715
2024-08-04 07:00:00+00:00,2892.204833984375,-0.008347139785595056,0.005731359253316476
2024-08-04 08:00:00+00:00,2903.8427734375,0.004015824534805538,0.005832652179578757
2024-08-04 09:00:00+00:00,2911.49755859375,0.002632619637121607,0.005836264673408197
2024-08-04 10:00:00+00:00,2911.716796875,7.529802887904035e-05,0.005819575627103106
2024-08-04 11:00:00+00:00,2913.02294921875,0.00044848436928670004,0.005805899448644582
2024-08-04 12:00:00+00:00,2922.359619140625,0.0032000225451893605,0.005795113834575868
2024-08-04 13:00:00+00:00,2912.774169921875,-0.0032854286422224293,0.005806056679040563
2024-08-04 14:00:00+00:00,2866.387451171875,-0.016053440963241586,0.006541549560803391
2024-08-04 15:00:00+00:00,2820.92431640625,-0.015987906073738897,0.006063518414538646
2024-08-04 16:00:00+00:00,2807.375,-0.004814719978105198,0.006091301039411763
2024-08-04 17:00:00+00:00,2694.23046875,-0.04113725980770236,0.00988972866765234
2024-08-04 18:00:00+00:00,2729.340087890625,0.012947230694980914,0.010405011586207593
2024-08-04 19:00:00+00:00,2760.528076171875,0.011362139444739417,0.010785132969213665
2024-08-04 20:00:00+00:00,2754.55859375,-0.0021647836599404035,0.010783606733341614
2024-08-04 21:00:00+00:00,2731.28271484375,-0.008485851948971019,0.01067958745482758
2024-08-04 22:00:00+00:00,2719.82861328125,-0.004202489265222405,0.010675775201024022
2024-08-04 23:00:00+00:00,2687.00634765625,-0.012141176510956838,0.010840986657276157
2024-08-05 00:00:00+00:00,2529.00048828125,-0.060603531228012666,0.015862111116569152
2024-08-05 01:00:00+00:00,2326.6953125,-0.08337522076753384,0.02235573109336208
2024-08-05 02:00:00+00:00,2331.158447265625,0.0019163916952928024,0.022325268920166084
2024-08-05 03:00:00+00:00,2325.848388671875,-0.002280460854822096,0.022303826908540332
2024-08-05 04:00:00+00:00,2341.87646484375,0.006867645232418397,0.022537762197628212
2024-08-05 05:00:00+00:00,2314.852294921875,-0.011606634052822067,0.022357621231395914
2024-08-05 06:00:00+00:00,2253.77001953125,-0.026741503752422534,0.022499218441125277
2024-08-05 07:00:00+00:00,2360.556396484375,0.046292974211627015,0.0253373641376109
2024-08-05 08:00:00+00:00,2328.393310546875,-0.013718889043874206,0.02521591142665921
2024-08-05 09:00:00+00:00,2310.56103515625,-0.007688096021530155,0.025093008305698727
2024-08-05 10:00:00+00:00,2274.789794921875,-0.015602717109565341,0.02503330185493203
2024-08-05 11:00:00+00:00,2292.01220703125,0.007542474470742883,0.025206836491481782
2024-08-05 12:00:00+00:00,2226.2236328125,-0.029123412984125137,0.025334647092985378
2024-08-05 13:00:00+00:00,2335.37451171875,0.0478655569333451,0.028047710126258472
2024-08-05 14:00:00+00:00,2408.328369140625,0.03076061535437876,0.029156691236592543
2024-08-05 15:00:00+00:00,2449.764892578125,0.01705917366718386,0.02950460583590601
2024-08-05 16:00:00+00:00,2458.64990234375,0.0036203213629235095,0.029567993826121894
2024-08-05 17:00:00+00:00,2470.744140625,0.004906997672953955,0.02863604067167014
2024-08-05 18:00:00+00:00,2387.104736328125,-0.03443815257256514,0.02907515406704756
2024-08-05 19:00:00+00:00,2404.3896484375,0.007214862713263902,0.028982244136950826
2024-08-05 20:00:00+00:00,2426.862548828125,0.009303204038143784,0.029138131784203374
2024-08-05 21:00:00+00:00,2431.651123046875,0.001971210165379629,0.02916623930991842
2024-08-05 22:00:00+00:00,2447.443115234375,0.006473352045374184,0.029257679645472393
2024-08-05 23:00:00+00:00,2418.601318359375,-0.01185444770359813,0.029254438220697253
2024-08-06 00:00:00+00:00,2533.74951171875,0.04651082061231826,0.028464847686544677
2024-08-06 01:00:00+00:00,2518.242431640625,-0.006139015641312728,0.022323042450934343
2024-08-06 02:00:00+00:00,2509.524169921875,-0.003468048995822935,0.02236453316073211
2024-08-06 03:00:00+00:00,2493.5595703125,-0.006381925477719668,0.02242280554414153
2024-08-06 04:00:00+00:00,2501.557861328125,0.003202446373175583,0.022407091633584224
2024-08-06 05:00:00+00:00,2525.52197265625,0.009534080875894736,0.02223309863811904
2024-08-06 06:00:00+00:00,2517.078125,-0.003349008600644941,0.02133853301619551
2024-08-06 07:00:00+00:00,2527.0830078125,0.003966921622523255,0.01940466411547758
2024-08-06 08:00:00+00:00,2465.922607421875,-0.024499655831207574,0.019922532037558408
2024-08-06 09:00:00+00:00,2465.893798828125,-1.1682751902000358e-05,0.01981500818054071
2024-08-06 10:00:00+00:00,2456.79052734375,-0.003698503197895118,0.01948285708188015
2024-08-06 11:00:00+00:00,2461.30615234375,0.001836330825940258,0.019462455913818386
2024-08-06 12:00:00+00:00,2441.6259765625,-0.008027964067098122,0.018397261833061295
2024-08-06 13:00:00+00:00,2455.49072265625,0.005662427093673866,0.015847254662078904
2024-08-06 14:00:00+00:00,2523.321044921875,0.02724928055656318,0.015585090258408804
2024-08-06 15:00:00+00:00,2528.123291015625,0.0019013364182968407,0.01524941838273199
2024-08-06 16:00:00+00:00,2538.9931640625,0.004290365069335076,0.015254440928109273
2024-08-06 17:00:00+00:00,2489.030029296875,-0.01987452222838796,0.01583033330538634
2024-08-06 18:00:00+00:00,2502.706787109375,0.005479772888360981,0.01401382391511154
2024-08-06 19:00:00+00:00,2497.323974609375,-0.002153112585116049,0.013991846896476158
2024-08-06 20:00:00+00:00,2491.577880859375,-0.0023035515459577916,0.013913670732422796
2024-08-06 21:00:00+00:00,2492.416015625,0.00033633057781914233,0.013913204331773305
2024-08-06 22:00:00+00:00,2476.02880859375,-0.006596537562213156,0.01394656247244502
2024-08-06 23:00:00+00:00,2457.898681640625,-0.007349199432185575,0.013802849994189003
2024-08-07 00:00:00+00:00,2462.130859375,0.001720387547650642,0.009776192087088804
2024-08-07 01:00:00+00:00,2501.11328125,0.01570876724704854,0.010298993749327086
2024-08-07 02:00:00+00:00,2494.607666015625,-0.0026044765031945105,0.010288890797633584
2024-08-07 03:00:00+00:00,2507.439453125,0.005130625502584961,0.01025882592801505
2024-08-07 04:00:00+00:00,2519.16552734375,0.004665612490078289,0.010281572736545865
2024-08-07 05:00:00+00:00,2506.466552734375,-0.005053693320352474,0.01014170870626179
2024-08-07 06:00:00+00:00,2499.146728515625,-0.0029246483997152407,0.010136558706681485
2024-08-07 07:00:00+00:00,2511.7353515625,0.005024524357144651,0.010158181088028889
2024-08-07 08:00:00+00:00,2523.84130859375,0.004808180341988868,0.008785642413271837
2024-08-07 09:00:00+00:00,2521.5107421875,-0.0009238469579736495,0.008792032499313719
2024-08-07 10:00:00+00:00,2514.2412109375,-0.0028871701257002906,0.008775008048282618
2024-08-07 11:00:00+00:00,2477.856689453125,-0.014577104252754606,0.009326281526296642
2024-08-07 12:00:00+00:00,2470.542724609375,-0.0029560953180352177,0.00918627293900184
2024-08-07 13:00:00+00:00,2443.567138671875,-0.010978939279229868,0.009404387455635783
2024-08-07 14:00:00+00:00,2393.281982421875,-0.020793275437553622,0.008362327976020408
2024-08-07 15:00:00+00:00,2411.643310546875,0.007642748380708066,0.008564573578238087
2024-08-07 16:00:00+00:00,2394.962890625,-0.006940650506960635,0.008514585270599666
2024-08-07 17:00:00+00:00,2370.576416015625,-0.010234597138872582,0.007858117577655031
2024-08-07 18:00:00+00:00,2344.882568359375,-0.01089781589849551,0.007888519896202992
2024-08-07 19:00:00+00:00,2353.307861328125,0.003586615794579997,0.007992584538791155
2024-08-07 20:00:00+00:00,2340.723876953125,-0.0053617083239139544,0.008014082560351765
2024-08-07 21:00:00+00:00,2363.19384765625,0.009553798739997012,0.008373827360732777
2024-08-07 22:00:00+00:00,2355.976806640625,-0.003058608035455403,0.008324395929124382
2024-08-07 23:00:00+00:00,2337.206298828125,-0.007999094634615097,0.008343348192872644
2024-08-08 00:00:00+00:00,2354.01513671875,0.007166112303055938,0.008523805262253475
2024-08-08 01:00:00+00:00,2441.50390625,0.036491765427575686,0.011064491809716014
2024-08-08 02:00:00+00:00,2455.626220703125,0.0057676039784645555,0.01114356722688457
2024-08-08 03:00:00+00:00,2436.332275390625,-0.007888065840891306,0.011166465232308563
2024-08-08 04:00:00+00:00,2423.90234375,-0.005114962430766119,0.0111215229062202
2024-08-08 05:00:00+00:00,2426.160888671875,0.0009313466554553081,0.011107951944020093
2024-08-08 06:00:00+00:00,2437.414794921875,0.004627840530282415,0.011168420643493536
2024-08-08 07:00:00+00:00,2414.37939453125,-0.009495692759922014,0.011218669381602937
2024-08-08 08:00:00+00:00,2426.808837890625,0.005134884277687956,0.011227037888346999
2024-08-08 09:00:00+00:00,2439.780517578125,0.0053309245797886606,0.01131646880114562
2024-08-08 10:00:00+00:00,2447.525634765625,0.003169485777970558,0.01134871911174394
2024-08-08 11:00:00+00:00,2450.50830078125,0.0012179035194748394,0.010986639271165253
2024-08-08 12:00:00+00:00,2484.84619140625,0.013915290082286499,0.011353766109318222
2024-08-08 13:00:00+00:00,2431.282470703125,-0.021791878972130835,0.012013693607883154
2024-08-08 14:00:00+00:00,2501.071533203125,0.02830036947241024,0.012525294114618118
2024-08-08 15:00:00+00:00,2505.01904296875,0.0015770831644951275,0.012464068846239153
2024-08-08 16:00:00+00:00,2590.209716796875,0.033442507678191444,0.013905830095181001
2024-08-08 17:00:00+00:00,2578.033203125,-0.00471206032326558,0.013717137858883432
2024-08-08 18:00:00+00:00,2578.59130859375,0.00021646155141242355,0.01339388747024389
2024-08-08 19:00:00+00:00,2569.6123046875,-0.003488212077514779,0.013480009485492835
2024-08-08 20:00:00+00:00,2572.657958984375,0.001184556430074649,0.013355092385873403
2024-08-08 21:00:00+00:00,2610.29150390625,0.014522312668075793,0.013483840144108581
2024-08-08 22:00:00+00:00,2713.48876953125,0.03877327335514336,0.015117144477254402
2024-08-08 23:00:00+00:00,2680.80078125,-0.012119626908460449,0.01530394950729854
2024-08-09 00:00:00+00:00,2667.355224609375,-0.00502811995514652,0.015455352705561046
2024-08-09 01:00:00+00:00,2671.37255859375,0.0015049783041093483,0.013953211927287852
2024-08-09 02:00:00+00:00,2672.6904296875,0.0004932094263690442,0.013961571598543887
2024-08-09 03:00:00+00:00,2694.972900390625,0.008302532156266043,0.013775830197380221
2024-08-09 04:00:00+00:00,2660.90673828125,-0.012721205036076105,0.014083598721754954
2024-08-09 05:00:00+00:00,2677.594482421875,0.006251866509052235,0.014076924465246216
2024-08-09 06:00:00+00:00,2689.126220703125,0.0042975055595523715,0.014076556282683962
2024-08-09 07:00:00+00:00,2670.539306640625,-0.0069358763079686424,0.01397845807436367
2024-08-09 08:00:00+00:00,2671.436767578125,0.00033600335661357995,0.013998835113937
2024-08-09 09:00:00+00:00,2655.6328125,-0.005933469126607421,0.014140448041738961
2024-08-09 10:00:00+00:00,2636.771484375,-0.007127727558316633,0.014307171341697733
2024-08-09 11:00:00+00:00,2639.03759765625,0.0008590581597542314,0.014309414629664364
2024-08-09 12:00:00+00:00,2628.92724609375,-0.003838432592408858,0.014183712698390949
2024-08-09 13:00:00+00:00,2617.6044921875,-0.0043162881880720845,0.013312338639082783
2024-08-09 14:00:00+00:00,2596.534912109375,-0.008081753525864386,0.01235198823508885
2024-08-09 15:00:00+00:00,2561.124755859375,-0.013731310286697891,0.012740265217104038
2024-08-09 16:00:00+00:00,2591.9658203125,0.011970072035571282,0.010991173014480247
2024-08-09 17:00:00+00:00,2591.423095703125,-0.0002094091800371784,0.010945073594082092
2024-08-09 18:00:00+00:00,2583.810546875,-0.0029419171555718823,0.010964037023104523
2024-08-09 19:00:00+00:00,2594.612548828125,0.004171933200866099,0.010967014232128983
2024-08-09 20:00:00+00:00,2592.7509765625,-0.0007177335216348472,0.01096799746301836
2024-08-09 21:00:00+00:00,2603.915283203125,0.004296725346094526,0.010584375814742548
2024-08-09 22:00:00+00:00,2601.5771484375,-0.0008983338093638397,0.006595273597505192
2024-08-09 23:00:00+00:00,2600.773681640625,-0.00030888605152033414,0.0062181237931552245
2024-08-10 00:00:00+00:00,2584.473876953125,-0.006287012603672728,0.006256459514257447
2024-08-10 01:00:00+00:00,2600.96826171875,0.006361826033610084,0.00642784800987348
2024-08-10 02:00:00+00:00,2606.34423828125,0.00206478043038824,0.006452877075088589
2024-08-10 03:00:00+00:00,2604.476806640625,-0.0007167514310979764,0.006139715151623777
2024-08-10 04:00:00+00:00,2600.630615234375,-0.001477853114081297,0.005649550873671756
2024-08-10 05:00:00+00:00,2608.275146484375,0.0029351795129389582,0.005504302416607139
2024-08-10 06:00:00+00:00,2622.37353515625,0.005390697663368818,0.0055551375188413925
2024-08-10 07:00:00+00:00,2634.6669921875,0.004676958214858316,0.005525607084577499
2024-08-10 08:00:00+00:00,2630.53662109375,-0.0015689315150470354,0.0055258063260198555
2024-08-10 09:00:00+00:00,2636.569091796875,0.002290621707490235,0.005437754064140362
2024-08-10 10:00:00+00:00,2630.396728515625,-0.0023438033651396657,0.005261419755681562
2024-08-10 11:00:00+00:00,2637.191162109375,0.0025797148535028703,0.00528673087700249
2024-08-10 12:00:00+00:00,2632.713623046875,-0.0016992869216719657,0.005237519954630666
2024-08-10 13:00:00+00:00,2611.965576171875,-0.007912077869437697,0.005416521877362813
2024-08-10 14:00:00+00:00,2611.406494140625,-0.00021406938883896922,0.005142982280043127
2024-08-10 15:00:00+00:00,2607.991455078125,-0.0013085951993153982,0.00421785644621942
2024-08-10 16:00:00+00:00,2605.840087890625,-0.000825253862487867,0.003483436860652703
2024-08-10 17:00:00+00:00,2609.045166015625,0.0012292038549290547,0.003488057232959257
2024-08-10 18:00:00+00:00,2601.768798828125,-0.002792796659430302,0.0034821918859516666
2024-08-10 19:00:00+00:00,2603.3017578125,0.0005890252637368381,0.0033838827614692305
2024-08-10 20:00:00+00:00,2605.81591796875,0.0009652922079918861,0.003382788600674165
2024-08-10 21:00:00+00:00,2614.70361328125,0.003404911655196142,0.0033405735994827324
2024-08-10 22:00:00+00:00,2607.415283203125,-0.00279133239011669,0.0033889486917283683
2024-08-10 23:00:00+00:00,2608.10693359375,0.0002652276669255034,0.0033880117508304788
2024-08-11 00:00:00+00:00,2624.570556640625,0.0062926398211387855,0.0033266630058526882
2024-08-11 01:00:00+00:00,2631.193115234375,0.0025201141117375397,0.0031258090644130784
2024-08-11 02:00:00+00:00,2626.219970703125,-0.0018918604771037677,0.0031429609262292484
2024-08-11 03:00:00+00:00,2647.900390625,0.008221481709314643,0.003521920459145922
2024-08-11 04:00:00+00:00,2646.082763671875,-0.0006866765426221663,0.003504416156015779
2024-08-11 05:00:00+00:00,2665.725830078125,0.007396033046469698,0.003737457110443981
2024-08-11 06:00:00+00:00,2660.23486328125,-0.0020619636751032693,0.0036575494377730196
2024-08-11 07:00:00+00:00,2678.470458984375,0.006831493975604392,0.0037862142337595542
2024-08-11 08:00:00+00:00,2687.918212890625,0.003521088107880209,0.003796894975041437
2024-08-11 09:00:00+00:00,2685.302734375,-0.0009735236082274983,0.0038033400960648706
2024-08-11 10:00:00+00:00,2677.4990234375,-0.002910313227297703,0.003825156302900828
2024-08-11 11:00:00+00:00,2656.245361328125,-0.007969551244939534,0.004192936709889363
2024-08-11 12:00:00+00:00,2638.92822265625,-0.006540748904558076,0.004404435719636538
2024-08-11 13:00:00+00:00,2636.67236328125,-0.000855204815354296,0.004069222424871665
2024-08-11 14:00:00+00:00,2614.126953125,-0.008587473010441547,0.00446334812934425
2024-08-11 15:00:00+00:00,2614.6220703125,0.0001893826560657691,0.004454084253074987
2024-08-11 16:00:00+00:00,2627.697021484375,0.004988242056399633,0.004558113235850056
2024-08-11 17:00:00+00:00,2639.015380859375,0.004298080447338066,0.00462644165948147
2024-08-11 18:00:00+00:00,2640.08935546875,0.00040687755891673845,0.004573957238229352
2024-08-11 19:00:00+00:00,2602.67578125,-0.014272700900190255,0.005490913884928204
2024-08-11 20:00:00+00:00,2555.54443359375,-0.01827477594226239,0.0066289188752255285
2024-08-11 21:00:00+00:00,2581.017822265625,0.009918539379654596,0.006935320086023796
2024-08-11 22:00:00+00:00,2568.958251953125,-0.004683358594846608,0.006972673251887577
2024-08-11 23:00:00+00:00,2554.117431640625,-0.005793731243864299,0.007048536182504987
2024-08-12 00:00:00+00:00,2538.0634765625,-0.0063053566070353975,0.006960353035270295
2024-08-12 01:00:00+00:00,2550.576416015625,0.004917999676867039,0.007035819146938478
2024-08-12 02:00:00+00:00,2552.33154296875,0.0006878928785085307,0.007046028091415642
2024-08-12 03:00:00+00:00,2541.129638671875,-0.004398550203050328,0.006779045030934666
2024-08-12 04:00:00+00:00,2540.293701171875,-0.000329017069286961,0.006781796299352006
2024-08-12 05:00:00+00:00,2551.345947265625,0.004341337649770746,0.006630641933130211
2024-08-12 06:00:00+00:00,2554.35693359375,0.0011794602026169397,0.006658607629494867
2024-08-12 07:00:00+00:00,2569.7431640625,0.006005455169942418,0.006614622493376783
2024-08-12 08:00:00+00:00,2567.076416015625,-0.0010382876972317504,0.006522179878828029
2024-08-12 09:00:00+00:00,2598.09912109375,0.012012400313051353,0.0071154923774066
2024-08-12 10:00:00+00:00,2641.76171875,0.01666594194255597,0.00799909692147757
2024-08-12 11:00:00+00:00,2673.1201171875,0.011800361057449915,0.008217834971451912
2024-08-12 12:00:00+00:00,2681.0546875,0.002963883851554419,0.008103885028344537
2024-08-12 13:00:00+00:00,2614.688232421875,-0.025065389592042648,0.009658405382842492
2024-08-12 14:00:00+00:00,2704.14990234375,0.03364272627537017,0.011719170611634562
2024-08-12 15:00:00+00:00,2688.054443359375,-0.005969917219686666,0.011814135928474715
2024-08-12 16:00:00+00:00,2670.1484375,-0.006683611245621217,0.011889436362566135
2024-08-12 17:00:00+00:00,2658.19677734375,-0.004486075777055374,0.011908012984437022
2024-08-12 18:00:00+00:00,2633.8955078125,-0.009184057659235972,0.01206423858571792
2024-08-12 19:00:00+00:00,2655.79833984375,0.008281370468159865,0.011787327579501183
2024-08-12 20:00:00+00:00,2682.019287109375,0.00982467368158391,0.011186151653466586
2024-08-12 21:00:00+00:00,2684.425537109375,0.0008967762606636302,0.011059800507635005
2024-08-12 22:00:00+00:00,2697.0927734375,0.004707689908971717,0.010992394254707596
2024-08-12 23:00:00+00:00,2723.429443359375,0.009717468581096105,0.010968480195802544
2024-08-13 00:00:00+00:00,2720.489013671875,-0.0010802623134999157,0.010833518654220378
2024-08-13 01:00:00+00:00,2730.11767578125,0.0035330643628549044,0.010825944160162517
2024-08-13 02:00:00+00:00,2714.846923828125,-0.005609142800370367,0.010955757129557786
2024-08-13 03:00:00+00:00,2656.8779296875,-0.021583847337263016,0.01194783834249904
2024-08-13 04:00:00+00:00,2662.032470703125,0.0019381949464219181,0.01193877098839572
2024-08-13 05:00:00+00:00,2653.905029296875,-0.0030577664763128077,0.011969839315985074
2024-08-13 06:00:00+00:00,2657.2587890625,0.0012629097222669101,0.01196971119363385
2024-08-13 07:00:00+00:00,2649.904052734375,-0.002771628177078521,0.011964795243245193
2024-08-13 08:00:00+00:00,2642.752685546875,-0.002702374967141276,0.011983620341979655
2024-08-13 09:00:00+00:00,2641.679443359375,-0.00040619017373147735,0.0117630090450149
2024-08-13 10:00:00+00:00,2633.70361328125,-0.0030237941281711545,0.01127714789008382
2024-08-13 11:00:00+00:00,2642.96826171875,0.0035115535614778162,0.011019968320972918
2024-08-13 12:00:00+00:00,2652.2900390625,0.0035208053861407983,0.011028102729502129
2024-08-13 13:00:00+00:00,2673.0791015625,0.0078075970160503055,0.00981225093055018
2024-08-13 14:00:00+00:00,2662.244873046875,-0.004061325407475299,0.006944717021474037
2024-08-13 15:00:00+00:00,2653.087890625,-0.0034455007383037434,0.006879461284556038
2024-08-13 16:00:00+00:00,2716.973388671875,0.02379433264093001,0.008352482374125586
2024-08-13 17:00:00+00:00,2715.420654296875,-0.0005716575068021491,0.008284253666596486
2024-08-13 18:00:00+00:00,2699.028564453125,-0.006054961183596858,0.008142261109683009
2024-08-13 19:00:00+00:00,2713.23583984375,0.005250042112572975,0.008047649698087848
2024-08-13 20:00:00+00:00,2700.1162109375,-0.004847146267273543,0.007895373769077809
2024-08-13 21:00:00+00:00,2730.2021484375,0.01108084033021904,0.008197829746543667
2024-08-13 22:00:00+00:00,2714.756591796875,-0.005673357248896091,0.008251122574619846
2024-08-13 23:00:00+00:00,2703.376708984375,-0.004200671675845624,0.008044927780905655
2024-08-14 00:00:00+00:00,2715.72021484375,0.0045555661321890605,0.008103443955219823
2024-08-14 01:00:00+00:00,2694.461181640625,-0.007858938938779227,0.008215893654155145
2024-08-14 02:00:00+00:00,2711.23583984375,0.0062063086335216455,0.00825333685045852
2024-08-14 03:00:00+00:00,2712.3525390625,0.00041179350515368703,0.006862919344003178
2024-08-14 04:00:00+00:00,2721.097900390625,0.0032190848071829395,0.006876627112548956
2024-08-14 05:00:00+00:00,2725.322265625,0.0015512450206636923,0.006825038242294534
2024-08-14 06:00:00+00:00,2729.93212890625,0.0016900639439070837,0.006826020910380941
2024-08-14 07:00:00+00:00,2728.496826171875,-0.000525903251381641,0.006785566442408461
2024-08-14 08:00:00+00:00,2726.262451171875,-0.0008192387643017181,0.006749054485316634
2024-08-14 09:00:00+00:00,2723.04345703125,-0.0011814328537502676,0.006759404211281841
2024-08-14 10:00:00+00:00,2744.5498046875,0.00786688312089616,0.006824288805889248
2024-08-14 11:00:00+00:00,2755.308837890625,0.0039124812570012985,0.006829359650033782
2024-08-14 12:00:00+00:00,2734.079345703125,-0.007734777471872512,0.0070831096037194995
2024-08-14 13:00:00+00:00,2656.37255859375,-0.028833267385844165,0.009233952384310334
2024-08-14 14:00:00+00:00,2654.021484375,-0.000885461362504576,0.00919982006481432
2024-08-14 15:00:00+00:00,2678.447265625,0.00916121715048815,0.009360714181147254
2024-08-14 16:00:00+00:00,2666.517333984375,-0.0044639964322302295,0.007962452616855754
2024-08-14 17:00:00+00:00,2659.684326171875,-0.0025658103080502975,0.007970573066270928
2024-08-14 18:00:00+00:00,2658.899169921875,-0.00029525013804159876,0.007893826955120703
2024-08-14 19:00:00+00:00,2671.361572265625,0.004676103348423361,0.007876106998119177
2024-08-14 20:00:00+00:00,2676.001220703125,0.0017353038428115982,0.007838043439104018
2024-08-14 21:00:00+00:00,2666.039306640625,-0.0037296331089816752,0.007471442727846368
2024-08-14 22:00:00+00:00,2668.98974609375,0.0011060632378014422,0.007414654626148943
2024-08-14 23:00:00+00:00,2663.7509765625,-0.001964757519243023,0.007382846354224055
2024-08-15 00:00:00+00:00,2666.2158203125,0.0009249002928708492,0.00730911594078645
2024-08-15 01:00:00+00:00,2640.530029296875,-0.009680505655462112,0.007394920235993444
2024-08-15 02:00:00+00:00,2648.948974609375,0.0031832822913485962,0.00729470397302097
2024-08-15 03:00:00+00:00,2652.330078125,0.0012755804553739884,0.007303934811031269
2024-08-15 04:00:00+00:00,2654.391357421875,0.0007768560779292023,0.007260464202264228
2024-08-15 05:00:00+00:00,2635.3955078125,-0.00718211593327475,0.007343629993334096
2024-08-15 06:00:00+00:00,2623.1435546875,-0.004659839985742136,0.007341920708923112
2024-08-15 07:00:00+00:00,2615.668701171875,-0.002853646293493352,0.007341626286924312
2024-08-15 08:00:00+00:00,2619.08447265625,0.0013050364957957962,0.007366220706520341
2024-08-15 09:00:00+00:00,2623.078369140625,0.0015237593251767718,0.007394681674307469
2024-08-15 10:00:00+00:00,2619.300048828125,-0.0014414529686607273,0.0071177603888660235
2024-08-15 11:00:00+00:00,2637.334716796875,0.006861705076847805,0.007247580430524739
2024-08-15 12:00:00+00:00,2642.61279296875,0.001999291818801589,0.007174382471774997
2024-08-15 13:00:00+00:00,2660.2861328125,0.006665563694957494,0.004398986360853005
2024-08-15 14:00:00+00:00,2653.912109375,-0.0023988666600884795,0.004423925161140381
2024-08-15 15:00:00+00:00,2671.498779296875,0.006604836405185758,0.004219780067607323
2024-08-15 16:00:00+00:00,2659.013671875,-0.004684401496829244,0.00422989940654789
2024-08-15 17:00:00+00:00,2613.8740234375,-0.017121832965714425,0.005460707193839677
2024-08-15 18:00:00+00:00,2554.7529296875,-0.022877902747105147,0.007087069450036743
2024-08-15 19:00:00+00:00,2551.5693359375,-0.0012469225391132394,0.006958622450517576
2024-08-15 20:00:00+00:00,2529.860595703125,-0.008544395022605117,0.007040274661828778
2024-08-15 21:00:00+00:00,2570.52197265625,0.01594477977680303,0.007957163613196585
2024-08-15 22:00:00+00:00,2578.132568359375,0.002956345657116357,0.007992599829684293
2024-08-15 23:00:00+00:00,2570.10009765625,-0.003120479489627874,0.007999358097166662
2024-08-16 00:00:00+00:00,2574.385009765625,0.001665827778983322,0.008010510213911215
2024-08-16 01:00:00+00:00,2572.490478515625,-0.0007361869700864768,0.007817180637903138
2024-08-16 02:00:00+00:00,2593.84619140625,0.008267302690652654,0.008004588842679159
2024-08-16 03:00:00+00:00,2579.8310546875,-0.005417876042403764,0.008042883265984773
2024-08-16 04:00:00+00:00,2597.923583984375,0.006988590304713663,0.008206039161294042
2024-08-16 05:00:00+00:00,2598.58056640625,0.00025285553763139596,0.008098039077624962
2024-08-16 06:00:00+00:00,2626.458740234375,0.010671092306603715,0.008363058439812415
2024-08-16 07:00:00+00:00,2617.6064453125,-0.003376122537387932,0.008371628308721605
2024-08-16 08:00:00+00:00,2618.605712890625,0.00038167574577372874,0.008367638767333053
2024-08-16 09:00:00+00:00,2625.294677734375,0.002551142460119769,0.008378434697578277
2024-08-16 10:00:00+00:00,2618.7099609375,-0.0025113327356802986,0.008389471856184584
2024-08-16 11:00:00+00:00,2614.202880859375,-0.0017225898190467589,0.008265873253636091
2024-08-16 12:00:00+00:00,2577.255859375,-0.014234012882248287,0.008715752170342794
2024-08-16 13:00:00+00:00,2585.79345703125,0.0033071949984330258,0.008612955285699888
2024-08-16 14:00:00+00:00,2580.152587890625,-0.0021838677111527638,0.008611747830425837
2024-08-16 15:00:00+00:00,2570.91259765625,-0.00358760753830213,0.008461443269969504
2024-08-16 16:00:00+00:00,2597.202880859375,0.010174118629322658,0.008764055837134006
2024-08-16 17:00:00+00:00,2609.035400390625,0.0045455237603215974,0.008121391761778248
2024-08-16 18:00:00+00:00,2616.459228515625,0.0028413896279288644,0.006521188090192263
2024-08-16 19:00:00+00:00,2621.482666015625,0.0019180965124436795,0.006505875740499495
2024-08-16 20:00:00+00:00,2612.15869140625,-0.003563096451249452,0.006258704332953655
2024-08-16 21:00:00+00:00,2601.2861328125,-0.004170975131743835,0.005520341942884232
2024-08-16 22:00:00+00:00,2596.3828125,-0.0018867387741133392,0.005514999465496092
2024-08-16 23:00:00+00:00,2593.247314453125,-0.001208370674479285,0.005477211594641519
2024-08-17 00:00:00+00:00,2601.358642578125,0.0031229836428767013,0.00550018698882566
2024-08-17 01:00:00+00:00,2602.9921875,0.0006277612823794932,0.00549461073103535
2024-08-17 02:00:00+00:00,2599.050048828125,-0.0015156122335811839,0.005250083327091187
2024-08-17 03:00:00+00:00,2596.5810546875,-0.0009504117121803367,0.005124238152234191
2024-08-17 04:00:00+00:00,2601.2001953125,0.001777351380834043,0.004934031259726575
2024-08-17 05:00:00+00:00,2602.052490234375,0.0003276008224104674,0.004934186798784297
2024-08-17 06:00:00+00:00,2598.209228515625,-0.0014781034595313773,0.00439108204145002
2024-08-17 07:00:00+00:00,2600.324462890625,0.0008137811995830872,0.004352836171062102
2024-08-17 08:00:00+00:00,2600.965087890625,0.00024633314372705527,0.004352034671644384
2024-08-17 09:00:00+00:00,2603.251708984375,0.0008787571041506203,0.004317960721570874
2024-08-17 10:00:00+00:00,2597.1044921875,-0.002364153308832562,0.004314863050773343
2024-08-17 11:00:00+00:00,2599.43359375,0.0008964051373986795,0.00431163008842138
2024-08-17 12:00:00+00:00,2603.281982421875,0.0014793771896231935,0.0031227490531410894
2024-08-17 13:00:00+00:00,2604.58349609375,0.0004998261588516057,0.0030618299381475526
2024-08-17 14:00:00+00:00,2612.628662109375,0.0030840886467854494,0.0030647219988219235
2024-08-17 15:00:00+00:00,2607.1669921875,-0.002092676524824339,0.0029919091928819193
2024-08-17 16:00:00+00:00,2621.377685546875,0.005435825541119914,0.0024362685474366586
2024-08-17 17:00:00+00:00,2617.2080078125,-0.0015919100532111989,0.002298920170284513
2024-08-17 18:00:00+00:00,2611.078857421875,-0.0023446124347722176,0.0022766346117769946
2024-08-17 19:00:00+00:00,2615.048828125,0.0015192784048235852,0.002262785613621492
2024-08-17 20:00:00+00:00,2616.1005859375,0.0004021134719818484,0.0021405755250497194
2024-08-17 21:00:00+00:00,2606.979736328125,-0.003492521009722717,0.0020860165712083857
2024-08-17 22:00:00+00:00,2608.901123046875,0.0007367448979229809,0.002046225978559464
2024-08-17 23:00:00+00:00,2614.139404296875,0.002005836630551301,0.0020551776772929956
2024-08-18 00:00:00+00:00,2618.7880859375,0.0017767044822106675,0.0019931919259161433
2024-08-18 01:00:00+00:00,2608.3408203125,-0.0039973299773044405,0.0021733740055353908
2024-08-18 02:00:00+00:00,2629.239990234375,0.007980509169214509,0.0026755858271766478
2024-08-18 03:00:00+00:00,2607.556884765625,-0.008281103849978483,0.0032109920431551966
2024-08-18 04:00:00+00:00,2603.114013671875,-0.0017052975545826861,0.0032141581343634734
2024-08-18 05:00:00+00:00,2603.7939453125,0.0002611652250607599,0.0032139198649936414
2024-08-18 06:00:00+00:00,2606.474853515625,0.001029086422689953,0.0032035713030785923
2024-08-18 07:00:00+00:00,2607.318359375,0.0003235670584897735,0.0032005990248369838
2024-08-18 08:00:00+00:00,2618.212890625,0.0041697375879252525,0.003306217092959163
2024-08-18 09:00:00+00:00,2647.1142578125,0.010978105114949462,0.003963687268803713
2024-08-18 10:00:00+00:00,2647.465087890625,0.00013252425007969216,0.003912305200607753
2024-08-18 11:00:00+00:00,2648.951171875,0.0005611658715960693,0.003912545333841785
2024-08-18 12:00:00+00:00,2668.25390625,0.007260513328600979,0.00412904479171562
2024-08-18 13:00:00+00:00,2663.53857421875,-0.0017687609852992225,0.004167429675706667
2024-08-18 14:00:00+00:00,2665.272705078125,0.0006508509420583777,0.004142335350720666
2024-08-18 15:00:00+00:00,2671.736572265625,0.0024222818481781086,0.0041061381361176845
2024-08-18 16:00:00+00:00,2667.84619140625,-0.0014571855966886147,0.004024040802152056
2024-08-18 17:00:00+00:00,2650.2626953125,-0.006612711601979171,0.004272928576590127
2024-08-18 18:00:00+00:00,2660.73828125,0.003944868234369326,0.004282271740085504
2024-08-18 19:00:00+00:00,2666.1875,0.0020459157399736034,0.004287543941952592
2024-08-18 20:00:00+00:00,2667.284423828125,0.0004113357524919985,0.004287506495045179
2024-08-18 21:00:00+00:00,2641.5234375,-0.00970507473606908,0.004723742954400765
2024-08-18 22:00:00+00:00,2646.606201171875,0.0019223300427137924,0.004731989436695277
2024-08-18 23:00:00+00:00,2615.939208984375,-0.0116549452560077,0.005338063613341348
2024-08-19 00:00:00+00:00,2611.60302734375,-0.0016589756482480776,0.005335215147972128
2024-08-19 01:00:00+00:00,2630.8232421875,0.007332597531464715,0.005476104984143395
2024-08-19 02:00:00+00:00,2641.078857421875,0.0038906747422470544,0.005289015081486788
2024-08-19 03:00:00+00:00,2645.841552734375,0.0018016902965645927,0.00497844583543372
2024-08-19 04:00:00+00:00,2636.616455078125,-0.0034927327470753067,0.005027672576232673
2024-08-19 05:00:00+00:00,2625.097412109375,-0.004378444614024029,0.005126793412769723
2024-08-19 06:00:00+00:00,2627.30419921875,0.0008402964596104717,0.005125834121446718
2024-08-19 07:00:00+00:00,2614.891845703125,-0.004735563723836314,0.005229166466543423
2024-08-19 08:00:00+00:00,2615.89306640625,0.00038281853762896223,0.005158335673267993
2024-08-19 09:00:00+00:00,2579.991455078125,-0.013819469060635674,0.005336499953993805
2024-08-19 10:00:00+00:00,2578.22802734375,-0.0006837350791619593,0.005331100028108923
2024-08-19 11:00:00+00:00,2586.672119140625,0.003269801576329498,0.005396162327683272
2024-08-19 12:00:00+00:00,2587.81298828125,0.000440959490819706,0.005114973759548661
2024-08-19 13:00:00+00:00,2574.328125,-0.005224535191357007,0.005177720714049105
2024-08-19 14:00:00+00:00,2580.753662109375,0.0024928956328423234,0.005223197240795478
2024-08-19 15:00:00+00:00,2587.500244140625,0.002610779573056558,0.005229242983716451
2024-08-19 16:00:00+00:00,2585.783935546875,-0.0006635276923153307,0.005230944934785603
2024-08-19 17:00:00+00:00,2605.91796875,0.0077562751145825335,0.005415692315116184
2024-08-19 18:00:00+00:00,2609.2216796875,0.0012669694781497313,0.005342864172302448
2024-08-19 19:00:00+00:00,2611.96240234375,0.0010498472625826902,0.005323511070369635
2024-08-19 20:00:00+00:00,2617.4375,0.0020939686231887284,0.005351933588366136
2024-08-19 21:00:00+00:00,2617.049072265625,-0.0001484110159517745,0.005003674884154283
2024-08-19 22:00:00+00:00,2624.93408203125,0.0030084094055581067,0.0050303169345689205
2024-08-19 23:00:00+00:00,2636.96875,0.004574272591999195,0.004507124682412881
2024-08-20 00:00:00+00:00,2660.530517578125,0.00889548889295817,0.00480904774288645
2024-08-20 01:00:00+00:00,2653.83154296875,-0.0025210845934854234,0.004642452167168726
2024-08-20 02:00:00+00:00,2655.60009765625,0.0006661936239567844,0.0045821837195569905
2024-08-20 03:00:00+00:00,2661.896728515625,0.0023682698864539472,0.004592090208840455
2024-08-20 04:00:00+00:00,2666.102783203125,0.0015788498298376212,0.004528522129859909
2024-08-20 05:00:00+00:00,2686.17041015625,0.0074987655764560575,0.0046243595793835695
2024-08-20 06:00:00+00:00,2678.906982421875,-0.002707670976774094,0.004684613360305431
2024-08-20 07:00:00+00:00,2675.7333984375,-0.001185358541467206,0.004556165154592173
2024-08-20 08:00:00+00:00,2661.361328125,-0.005385741040304426,0.004736439055731815
2024-08-20 09:00:00+00:00,2660.83447265625,-0.00019798424943089345,0.00359799706518356
2024-08-20 10:00:00+00:00,2658.22900390625,-0.0009796720681620984,0.003605538714695732
2024-08-20 11:00:00+00:00,2642.97705078125,-0.005754160487548774,0.003850482869999391
2024-08-20 12:00:00+00:00,2648.029296875,0.0019097492224742995,0.003854585696848819
2024-08-20 13:00:00+00:00,2649.06494140625,0.00039102364347669744,0.0036266461847051117
2024-08-20 14:00:00+00:00,2589.26171875,-0.02283394103047738,0.0060840377099313035
2024-08-20 15:00:00+00:00,2576.82275390625,-0.004815635109426897,0.006141342138866568
2024-08-20 16:00:00+00:00,2575.303466796875,-0.000589770936631104,0.006141104082888992
2024-08-20 17:00:00+00:00,2588.084228515625,0.004950543548295484,0.006008954007743005
2024-08-20 18:00:00+00:00,2594.134033203125,0.002334833127557989,0.006024886657097832
2024-08-20 19:00:00+00:00,2602.74560546875,0.00331413492189999,0.0060635938042192545
2024-08-20 20:00:00+00:00,2592.666015625,-0.0038801939962827634,0.006090152940090055
2024-08-20 21:00:00+00:00,2584.713623046875,-0.0030719782542704926,0.006114172165648139
2024-08-20 22:00:00+00:00,2586.22021484375,0.0005827155739129373,0.0060732558477932545
2024-08-20 23:00:00+00:00,2573.834716796875,-0.004800538752568108,0.006026006786557574
2024-08-21 00:00:00+00:00,2577.396240234375,0.0013827856039483684,0.005673940148249779
2024-08-21 01:00:00+00:00,2583.79150390625,0.0024782151946341527,0.0057196177516476866
2024-08-21 02:00:00+00:00,2591.001953125,0.0027867600687845034,0.005764524062339517
2024-08-21 03:00:00+00:00,2591.0576171875,2.1483374224762575e-05,0.005724205862469597
2024-08-21 04:00:00+00:00,2592.140380859375,0.00041779754045028313,0.00570524601610059
2024-08-21 05:00:00+00:00,2592.9892578125,0.0003274274781396171,0.005411605562223835
2024-08-21 06:00:00+00:00,2600.305419921875,0.002817543545417922,0.005473877537772214
2024-08-21 07:00:00+00:00,2601.0869140625,0.000300494212443654,0.005482927377150826
2024-08-21 08:00:00+00:00,2586.668701171875,-0.005558569479407764,0.005488803115131251
2024-08-21 09:00:00+00:00,2580.791259765625,-0.002274790316776445,0.005488918239213166
2024-08-21 10:00:00+00:00,2588.381591796875,0.0029367706225055237,0.0055558174235517165
2024-08-21 11:00:00+00:00,2580.892333984375,-0.0028976073468312573,0.0054820963989039625
2024-08-21 12:00:00+00:00,2578.434814453125,-0.0009526512455614182,0.0054472835592734815
2024-08-21 13:00:00+00:00,2566.762939453125,-0.004537005409634542,0.005481030018356982
2024-08-21 14:00:00+00:00,2585.276611328125,0.007186960186185403,0.0033791435037365384
2024-08-21 15:00:00+00:00,2605.06298828125,0.007624346123366193,0.0035674681324256103
2024-08-21 16:00:00+00:00,2605.781982421875,0.0002759606740288961,0.003560824332109379
2024-08-21 17:00:00+00:00,2626.336669921875,0.007857158681173329,0.0037628218623445378
2024-08-21 18:00:00+00:00,2637.073486328125,0.004079800350026203,0.0038140813784198844
2024-08-21 19:00:00+00:00,2649.174560546875,0.004578330509314257,0.0038604318707374766
2024-08-21 20:00:00+00:00,2629.0732421875,-0.0076167001969461605,0.00412125705212129
2024-08-21 21:00:00+00:00,2635.96826171875,0.0026191715555598416,0.004065279713759901
2024-08-21 22:00:00+00:00,2633.315673828125,-0.0010068116074752483,0.004082195143502485
2024-08-21 23:00:00+00:00,2631.506591796875,-0.0006872338746410691,0.003922153384801974
2024-08-22 00:00:00+00:00,2629.537353515625,-0.0007486112618279737,0.003935405383273904
2024-08-22 01:00:00+00:00,2628.915283203125,-0.00023659823844680578,0.003925108533482173
2024-08-22 02:00:00+00:00,2601.666015625,-0.010419306207221864,0.004505705212315483
2024-08-22 03:00:00+00:00,2616.593994140625,0.005721454741619935,0.004645528883496125
2024-08-22 04:00:00+00:00,2624.61865234375,0.00306214039184636,0.004677007676824038
2024-08-22 05:00:00+00:00,2620.528564453125,-0.0015595706090156605,0.004696186838921446
2024-08-22 06:00:00+00:00,2628.0439453125,0.0028637828596959412,0.004697213938053356
2024-08-22 07:00:00+00:00,2637.890380859375,0.003739677106600861,0.004744923211102125
2024-08-22 08:00:00+00:00,2635.401123046875,-0.0009441002817882708,0.0045756083518156574
2024-08-22 09:00:00+00:00,2626.947021484375,-0.0032130556943244185,0.0046067254517258484
2024-08-22 10:00:00+00:00,2643.067626953125,0.006117878914913798,0.004717162078627842
2024-08-22 11:00:00+00:00,2642.790771484375,-0.00010475326735388945,0.004654175842496499
2024-08-22 12:00:00+00:00,2625.7197265625,-0.006480429210903379,0.004885398986590541
2024-08-22 13:00:00+00:00,2624.000732421875,-0.0006548898043209711,0.004765279189053495
2024-08-22 14:00:00+00:00,2607.891845703125,-0.006157977207357053,0.004780648457279089
2024-08-22 15:00:00+00:00,2598.9970703125,-0.003416544576355961,0.004578457276628252
2024-08-22 16:00:00+00:00,2605.79150390625,0.002610840904055554,0.004611417831026526
2024-08-22 17:00:00+00:00,2603.666015625,-0.0008160114143261232,0.004298120196900577
2024-08-22 18:00:00+00:00,2607.606201171875,0.0015121782681029848,0.004213902817069527
2024-08-22 19:00:00+00:00,2607.378173828125,-8.745082535183746e-05,0.004076340937014867
2024-08-22 20:00:00+00:00,2622.77099609375,0.0058862056163073145,0.004006037213909658
2024-08-22 21:00:00+00:00,2624.90185546875,0.0008121159806978208,0.003969523489084948
2024-08-22 22:00:00+00:00,2624.391357421875,-0.0001945016320409824,0.003965586416721312
2024-08-22 23:00:00+00:00,2623.054443359375,-0.0005095485088106738,0.003964688922626106
2024-08-23 00:00:00+00:00,2639.286865234375,0.006169297051331933,0.0041645074087430555
2024-08-23 01:00:00+00:00,2639.93603515625,0.000245933894967327,0.004163703378380804
2024-08-23 02:00:00+00:00,2635.077880859375,-0.0018419498972993425,0.0035356137530642515
2024-08-23 03:00:00+00:00,2636.576171875,0.0005684329969229141,0.003358793433431661
2024-08-23 04:00:00+00:00,2638.145263671875,0.0005949477568935547,0.0033085010242448233
2024-08-23 05:00:00+00:00,2672.025390625,0.012760639494935855,0.00415715637561746
2024-08-23 06:00:00+00:00,2681.392822265625,0.003499611212338758,0.00417280466504406
2024-08-23 07:00:00+00:00,2670.23095703125,-0.004171399889055066,0.004245403280291016
2024-08-23 08:00:00+00:00,2674.384521484375,0.0015542990159045473,0.004238881876574616
2024-08-23 09:00:00+00:00,2667.72265625,-0.0024940977281393026,0.004213138105255936
2024-08-23 10:00:00+00:00,2666.59912109375,-0.0004212476186330492,0.004051961439939262
2024-08-23 11:00:00+00:00,2653.405517578125,-0.004960007165569725,0.004195327457265597
2024-08-23 12:00:00+00:00,2668.15869140625,0.005544689886601334,0.004083494918624877
2024-08-23 13:00:00+00:00,2654.4052734375,-0.005167978692264875,0.00424767936918528
2024-08-23 14:00:00+00:00,2648.541259765625,-0.0022116067078303977,0.0040513920256919685
2024-08-23 15:00:00+00:00,2671.718017578125,0.008712697339934121,0.004273232313483673
2024-08-23 16:00:00+00:00,2679.04638671875,0.0027391875885595055,0.004275220044256768
2024-08-23 17:00:00+00:00,2728.035400390625,0.018120811229286472,0.005474794854123862
2024-08-23 18:00:00+00:00,2725.90771484375,-0.0007802375675211069,0.005502587333922294
2024-08-23 19:00:00+00:00,2748.679443359375,0.008319114917325149,0.005639833912189754
2024-08-23 20:00:00+00:00,2754.005126953125,0.0019356680138792055,0.00558492183374323
2024-08-23 21:00:00+00:00,2776.260986328125,0.008048791529802363,0.005710015605578955
2024-08-23 22:00:00+00:00,2760.839111328125,-0.0055703941071947845,0.005915347588999776
2024-08-23 23:00:00+00:00,2762.958984375,0.0007675418667440393,0.005896454709932498
2024-08-24 00:00:00+00:00,2762.218994140625,-0.00026786114100831336,0.00585263762949738
2024-08-24 01:00:00+00:00,2754.146240234375,-0.0029268401659881056,0.005926912772434869
2024-08-24 02:00:00+00:00,2756.7373046875,0.0009403445465440728,0.005880327824548159
2024-08-24 03:00:00+00:00,2748.265869140625,-0.0030777247410902287,0.005962233871766283
2024-08-24 04:00:00+00:00,2748.3798828125,4.1484817118038974e-05,0.005967877408200846
2024-08-24 05:00:00+00:00,2756.40966796875,0.0029173834085334657,0.00549456743001002
2024-08-24 06:00:00+00:00,2758.189208984375,0.000645392753707529,0.005475643247212109
2024-08-24 07:00:00+00:00,2760.614990234375,0.000879096745837049,0.005356938378031958
2024-08-24 08:00:00+00:00,2774.605224609375,0.0050549982197696216,0.0054090969881797745
2024-08-24 09:00:00+00:00,2776.0302734375,0.0005134723258034952,0.005346218984329205
2024-08-24 10:00:00+00:00,2767.655029296875,-0.003021546157563162,0.005416085166778257
2024-08-24 11:00:00+00:00,2759.563232421875,-0.002927983760662108,0.005325011537792532
2024-08-24 12:00:00+00:00,2758.002197265625,-0.0005658420249994045,0.005275779777321919
2024-08-24 13:00:00+00:00,2759.069580078125,0.00038693816897614197,0.0050947713002381925
2024-08-24 14:00:00+00:00,2759.38671875,0.00011493745897434826,0.005040715098718073
2024-08-24 15:00:00+00:00,2761.751220703125,0.0008565270868477905,0.0048161641083454545
2024-08-24 16:00:00+00:00,2814.322021484375,0.01885640886683411,0.005993539073400853
2024-08-24 17:00:00+00:00,2782.50732421875,-0.01136895123243517,0.005563578779613511
2024-08-24 18:00:00+00:00,2787.53515625,0.001805312406294801,0.005556196667048252
2024-08-24 19:00:00+00:00,2794.847412109375,0.0026197631394586393,0.0053444829601386745
2024-08-24 20:00:00+00:00,2795.412353515625,0.00020211633514664683,0.005338684020125898
2024-08-24 21:00:00+00:00,2739.150390625,-0.02033183238681996,0.0066131281073924676
2024-08-24 22:00:00+00:00,2753.582275390625,0.005254913666276083,0.006625745548710413
2024-08-24 23:00:00+00:00,2768.615478515625,0.005444658424900743,0.006720769659582119
2024-08-25 00:00:00+00:00,2758.959228515625,-0.0034938504984938098,0.006760282198855216
2024-08-25 01:00:00+00:00,2761.049560546875,0.0007573655082978116,0.006733875230232605
2024-08-25 02:00:00+00:00,2765.058349609375,0.0014508546814056987,0.00673743633097897
2024-08-25 03:00:00+00:00,2764.542724609375,-0.00018649627507436953,0.006703432112271364
2024-08-25 04:00:00+00:00,2768.296630859375,0.00135695493211953,0.006707063819457897
2024-08-25 05:00:00+00:00,2763.580322265625,-0.001705139060914041,0.006695019934703635
2024-08-25 06:00:00+00:00,2755.200927734375,-0.0030366853081684017,0.006724300277827153
2024-08-25 07:00:00+00:00,2743.323974609375,-0.004320057399925602,0.006776773155376487
2024-08-25 08:00:00+00:00,2752.255615234375,0.0032504846278831926,0.0067250316917894645
2024-08-25 09:00:00+00:00,2757.942138671875,0.002064000498795491,0.006740985816477978
2024-08-25 10:00:00+00:00,2754.287353515625,-0.0013260644162192761,0.006719772989658105
2024-08-25 11:00:00+00:00,2751.43359375,-0.001036652619529501,0.006697464282757226
2024-08-25 12:00:00+00:00,2754.04052734375,0.0009470333458119468,0.006700233370197652
2024-08-25 13:00:00+00:00,2766.07568359375,0.004360478968043834,0.006760576542736019
2024-08-25 14:00:00+00:00,2766.0126953125,-2.277197215173898e-05,0.006760626773990281
2024-08-25 15:00:00+00:00,2764.31884765625,-0.0006125664242932455,0.006760129283789281
2024-08-25 16:00:00+00:00,2764.1552734375,-5.917517753174705e-05,0.0054457037841282125
2024-08-25 17:00:00+00:00,2772.127685546875,0.0028800614705587427,0.00499573756953293
2024-08-25 18:00:00+00:00,2765.35009765625,-0.0024478983177414165,0.004998585650748505
2024-08-25 19:00:00+00:00,2767.51318359375,0.0007819047526567345,0.004965351420348437
2024-08-25 20:00:00+00:00,2771.323486328125,0.0013758496819846644,0.004977403160318353
2024-08-25 21:00:00+00:00,2781.896240234375,0.0038077969904502258,0.0026707780306815137
2024-08-25 22:00:00+00:00,2773.052490234375,-0.0031841004844387465,0.002591852796623511
2024-08-25 23:00:00+00:00,2748.470458984375,-0.008904135286072149,0.002978129671423347
2024-08-26 00:00:00+00:00,2755.111328125,0.0024132910604508524,0.0029470017296374836
2024-08-26 01:00:00+00:00,2746.148681640625,-0.0032584005839735625,0.003011971946717953
2024-08-26 02:00:00+00:00,2742.65625,-0.0012725655786391548,0.0029973371726577254
2024-08-26 03:00:00+00:00,2744.999755859375,0.0008541009127891255,0.003007148782306668
2024-08-26 04:00:00+00:00,2752.23681640625,0.0026329828206251883,0.003048631253097607
2024-08-26 05:00:00+00:00,2745.038330078125,-0.00261893037940471,0.003073299875899768
2024-08-26 06:00:00+00:00,2738.19384765625,-0.0024965151045658086,0.0030541558828354087
2024-08-26 07:00:00+00:00,2735.238037109375,-0.0010800575932761497,0.002936124295050066
2024-08-26 08:00:00+00:00,2737.8779296875,0.0009646763557958883,0.002857971006412284
2024-08-26 09:00:00+00:00,2738.130859375,9.237738558239807e-05,0.002817568084349092
2024-08-26 10:00:00+00:00,2739.51025390625,0.0005036454677774774,0.0028133596465914914
2024-08-26 11:00:00+00:00,2738.912109375,-0.00021836378941348563,0.0028080381408805153
2024-08-26 12:00:00+00:00,2727.2978515625,-0.004249480123556682,0.0029148616298005805
2024-08-26 13:00:00+00:00,2727.161376953125,-5.004148117561817e-05,0.002734715684104915
2024-08-26 14:00:00+00:00,2722.669921875,-0.0016482917906030558,0.002740171512454159
2024-08-26 15:00:00+00:00,2726.968994140625,0.0015777460575565636,0.0027779673110817074
2024-08-26 16:00:00+00:00,2726.912109375,-2.0860288131424705e-05,0.0027782827182976978
2024-08-26 17:00:00+00:00,2695.933349609375,-0.011425402769093844,0.003458325956962426
2024-08-26 18:00:00+00:00,2699.359130859375,0.001269915105730962,0.0034813778475894746
2024-08-26 19:00:00+00:00,2682.10400390625,-0.006412823299064134,0.0036274005244846977
2024-08-26 20:00:00+00:00,2688.6669921875,0.00244396625837689,0.0036680613710096443
2024-08-26 21:00:00+00:00,2687.62939453125,-0.0003859897574455224,0.0035126616539037166
2024-08-26 22:00:00+00:00,2688.269287109375,0.00023805976229894127,0.003508086982575341
2024-08-26 23:00:00+00:00,2681.8046875,-0.002407640104302347,0.0031250625753498494
2024-08-27 00:00:00+00:00,2676.33935546875,-0.002040010079168219,0.0030432911913294315
2024-08-27 01:00:00+00:00,2685.9599609375,0.0035882427382636214,0.0031614043104861633
2024-08-27 02:00:00+00:00,2679.174072265625,-0.002529626379680193,0.003177811774192899
2024-08-27 03:00:00+00:00,2685.236572265625,0.002260267896229884,0.0032256197496592282
2024-08-27 04:00:00+00:00,2686.6943359375,0.0005427336027096449,0.0031529971722517964
2024-08-27 05:00:00+00:00,2696.954833984375,0.003811730722478701,0.003280480026036014
2024-08-27 06:00:00+00:00,2678.122802734375,-0.007007194901487024,0.003507094884527464
2024-08-27 07:00:00+00:00,2688.28173828125,0.003786128162617752,0.0036359935816630148
2024-08-27 08:00:00+00:00,2685.1572265625,-0.0011629468916784355,0.0036189919421515527
2024-08-27 09:00:00+00:00,2673.97998046875,-0.004171291709338634,0.0036769465980520553
2024-08-27 10:00:00+00:00,2639.625244140625,-0.01293103781111876,0.0043929500891717755
2024-08-27 11:00:00+00:00,2626.733154296875,-0.004896026674018753,0.004434978155116871
2024-08-27 12:00:00+00:00,2622.447021484375,-0.0016330678778512934,0.004402714000344712
2024-08-27 13:00:00+00:00,2611.7265625,-0.004096338725922517,0.004416893015682962
2024-08-27 14:00:00+00:00,2584.921875,-0.010316235760570782,0.004745901993147023
2024-08-27 15:00:00+00:00,2578.92529296875,-0.002322526028258023,0.0046785312043801435
2024-08-27 16:00:00+00:00,2567.209228515625,-0.004553353452639988,0.004672922828208617
2024-08-27 17:00:00+00:00,2584.663330078125,0.006775854077762457,0.004640743191856554
2024-08-27 18:00:00+00:00,2583.172119140625,-0.0005771124075221126,0.004603543554483475
2024-08-27 19:00:00+00:00,2578.913818359375,-0.0016498376039140747,0.004499011016758326
2024-08-27 20:00:00+00:00,2583.474609375,0.0017669310498627069,0.004474379984904233
2024-08-27 21:00:00+00:00,2491.697998046875,-0.036170835705283365,0.008330849849232422
2024-08-27 22:00:00+00:00,2462.5224609375,-0.011778189781153301,0.008477913884906287
2024-08-27 23:00:00+00:00,2459.39794921875,-0.001269631313833986,0.00848836760886068
2024-08-28 00:00:00+00:00,2442.313720703125,-0.006970747708061065,0.008508433087117082
2024-08-28 01:00:00+00:00,2444.69287109375,0.0009736637485104348,0.008425890774130642
2024-08-28 02:00:00+00:00,2463.6396484375,0.00772028845849228,0.008752933189418643
2024-08-28 03:00:00+00:00,2475.890869140625,0.0049604899822424066,0.008846969963900836
2024-08-28 04:00:00+00:00,2469.4404296875,-0.002608700093666049,0.008809492614310546
2024-08-28 05:00:00+00:00,2467.5810546875,-0.0007532375922596493,0.00869297058187438
2024-08-28 06:00:00+00:00,2464.154541015625,-0.0013895774243137368,0.008675761707576807
2024-08-28 07:00:00+00:00,2439.206787109375,-0.010175864069973657,0.008636104474248466
2024-08-28 08:00:00+00:00,2464.397216796875,0.010274341591716725,0.009105235167694061
2024-08-28 09:00:00+00:00,2543.945068359375,0.031768811824463505,0.01161297484668521
2024-08-28 10:00:00+00:00,2524.08251953125,-0.007838414523614137,0.011451432538612541
2024-08-28 11:00:00+00:00,2524.258056640625,6.954249888530644e-05,0.011439139037895996
2024-08-28 12:00:00+00:00,2528.623779296875,0.001728013392891126,0.011460013650315501
2024-08-28 13:00:00+00:00,2487.953125,-0.016214859721515998,0.011839256866654607
2024-08-28 14:00:00+00:00,2503.781494140625,0.006341852441480459,0.01182019969253776
2024-08-28 15:00:00+00:00,2497.26611328125,-0.0026056078873900124,0.011821375519446729
2024-08-28 16:00:00+00:00,2516.428466796875,0.007644042338988003,0.011938862272515763
2024-08-28 17:00:00+00:00,2502.823486328125,-0.0054211320392564604,0.011860253441722816
2024-08-28 18:00:00+00:00,2531.537353515625,0.011407278686890041,0.012142722877744257
2024-08-28 19:00:00+00:00,2514.808837890625,-0.0066299759341940535,0.012199560021473915
2024-08-28 20:00:00+00:00,2541.415771484375,0.010524524222440232,0.01241648828280971
2024-08-28 21:00:00+00:00,2532.999267578125,-0.0033172342267721684,0.00988747693757783
2024-08-28 22:00:00+00:00,2530.771728515625,-0.0008797946067868029,0.009534147830059216
2024-08-28 23:00:00+00:00,2528.41259765625,-0.0009326131954363135,0.009530693453320162
2024-08-29 00:00:00+00:00,2532.842529296875,0.0017505273536877588,0.009372427253047214
2024-08-29 01:00:00+00:00,2523.210205078125,-0.0038102197022530228,0.009435135268036635
2024-08-29 02:00:00+00:00,2529.890869140625,0.0026441853653105403,0.009341791279753528
2024-08-29 03:00:00+00:00,2523.452392578125,-0.002548206093663321,0.009332809473407906
2024-08-29 04:00:00+00:00,2525.701904296875,0.0008910450088553003,0.009304649649876996
2024-08-29 05:00:00+00:00,2540.07080078125,0.005672948968024206,0.009346215582451703
2024-08-29 06:00:00+00:00,2550.90869140625,0.004257690298694105,0.009349105049864281
2024-08-29 07:00:00+00:00,2548.310546875,-0.0010190363013140315,0.009035981986075413
2024-08-29 08:00:00+00:00,2542.985595703125,-0.0020917868316419922,0.008884429153389908
2024-08-29 09:00:00+00:00,2543.67919921875,0.00027271445942968886,0.0060696573424141535
2024-08-29 10:00:00+00:00,2543.162353515625,-0.00020320888690770933,0.00583682113586561
2024-08-29 11:00:00+00:00,2559.3671875,0.0063517078480352564,0.005964852120868658
2024-08-29 12:00:00+00:00,2573.75537109375,0.005606030680795383,0.0060493573094106785
2024-08-29 13:00:00+00:00,2572.691162109375,-0.00041357040928243074,0.004868844013007824
2024-08-29 14:00:00+00:00,2567.484619140625,-0.002025823618080536,0.004798330847610508
2024-08-29 15:00:00+00:00,2578.56005859375,0.004304454099210902,0.004776907595224107
2024-08-29 16:00:00+00:00,2571.8232421875,-0.002616046167782804,0.004645003509881122
2024-08-29 17:00:00+00:00,2575.5703125,0.0014559100385740087,0.00444547204599501
2024-08-29 18:00:00+00:00,2521.171875,-0.02134716698261385,0.005947632809246007
2024-08-29 19:00:00+00:00,2526.423095703125,0.002080683029477282,0.0058002967935491395
2024-08-29 20:00:00+00:00,2538.17138671875,0.004639389048360519,0.005458834648930088
2024-08-29 21:00:00+00:00,2532.820068359375,-0.0021105617681359086,0.005432960410864151
2024-08-29 22:00:00+00:00,2524.072021484375,-0.0034598545692431427,0.005476417163995515
2024-08-29 23:00:00+00:00,2528.391845703125,0.0017099875961200202,0.005485726157963549
2024-08-30 00:00:00+00:00,2522.752685546875,-0.002232825635537731,0.005490706435411968
2024-08-30 01:00:00+00:00,2525.236572265625,0.0009841094314414298,0.005439343058107619
2024-08-30 02:00:00+00:00,2515.31591796875,-0.003936341155441345,0.005467800594529972
2024-08-30 03:00:00+00:00,2518.918212890625,0.0014311195876314466,0.005455106573836603
2024-08-30 04:00:00+00:00,2519.793701171875,0.00034750480082703283,0.005452049261166078
2024-08-30 05:00:00+00:00,2515.848388671875,-0.0015669554098044552,0.005317515623219859
2024-08-30 06:00:00+00:00,2529.3876953125,0.005367177637282963,0.005364377910952345
2024-08-30 07:00:00+00:00,2518.252197265625,-0.0044121674083800605,0.00542704203869213
2024-08-30 08:00:00+00:00,2521.74658203125,0.0013866611793259527,0.0054289747414296395
2024-08-30 09:00:00+00:00,2523.48876953125,0.0006906268777757905,0.005431726600200299
2024-08-30 10:00:00+00:00,2518.806884765625,-0.0018570454539443364,0.005440504650971345
2024-08-30 11:00:00+00:00,2510.08447265625,-0.0034689239580465245,0.005277410725479003
2024-08-30 12:00:00+00:00,2521.695068359375,0.004614914550529456,0.005228672996768086
2024-08-30 13:00:00+00:00,2524.01171875,0.0009182660234356037,0.005240576355394289
2024-08-30 14:00:00+00:00,2466.995361328125,-0.022848630339187697,0.006910626491394326
2024-08-30 15:00:00+00:00,2444.438232421875,-0.009185622519985726,0.006952593443110359
2024-08-30 16:00:00+00:00,2460.912353515625,0.0067168218629336685,0.007186863177273276
2024-08-30 17:00:00+00:00,2466.62255859375,0.00231767313111233,0.007206156179018943
2024-08-30 18:00:00+00:00,2533.953857421875,0.026931042618568577,0.008184582377582949
2024-08-30 19:00:00+00:00,2508.01416015625,-0.010289603599471247,0.008447005480087201
2024-08-30 20:00:00+00:00,2517.04931640625,0.0035960405390519238,0.008423105131293495
2024-08-30 21:00:00+00:00,2517.031982421875,-6.886652537468878e-06,0.00841490976413798
2024-08-30 22:00:00+00:00,2526.1796875,0.0036277339557288543,0.00842211425944335
2024-08-30 23:00:00+00:00,2526.14404296875,-1.4110153328347967e-05,0.008414553662355159
2024-08-31 00:00:00+00:00,2525.040771484375,-0.00043683671948114433,0.008402154070223199
2024-08-31 01:00:00+00:00,2525.53369140625,0.0001951936070090719,0.008399833684497801
2024-08-31 02:00:00+00:00,2521.840087890625,-0.0014635746574185174,0.008364479732399217
2024-08-31 03:00:00+00:00,2523.421630859375,0.0006269419144998374,0.008360558518114026
2024-08-31 04:00:00+00:00,2528.632080078125,0.002062706124799099,0.008370319443179309
2024-08-31 05:00:00+00:00,2525.179931640625,-0.0013661564642351357,0.00836863309723623
2024-08-31 06:00:00+00:00,2522.802978515625,-0.0009417437986530028,0.008296543901023327
2024-08-31 07:00:00+00:00,2521.655029296875,-0.000455132835594267,0.008246469070594776
2024-08-31 08:00:00+00:00,2514.47509765625,-0.002851370526265423,0.008262102628356319
2024-08-31 09:00:00+00:00,2514.788818359375,0.00012475809930480335,0.008260495045115637
2024-08-31 10:00:00+00:00,2525.189697265625,0.0041273563524034974,0.008296776294116848
2024-08-31 11:00:00+00:00,2524.97216796875,-8.614745539423538e-05,0.008262074625057094
2024-08-31 12:00:00+00:00,2524.869140625,-4.080419065402175e-05,0.008209534749169807
2024-08-31 13:00:00+00:00,2516.99951171875,-0.003121713729471572,0.008232396022703427
2024-08-31 14:00:00+00:00,2522.148681640625,0.0020436675074644458,0.006662137718151921
2024-08-31 15:00:00+00:00,2518.370361328125,-0.0014991793455996173,0.0063317060970693555
2024-08-31 16:00:00+00:00,2508.8828125,-0.0037744508835144603,0.006299332731654208
2024-08-31 17:00:00+00:00,2502.85400390625,-0.002405877133065806,0.006323739875635397
2024-08-31 18:00:00+00:00,2497.202392578125,-0.0022606199957795102,0.0029455797345929505
2024-08-31 19:00:00+00:00,2499.288818359375,0.0008351564385638654,0.002113797366787479
2024-08-31 20:00:00+00:00,2506.363037109375,0.0028264943963186096,0.0020597234914597976
2024-08-31 21:00:00+00:00,2519.165283203125,0.005094896683938837,0.0023243405067067714
2024-08-31 22:00:00+00:00,2516.37744140625,-0.001107265784116493,0.0022039938653693053
2024-08-31 23:00:00+00:00,2512.93896484375,-0.0013673735436383902,0.002217316396835824
2024-09-01 00:00:00+00:00,2505.949951171875,-0.0027850858253562595,0.0022783462609638197
2024-09-01 01:00:00+00:00,2494.45166015625,-0.004598955114196802,0.0024362517184644164
2024-09-01 02:00:00+00:00,2486.845703125,-0.0030538080293093083,0.002484295799058585
2024-09-01 03:00:00+00:00,2488.520751953125,0.0006733368914774181,0.0024852954660536494
2024-09-01 04:00:00+00:00,2484.994873046875,-0.0014178620367488665,0.002425186529894667
2024-09-01 05:00:00+00:00,2464.857177734375,-0.008136730637380256,0.002858118705795194
2024-09-01 06:00:00+00:00,2476.709228515625,0.004796889299192091,0.0030941535865599335
2024-09-01 07:00:00+00:00,2484.545166015625,0.0031588559637096975,0.003196312754985795
2024-09-01 08:00:00+00:00,2479.84814453125,-0.0018922847534922095,0.0031730837294425035
2024-09-01 09:00:00+00:00,2484.306396484375,0.0017961782272938427,0.0032073306514537976
2024-09-01 10:00:00+00:00,2464.23046875,-0.008113928793078923,0.0034053463570583305
2024-09-01 11:00:00+00:00,2477.07373046875,0.005198340406748274,0.0036315634553175996
2024-09-01 12:00:00+00:00,2465.918212890625,-0.004513677807082989,0.003705044056439528
2024-09-01 13:00:00+00:00,2473.034423828125,0.0028816700160373314,0.0037567647809924275
2024-09-01 14:00:00+00:00,2455.378662109375,-0.007164917770582601,0.003927103059340173
2024-09-01 15:00:00+00:00,2477.919677734375,0.009138377993207235,0.004447963278124484
2024-09-01 16:00:00+00:00,2474.99267578125,-0.0011819317948520438,0.004400639403546068
2024-09-01 17:00:00+00:00,2469.500244140625,-0.0022216368750633494,0.004397451057457103
2024-09-01 18:00:00+00:00,2494.870361328125,0.01022096860511273,0.004897137946118869
2024-09-01 19:00:00+00:00,2500.445068359375,0.002231974906896945,0.004916240895572894
2024-09-01 20:00:00+00:00,2502.96044921875,0.0010054676009975253,0.004884984427564665
2024-09-01 21:00:00+00:00,2485.68603515625,-0.006925519040355332,0.004949634466023996
2024-09-01 22:00:00+00:00,2417.596435546875,-0.027774853775015287,0.007443488846529402
2024-09-01 23:00:00+00:00,2428.607666015625,0.0045442780315877555,0.007550928880376147
2024-09-02 00:00:00+00:00,2434.93701171875,0.0026027721325310844,0.007588648396099146
2024-09-02 01:00:00+00:00,2438.79443359375,0.0015829442897087628,0.007573083607410376
2024-09-02 02:00:00+00:00,2438.282470703125,-0.00020994661456107727,0.007560813485085257
2024-09-02 03:00:00+00:00,2449.433349609375,0.004562825934397093,0.007635567515850821
2024-09-02 04:00:00+00:00,2436.345703125,-0.005357457898507194,0.007694694053114973
2024-09-02 05:00:00+00:00,2453.409912109375,0.006979603726838523,0.0076887400274202045
2024-09-02 06:00:00+00:00,2445.92626953125,-0.003054964232277016,0.007633998913385938
2024-09-02 07:00:00+00:00,2439.207275390625,-0.0027507941454010198,0.007605394750177398
2024-09-02 08:00:00+00:00,2469.787109375,0.012458857005969015,0.008063477541760412
2024-09-02 09:00:00+00:00,2514.671142578125,0.018010080195003816,0.0088738216052217
2024-09-02 10:00:00+00:00,2523.23876953125,0.003401265747986789,0.008697021933829006
2024-09-02 11:00:00+00:00,2515.89404296875,-0.002915077667877079,0.008683843012331164
2024-09-02 12:00:00+00:00,2521.56787109375,0.002252654460159145,0.008618572700397604
2024-09-02 13:00:00+00:00,2508.006591796875,-0.005392628048719403,0.008702190929422123
2024-09-02 14:00:00+00:00,2517.928466796875,0.003948275404901362,0.008566489783330744
2024-09-02 15:00:00+00:00,2514.9033203125,-0.0012021648951001424,0.008400326014015884
2024-09-02 16:00:00+00:00,2509.22021484375,-0.0022623280868344846,0.008413271975878638
2024-09-02 17:00:00+00:00,2522.387939453125,0.005234014361325524,0.008443217244752539
2024-09-02 18:00:00+00:00,2522.41357421875,1.0162844090426944e-05,0.008206149888049005
2024-09-02 19:00:00+00:00,2524.097900390625,0.000667521016405852,0.008197650519035574
2024-09-02 20:00:00+00:00,2551.6572265625,0.010859309130915656,0.008471873218617094
2024-09-02 21:00:00+00:00,2543.810546875,-0.00307986871428629,0.00835490507722217
2024-09-02 22:00:00+00:00,2543.534912109375,-0.00010836093916446724,0.005706163076390115
2024-09-02 23:00:00+00:00,2538.356689453125,-0.0020379122005638054,0.005742437016525934
2024-09-03 00:00:00+00:00,2534.905517578125,-0.0013605338208521008,0.005776482755045206
2024-09-03 01:00:00+00:00,2534.402587890625,-0.00019842143293968842,0.005789167546101849
2024-09-03 02:00:00+00:00,2530.36865234375,-0.0015929392300382207,0.0058148165177118434
2024-09-03 03:00:00+00:00,2516.650390625,-0.00543619724265783,0.005945896226248069
2024-09-03 04:00:00+00:00,2514.650146484375,-0.0007951201607830751,0.005800691812753155
2024-09-03 05:00:00+00:00,2521.00146484375,0.002522542152435406,0.005681682736324159
2024-09-03 06:00:00+00:00,2514.4736328125,-0.002592738743210937,0.0056676376358273045
2024-09-03 07:00:00+00:00,2520.248046875,0.0022938374598651065,0.005609866515952687
2024-09-03 08:00:00+00:00,2500.1474609375,-0.008007613469247388,0.0054013430636024535
2024-09-03 09:00:00+00:00,2504.3466796875,0.0016781794992738962,0.003928609850032989
2024-09-03 10:00:00+00:00,2504.474609375,5.1081753628139285e-05,0.003854975236543673
2024-09-03 11:00:00+00:00,2508.210205078125,0.0014904573229479268,0.0038303969265846487
2024-09-03 12:00:00+00:00,2511.905029296875,0.0014720079971926555,0.0038125799281897455
2024-09-03 13:00:00+00:00,2462.5673828125,-0.01983698381427681,0.005459070133300185
2024-09-03 14:00:00+00:00,2447.40283203125,-0.0061770635405219,0.0054704791621215006
2024-09-03 15:00:00+00:00,2442.120849609375,-0.002160531299338171,0.005474116305456618
2024-09-03 16:00:00+00:00,2439.735595703125,-0.0009771914118234114,0.005469798095312274
2024-09-03 17:00:00+00:00,2445.177490234375,0.002228042418246627,0.0053498805502647465
2024-09-03 18:00:00+00:00,2452.329345703125,0.0029206127901790766,0.0054133695995296945
2024-09-03 19:00:00+00:00,2448.332763671875,-0.0016310379406114096,0.005399687197833
2024-09-03 20:00:00+00:00,2461.990478515625,0.005562872092347583,0.004973857873858209
2024-09-03 21:00:00+00:00,2464.085693359375,0.0008506628387351034,0.004983950575341537
2024-09-03 22:00:00+00:00,2454.897705078125,-0.003735730829892697,0.005000369229167672
2024-09-03 23:00:00+00:00,2423.71923828125,-0.012781856678552347,0.005507863791052749
2024-09-04 00:00:00+00:00,2409.835205078125,-0.005744870178242464,0.005560762467102111
2024-09-04 01:00:00+00:00,2368.51123046875,-0.01729678056308986,0.00634538663671936
2024-09-04 02:00:00+00:00,2364.317138671875,-0.0017723410052612673,0.00634398294766438
2024-09-04 03:00:00+00:00,2372.2041015625,0.0033302796630562434,0.006438954427078205
2024-09-04 04:00:00+00:00,2377.654541015625,0.002294991179968289,0.0065043168804681415
2024-09-04 05:00:00+00:00,2364.951171875,-0.005357139214497656,0.006447127450701874
2024-09-04 06:00:00+00:00,2377.985107421875,0.005496160011370275,0.00665888499757842
2024-09-04 07:00:00+00:00,2400.9755859375,0.009621613297681242,0.007037149495253844
2024-09-04 08:00:00+00:00,2402.641357421875,0.00069354886985685,0.00693871526490605
2024-09-04 09:00:00+00:00,2394.783447265625,-0.0032758896713935746,0.006908791154766717
2024-09-04 10:00:00+00:00,2390.383544921875,-0.0018389759817833346,0.006896774531312063
2024-09-04 11:00:00+00:00,2399.9365234375,0.003988456321577951,0.006969307224029719
2024-09-04 12:00:00+00:00,2407.11474609375,0.0029865410578068644,0.007007340786550467
2024-09-04 13:00:00+00:00,2405.221435546875,-0.000786857182498612,0.005857010003240507
2024-09-04 14:00:00+00:00,2437.624755859375,0.013382132159412238,0.006434943840941239
2024-09-04 15:00:00+00:00,2454.14892578125,0.006755926928623234,0.006570792311807596
2024-09-04 16:00:00+00:00,2475.72607421875,0.008753684918989873,0.006791217886521102
2024-09-04 17:00:00+00:00,2452.2802734375,-0.009515400764965537,0.007086233381176807
2024-09-04 18:00:00+00:00,2443.810546875,-0.003459794894342866,0.007096307678818541
2024-09-04 19:00:00+00:00,2452.98486328125,0.003747073901270055,0.0071321655791905915
2024-09-04 20:00:00+00:00,2457.076171875,0.0016665004819000806,0.007045734314500145
2024-09-04 21:00:00+00:00,2463.76513671875,0.0027186281954992985,0.007066785468810478
2024-09-04 22:00:00+00:00,2462.808349609375,-0.0003884188976615967,0.007022857490466233
2024-09-04 23:00:00+00:00,2448.509521484375,-0.005822823486790899,0.006597160057003979
2024-09-05 00:00:00+00:00,2457.117919921875,0.003509604989925035,0.006490512252903802
2024-09-05 01:00:00+00:00,2460.0791015625,0.001204418690424922,0.00522105827725712
2024-09-05 02:00:00+00:00,2446.20751953125,-0.0056546305034035375,0.005386960410629205
2024-09-05 03:00:00+00:00,2405.795654296875,-0.016658191798710496,0.006507249073761706
2024-09-05 04:00:00+00:00,2416.682373046875,0.0045149971372639985,0.006548249762479086
2024-09-05 05:00:00+00:00,2409.68017578125,-0.0029016478176826102,0.006468546289128851
2024-09-05 06:00:00+00:00,2398.239501953125,-0.00475910422317873,0.006482215596597754
2024-09-05 07:00:00+00:00,2411.822265625,0.005647661269750656,0.006282865177701181
2024-09-05 08:00:00+00:00,2405.234375,-0.0027352365661328943,0.006309791058413506
2024-09-05 09:00:00+00:00,2392.672119140625,-0.0052365691499791514,0.0063670890234504025
2024-09-05 10:00:00+00:00,2391.615478515625,-0.00044171284464489697,0.006356272329181317
2024-09-05 11:00:00+00:00,2388.880615234375,-0.001144175636158378,0.006303120761033802
2024-09-05 12:00:00+00:00,2390.509765625,0.000681739855462578,0.006270052272465381
2024-09-05 13:00:00+00:00,2401.259765625,0.004486867728001961,0.006343801904188938
2024-09-05 14:00:00+00:00,2380.350830078125,-0.008745617568801179,0.005896096667229184
2024-09-05 15:00:00+00:00,2372.034912109375,-0.0034996849614141305,0.005677851167903315
2024-09-05 16:00:00+00:00,2374.815673828125,0.0011716240005888575,0.0052846028407855525
2024-09-05 17:00:00+00:00,2389.49267578125,0.006161250408479401,0.005249694659146924
2024-09-05 18:00:00+00:00,2390.023681640625,0.00022220066711784537,0.005230913448706759
2024-09-05 19:00:00+00:00,2362.697021484375,-0.011499502284709374,0.005554365123559319
2024-09-05 20:00:00+00:00,2369.26806640625,0.0027773024625449834,0.005586974574347728
2024-09-05 21:00:00+00:00,2370.5361328125,0.0005350712321462185,0.0055325260721578945
2024-09-05 22:00:00+00:00,2371.27294921875,0.00031077438987263135,0.005541057665891495
2024-09-05 23:00:00+00:00,2367.4833984375,-0.0015993865525252514,0.005466961072439935
2024-09-06 00:00:00+00:00,2369.32373046875,0.0007770348565032629,0.005388105117826855
2024-09-06 01:00:00+00:00,2391.311279296875,0.00923729927977078,0.0057983245224765695
2024-09-06 02:00:00+00:00,2399.565185546875,0.003445680337166576,0.005790625809590487
2024-09-06 03:00:00+00:00,2392.723876953125,-0.00285513380012567,0.004736917157371376
2024-09-06 04:00:00+00:00,2387.146484375,-0.002333701413549325,0.00464421086769724
2024-09-06 05:00:00+00:00,2383.743408203125,-0.001426600414454095,0.004620918871204366
2024-09-06 06:00:00+00:00,2379.41259765625,-0.0018184631093238952,0.004539995567042575
2024-09-06 07:00:00+00:00,2344.135986328125,-0.014936764836804544,0.005250683186211212
2024-09-06 08:00:00+00:00,2348.781494140625,0.001979795872912118,0.005278335481587268
2024-09-06 09:00:00+00:00,2358.259033203125,0.004026968459323906,0.005292952082388973
2024-09-06 10:00:00+00:00,2368.25732421875,0.004230729430678693,0.0053843090253178705
2024-09-06 11:00:00+00:00,2375.766357421875,0.003165683806849135,0.0054303954621879365
2024-09-06 12:00:00+00:00,2399.86474609375,0.010092317724731879,0.005824493273771155
2024-09-06 13:00:00+00:00,2368.7607421875,-0.013045455172842994,0.006335611305378395
2024-09-06 14:00:00+00:00,2317.983642578125,-0.021669236602313294,0.007502622027560568
2024-09-06 15:00:00+00:00,2289.568115234375,-0.01233448438425479,0.007834558595657851
2024-09-06 16:00:00+00:00,2262.262451171875,-0.011997806689660226,0.008097938516105975
2024-09-06 17:00:00+00:00,2245.458251953125,-0.007455775620928206,0.007975686850196884
2024-09-06 18:00:00+00:00,2223.468994140625,-0.009841035248758274,0.008085161563193957
2024-09-06 19:00:00+00:00,2224.7529296875,0.0005772803625886743,0.007907676017421877
2024-09-06 20:00:00+00:00,2171.15380859375,-0.024387131340825232,0.008988673701284733
2024-09-06 21:00:00+00:00,2212.999267578125,0.019089994830928835,0.010093329393084277
2024-09-06 22:00:00+00:00,2208.050537109375,-0.00223871376900402,0.010071842253297988
2024-09-06 23:00:00+00:00,2223.835693359375,0.007123478437471452,0.010278771600581696
2024-09-07 00:00:00+00:00,2234.169677734375,0.00463615542136148,0.010363862377835893
2024-09-07 01:00:00+00:00,2224.92919921875,-0.004144555659269471,0.010063518940951125
2024-09-07 02:00:00+00:00,2232.907470703125,0.003579440250290076,0.01006728300867515
2024-09-07 03:00:00+00:00,2237.98388671875,0.002270875219875,0.010124686482143463
2024-09-07 04:00:00+00:00,2247.368408203125,0.004184525344318732,0.010224273977972678
2024-09-07 05:00:00+00:00,2261.17529296875,0.006124783895720453,0.010374288503086946
2024-09-07 06:00:00+00:00,2276.533935546875,0.0067693633304922365,0.010534862955883486
2024-09-07 07:00:00+00:00,2288.060791015625,0.0050505600876525145,0.010240566574172152
2024-09-07 08:00:00+00:00,2293.67431640625,0.002450394039745647,0.010246986445331447
2024-09-07 09:00:00+00:00,2284.10009765625,-0.004182920276915151,0.010209215180149792
2024-09-07 10:00:00+00:00,2282.796875,-0.0005707256806656521,0.010142307649208405
2024-09-07 11:00:00+00:00,2283.809326171875,0.00044341515071034363,0.010102638395733287
2024-09-07 12:00:00+00:00,2292.742431640625,0.0039038635578210823,0.009866253325315067
2024-09-07 13:00:00+00:00,2291.817626953125,-0.00040344316061928016,0.009578768192398706
2024-09-07 14:00:00+00:00,2293.779296875,0.0008555789242381095,0.008552483162897752
2024-09-07 15:00:00+00:00,2302.9404296875,0.003985948888176452,0.008207262170980643
2024-09-07 16:00:00+00:00,2290.541259765625,-0.00539860649265845,0.007883502217586538
2024-09-07 17:00:00+00:00,2272.306396484375,-0.007992798240263213,0.007907841800476356
2024-09-07 18:00:00+00:00,2281.39599609375,0.0039921852145380675,0.0076206183475754155
2024-09-07 19:00:00+00:00,2291.502197265625,0.004420049254603957,0.007650093067163795
2024-09-07 20:00:00+00:00,2273.166015625,-0.008034003529456631,0.005765093775955186
2024-09-07 21:00:00+00:00,2262.99755859375,-0.004483292499030374,0.004602220056851005
2024-09-07 22:00:00+00:00,2265.60791015625,0.0011528281143553419,0.004552464295891584
2024-09-07 23:00:00+00:00,2274.3095703125,0.003833404835918499,0.004409617729738115
2024-09-08 00:00:00+00:00,2272.14599609375,-0.0009517631264495634,0.004352862396586242
2024-09-08 01:00:00+00:00,2279.162841796875,0.0030834432522649745,0.0042518104131124375
2024-09-08 02:00:00+00:00,2284.18603515625,0.0022015390554954305,0.004224731167777332
2024-09-08 03:00:00+00:00,2283.510498046875,-0.0002957889646957561,0.00422222196893779
2024-09-08 04:00:00+00:00,2301.023681640625,0.007640151909482979,0.004396587023414751
2024-09-08 05:00:00+00:00,2284.90087890625,-0.007031458520215133,0.004545296255458596
2024-09-08 06:00:00+00:00,2287.139892578125,0.0009794373947098066,0.00434365086645763
2024-09-08 07:00:00+00:00,2295.536865234375,0.0036646625967546886,0.0042850921294552225
2024-09-08 08:00:00+00:00,2295.255126953125,-0.00012274059991528271,0.004256762286663243
2024-09-08 09:00:00+00:00,2296.961181640625,0.0007430202113071134,0.00416257644483341
2024-09-08 10:00:00+00:00,2303.752197265625,0.002952159805586087,0.004194955551193873
2024-09-08 11:00:00+00:00,2296.54150390625,-0.00313488648031434,0.004255779695983717
2024-09-08 12:00:00+00:00,2278.7275390625,-0.007787107029041962,0.004480336047338091
2024-09-08 13:00:00+00:00,2283.99560546875,0.0023091774715604143,0.004510554890076947
2024-09-08 14:00:00+00:00,2268.27294921875,-0.0069076411371361175,0.004709832391924226
2024-09-08 15:00:00+00:00,2249.12939453125,-0.008475521030835926,0.004881474372663593
2024-09-08 16:00:00+00:00,2251.49169921875,0.0010497684009531955,0.004804852257994792
2024-09-08 17:00:00+00:00,2279.02734375,0.012155774352282976,0.005220470810481676
2024-09-08 18:00:00+00:00,2277.49755859375,-0.0006714701429334294,0.005156596247021322
2024-09-08 19:00:00+00:00,2271.837646484375,-0.002488238291720231,0.005087335294876537
2024-09-08 20:00:00+00:00,2277.014892578125,0.0022762876065013818,0.0048403851009407115
2024-09-08 21:00:00+00:00,2280.885498046875,0.0016984164055653325,0.004751180759475917
2024-09-08 22:00:00+00:00,2294.505126953125,0.005953445399436906,0.0048865387105142
2024-09-08 23:00:00+00:00,2296.417724609375,0.0008332084109183686,0.004836423909791381
2024-09-09 00:00:00+00:00,2306.968505859375,0.004583929827543503,0.004900576761230061
2024-09-09 01:00:00+00:00,2311.299072265625,0.0018754078676752612,0.0048804841052468425
2024-09-09 02:00:00+00:00,2307.424072265625,-0.0016779533164999112,0.004888798636285536
2024-09-09 03:00:00+00:00,2304.660888671875,-0.0011982363498335602,0.0048980193930383805
2024-09-09 04:00:00+00:00,2297.525390625,-0.003100919142150812,0.004692606077200204
2024-09-09 05:00:00+00:00,2288.065185546875,-0.004126063302934662,0.004540026494841197
2024-09-09 06:00:00+00:00,2299.83349609375,0.00513016401360162,0.004654287755827981
2024-09-09 07:00:00+00:00,2313.732421875,0.00602526032009167,0.00475389151159866
2024-09-09 08:00:00+00:00,2325.113037109375,0.004906668337078351,0.004843128175948624
2024-09-09 09:00:00+00:00,2317.881103515625,-0.003115205069503698,0.00489974790009977
2024-09-09 10:00:00+00:00,2319.788330078125,0.0008224935810232015,0.004870293655363812
2024-09-09 11:00:00+00:00,2314.770263671875,-0.002165500021507894,0.004844615309107861
2024-09-09 12:00:00+00:00,2312.498779296875,-0.0009817819263860856,0.004538379131888873
2024-09-09 13:00:00+00:00,2323.886962890625,0.004912536242493835,0.004611210686234619
2024-09-09 14:00:00+00:00,2279.23828125,-0.019399898799430906,0.006004412854916565
2024-09-09 15:00:00+00:00,2293.617431640625,0.006288935704748366,0.005830646964102072
2024-09-09 16:00:00+00:00,2343.785400390625,0.021637079108690133,0.0072162733109893355
2024-09-09 17:00:00+00:00,2342.5048828125,-0.0005464952158786922,0.006871662800416389
2024-09-09 18:00:00+00:00,2332.306640625,-0.0043630671801327455,0.00695489572396746
2024-09-09 19:00:00+00:00,2351.865234375,0.008350977691648269,0.007070130719595597
2024-09-09 20:00:00+00:00,2340.95556640625,-0.004649522360089415,0.007175180501866016
2024-09-09 21:00:00+00:00,2371.633056640625,0.013019563568850095,0.00757361211550573
2024-09-09 22:00:00+00:00,2358.253173828125,-0.005657606906260667,0.007655543372052002
2024-09-09 23:00:00+00:00,2357.890625,-0.0001537479959492565,0.0076599228404296655
2024-09-10 00:00:00+00:00,2350.34912109375,-0.003203537102016571,0.007670889243423668
2024-09-10 01:00:00+00:00,2342.91162109375,-0.0031694408789910518,0.007708488160705973
2024-09-10 02:00:00+00:00,2345.578125,0.0011374682843117239,0.0076942637393143205
2024-09-10 03:00:00+00:00,2342.3759765625,-0.0013661178698148332,0.007696124791188953
2024-09-10 04:00:00+00:00,2338.1015625,-0.0018264868125667732,0.007673292244406375
2024-09-10 05:00:00+00:00,2347.892333984375,0.004178744551436009,0.007631953666328452
2024-09-10 06:00:00+00:00,2344.00634765625,-0.0016564668081551503,0.007600853606197552
2024-09-10 07:00:00+00:00,2362.22265625,0.007741399559055873,0.00766006145432283
2024-09-10 08:00:00+00:00,2353.4404296875,-0.003724709147270511,0.007664636280048155
2024-09-10 09:00:00+00:00,2351.77001953125,-0.0007100257233780858,0.007630899375576871
2024-09-10 10:00:00+00:00,2350.67041015625,-0.00046767605522457273,0.0076338428307940855
2024-09-10 11:00:00+00:00,2352.07861328125,0.0005988851031901263,0.007611896192689905
2024-09-10 12:00:00+00:00,2351.117431640625,-0.0004087355257258825,0.007607399467945167
2024-09-10 13:00:00+00:00,2332.986083984375,-0.0077416898035375945,0.007739401733821852
2024-09-10 14:00:00+00:00,2336.42724609375,0.0014739165240234555,0.006522621867803474
2024-09-10 15:00:00+00:00,2328.938720703125,-0.0032102655505238872,0.006477849111281698
2024-09-10 16:00:00+00:00,2339.51904296875,0.004532691914921133,0.004787271800717749
2024-09-10 17:00:00+00:00,2349.9619140625,0.004453750191716913,0.004873923448899257
2024-09-10 18:00:00+00:00,2367.203125,0.007310020985212376,0.00498693414233269
2024-09-10 19:00:00+00:00,2382.264892578125,0.00634252847434456,0.00486694810605017
2024-09-10 20:00:00+00:00,2379.138427734375,-0.0013132537123022017,0.004758869989996386
2024-09-10 21:00:00+00:00,2373.8388671875,-0.0022299970793941116,0.003995716152143241
2024-09-10 22:00:00+00:00,2390.52392578125,0.007004137816517241,0.004046473072222637
2024-09-10 23:00:00+00:00,2390.0556640625,-0.00019590165227766464,0.0040468083416321165
2024-09-11 00:00:00+00:00,2378.538330078125,-0.0048305040830705775,0.004125535376619905
2024-09-11 01:00:00+00:00,2354.747802734375,-0.010052520392051187,0.004603086126009481
2024-09-11 02:00:00+00:00,2354.263916015625,-0.00020551519059781365,0.004599482287918428
2024-09-11 03:00:00+00:00,2347.565673828125,-0.0028492086286254483,0.004630650905873643
2024-09-11 04:00:00+00:00,2333.33251953125,-0.006081396165755339,0.004786144129284284
2024-09-11 05:00:00+00:00,2326.300048828125,-0.0030184680613524416,0.004732548513532369
2024-09-11 06:00:00+00:00,2331.60205078125,0.0022765631950391672,0.004754648932223866
2024-09-11 07:00:00+00:00,2342.345458984375,0.004597153520206714,0.004565256980972254
2024-09-11 08:00:00+00:00,2324.267578125,-0.007747791019959379,0.004764011695485927
2024-09-11 09:00:00+00:00,2329.39697265625,0.0022044548129845367,0.0047959881937524665
2024-09-11 10:00:00+00:00,2315.161865234375,-0.006129818780209757,0.004936749544324225
2024-09-11 11:00:00+00:00,2325.807861328125,0.004587840642932219,0.005046008681079272
2024-09-11 12:00:00+00:00,2334.14306640625,0.003577382722114088,0.00511319795779212
2024-09-11 13:00:00+00:00,2289.38427734375,-0.01936192175604286,0.006268061494795606
2024-09-11 14:00:00+00:00,2301.841552734375,0.005426570777159874,0.00638093701819345
2024-09-11 15:00:00+00:00,2325.29541015625,0.010137611432146164,0.006718263863150458
2024-09-11 16:00:00+00:00,2344.267333984375,0.008125826446312878,0.006863644592506008
2024-09-11 17:00:00+00:00,2356.7197265625,0.005297790248049385,0.006889120564966159
2024-09-11 18:00:00+00:00,2337.63330078125,-0.0081316981672857,0.006909437788353834
2024-09-11 19:00:00+00:00,2343.56494140625,0.0025342416589614345,0.0067875487000326725
2024-09-11 20:00:00+00:00,2347.33447265625,0.0016071681477918664,0.006801910779011307
2024-09-11 21:00:00+00:00,2342.36572265625,-0.002119006184738415,0.006800764147856834
2024-09-11 22:00:00+00:00,2339.6953125,-0.0011406986904949048,0.006607568411333275
2024-09-11 23:00:00+00:00,2341.169921875,0.0006300584827576322,0.006613518901188825
2024-09-12 00:00:00+00:00,2353.551025390625,0.00527449122470783,0.0066712321952383784
2024-09-12 01:00:00+00:00,2363.384521484375,0.004169448677740164,0.006406663096886497
2024-09-12 02:00:00+00:00,2362.6611328125,-0.00030612851861325246,0.006406940493982135
2024-09-12 03:00:00+00:00,2369.775634765625,0.0030066993653670307,0.006399321775865932
2024-09-12 04:00:00+00:00,2364.583984375,-0.00219318044647024,0.00627633928957881
2024-09-12 05:00:00+00:00,2357.169921875,-0.003140387551045347,0.006279405404705225
2024-09-12 06:00:00+00:00,2359.06884765625,0.0008052713090493424,0.0062689825255521124
2024-09-12 07:00:00+00:00,2357.9541015625,-0.00047264816241233645,0.0062096339937018205
2024-09-12 08:00:00+00:00,2358.727783203125,0.0003280618309506345,0.00597007732078228
2024-09-12 09:00:00+00:00,2353.084716796875,-0.0023952859347826064,0.005990570502425802
2024-09-12 10:00:00+00:00,2346.663818359375,-0.0027324451018918617,0.005867914579281678
2024-09-12 11:00:00+00:00,2348.389892578125,0.0007352735038973524,0.005805389496764101
2024-09-12 12:00:00+00:00,2343.304443359375,-0.002167852739860572,0.005787209627587548
2024-09-12 13:00:00+00:00,2339.12890625,-0.0017834907213500986,0.00406466636568549
2024-09-12 14:00:00+00:00,2331.536376953125,-0.0032511582501748948,0.00402990995889718
2024-09-12 15:00:00+00:00,2323.25634765625,-0.0035576398434763387,0.003552240048330742
2024-09-12 16:00:00+00:00,2339.762451171875,0.007079607940407651,0.003452743804147372
2024-09-12 17:00:00+00:00,2348.855712890625,0.0038788712587469513,0.003367755316038004
2024-09-12 18:00:00+00:00,2345.947021484375,-0.0012391113931663521,0.002920780627365291
2024-09-12 19:00:00+00:00,2359.915283203125,0.0059365539565625885,0.0031175762270455134
2024-09-12 20:00:00+00:00,2351.37451171875,-0.0036256656721068343,0.003203237212525515
2024-09-12 21:00:00+00:00,2349.664306640625,-0.0007275860590182286,0.0031743255995665145
2024-09-12 22:00:00+00:00,2360.6005859375,0.004643602514042409,0.003291121406807581
2024-09-12 23:00:00+00:00,2361.476806640625,0.0003711166253052143,0.0032906583926514943
2024-09-13 00:00:00+00:00,2357.915283203125,-0.0015093147786002412,0.003137962083001181
2024-09-13 01:00:00+00:00,2357.864013671875,-2.1743821338726372e-05,0.0030145144759681744
2024-09-13 02:00:00+00:00,2356.870849609375,-0.00042130219661983903,0.0030149527793012876
2024-09-13 03:00:00+00:00,2357.120361328125,0.00010586006965993584,0.0029421657913686313
2024-09-13 04:00:00+00:00,2350.056640625,-0.0030012578674765917,0.0029701817596231154
2024-09-13 05:00:00+00:00,2349.49072265625,-0.0002408393522776694,0.002906067678123053
2024-09-13 06:00:00+00:00,2338.53173828125,-0.004675320747145558,0.003041085187837763
2024-09-13 07:00:00+00:00,2349.4150390625,0.004643107462779107,0.0032078757224738882
2024-09-13 08:00:00+00:00,2343.338623046875,-0.002589703124916093,0.003244009998057564
2024-09-13 09:00:00+00:00,2352.61474609375,0.003950693025597285,0.0033211902613303704
2024-09-13 10:00:00+00:00,2368.35986328125,0.006670307243400974,0.003533666907918846
2024-09-13 11:00:00+00:00,2353.048828125,-0.006485813802408177,0.0037998106408861513
2024-09-13 12:00:00+00:00,2354.676513671875,0.0006914955710277175,0.00377089869468136
2024-09-13 13:00:00+00:00,2357.656982421875,0.0012649652873255534,0.003752418294708038
2024-09-13 14:00:00+00:00,2365.289794921875,0.003232227465191989,0.0037166952886811084
2024-09-13 15:00:00+00:00,2405.92578125,0.017034220428130995,0.004902945113626604
2024-09-13 16:00:00+00:00,2407.51806640625,0.0006615991646420404,0.004755751964287701
2024-09-13 17:00:00+00:00,2411.465576171875,0.0016383166830863242,0.00472253809639957
2024-09-13 18:00:00+00:00,2420.875244140625,0.0038944603501847317,0.004728424502034884
2024-09-13 19:00:00+00:00,2414.659912109375,-0.002570691868935662,0.0046851901799020825
2024-09-13 20:00:00+00:00,2424.851318359375,0.004211756448125207,0.004624741719886469
2024-09-13 21:00:00+00:00,2446.764892578125,0.00899648948971307,0.004860947713362722
2024-09-13 22:00:00+00:00,2447.75,0.0004025352692952278,0.004825763290757918
2024-09-13 23:00:00+00:00,2442.195068359375,-0.0022719821807692104,0.004882719982289055
2024-09-14 00:00:00+00:00,2430.817626953125,-0.004669580315654593,0.0050056670423099196
2024-09-14 01:00:00+00:00,2424.644287109375,-0.002542844853669783,0.00506008320024193
2024-09-14 02:00:00+00:00,2426.7568359375,0.0008709026147579055,0.005049348216633598
2024-09-14 03:00:00+00:00,2434.245849609375,0.003081265360877626,0.00505738752884174
2024-09-14 04:00:00+00:00,2427.372802734375,-0.002827474528727746,0.005051019776917989
2024-09-14 05:00:00+00:00,2417.509521484375,-0.004071634444859292,0.005162729150348487
2024-09-14 06:00:00+00:00,2420.331787109375,0.001166745978272621,0.005009657293590867
2024-09-14 07:00:00+00:00,2421.6953125,0.0005632043764387248,0.004964998767232319
2024-09-14 08:00:00+00:00,2415.59033203125,-0.002524136120438318,0.004962804477745254
2024-09-14 09:00:00+00:00,2421.240478515625,0.0023363021266214297,0.004935690529144033
2024-09-14 10:00:00+00:00,2414.46923828125,-0.002800517424098658,0.004857128713315491
2024-09-14 11:00:00+00:00,2417.626953125,0.0013069753449290948,0.0046024548405057715
2024-09-14 12:00:00+00:00,2421.40478515625,0.001561400297867206,0.004602292261886074
2024-09-14 13:00:00+00:00,2418.870361328125,-0.0010472231363070704,0.004624243096793428
2024-09-14 14:00:00+00:00,2421.44091796875,0.0010621452770134213,0.004601244392115066
2024-09-14 15:00:00+00:00,2419.39599609375,-0.000844862999080717,0.0030866485245872616
2024-09-14 16:00:00+00:00,2418.828125,-0.00023474360928497012,0.003086655212499898
2024-09-14 17:00:00+00:00,2415.005615234375,-0.0015815647652891566,0.003091179530490927
2024-09-14 18:00:00+00:00,2407.871337890625,-0.0029585173401047295,0.0030377403232908634
2024-09-14 19:00:00+00:00,2409.5205078125,0.0006846733830758176,0.003000875357979653
2024-09-14 20:00:00+00:00,2416.61669921875,0.0029407355057603215,0.0029321075581634735
2024-09-14 21:00:00+00:00,2417.044921875,0.0001771835477689961,0.002197731361546152
2024-09-14 22:00:00+00:00,2417.544921875,0.00020684278002566528,0.002194562342314966
2024-09-14 23:00:00+00:00,2418.5595703125,0.00041961394921338047,0.0021696299306648934
2024-09-15 00:00:00+00:00,2420.60595703125,0.0008457602159589192,0.001982317586133203
2024-09-15 01:00:00+00:00,2426.19921875,0.0023080210566839877,0.0019777304540233315
2024-09-15 02:00:00+00:00,2426.8701171875,0.0002764841774691101,0.0019704073162712522
2024-09-15 03:00:00+00:00,2421.16552734375,-0.00235336243164897,0.0019125698749621403
2024-09-15 04:00:00+00:00,2417.25341796875,-0.001617102723736128,0.001856071824794255
2024-09-15 05:00:00+00:00,2419.598388671875,0.0009696269311494313,0.0016719309479237955
2024-09-15 06:00:00+00:00,2420.692138671875,0.0004519356895777718,0.0016572138570992336
2024-09-15 07:00:00+00:00,2423.05810546875,0.0009769153510352233,0.001665391049495111
2024-09-15 08:00:00+00:00,2415.776611328125,-0.003009608743819202,0.0017002627732067225
2024-09-15 09:00:00+00:00,2413.11962890625,-0.0011004513486412388,0.0016388381922831127
2024-09-15 10:00:00+00:00,2409.97509765625,-0.0013039477239501023,0.001559769201683236
2024-09-15 11:00:00+00:00,2407.329345703125,-0.0010984367918844956,0.001544134480998023
2024-09-15 12:00:00+00:00,2410.230224609375,0.001204294088952209,0.0015282854055637513
2024-09-15 13:00:00+00:00,2410.98681640625,0.0003138592586267218,0.0015204316768445394
2024-09-15 14:00:00+00:00,2411.07470703125,3.645354775446987e-05,0.0014995607581128822
2024-09-15 15:00:00+00:00,2410.234619140625,-0.0003484895252692664,0.0014933845983573374
2024-09-15 16:00:00+00:00,2390.073974609375,-0.008399777920811915,0.00224999025171581
2024-09-15 17:00:00+00:00,2384.384521484375,-0.00238328841802382,0.0022726105546860493
2024-09-15 18:00:00+00:00,2379.244873046875,-0.002157871658848839,0.002241095603101899
2024-09-15 19:00:00+00:00,2372.68359375,-0.0027615245104898652,0.002272189337161131
2024-09-15 20:00:00+00:00,2364.755859375,-0.003346846689471239,0.002202561379408463
2024-09-15 21:00:00+00:00,2353.177490234375,-0.004908247542756378,0.0023346892827326815
2024-09-15 22:00:00+00:00,2346.470947265625,-0.0028540634944864756,0.0023428857253818716
2024-09-15 23:00:00+00:00,2319.635498046875,-0.011502414445889298,0.0031124618105643027
2024-09-16 00:00:00+00:00,2302.603271484375,-0.007369720389031373,0.0032637970697828537
2024-09-16 01:00:00+00:00,2280.977783203125,-0.009436136717267146,0.003451901408922488
2024-09-16 02:00:00+00:00,2258.4921875,-0.009906786365331148,0.0037032835111038874
2024-09-16 03:00:00+00:00,2278.298095703125,0.008731298029142518,0.00441059487122189
2024-09-16 04:00:00+00:00,2279.494140625,0.0005248352216656356,0.004451440249830447
2024-09-16 05:00:00+00:00,2292.314208984375,0.005608328688272756,0.004699914926309008
2024-09-16 06:00:00+00:00,2290.624267578125,-0.0007374925460983277,0.0046763788843449065
2024-09-16 07:00:00+00:00,2310.45751953125,0.008621178980252905,0.005146098955040523
2024-09-16 08:00:00+00:00,2315.399658203125,0.0021367458450796332,0.0052082938422673706
2024-09-16 09:00:00+00:00,2294.29736328125,-0.009155674324821398,0.005418685890717936
2024-09-16 10:00:00+00:00,2302.555419921875,0.0035929214676879116,0.005540932152372094
2024-09-16 11:00:00+00:00,2307.885009765625,0.0023119666326903744,0.005605730828339357
2024-09-16 12:00:00+00:00,2302.525634765625,-0.0023249024120596757,0.005570831927697237
2024-09-16 13:00:00+00:00,2302.02685546875,-0.0002166461561178115,0.0055626922656185195
2024-09-16 14:00:00+00:00,2278.875732421875,-0.0101077548402393,0.005787862087775646
2024-09-16 15:00:00+00:00,2288.812744140625,0.004351009245236729,0.005936103537904324
2024-09-16 16:00:00+00:00,2290.2177734375,0.0006136798326965579,0.005807490782463176
2024-09-16 17:00:00+00:00,2305.317626953125,0.00657155545154948,0.0060495466959897114
2024-09-16 18:00:00+00:00,2287.24658203125,-0.007869737848086904,0.00619114640577162
2024-09-16 19:00:00+00:00,2281.64892578125,-0.0024503335833288543,0.006189027725275345
2024-09-16 20:00:00+00:00,2273.08056640625,-0.003762405428153003,0.006194618137805019
2024-09-16 21:00:00+00:00,2289.75146484375,0.0073072918327533095,0.006413039980849963
2024-09-16 22:00:00+00:00,2283.980712890625,-0.002523433725930718,0.006409548547255638
2024-09-16 23:00:00+00:00,2295.276123046875,0.0049333040139127125,0.006124220886036324
2024-09-17 00:00:00+00:00,2274.64501953125,-0.00902914647108785,0.006214562057999387
2024-09-17 01:00:00+00:00,2274.25390625,-0.00017195953948198126,0.0059165281404884845
2024-09-17 02:00:00+00:00,2286.8115234375,0.005506454187544045,0.00563834633554284
2024-09-17 03:00:00+00:00,2284.05322265625,-0.0012069055941433782,0.005367444650995424
2024-09-17 04:00:00+00:00,2287.698974609375,0.0015949039093235517,0.005375521058293417
2024-09-17 05:00:00+00:00,2302.026611328125,0.006243372502792089,0.0054050403978308115
2024-09-17 06:00:00+00:00,2300.322998046875,-0.000740323314677851,0.005405061233386554
2024-09-17 07:00:00+00:00,2309.70947265625,0.0040722002025814896,0.005170717511991124
2024-09-17 08:00:00+00:00,2309.55078125,-6.87085799845086e-05,0.0051503997602544505
2024-09-17 09:00:00+00:00,2314.720947265625,0.0022361005033686185,0.004792566101985804
2024-09-17 10:00:00+00:00,2316.22802734375,0.0006508731318753723,0.004743904974440597
2024-09-17 11:00:00+00:00,2308.977783203125,-0.003135103766656274,0.0047710240935402316
2024-09-17 12:00:00+00:00,2320.869384765625,0.00513694179564331,0.00485399928205465
2024-09-17 13:00:00+00:00,2306.2216796875,-0.006331301374429263,0.005040850970686985
2024-09-17 14:00:00+00:00,2346.6484375,0.017377564439869344,0.005705071897522248
2024-09-17 15:00:00+00:00,2384.283203125,0.015910422043999957,0.006423507378381749
2024-09-17 16:00:00+00:00,2370.738525390625,-0.00569701471054919,0.006596850337953073
2024-09-17 17:00:00+00:00,2366.480224609375,-0.001797806752407661,0.006534697259036148
2024-09-17 18:00:00+00:00,2350.730712890625,-0.006677492462602345,0.0064678047867915926
2024-09-17 19:00:00+00:00,2351.296630859375,0.000240712326879531,0.006426034117284089
2024-09-17 20:00:00+00:00,2345.3408203125,-0.002536203316211026,0.006389194369655811
2024-09-17 21:00:00+00:00,2347.755859375,0.0010291879500909647,0.00625992979448432
2024-09-17 22:00:00+00:00,2339.338134765625,-0.003591877470373325,0.0062901174732792305
2024-09-17 23:00:00+00:00,2342.162109375,0.0012064401600464824,0.006234494532534463
2024-09-18 00:00:00+00:00,2324.889404296875,-0.0074020112661777535,0.006130455951667755
2024-09-18 01:00:00+00:00,2324.385498046875,-0.00021676767347917996,0.006130806709557962
2024-09-18 02:00:00+00:00,2331.988525390625,0.0032656457846026387,0.0060745436858461385
2024-09-18 03:00:00+00:00,2335.655517578125,0.0015712393268052563,0.006060791353056223
2024-09-18 04:00:00+00:00,2322.043701171875,-0.005844883715444676,0.006213684446906921
2024-09-18 05:00:00+00:00,2320.86328125,-0.0005084831342853449,0.006099860003005231
2024-09-18 06:00:00+00:00,2327.52880859375,0.0028678871246046777,0.006116529878843623
2024-09-18 07:00:00+00:00,2330.848388671875,0.001425209037161591,0.006072835266183706
2024-09-18 08:00:00+00:00,2320.968994140625,-0.00424754824690359,0.0061457178965897705
2024-09-18 09:00:00+00:00,2298.86669921875,-0.009568506337620844,0.006441401119156612
2024-09-18 10:00:00+00:00,2306.431396484375,0.0032852179867706418,0.006480393744458665
2024-09-18 11:00:00+00:00,2301.698486328125,-0.002054157300616383,0.00646266997753936
2024-09-18 12:00:00+00:00,2312.47216796875,0.0046698321438787965,0.006446797428221069
2024-09-18 13:00:00+00:00,2294.646484375,-0.007738360520867868,0.00651151780073403
2024-09-18 14:00:00+00:00,2297.31787109375,0.0011635051203884228,0.005343903961479206
2024-09-18 15:00:00+00:00,2298.838623046875,0.0006617494467649382,0.003996893068718182
2024-09-18 16:00:00+00:00,2307.2802734375,0.0036654111765830103,0.004028316045860562
2024-09-18 17:00:00+00:00,2309.222412109375,0.0008413896487188638,0.004045294821218088
2024-09-18 18:00:00+00:00,2335.90673828125,0.01148929075740664,0.004602101173834625
2024-09-18 19:00:00+00:00,2314.19921875,-0.009336422617658302,0.004957931783538112
2024-09-18 20:00:00+00:00,2326.3359375,0.005230752925616808,0.0050822504194296585
2024-09-18 21:00:00+00:00,2333.46630859375,0.0030603773646949257,0.005122775917055864
2024-09-18 22:00:00+00:00,2340.372802734375,0.002955385927101168,0.005111635198594878
2024-09-18 23:00:00+00:00,2369.360595703125,0.012309893816587996,0.005693224875723987
2024-09-19 00:00:00+00:00,2398.967529296875,0.012418320762317041,0.005932523084796161
2024-09-19 01:00:00+00:00,2390.02099609375,-0.003736297785401068,0.006014754888460235
2024-09-19 02:00:00+00:00,2398.5029296875,0.003542612544481061,0.0060192340612080075
2024-09-19 03:00:00+00:00,2404.067138671875,0.0023171807573218357,0.006023310721535679
2024-09-19 04:00:00+00:00,2416.608642578125,0.005203225759458504,0.005881777195069447
2024-09-19 05:00:00+00:00,2412.23486328125,-0.0018115229817061683,0.005908647997045919
2024-09-19 06:00:00+00:00,2418.21142578125,0.0024745396976034893,0.005905548792224303
2024-09-19 07:00:00+00:00,2437.302734375,0.007863804469263259,0.006042278694454827
2024-09-19 08:00:00+00:00,2432.43310546875,-0.0019999567490073572,0.005960350811237573
2024-09-19 09:00:00+00:00,2431.15185546875,-0.0005268747394894127,0.005465563274615187
2024-09-19 10:00:00+00:00,2427.48779296875,-0.0015082671116733869,0.00551653161541336
2024-09-19 11:00:00+00:00,2437.180908203125,0.003985113337798568,0.005454696962556368
2024-09-19 12:00:00+00:00,2435.46533203125,-0.0007041661381440284,0.005467033229486142
2024-09-19 13:00:00+00:00,2433.955078125,-0.000620301320266181,0.00508658628149205
2024-09-19 14:00:00+00:00,2427.987060546875,-0.002454994487939637,0.005179337941578842
2024-09-19 15:00:00+00:00,2440.15576171875,0.004999330118613573,0.0051951589795486515
2024-09-19 16:00:00+00:00,2470.926513671875,0.012531313017074119,0.005583396411861195
2024-09-19 17:00:00+00:00,2476.80712890625,0.0023770956273168474,0.005568093417070803
2024-09-19 18:00:00+00:00,2475.351806640625,-0.000587752665640066,0.005299129845583692
2024-09-19 19:00:00+00:00,2463.101318359375,-0.004961275565126841,0.004940364529163343
2024-09-19 20:00:00+00:00,2466.753662109375,0.001481724891583686,0.0049127005623257865
2024-09-19 21:00:00+00:00,2463.872314453125,-0.0011687554472544226,0.004965124143375159
2024-09-19 22:00:00+00:00,2473.4462890625,0.0038782130050770028,0.004974261483971742
2024-09-19 23:00:00+00:00,2464.248046875,-0.0037257279214934842,0.004637414757360724
2024-09-20 00:00:00+00:00,2448.853271484375,-0.0062668464486100115,0.004305115299573006
2024-09-20 01:00:00+00:00,2453.59375,0.0019339240066538488,0.004196260282543292
2024-09-20 02:00:00+00:00,2455.242431640625,0.0006717199929313843,0.004164215900232595
2024-09-20 03:00:00+00:00,2507.287109375,0.020975829174127558,0.005833157008870512
2024-09-20 04:00:00+00:00,2539.335205078125,0.012700980784644548,0.00621437264118582
2024-09-20 05:00:00+00:00,2543.938720703125,0.0018112409249377778,0.006159901327226605
2024-09-20 06:00:00+00:00,2562.912841796875,0.007430883067936952,0.00625138383566685
2024-09-20 07:00:00+00:00,2562.5810546875,-0.00012946541993388513,0.006161105669745001
2024-09-20 08:00:00+00:00,2546.11376953125,-0.0064467903274858,0.006353272098381828
2024-09-20 09:00:00+00:00,2543.120849609375,-0.0011761769660414104,0.0063654407405965546
2024-09-20 10:00:00+00:00,2554.71435546875,0.004548411386491319,0.006345459972447457
2024-09-20 11:00:00+00:00,2545.203125,-0.0037299589777011455,0.006442001979721648
2024-09-20 12:00:00+00:00,2553.2724609375,0.0031653942592029215,0.006424820065184523
2024-09-20 13:00:00+00:00,2529.71435546875,-0.009269461047671465,0.006807507874990863
2024-09-20 14:00:00+00:00,2546.3984375,0.0065735899855553885,0.006822675789366422
2024-09-20 15:00:00+00:00,2560.865478515625,0.005665295527115986,0.00683681204275942
2024-09-20 16:00:00+00:00,2552.25146484375,-0.003369381892367938,0.006536946967240849
2024-09-20 17:00:00+00:00,2535.55078125,-0.006565012855589724,0.006727866894838842
2024-09-20 18:00:00+00:00,2544.614990234375,0.0035684735541074994,0.006739328200665988
2024-09-20 19:00:00+00:00,2542.05419921875,-0.0010068636809617395,0.006630890771630645
2024-09-20 20:00:00+00:00,2541.092529296875,-0.0003783758308425634,0.006639717734784466
2024-09-20 21:00:00+00:00,2546.0927734375,0.00196582017494141,0.0066211383754324876
2024-09-20 22:00:00+00:00,2550.544189453125,0.0017468056602544342,0.006600262868565157
2024-09-20 23:00:00+00:00,2560.165771484375,0.003765266850231418,0.006530054135969902
2024-09-21 00:00:00+00:00,2570.176513671875,0.003902568030126358,0.006324707976742594
2024-09-21 01:00:00+00:00,2544.578369140625,-0.010009612912283507,0.006784509936017182
2024-09-21 02:00:00+00:00,2543.18798828125,-0.0005465584684165318,0.0067956587259117
2024-09-21 03:00:00+00:00,2545.017333984375,0.0007190534446162254,0.005377103752906085
2024-09-21 04:00:00+00:00,2538.441650390625,-0.00258709169546669,0.0047533646011205
2024-09-21 05:00:00+00:00,2544.11865234375,0.0022339151828403474,0.004761200349937643
2024-09-21 06:00:00+00:00,2548.621826171875,0.0017684682817647453,0.004510830139525491
2024-09-21 07:00:00+00:00,2555.744873046875,0.0027909638623044197,0.004552938504054632
2024-09-21 08:00:00+00:00,2549.740966796875,-0.0023519442442739035,0.004378584938847431
2024-09-21 09:00:00+00:00,2552.8447265625,0.0012165440562638028,0.004376470318417263
2024-09-21 10:00:00+00:00,2546.26416015625,-0.0025810666944761935,0.004306989510385678
2024-09-21 11:00:00+00:00,2557.205322265625,0.004287741470612678,0.00432716881219248
2024-09-21 12:00:00+00:00,2561.44970703125,0.0016583988231694356,0.004293006024168222
2024-09-21 13:00:00+00:00,2570.607421875,0.0035688318869185986,0.0038471496382414317
2024-09-21 14:00:00+00:00,2567.42919921875,-0.0012371352312121734,0.0036512472600509073
2024-09-21 15:00:00+00:00,2560.8896484375,-0.0025503696319056687,0.003513047764660499
2024-09-21 16:00:00+00:00,2560.700927734375,-7.369613029533663e-05,0.003439237441096933
2024-09-21 17:00:00+00:00,2569.5498046875,0.00344968937779195,0.0031890837052416725
2024-09-21 18:00:00+00:00,2570.1787109375,0.0002447235301346386,0.003124035558503836
2024-09-21 19:00:00+00:00,2571.025146484375,0.00032927523513804415,0.0031094386975053885
2024-09-21 20:00:00+00:00,2567.193115234375,-0.0014915800634675259,0.00313090674197513
2024-09-21 21:00:00+00:00,2563.302978515625,-0.0015164761431164797,0.003137118069870755
2024-09-21 22:00:00+00:00,2576.328857421875,0.005068809288814461,0.0032748810286928353
2024-09-21 23:00:00+00:00,2615.51123046875,0.015094115495979207,0.004401001773557951
2024-09-22 00:00:00+00:00,2621.316162109375,0.002216965954014464,0.004364150104883413
2024-09-22 01:00:00+00:00,2602.699951171875,-0.00712719460949828,0.004083793371467661
2024-09-22 02:00:00+00:00,2595.395751953125,-0.0028103384174862412,0.004145325936420752
2024-09-22 03:00:00+00:00,2596.37255859375,0.00037629054061089247,0.004146375128606517
2024-09-22 04:00:00+00:00,2600.734619140625,0.0016786498419240662,0.004084385721601215
2024-09-22 05:00:00+00:00,2583.304931640625,-0.006724390509119488,0.0043672320101301254
2024-09-22 06:00:00+00:00,2581.46044921875,-0.0007142560655808301,0.004368666764023558
2024-09-22 07:00:00+00:00,2588.53515625,0.00273683460764164,0.004367464419480843
2024-09-22 08:00:00+00:00,2594.72021484375,0.0023865548141426577,0.004338470769067504
2024-09-22 09:00:00+00:00,2581.16845703125,-0.005236507057436176,0.004503733588662822
2024-09-22 10:00:00+00:00,2581.226806640625,2.2605634166901583e-05,0.0044584324976571395
2024-09-22 11:00:00+00:00,2583.513671875,0.0008855683623758149,0.004388566813842636
2024-09-22 12:00:00+00:00,2581.599853515625,-0.0007410557144776568,0.004386612659094053
2024-09-22 13:00:00+00:00,2572.35595703125,-0.003587111235027379,0.004399824421775786
2024-09-22 14:00:00+00:00,2562.873291015625,-0.0036931853811815627,0.004458706226092656
2024-09-22 15:00:00+00:00,2572.3544921875,0.0036926159249354258,0.004489952477127504
2024-09-22 16:00:00+00:00,2573.136962890625,0.0003041383766691997,0.004489664262873519
2024-09-22 17:00:00+00:00,2587.4501953125,0.005547147518524512,0.004575232658373637
2024-09-22 18:00:00+00:00,2580.284912109375,-0.002773086331221109,0.004617781534911853
2024-09-22 19:00:00+00:00,2581.50146484375,0.00047136888978284935,0.00461809437890343
2024-09-22 20:00:00+00:00,2573.32861328125,-0.0031709516266326477,0.004656916346703064
2024-09-22 21:00:00+00:00,2558.2138671875,-0.005890934299764353,0.004806129595450906
2024-09-22 22:00:00+00:00,2592.870849609375,0.013456391142299066,0.005457797316794582
2024-09-22 23:00:00+00:00,2582.85107421875,-0.0038718416697885944,0.004507965207184547
2024-09-23 00:00:00+00:00,2597.1962890625,0.005538656506279853,0.004644681797212573
2024-09-23 01:00:00+00:00,2610.292236328125,0.005029670179682106,0.004539144936368204
2024-09-23 02:00:00+00:00,2633.98876953125,0.009037156647967653,0.00484066184784876
2024-09-23 03:00:00+00:00,2673.529052734375,0.014900002620051834,0.005649744092048865
2024-09-23 04:00:00+00:00,2663.431640625,-0.0037839604740322846,0.0057397877305641444
2024-09-23 05:00:00+00:00,2658.033447265625,-0.002028837969198313,0.005541925587304056
2024-09-23 06:00:00+00:00,2656.14697265625,-0.0007099776596013661,0.005541861798552243
2024-09-23 07:00:00+00:00,2644.529541015625,-0.004383383974536873,0.005644989584324299
2024-09-23 08:00:00+00:00,2645.91162109375,0.0005224819886343973,0.0056363450120881335
2024-09-23 09:00:00+00:00,2656.437744140625,0.003970367152169376,0.005518719888382524
2024-09-23 10:00:00+00:00,2650.225341796875,-0.002341360316703837,0.00556153426361221
2024-09-23 11:00:00+00:00,2645.11376953125,-0.001930593582700129,0.005595839305226387
2024-09-23 12:00:00+00:00,2645.931884765625,0.00030924520193102614,0.0055858777375447305
2024-09-23 13:00:00+00:00,2643.93505859375,-0.0007549627573244769,0.005513642646122012
2024-09-23 14:00:00+00:00,2660.512451171875,0.006250395170189023,0.0055079829223538285
2024-09-23 15:00:00+00:00,2679.549560546875,0.007129950918552374,0.005609656036239205
2024-09-23 16:00:00+00:00,2665.252685546875,-0.0053498365105552415,0.005786799401363893
2024-09-23 17:00:00+00:00,2668.26708984375,0.001130362216616107,0.005721211992988842
2024-09-23 18:00:00+00:00,2682.193603515625,0.00520573682169187,0.005707162991634056
2024-09-23 19:00:00+00:00,2670.121826171875,-0.0045108693506504555,0.0058396065270457246
2024-09-23 20:00:00+00:00,2664.347412109375,-0.002164945024500334,0.0058088513711022464
2024-09-23 21:00:00+00:00,2654.80029296875,-0.0035897214824859368,0.005700419717553058
2024-09-23 22:00:00+00:00,2646.92724609375,-0.002969995196566655,0.005169366433941989
2024-09-23 23:00:00+00:00,2648.6943359375,0.0006673777126876212,0.005070823014913123
2024-09-24 00:00:00+00:00,2631.581298828125,-0.006481895344111953,0.005200076974498827
2024-09-24 01:00:00+00:00,2630.277587890625,-0.000495532469511128,0.0051146430786091785
2024-09-24 02:00:00+00:00,2620.22607421875,-0.0038287854263094347,0.004827187527677897
2024-09-24 03:00:00+00:00,2625.78759765625,0.0021202863236346498,0.0036477590687984127
2024-09-24 04:00:00+00:00,2622.229736328125,-0.0013558880037074059,0.003593240235161479
2024-09-24 05:00:00+00:00,2632.112548828125,0.003761774021527772,0.003689717884810697
2024-09-24 06:00:00+00:00,2638.797607421875,0.0025365874128139908,0.0037373831102426184
2024-09-24 07:00:00+00:00,2646.645751953125,0.002969722600555601,0.003686831080828625
2024-09-24 08:00:00+00:00,2664.940673828125,0.0068887118673046435,0.003943629621255513
2024-09-24 09:00:00+00:00,2644.845947265625,-0.007568975527992999,0.004173255240284605
2024-09-24 10:00:00+00:00,2649.051513671875,0.001588835946291947,0.004161941915607045
2024-09-24 11:00:00+00:00,2636.280517578125,-0.004832627684704208,0.004260891645433647
2024-09-24 12:00:00+00:00,2632.4013671875,-0.0014725319069985234,0.00426825137174011
2024-09-24 13:00:00+00:00,2638.35205078125,0.0022580020919955005,0.004295856986389523
2024-09-24 14:00:00+00:00,2614.5205078125,-0.009073780570107175,0.004448902801189671
2024-09-24 15:00:00+00:00,2613.177734375,-0.0005137149869110829,0.0041237313680104306
2024-09-24 16:00:00+00:00,2629.1669921875,0.006100059506748565,0.004263995200177997
2024-09-24 17:00:00+00:00,2649.370361328125,0.0076549492574525336,0.004573727724001044
2024-09-24 18:00:00+00:00,2638.64453125,-0.004056662095379744,0.004479096279477511
2024-09-24 19:00:00+00:00,2650.89013671875,0.004630134072025357,0.004527746150772414
2024-09-24 20:00:00+00:00,2650.8515625,-1.4551527003448652e-05,0.004510505002679179
2024-09-24 21:00:00+00:00,2647.85693359375,-0.0011303242015649666,0.004458052606969174
2024-09-24 22:00:00+00:00,2668.91845703125,0.00792270955912851,0.004701938527879221
2024-09-24 23:00:00+00:00,2654.832275390625,-0.005291838487761478,0.00483949557474213
2024-09-25 00:00:00+00:00,2639.46630859375,-0.005804738701242559,0.004801298750947081
2024-09-25 01:00:00+00:00,2653.7587890625,0.005400305084215501,0.004917609147825506
2024-09-25 02:00:00+00:00,2648.222412109375,-0.002088418934469466,0.004865553029596434
2024-09-25 03:00:00+00:00,2646.2646484375,-0.0007395480388247698,0.004857698285227887
2024-09-25 04:00:00+00:00,2626.51513671875,-0.007491154526066033,0.005105063891649914
2024-09-25 05:00:00+00:00,2624.73681640625,-0.0006772938706252356,0.005045485980552582
2024-09-25 06:00:00+00:00,2617.809326171875,-0.0026427976322917217,0.005037815863258811
2024-09-25 07:00:00+00:00,2624.021484375,0.0023702257230185653,0.005022191365766199
2024-09-25 08:00:00+00:00,2624.904052734375,0.00033628534504914884,0.004783565248866284
2024-09-25 09:00:00+00:00,2620.410400390625,-0.0017133971597903502,0.004558325612999429
2024-09-25 10:00:00+00:00,2621.269287109375,0.0003277143120687722,0.004541800590707459
2024-09-25 11:00:00+00:00,2627.372802734375,0.0023257514121722152,0.004475303581612784
2024-09-25 12:00:00+00:00,2619.907470703125,-0.002845411976897995,0.004501758750464827
2024-09-25 13:00:00+00:00,2618.0224609375,-0.0007197537468438108,0.004472056183593865
2024-09-25 14:00:00+00:00,2625.770263671875,0.002955039903083789,0.004107825679011325
2024-09-25 15:00:00+00:00,2600.018798828125,-0.009855611460270084,0.004590551348647326
2024-09-25 16:00:00+00:00,2599.895263671875,-4.751430688605811e-05,0.004390272391923346
2024-09-25 17:00:00+00:00,2575.450439453125,-0.00944671425236931,0.004402635759745075
2024-09-25 18:00:00+00:00,2581.014404296875,0.002158054858017303,0.004408786507911973
2024-09-25 19:00:00+00:00,2573.585205078125,-0.0028825534186630135,0.00426183427962491
2024-09-25 20:00:00+00:00,2579.553955078125,0.002316550158543006,0.004317020315218253
2024-09-25 21:00:00+00:00,2581.766845703125,0.0008574901061207678,0.004336160803821396
2024-09-25 22:00:00+00:00,2571.629638671875,-0.003934189863777451,0.003924993808924774
2024-09-25 23:00:00+00:00,2579.357177734375,0.003000413371332171,0.003945950947865202
2024-09-26 00:00:00+00:00,2571.934814453125,-0.0028817502207527748,0.0038414268603255944
2024-09-26 01:00:00+00:00,2586.1103515625,0.005496490372488498,0.0038485251821851686
2024-09-26 02:00:00+00:00,2596.458251953125,0.003993353463758629,0.003977040528240139
2024-09-26 03:00:00+00:00,2601.046142578125,0.0017654210437693207,0.004012028923107102
2024-09-26 04:00:00+00:00,2596.0888671875,-0.0019076960228007738,0.0037559171018256158
2024-09-26 05:00:00+00:00,2611.28369140625,0.005835905602272482,0.003970624515517586
2024-09-26 06:00:00+00:00,2615.648193359375,0.0016700056796986192,0.003953485718302144
2024-09-26 07:00:00+00:00,2631.879638671875,0.006186340538974457,0.004127320609483424
2024-09-26 08:00:00+00:00,2619.516357421875,-0.004708578100405787,0.004242917969678503
2024-09-26 09:00:00+00:00,2618.903564453125,-0.00023396099613406498,0.0042289644967767135
2024-09-26 10:00:00+00:00,2628.694091796875,0.0037314364953457044,0.004297784510075094
2024-09-26 11:00:00+00:00,2628.092041015625,-0.00022905660176062443,0.004272284134128723
2024-09-26 12:00:00+00:00,2631.56494140625,0.0013205807553384019,0.0042356400119671
2024-09-26 13:00:00+00:00,2618.972900390625,-0.004796485821588686,0.004353603688065032
2024-09-26 14:00:00+00:00,2620.347900390625,0.0005248772059776315,0.004310298930843041
2024-09-26 15:00:00+00:00,2654.030029296875,0.0127721552110004,0.004548618713514726
2024-09-26 16:00:00+00:00,2654.574462890625,0.0002051136401138371,0.004546727190930546
2024-09-26 17:00:00+00:00,2631.50439453125,-0.008728668435144046,0.004477747416055416
2024-09-26 18:00:00+00:00,2656.60205078125,0.009492185890798324,0.004805788409139893
2024-09-26 19:00:00+00:00,2649.54736328125,-0.002659062572965103,0.004797738027118096
2024-09-26 20:00:00+00:00,2633.708251953125,-0.005995984270067807,0.005009891045744662
2024-09-26 21:00:00+00:00,2639.175537109375,0.0020737370039812563,0.005015952326103991
2024-09-26 22:00:00+00:00,2636.66064453125,-0.0009533627209119398,0.004926735884790718
2024-09-26 23:00:00+00:00,2632.28271484375,-0.0016617869642475598,0.004938001180264267
2024-09-27 00:00:00+00:00,2640.51220703125,0.0031214940052064002,0.004892786179517272
2024-09-27 01:00:00+00:00,2627.041259765625,-0.005114699534559686,0.004956907184070959
2024-09-27 02:00:00+00:00,2619.3037109375,-0.0029496933508950736,0.004956165731131841
2024-09-27 03:00:00+00:00,2638.069580078125,0.007138906750736732,0.005140139355176095
2024-09-27 04:00:00+00:00,2645.755859375,0.002909363606574014,0.00513245611071117
2024-09-27 05:00:00+00:00,2654.344482421875,0.003240931307202095,0.005048166935433897
2024-09-27 06:00:00+00:00,2655.896484375,0.0005845316651427099,0.0050437861156172
2024-09-27 07:00:00+00:00,2660.189697265625,0.0016151784140733608,0.004909614222310571
2024-09-27 08:00:00+00:00,2666.703125,0.0024454897809227673,0.00479899363057725
2024-09-27 09:00:00+00:00,2664.47119140625,-0.0008373141044295715,0.0048059141809402425
2024-09-27 10:00:00+00:00,2643.784423828125,-0.007794226127823366,0.005060872812733558
2024-09-27 11:00:00+00:00,2652.749755859375,0.003385361177512513,0.005099981687294832
2024-09-27 12:00:00+00:00,2658.965087890625,0.0023402366470001604,0.005112310980887309
2024-09-27 13:00:00+00:00,2660.995849609375,0.0007634498979388992,0.004989601815838544
2024-09-27 14:00:00+00:00,2684.03515625,0.008620885193985807,0.005246881122388149
2024-09-27 15:00:00+00:00,2685.0166015625,0.00036559354154241854,0.004609086503548138
2024-09-27 16:00:00+00:00,2719.029052734375,0.012587939654936766,0.005228067453273804
2024-09-27 17:00:00+00:00,2700.2236328125,-0.006940254126018743,0.005094415740616639
2024-09-27 18:00:00+00:00,2699.97900390625,-9.059989888306377e-05,0.00477123247537893
2024-09-27 19:00:00+00:00,2697.67138671875,-0.000855045125597585,0.004730461923832755
2024-09-27 20:00:00+00:00,2696.717041015625,-0.00035382906732302303,0.00451596621531735
2024-09-27 21:00:00+00:00,2695.59521484375,-0.00041608354072619974,0.0045184680500263375
2024-09-27 22:00:00+00:00,2706.537841796875,0.004051230062154603,0.004545514227370575
2024-09-27 23:00:00+00:00,2695.797119140625,-0.003976331303369604,0.004630197158643316
2024-09-28 00:00:00+00:00,2696.8671875,0.0003968607399135809,0.004609105623136969
2024-09-28 01:00:00+00:00,2697.80908203125,0.0003491940920127852,0.004431659966108116
2024-09-28 02:00:00+00:00,2701.71923828125,0.0014483327807756192,0.004346711832818811
2024-09-28 03:00:00+00:00,2691.279052734375,-0.003871760392083221,0.004283236111110949
2024-09-28 04:00:00+00:00,2694.192138671875,0.0010818315122590617,0.004260886589149283
2024-09-28 05:00:00+00:00,2685.735595703125,-0.003143741087620901,0.0042981384941872865
2024-09-28 06:00:00+00:00,2680.69287109375,-0.0018793602206066905,0.004325119886426678
2024-09-28 07:00:00+00:00,2679.2998046875,-0.000519801619845869,0.004320718879556435
2024-09-28 08:00:00+00:00,2667.078125,-0.004571955494783909,0.004405700403027876
2024-09-28 09:00:00+00:00,2669.884765625,0.0010517745546489196,0.0044068563864868016
2024-09-28 10:00:00+00:00,2674.345703125,0.00166944092780052,0.0040826966576815674
2024-09-28 11:00:00+00:00,2675.3837890625,0.0003880891368600987,0.004035493773806955
2024-09-28 12:00:00+00:00,2659.29638671875,-0.00603127107163567,0.004214191133649549
2024-09-28 13:00:00+00:00,2660.363037109375,0.0004010220654885565,0.004212004643574601
2024-09-28 14:00:00+00:00,2673.0927734375,0.004773550565628828,0.003933229296665501
2024-09-28 15:00:00+00:00,2669.993896484375,-0.0011599577143420613,0.003936519424614126
2024-09-28 16:00:00+00:00,2665.88818359375,-0.0015389072094484123,0.002839196080292121
2024-09-28 17:00:00+00:00,2675.986328125,0.0037807539423667935,0.002673342518865846
2024-09-28 18:00:00+00:00,2676.8515625,0.00032328062243424744,0.002676594457237588
2024-09-28 19:00:00+00:00,2678.10986328125,0.0004699570003813558,0.002679569389992636
2024-09-28 20:00:00+00:00,2676.511474609375,-0.0005970127926842013,0.0026802287327184807
2024-09-28 21:00:00+00:00,2670.67822265625,-0.002181801880000782,0.0027072686585626056
2024-09-28 22:00:00+00:00,2677.261962890625,0.002462160507397609,0.0026117525807738255
2024-09-28 23:00:00+00:00,2678.193359375,0.0003478309266787866,0.0025051118969795978
2024-09-29 00:00:00+00:00,2669.0908203125,-0.0034045498794844915,0.0025799764786057305
2024-09-29 01:00:00+00:00,2675.736328125,0.0024867076342912353,0.0026441891619652332
2024-09-29 02:00:00+00:00,2676.26318359375,0.00019688173337777215,0.002619566938301531
2024-09-29 03:00:00+00:00,2675.5205078125,-0.0002775432748562258,0.0025126872524636693
2024-09-29 04:00:00+00:00,2671.000732421875,-0.001690735438697118,0.002512783085921667
2024-09-29 05:00:00+00:00,2666.16943359375,-0.0018104351172863978,0.00246280916171262
2024-09-29 06:00:00+00:00,2651.05419921875,-0.00568540130486059,0.0026814497044098124
2024-09-29 07:00:00+00:00,2639.89794921875,-0.004217111106127316,0.0027888963010275635
2024-09-29 08:00:00+00:00,2645.952880859375,0.0022909970347745365,0.002716688238353409
2024-09-29 09:00:00+00:00,2647.848876953125,0.0007163079622395454,0.00271011753786448
2024-09-29 10:00:00+00:00,2646.261474609375,-0.000599686174223292,0.002676141296140821
2024-09-29 11:00:00+00:00,2652.802490234375,0.002468745042718462,0.0027371358017723316
2024-09-29 12:00:00+00:00,2646.70263671875,-0.002302047479267289,0.0024960129667393823
2024-09-29 13:00:00+00:00,2656.5634765625,0.0037187842349232303,0.0026194439867305457
2024-09-29 14:00:00+00:00,2653.045654296875,-0.0013250778705741946,0.002418292248900379
2024-09-29 15:00:00+00:00,2666.318359375,0.004990345683728196,0.0026403831594448597
2024-09-29 16:00:00+00:00,2664.5908203125,-0.0006481217611266477,0.002624867344255821
2024-09-29 17:00:00+00:00,2664.0380859375,-0.000207458386278031,0.002496891750435308
2024-09-29 18:00:00+00:00,2664.5302734375,0.00018473536162244244,0.002495821942376016
2024-09-29 19:00:00+00:00,2667.546630859375,0.0011314006897409142,0.0025070786955412594
2024-09-29 20:00:00+00:00,2661.35595703125,-0.002323433956980941,0.002544511180836725
2024-09-29 21:00:00+00:00,2664.43212890625,0.0011551988804115697,0.0025246927979897527
2024-09-29 22:00:00+00:00,2657.0712890625,-0.0027664529965088203,0.002519794571162473
2024-09-29 23:00:00+00:00,2659.62060546875,0.000958986020704553,0.0025298568068170724
2024-09-30 00:00:00+00:00,2647.560791015625,-0.004544723200367264,0.0026006037437211783
2024-09-30 01:00:00+00:00,2615.92529296875,-0.012020884444142295,0.0034597624258423773
2024-09-30 02:00:00+00:00,2615.1640625,-0.00029104089890094625,0.003454208631870027
2024-09-30 03:00:00+00:00,2628.2724609375,0.0049999368495714964,0.0036614588529964346
2024-09-30 04:00:00+00:00,2628.4541015625,6.910788412247041e-05,0.0036592619829737333
2024-09-30 05:00:00+00:00,2636.514892578125,0.0030620493009009733,0.003727709062780142
2024-09-30 06:00:00+00:00,2631.889892578125,-0.001755750128061133,0.003571517156884056
2024-09-30 07:00:00+00:00,2638.772216796875,0.0026115611236418113,0.0035176807382536917
2024-09-30 08:00:00+00:00,2641.20947265625,0.0009232062442002893,0.003489617289808536
2024-09-30 09:00:00+00:00,2612.651123046875,-0.010871484068738939,0.004120095945413278
2024-09-30 10:00:00+00:00,2604.9345703125,-0.00295790383292828,0.00414916132394411
2024-09-30 11:00:00+00:00,2629.2470703125,0.009289962222681268,0.004583404594223353
2024-09-30 12:00:00+00:00,2633.153076171875,0.001484496225282022,0.004579234896681071
2024-09-30 13:00:00+00:00,2624.8427734375,-0.0031610179588586564,0.004537495780266977
2024-09-30 14:00:00+00:00,2613.016357421875,-0.004515751881519465,0.004608885567982861
2024-09-30 15:00:00+00:00,2598.3076171875,-0.005644929911914462,0.004555630851320446
2024-09-30 16:00:00+00:00,2603.942626953125,0.0021663748205170297,0.004603117941719752
2024-09-30 17:00:00+00:00,2604.234130859375,0.0001119408653391826,0.004605847120206506
2024-09-30 18:00:00+00:00,2588.90869140625,-0.005902200061626628,0.004707345783745101
2024-09-30 19:00:00+00:00,2598.250732421875,0.0036019911295868804,0.004786879636405445
2024-09-30 20:00:00+00:00,2613.572021484375,0.005879452898306986,0.004984258482459816
2024-09-30 21:00:00+00:00,2610.670654296875,-0.001110732278667439,0.004967937644262268
2024-09-30 22:00:00+00:00,2602.74951171875,-0.003038753225796902,0.004972814917322721
2024-09-30 23:00:00+00:00,2602.45166015625,-0.00011444382377936632,0.004960549238872285
2024-10-01 00:00:00+00:00,2617.75927734375,0.0058647672467024865,0.005082098426622149
2024-10-01 01:00:00+00:00,2619.36083984375,0.0006116195596392224,0.0044486324927395125
2024-10-01 02:00:00+00:00,2617.157470703125,-0.0008415397941875186,0.0044519105842640875
2024-10-01 03:00:00+00:00,2629.187255859375,0.004585976281243889,0.004432585051367395
2024-10-01 04:00:00+00:00,2643.108642578125,0.005280970317661596,0.004561180961866226
2024-10-01 05:00:00+00:00,2638.19677734375,-0.001860095661986557,0.004538987714626278
2024-10-01 06:00:00+00:00,2655.953857421875,0.006708213608698642,0.00471970035650123
2024-10-01 07:00:00+00:00,2644.3876953125,-0.004364315149475985,0.004790518425718405
2024-10-01 08:00:00+00:00,2639.877685546875,-0.0017069585025126423,0.004800668558064057
2024-10-01 09:00:00+00:00,2636.879150390625,-0.001136506976627318,0.004220192305736593
2024-10-01 10:00:00+00:00,2637.740234375,0.0003265009014721945,0.004159912437861347
2024-10-01 11:00:00+00:00,2629.317138671875,-0.0031984093914722853,0.00377902973525055
2024-10-01 12:00:00+00:00,2623.1923828125,-0.002332126618818495,0.0037941667544939633
2024-10-01 13:00:00+00:00,2583.966064453125,-0.015066589884669407,0.004838456157754471
2024-10-01 14:00:00+00:00,2548.397705078125,-0.01386064215715381,0.0054943019228151325
2024-10-01 15:00:00+00:00,2528.586181640625,-0.00780448567079755,0.005589793589648509
2024-10-01 16:00:00+00:00,2510.03271484375,-0.007364538193544941,0.005682957520522583
2024-10-01 17:00:00+00:00,2507.7578125,-0.0009067347420008132,0.0056739544860794
2024-10-01 18:00:00+00:00,2500.30908203125,-0.00297469507429445,0.0056079197068270425
2024-10-01 19:00:00+00:00,2488.45654296875,-0.0047517010237169924,0.005539491159506693
2024-10-01 20:00:00+00:00,2447.214599609375,-0.016712176341930493,0.006071873344853938
2024-10-01 21:00:00+00:00,2469.841796875,0.009203619061327264,0.006539262666686273
2024-10-01 22:00:00+00:00,2453.20361328125,-0.006759331086916212,0.00660108566564278
2024-10-01 23:00:00+00:00,2449.94384765625,-0.0013296626835079851,0.006586912585995609
2024-10-02 00:00:00+00:00,2463.1533203125,0.005377261647344196,0.006560642933329378
2024-10-02 01:00:00+00:00,2480.278564453125,0.00692851162789194,0.00681424391213915
2024-10-02 02:00:00+00:00,2496.12548828125,0.00636884675186335,0.007035471747916976
2024-10-02 03:00:00+00:00,2489.976318359375,-0.0024665252647607795,0.006895504379722861
2024-10-02 04:00:00+00:00,2485.91748046875,-0.0016314008919510283,0.006708361165258372
2024-10-02 05:00:00+00:00,2477.586181640625,-0.003357026495595268,0.006708580691243721
2024-10-02 06:00:00+00:00,2486.635986328125,0.003646015188898689,0.006550773499215778
2024-10-02 07:00:00+00:00,2482.42578125,-0.0016945678208645314,0.0065447399139140616
2024-10-02 08:00:00+00:00,2480.769775390625,-0.000667314395304117,0.0065545722000752244
2024-10-02 09:00:00+00:00,2451.146240234375,-0.012013137013168066,0.0068203210019861646
2024-10-02 10:00:00+00:00,2451.770263671875,0.0002545519346994711,0.006818791025171574
2024-10-02 11:00:00+00:00,2456.4453125,0.0019049897745438053,0.006893012663277255
2024-10-02 12:00:00+00:00,2437.099365234375,-0.00790676261358108,0.006968883779864226
2024-10-02 13:00:00+00:00,2451.5830078125,0.005925394145070923,0.006709733357460923
2024-10-02 14:00:00+00:00,2435.7158203125,-0.006493256830755184,0.006309219887287095
2024-10-02 15:00:00+00:00,2458.812255859375,0.009437725812072329,0.006581587079313236
2024-10-02 16:00:00+00:00,2454.814697265625,-0.0016271318575327525,0.006449522491733472
2024-10-02 17:00:00+00:00,2447.4990234375,-0.00298458225051317,0.006463172506217014
2024-10-02 18:00:00+00:00,2394.5927734375,-0.021853511980199115,0.007735805425024711
2024-10-02 19:00:00+00:00,2379.572998046875,-0.006292125436490372,0.007767685007202288
2024-10-02 20:00:00+00:00,2388.276123046875,0.003650759260730832,0.007163998390014129
2024-10-02 21:00:00+00:00,2381.176025390625,-0.0029773243048272758,0.006832325239932246
2024-10-02 22:00:00+00:00,2380.485595703125,-0.0002899952778164442,0.006743811202741562
2024-10-02 23:00:00+00:00,2366.52880859375,-0.00588025488715589,0.006809688154100305
2024-10-03 00:00:00+00:00,2371.4326171875,0.002070008556046098,0.0066982141831432316
2024-10-03 01:00:00+00:00,2383.4814453125,0.005067958644606076,0.006605569698240062
2024-10-03 02:00:00+00:00,2392.66943359375,0.003847449483170026,0.0064914089833292485
2024-10-03 03:00:00+00:00,2398.817626953125,0.0025663000467136634,0.006548757141168851
2024-10-03 04:00:00+00:00,2396.130126953125,-0.0011209716640735259,0.006549323834215473
2024-10-03 05:00:00+00:00,2383.579345703125,-0.005251704174942579,0.006583598573773677
2024-10-03 06:00:00+00:00,2389.768310546875,0.002593135366417434,0.006550464754303009
2024-10-03 07:00:00+00:00,2366.535400390625,-0.009769390833280628,0.006756680618566419
2024-10-03 08:00:00+00:00,2336.77880859375,-0.012653625724950709,0.007089308611175242
2024-10-03 09:00:00+00:00,2351.705810546875,0.006367538171047549,0.007008330426496821
2024-10-03 10:00:00+00:00,2363.55322265625,0.005025147911049509,0.007133471270096558
2024-10-03 11:00:00+00:00,2352.631103515625,-0.004631769206426422,0.0071215233821867825
2024-10-03 12:00:00+00:00,2355.281494140625,0.0011259303778560104,0.007022711097423288
2024-10-03 13:00:00+00:00,2348.53759765625,-0.002867415167759085,0.006849924129106668
2024-10-03 14:00:00+00:00,2318.600830078125,-0.012828922315643303,0.007154409471667923
2024-10-03 15:00:00+00:00,2339.542724609375,0.008991580177217734,0.007123768308661573
2024-10-03 16:00:00+00:00,2323.31640625,-0.006959843050535937,0.007192133913227435
2024-10-03 17:00:00+00:00,2343.021728515625,0.008445782894490396,0.007515601074022089
2024-10-03 18:00:00+00:00,2344.970947265625,0.0008315793121424766,0.006197059399617194
2024-10-03 19:00:00+00:00,2351.97412109375,0.002982014443767673,0.006133241138738852
2024-10-03 20:00:00+00:00,2341.47265625,-0.004474955343673486,0.006119211922228568
2024-10-03 21:00:00+00:00,2350.525634765625,0.0038589058171932355,0.006173519448614154
2024-10-03 22:00:00+00:00,2352.256591796875,0.0007361417246329962,0.006178875842339803
2024-10-03 23:00:00+00:00,2349.51513671875,-0.00116613717002398,0.006074352899485739
2024-10-04 00:00:00+00:00,2340.1083984375,-0.004011729652374874,0.006097967111530473
2024-10-04 01:00:00+00:00,2378.24169921875,0.016164180393463574,0.006909418499800448
2024-10-04 02:00:00+00:00,2371.652587890625,-0.0027744261899108834,0.006877419111979346
2024-10-04 03:00:00+00:00,2366.071533203125,-0.002356007705998872,0.006859493259747673
2024-10-04 04:00:00+00:00,2373.283447265625,0.003043418211487761,0.006897586455151796
2024-10-04 05:00:00+00:00,2383.6201171875,0.004345972564414089,0.00688222542546345
2024-10-04 06:00:00+00:00,2375.75927734375,-0.0033033075702267995,0.006890897723492135
2024-10-04 07:00:00+00:00,2382.09619140625,0.0026637706215236604,0.00660516301188817
2024-10-04 08:00:00+00:00,2382.1904296875,3.9560290451375523e-05,0.0060061193757573236
2024-10-04 09:00:00+00:00,2377.218505859375,-0.002089303820735758,0.005912748237642859
2024-10-04 10:00:00+00:00,2374.8349609375,-0.0010031642692645284,0.0058374882503239335
2024-10-04 11:00:00+00:00,2385.22412109375,0.004365146093312586,0.0058025951794627145
2024-10-04 12:00:00+00:00,2391.44677734375,0.002605437930481503,0.005816563979034457
2024-10-04 13:00:00+00:00,2377.330810546875,-0.005920178815358402,0.005928781282408214
2024-10-04 14:00:00+00:00,2364.59033203125,-0.005373564337961803,0.005368457361117032
2024-10-04 15:00:00+00:00,2415.99951171875,0.021508292158433296,0.0066516143106077905
2024-10-04 16:00:00+00:00,2432.6357421875,0.006862259123108615,0.006498366594426196
2024-10-04 17:00:00+00:00,2416.498779296875,-0.006655629942988789,0.0065693253762733475
2024-10-04 18:00:00+00:00,2429.993408203125,0.005568837525665216,0.006625984168314821
2024-10-04 19:00:00+00:00,2429.00244140625,-0.00040788954808181326,0.006628792856195289
2024-10-04 20:00:00+00:00,2430.7412109375,0.0007155807918415468,0.006514418176248884
2024-10-04 21:00:00+00:00,2424.453857421875,-0.0025899503281121552,0.006548339662131356
2024-10-04 22:00:00+00:00,2420.750732421875,-0.0015285735214579405,0.006572943801169458
2024-10-04 23:00:00+00:00,2414.802734375,-0.0024601117897111602,0.006598419175467149
2024-10-05 00:00:00+00:00,2422.543212890625,0.003200302482586089,0.006517228679060233
2024-10-05 01:00:00+00:00,2417.653076171875,-0.0020206363918163967,0.005742276397835168
2024-10-05 02:00:00+00:00,2402.1259765625,-0.006443097558960124,0.005885413261104736
2024-10-05 03:00:00+00:00,2399.677490234375,-0.0010198195562414285,0.005863183991582664
2024-10-05 04:00:00+00:00,2405.04736328125,0.0022352477806305837,0.005850774233126103
2024-10-05 05:00:00+00:00,2417.3720703125,0.0051114317344849195,0.005874382952471607
2024-10-05 06:00:00+00:00,2424.501220703125,0.0029447922793576957,0.005832834159326329
2024-10-05 07:00:00+00:00,2416.64111328125,-0.003247214721771435,0.005877375848230861
2024-10-05 08:00:00+00:00,2419.06982421875,0.0010044897939948808,0.0058766763839548505
2024-10-05 09:00:00+00:00,2425.4482421875,0.0026332533255081945,0.005860353577412055
2024-10-05 10:00:00+00:00,2418.369140625,-0.0029229452900962492,0.005899532371933433
2024-10-05 11:00:00+00:00,2417.4052734375,-0.00039864026637031254,0.005852807944220778
2024-10-05 12:00:00+00:00,2422.00341796875,0.00190029245643833,0.005843848108942742
2024-10-05 13:00:00+00:00,2410.9521484375,-0.004573304530092422,0.005785397116267138
2024-10-05 14:00:00+00:00,2414.52197265625,0.0014795747652578627,0.005645951959322283
2024-10-05 15:00:00+00:00,2415.376708984375,0.00035393551433987575,0.0035439848162891266
2024-10-05 16:00:00+00:00,2406.189208984375,-0.003811007160774621,0.0033056822466640415
2024-10-05 17:00:00+00:00,2409.94677734375,0.0015604082328552911,0.003051317015258645
2024-10-05 18:00:00+00:00,2402.832275390625,-0.0029565068570367985,0.0028507360790812814
2024-10-05 19:00:00+00:00,2395.016357421875,-0.003258095651141812,0.0029069224281370798
2024-10-05 20:00:00+00:00,2392.568359375,-0.0010226443624609825,0.002894682942557814
2024-10-05 21:00:00+00:00,2403.03515625,0.004365170498788422,0.003037640201808181
2024-10-05 22:00:00+00:00,2418.195556640625,0.006289037493571013,0.003314506039148274
2024-10-05 23:00:00+00:00,2415.83056640625,-0.0009784764760742612,0.0032811785329481505
2024-10-06 00:00:00+00:00,2409.43115234375,-0.002652464544914613,0.003251721597409311
2024-10-06 01:00:00+00:00,2419.45361328125,0.004151051770981717,0.003346298363315655
2024-10-06 02:00:00+00:00,2417.217041015625,-0.0009248396613712508,0.003059397986470484
2024-10-06 03:00:00+00:00,2414.04736328125,-0.001312152647384491,0.003065295131750533
2024-10-06 04:00:00+00:00,2414.484619140625,0.00018111337448413004,0.0030359544383558256
2024-10-06 05:00:00+00:00,2417.618896484375,0.0012972726156117076,0.0028604213570465435
2024-10-06 06:00:00+00:00,2415.65625,-0.000812139401448282,0.0027945433337363238
2024-10-06 07:00:00+00:00,2418.02294921875,0.0009792538190200382,0.002723292127250457
2024-10-06 08:00:00+00:00,2421.0732421875,0.0012606872242636369,0.002727801739300808
2024-10-06 09:00:00+00:00,2422.16943359375,0.0004526683870085138,0.002673248686791599
2024-10-06 10:00:00+00:00,2420.045654296875,-0.0008771933482954746,0.002609731306143194
2024-10-06 11:00:00+00:00,2428.194091796875,0.003361403560547724,0.0026944382232148684
2024-10-06 12:00:00+00:00,2429.283203125,0.0004484267368636991,0.0026704571565973703
2024-10-06 13:00:00+00:00,2431.5185546875,0.0009197460959962687,0.0024787850747536757
2024-10-06 14:00:00+00:00,2455.147705078125,0.009670942641930929,0.0031212077790862837
2024-10-06 15:00:00+00:00,2447.392333984375,-0.0031638201834441777,0.003218997782680758
2024-10-06 16:00:00+00:00,2438.554443359375,-0.003617681758177656,0.003207836350940732
2024-10-06 17:00:00+00:00,2442.009521484375,0.0014158522363684465,0.003206005026868599
2024-10-06 18:00:00+00:00,2447.627197265625,0.002297789621633589,0.003134703065341483
2024-10-06 19:00:00+00:00,2441.309814453125,-0.0025843598776022314,0.003099888699477656
2024-10-06 20:00:00+00:00,2438.517333984375,-0.001144499872075197,0.0031030979982215852
2024-10-06 21:00:00+00:00,2417.227783203125,-0.008768865204160488,0.0035688456092304865
2024-10-06 22:00:00+00:00,2431.92431640625,0.006061504320482684,0.003552356833722267
2024-10-06 23:00:00+00:00,2438.927490234375,0.0028755457697189823,0.0035820612549312333
2024-10-07 00:00:00+00:00,2487.523681640625,0.01972932077217151,0.005269713522592328
2024-10-07 01:00:00+00:00,2496.1982421875,0.003481161043760207,0.005255872220088278
2024-10-07 02:00:00+00:00,2504.4091796875,0.0032839789995632303,0.005248581953436533
2024-10-07 03:00:00+00:00,2494.481689453125,-0.003971882381698991,0.0053373524141821
2024-10-07 04:00:00+00:00,2487.1435546875,-0.002946082739486715,0.005405268002929208
2024-10-07 05:00:00+00:00,2484.612548828125,-0.00101815375707179,0.0054247436047267245
2024-10-07 06:00:00+00:00,2490.572021484375,0.0023956801691616797,0.0054140902305428685
2024-10-07 07:00:00+00:00,2481.5595703125,-0.003625190072153462,0.0055057405971615245
2024-10-07 08:00:00+00:00,2482.87744140625,0.0005309247036858817,0.0055067184564019
2024-10-07 09:00:00+00:00,2456.2734375,-0.010772807653948635,0.0060131343999788095
2024-10-07 10:00:00+00:00,2448.893798828125,-0.00300892666204556,0.006051258104043291
2024-10-07 11:00:00+00:00,2471.395263671875,0.009146463318018577,0.006281301511464954
2024-10-07 12:00:00+00:00,2463.919677734375,-0.003029428412767194,0.006328138020489805
2024-10-07 13:00:00+00:00,2475.626708984375,0.004740132900370383,0.0063845950034227515
2024-10-07 14:00:00+00:00,2502.1064453125,0.010639375511254658,0.006446197018148957
2024-10-07 15:00:00+00:00,2474.713623046875,-0.011008273763339148,0.006842078722964769
2024-10-07 16:00:00+00:00,2477.807861328125,0.0012495609332033918,0.006787798533151819
2024-10-07 17:00:00+00:00,2474.8974609375,-0.0011752771611694417,0.006795944451560216
2024-10-07 18:00:00+00:00,2427.571044921875,-0.01930777777994573,0.00789716040125166
2024-10-07 19:00:00+00:00,2447.122314453125,0.008021581226363643,0.008061314597815063
2024-10-07 20:00:00+00:00,2440.75537109375,-0.002605198971844523,0.008076611401212814
2024-10-07 21:00:00+00:00,2453.140380859375,0.005061422160697591,0.007912636654705433
2024-10-07 22:00:00+00:00,2420.48388671875,-0.01340151850325255,0.008317139111423379
2024-10-07 23:00:00+00:00,2421.696533203125,0.0005008679580534039,0.008293094267419312
2024-10-08 00:00:00+00:00,2435.883056640625,0.005841001061909045,0.007254572928947508
2024-10-08 01:00:00+00:00,2434.836669921875,-0.000429664112735268,0.007196179586307798
2024-10-08 02:00:00+00:00,2444.296142578125,0.003877526958935421,0.007212676371970505
2024-10-08 03:00:00+00:00,2437.2373046875,-0.0028920595902476023,0.007196762359368734
2024-10-08 04:00:00+00:00,2438.244873046875,0.00041332050328074814,0.007189268595695953
2024-10-08 05:00:00+00:00,2427.89794921875,-0.004252624634975593,0.007223237243525999
2024-10-08 06:00:00+00:00,2435.181640625,0.0029955079772424056,0.007236386320978193
2024-10-08 07:00:00+00:00,2427.225830078125,-0.0032723780120639183,0.0072310445718375745
2024-10-08 08:00:00+00:00,2425.774658203125,-0.0005980514206651859,0.007224848453809419
2024-10-08 09:00:00+00:00,2434.47900390625,0.0035818521478150653,0.00696758760409494
2024-10-08 10:00:00+00:00,2429.1103515625,-0.002207692357184117,0.006956310791906721
2024-10-08 11:00:00+00:00,2439.111328125,0.004108683330231591,0.006730000119487693
2024-10-08 12:00:00+00:00,2430.4814453125,-0.003544399808614303,0.006739070816987399
2024-10-08 13:00:00+00:00,2447.6376953125,0.007033990044947871,0.006833255019634632
2024-10-08 14:00:00+00:00,2432.530029296875,-0.006191473379605607,0.006498611431180973
2024-10-08 15:00:00+00:00,2417.9990234375,-0.0059915317159925765,0.006244275160478729
2024-10-08 16:00:00+00:00,2444.19677734375,0.010776204209152169,0.006678914704590848
2024-10-08 17:00:00+00:00,2439.84716796875,-0.0017811512646615105,0.006682449745240482
2024-10-08 18:00:00+00:00,2435.436767578125,-0.0018092901468156764,0.005379479390133321
2024-10-08 19:00:00+00:00,2441.43359375,0.002459294075926912,0.0051393835936119165
2024-10-08 20:00:00+00:00,2440.192626953125,-0.0005084235324465947,0.005112644068343366
2024-10-08 21:00:00+00:00,2455.470947265625,0.006241593067520323,0.005168904137216192
2024-10-08 22:00:00+00:00,2439.83740234375,-0.006387176028227481,0.004535341073387209
2024-10-08 23:00:00+00:00,2439.44287109375,-0.00016171698642017138,0.004536283920814109
2024-10-09 00:00:00+00:00,2435.376953125,-0.0016681309497385227,0.004394541338199129
2024-10-09 01:00:00+00:00,2463.20068359375,0.01136004438594116,0.004967084914076227
2024-10-09 02:00:00+00:00,2448.225341796875,-0.0060981833495251875,0.005086592681503683
2024-10-09 03:00:00+00:00,2445.845703125,-0.0009724578321658789,0.0050530230598667255
2024-10-09 04:00:00+00:00,2443.2822265625,-0.0010486437803541456,0.005058480961249703
2024-10-09 05:00:00+00:00,2449.544921875,0.002559950941506449,0.00499518176661645
2024-10-09 06:00:00+00:00,2443.289306640625,-0.002557053172353891,0.004996870365816096
2024-10-09 07:00:00+00:00,2434.968017578125,-0.0034115859743958318,0.005001080848098061
2024-10-09 08:00:00+00:00,2428.84912109375,-0.0025160895395519296,0.005028516075360278
2024-10-09 09:00:00+00:00,2435.57470703125,0.0027652155571505467,0.005006311503284956
2024-10-09 10:00:00+00:00,2432.487548828125,-0.001268331609054249,0.00499179906031359
2024-10-09 11:00:00+00:00,2438.840087890625,0.0026081360718357956,0.0049480621495175065
2024-10-09 12:00:00+00:00,2431.57861328125,-0.0029818709377532767,0.004931871284442509
2024-10-09 13:00:00+00:00,2428.93798828125,-0.0010865615638256374,0.004702906239612382
2024-10-09 14:00:00+00:00,2432.220458984375,0.0013504892867081443,0.004542734482476452
2024-10-09 15:00:00+00:00,2458.4716796875,0.010735279208393905,0.004856664865030019
2024-10-09 16:00:00+00:00,2431.93310546875,-0.010853430706759067,0.004910514985138682
2024-10-09 17:00:00+00:00,2432.467529296875,0.00021972854228156555,0.004899646420415416
2024-10-09 18:00:00+00:00,2411.470703125,-0.008669374657956192,0.005193399844046534
2024-10-09 19:00:00+00:00,2418.140869140625,0.0027621973969479186,0.005201043599019982
2024-10-09 20:00:00+00:00,2358.2705078125,-0.02507049432235078,0.007240230984149946
2024-10-09 21:00:00+00:00,2377.99267578125,0.008328203563256833,0.007347994945626449
2024-10-09 22:00:00+00:00,2371.314208984375,-0.0028123982555383216,0.007277039405544643
2024-10-09 23:00:00+00:00,2368.099609375,-0.0013565391103350104,0.007273806803040784
2024-10-10 00:00:00+00:00,2373.40771484375,0.002238995881813044,0.007307377819297998
2024-10-10 01:00:00+00:00,2389.639404296875,0.006815700908405569,0.007024586164039099
2024-10-10 02:00:00+00:00,2393.22216796875,0.0014981676922360282,0.006968175627345161
2024-10-10 03:00:00+00:00,2392.616943359375,-0.00025292309186443577,0.0069696081074361125
2024-10-10 04:00:00+00:00,2393.263671875,0.0002702652120083933,0.006973721853955935
2024-10-10 05:00:00+00:00,2402.254638671875,0.0037497416335313897,0.007003270614967126
2024-10-10 06:00:00+00:00,2406.567626953125,0.001793782011265264,0.007012448252560703
2024-10-10 07:00:00+00:00,2394.3349609375,-0.005095996956557937,0.0070498173428486305
2024-10-10 08:00:00+00:00,2381.2880859375,-0.0054639603382891635,0.007108251225564447
2024-10-10 09:00:00+00:00,2383.608642578125,0.0009740218755216329,0.007078267877758925
2024-10-10 10:00:00+00:00,2394.290771484375,0.004471482456557953,0.007161709406161248
2024-10-10 11:00:00+00:00,2403.654296875,0.0039031448441490084,0.007192212616697669
2024-10-10 12:00:00+00:00,2385.01904296875,-0.007783094253987451,0.007326700143081208
2024-10-10 13:00:00+00:00,2384.624755859375,-0.00016533188929953707,0.007327577107224033
2024-10-10 14:00:00+00:00,2378.33544921875,-0.0026409249816147927,0.007322717675540456
2024-10-10 15:00:00+00:00,2399.61083984375,0.008905722230267827,0.007204530333521274
2024-10-10 16:00:00+00:00,2395.886962890625,-0.0015530724253534135,0.006895535760674213
2024-10-10 17:00:00+00:00,2366.546630859375,-0.01232172697800284,0.00729272944213227
2024-10-10 18:00:00+00:00,2353.74609375,-0.005423633335615776,0.007176288821117777
2024-10-10 19:00:00+00:00,2367.119140625,0.005665521882908437,0.00726653719968539
2024-10-10 20:00:00+00:00,2364.015625,-0.0013119542029125953,0.005134506305622835
2024-10-10 21:00:00+00:00,2381.665283203125,0.00743823275105254,0.005075381120495831
2024-10-10 22:00:00+00:00,2376.32568359375,-0.002244477506677068,0.005062693782063602
2024-10-10 23:00:00+00:00,2383.518798828125,0.003022418373837551,0.0050872194177043395
2024-10-11 00:00:00+00:00,2383.859130859375,0.0001427753523414654,0.005069917026427306
2024-10-11 01:00:00+00:00,2407.325439453125,0.009795697031859327,0.005271886425278222
2024-10-11 02:00:00+00:00,2399.27294921875,-0.0033506014510435948,0.005316978649449231
2024-10-11 03:00:00+00:00,2409.50341796875,0.004254922002394579,0.0053829891297393516
2024-10-11 04:00:00+00:00,2405.92138671875,-0.0014877324663872587,0.0053952596467348865
2024-10-11 05:00:00+00:00,2406.44140625,0.00021611817547669798,0.0053427000018948425
2024-10-11 06:00:00+00:00,2410.853759765625,0.0018318805875389575,0.0053432392866710554
2024-10-11 07:00:00+00:00,2405.444580078125,-0.0022461988772768233,0.005254273580363603
2024-10-11 08:00:00+00:00,2401.975341796875,-0.0014432851466487926,0.0051286644197978465
2024-10-11 09:00:00+00:00,2414.169189453125,0.005063749076833229,0.0052171186314199265
2024-10-11 10:00:00+00:00,2413.007080078125,-0.00048148620748983086,0.005152016394737893
2024-10-11 11:00:00+00:00,2416.136474609375,0.0012960455343094977,0.005100507143233001
2024-10-11 12:00:00+00:00,2423.258056640625,0.0029431727981736565,0.004832008508599863
2024-10-11 13:00:00+00:00,2433.189208984375,0.004089889437244203,0.004878150994933142
2024-10-11 14:00:00+00:00,2432.595703125,-0.00024395071834817486,0.004828064330411599
2024-10-11 15:00:00+00:00,2445.6767578125,0.005362999358924459,0.004623763644050322
2024-10-11 16:00:00+00:00,2438.4345703125,-0.0029656133209463287,0.004663733305582147
2024-10-11 17:00:00+00:00,2449.396484375,0.004485397436293074,0.0038000510997814162
2024-10-11 18:00:00+00:00,2445.384765625,-0.0016391824040200512,0.0035749820465032682
2024-10-11 19:00:00+00:00,2457.12109375,0.004787898630583431,0.0035357707373497365
2024-10-11 20:00:00+00:00,2456.954345703125,-6.786548110366068e-05,0.0035008609811481638
2024-10-11 21:00:00+00:00,2451.058349609375,-0.0024026013362179275,0.0033616848547755197
2024-10-11 22:00:00+00:00,2439.751953125,-0.004623535130578445,0.0034998056853830293
2024-10-11 23:00:00+00:00,2436.46630859375,-0.0013476201647057708,0.003508973786189104
2024-10-12 00:00:00+00:00,2447.707275390625,0.0046030250363656745,0.0035835910989376473
2024-10-12 01:00:00+00:00,2442.92822265625,-0.001954369430083262,0.0031163015249579535
2024-10-12 02:00:00+00:00,2435.589599609375,-0.0030085484360677386,0.0030981214021454967
2024-10-12 03:00:00+00:00,2438.063720703125,0.0010153045954147003,0.0030022248201347318
2024-10-12 04:00:00+00:00,2444.906982421875,0.0028029110207858,0.003007019350830936
2024-10-12 05:00:00+00:00,2446.568115234375,0.0006791950661891772,0.003005467270418062
2024-10-12 06:00:00+00:00,2445.632080078125,-0.00038266429430627885,0.0030028489425168595
2024-10-12 07:00:00+00:00,2445.713623046875,3.334173199230247e-05,0.002944499454521765
2024-10-12 08:00:00+00:00,2445.0048828125,-0.0002898307226176,0.0029174247267331494
2024-10-12 09:00:00+00:00,2444.369873046875,-0.0002597509092279144,0.002773189925791853
2024-10-12 10:00:00+00:00,2454.32421875,0.0040640869659340755,0.0028559485334933746
2024-10-12 11:00:00+00:00,2451.029541015625,-0.0013432989305775462,0.0028829845879217125
2024-10-12 12:00:00+00:00,2459.122802734375,0.003296544987372518,0.0028963568604103984
2024-10-12 13:00:00+00:00,2460.640380859375,0.0006169313914108628,0.0028002107761137514
2024-10-12 14:00:00+00:00,2470.90576171875,0.00416315507919645,0.002894447593093698
2024-10-12 15:00:00+00:00,2470.79541015625,-4.466136606823354e-05,0.0027167230584069
2024-10-12 16:00:00+00:00,2471.908203125,0.00045027704455566093,0.002619047634944982
2024-10-12 17:00:00+00:00,2475.10107421875,0.0012908290072199625,0.002489266272607851
2024-10-12 18:00:00+00:00,2469.192626953125,-0.002390007728186844,0.002520983170633865
2024-10-12 19:00:00+00:00,2471.826904296875,0.0010662890833281389,0.002348115825719609
2024-10-12 20:00:00+00:00,2471.30712890625,-0.00021030196189273037,0.002349130333364626
2024-10-12 21:00:00+00:00,2478.627197265625,0.0029576447739092723,0.002341494136515369
2024-10-12 22:00:00+00:00,2487.508056640625,0.0035765714737259566,0.002157591056152981
2024-10-12 23:00:00+00:00,2476.391845703125,-0.004478829041157997,0.0023770927773095374
2024-10-13 00:00:00+00:00,2477.486572265625,0.00044196748000469076,0.002225204168528774
2024-10-13 01:00:00+00:00,2466.08984375,-0.00461073026758213,0.0024110924482174307
2024-10-13 02:00:00+00:00,2468.62060546875,0.0010256982518706016,0.0023017724030661413
2024-10-13 03:00:00+00:00,2456.60498046875,-0.004879227815335099,0.0025520905884883417
2024-10-13 04:00:00+00:00,2462.42626953125,0.002366844805081953,0.0025351087435503397
2024-10-13 05:00:00+00:00,2463.87060546875,0.000586377969307878,0.00253457188589136
2024-10-13 06:00:00+00:00,2463.992431640625,4.944381407614306e-05,0.002531091231621904
2024-10-13 07:00:00+00:00,2464.396728515625,0.00016406856795133715,0.002530606906132053
2024-10-13 08:00:00+00:00,2461.455810546875,-0.0011940748509469072,0.0025467159796469857
2024-10-13 09:00:00+00:00,2466.13232421875,0.001898094949499629,0.0025648795639801
2024-10-13 10:00:00+00:00,2463.1708984375,-0.0012015597352315335,0.00245807487565128
2024-10-13 11:00:00+00:00,2458.174072265625,-0.0020306757273531864,0.002480135377412377
2024-10-13 12:00:00+00:00,2464.514404296875,0.0025759645638458064,0.0024441249435605533
2024-10-13 13:00:00+00:00,2463.516357421875,-0.0004050489686056094,0.002443470766592085
2024-10-13 14:00:00+00:00,2445.409423828125,-0.007377180474796708,0.002718597725370975
2024-10-13 15:00:00+00:00,2440.492919921875,-0.0020125271525199434,0.002736022028706298
2024-10-13 16:00:00+00:00,2454.184814453125,0.005594619702063782,0.0030033188999417613
2024-10-13 17:00:00+00:00,2445.67431640625,-0.00347377603220226,0.003050703215048966
2024-10-13 18:00:00+00:00,2444.56787109375,-0.0004525114662862521,0.0030239873268914975
2024-10-13 19:00:00+00:00,2457.299072265625,0.005194441197734985,0.0032229250417360198
2024-10-13 20:00:00+00:00,2458.991943359375,0.0006886781743705282,0.0032285723934139905
2024-10-13 21:00:00+00:00,2464.58984375,0.002273914822483237,0.003202332957614914
2024-10-13 22:00:00+00:00,2466.019287109375,0.0005798242616621236,0.003104102177358713
2024-10-13 23:00:00+00:00,2468.187744140625,0.0008789485958412306,0.0029855134888917695
2024-10-14 00:00:00+00:00,2451.906005859375,-0.006618490843004754,0.0032610029179235586
2024-10-14 01:00:00+00:00,2452.45751953125,0.00022490733867686335,0.003138713660176914
2024-10-14 02:00:00+00:00,2450.10546875,-0.0009595189158522416,0.0031303035080679224
2024-10-14 03:00:00+00:00,2519.1279296875,0.027781709883592007,0.00642492472656656
2024-10-14 04:00:00+00:00,2538.76513671875,0.007765014183906088,0.006566071100872801
2024-10-14 05:00:00+00:00,2528.955810546875,-0.0038713017251579343,0.006648838296105696
2024-10-14 06:00:00+00:00,2530.026611328125,0.00042332655381877217,0.006646740781505262
2024-10-14 07:00:00+00:00,2533.825439453125,0.0015003711797016448,0.006644139155322206
2024-10-14 08:00:00+00:00,2522.700439453125,-0.004400261450997309,0.0067252179185354885
2024-10-14 09:00:00+00:00,2531.76953125,0.003588547001698285,0.006743597430633704
2024-10-14 10:00:00+00:00,2540.162841796875,0.003309712193051781,0.006739687637809199
2024-10-14 11:00:00+00:00,2537.237548828125,-0.0011522799335748739,0.006723278588093774
2024-10-14 12:00:00+00:00,2555.143798828125,0.007032593428161239,0.006820347269089558
2024-10-14 13:00:00+00:00,2568.467041015625,0.005200735432158989,0.00684803333096502
2024-10-14 14:00:00+00:00,2622.34423828125,0.020759426314897123,0.007588097848993775
2024-10-14 15:00:00+00:00,2637.69921875,0.005838363964333279,0.007535676265613796
2024-10-14 16:00:00+00:00,2619.569091796875,-0.00689719365833977,0.007792831089596592
2024-10-14 17:00:00+00:00,2626.43359375,0.00261704245401961,0.007680817050965341
2024-10-14 18:00:00+00:00,2628.782958984375,0.0008941079277370671,0.007659609284672485
2024-10-14 19:00:00+00:00,2618.185791015625,-0.004039354104290796,0.007777021951036021
2024-10-14 20:00:00+00:00,2621.833984375,0.0013924351835303285,0.007770659125829402
2024-10-14 21:00:00+00:00,2616.430419921875,-0.0020631132576481555,0.0078305128363648
2024-10-14 22:00:00+00:00,2647.110595703125,0.011657750229515249,0.00803673996188244
2024-10-14 23:00:00+00:00,2629.26708984375,-0.006763569609670338,0.00827048784121849
2024-10-15 00:00:00+00:00,2622.368896484375,-0.002627066058897707,0.008115007723933452
2024-10-15 01:00:00+00:00,2629.054443359375,0.002546186073469498,0.008096788058665047
2024-10-15 02:00:00+00:00,2626.919677734375,-0.0008123197311114387,0.008093794752430826
2024-10-15 03:00:00+00:00,2608.73046875,-0.006948242015311434,0.00637448773263942
2024-10-15 04:00:00+00:00,2612.59912109375,0.0014818651016454672,0.006231546220680717
2024-10-15 05:00:00+00:00,2593.303955078125,-0.007412836577721555,0.006396470132152037
2024-10-15 06:00:00+00:00,2608.4482421875,0.005822780218535539,0.006468136770161027
2024-10-15 07:00:00+00:00,2614.533935546875,0.002330353007663179,0.006471629257291449
2024-10-15 08:00:00+00:00,2614.52392578125,-3.828515916468708e-06,0.006364405978908078
2024-10-15 09:00:00+00:00,2608.766357421875,-0.0022045761882236534,0.0063911422818578615
2024-10-15 10:00:00+00:00,2612.603759765625,0.0014698835549040586,0.006376358153755468
2024-10-15 11:00:00+00:00,2581.94873046875,-0.011802897450322043,0.006894686158820568
2024-10-15 12:00:00+00:00,2600.74609375,0.007253927288533758,0.0069036281822950464
2024-10-15 13:00:00+00:00,2670.974609375,0.026645065048422116,0.008668585618083712
2024-10-15 14:00:00+00:00,2566.366455078125,-0.03995236024902907,0.011302116269266914
2024-10-15 15:00:00+00:00,2571.2099609375,0.0018855222393356207,0.011228225429120673
2024-10-15 16:00:00+00:00,2593.72216796875,0.00871738448173034,0.011327464128413421
2024-10-15 17:00:00+00:00,2582.64599609375,-0.004279521250538398,0.011334725477768851
2024-10-15 18:00:00+00:00,2592.8994140625,0.003962261199795049,0.01137073758148504
2024-10-15 19:00:00+00:00,2592.4580078125,-0.0001702510415980843,0.011346853304761892
2024-10-15 20:00:00+00:00,2573.670654296875,-0.00727331337137084,0.011424566917418383
2024-10-15 21:00:00+00:00,2588.174560546875,0.005619674289578132,0.011494256004042762
2024-10-15 22:00:00+00:00,2593.680908203125,0.0021252424973949202,0.011218994124449079
2024-10-15 23:00:00+00:00,2605.924072265625,0.004709275698885367,0.011200457940508599
2024-10-16 00:00:00+00:00,2597.1103515625,-0.0033879188240919025,0.011208193636682217
2024-10-16 01:00:00+00:00,2618.5703125,0.008229062866684976,0.011332552639549536
2024-10-16 02:00:00+00:00,2622.59619140625,0.0015362533111780727,0.01133687260379117
2024-10-16 03:00:00+00:00,2617.712646484375,-0.0018638391311244333,0.011249897129227597
2024-10-16 04:00:00+00:00,2615.70947265625,-0.0007655311879493311,0.011247623245745202
2024-10-16 05:00:00+00:00,2617.786376953125,0.0007936967814962854,0.011135075113887446
2024-10-16 06:00:00+00:00,2612.183837890625,-0.0021424753776469402,0.011084745787066799
2024-10-16 07:00:00+00:00,2606.58935546875,-0.0021439845563675525,0.011082520745226362
2024-10-16 08:00:00+00:00,2610.794677734375,0.001612042797522238,0.011088207180470315
2024-10-16 09:00:00+00:00,2618.367431640625,0.002896356640611274,0.011094187883174013
2024-10-16 10:00:00+00:00,2615.7626953125,-0.00099528918080699,0.011092877863997482
2024-10-16 11:00:00+00:00,2637.8408203125,0.008404994746173063,0.010919627902237489
2024-10-16 12:00:00+00:00,2628.061767578125,-0.0037141074346362835,0.010871217591506707
2024-10-16 13:00:00+00:00,2607.22412109375,-0.0079605037687918,0.009445174909268605
2024-10-16 14:00:00+00:00,2606.47119140625,-0.0002888276539401881,0.004520725964661612
2024-10-16 15:00:00+00:00,2606.600341796875,4.9548673878315576e-05,0.004514370199544315
2024-10-16 16:00:00+00:00,2617.778076171875,0.004279074192770183,0.004249206321474289
2024-10-16 17:00:00+00:00,2621.4189453125,0.0013898579159307208,0.004134683122538285
2024-10-16 18:00:00+00:00,2617.244873046875,-0.0015935640436845818,0.004094810015419852
2024-10-16 19:00:00+00:00,2615.982177734375,-0.0004825685278896916,0.004097161481593126
2024-10-16 20:00:00+00:00,2618.9833984375,0.001146605832747329,0.0037602977085908137
2024-10-16 21:00:00+00:00,2614.526123046875,-0.0017033604123716903,0.0036412690703315777
2024-10-16 22:00:00+00:00,2621.159423828125,0.002533881865511421,0.0036505229696830897
2024-10-16 23:00:00+00:00,2610.8984375,-0.003922357036341322,0.0036367032591016262
2024-10-17 00:00:00+00:00,2616.179443359375,0.002020634770168521,0.003579626111555035
2024-10-17 01:00:00+00:00,2639.177734375,0.008752378592477367,0.0036312163791512035
2024-10-17 02:00:00+00:00,2622.88037109375,-0.006194312211955293,0.003855211859470534
2024-10-17 03:00:00+00:00,2640.02783203125,0.00651636735942184,0.004053063594816537
2024-10-17 04:00:00+00:00,2627.2333984375,-0.004858106783615397,0.004186109278576902
2024-10-17 05:00:00+00:00,2626.58544921875,-0.0002466583796753027,0.00418489859707254
2024-10-17 06:00:00+00:00,2628.240234375,0.0006298154536758394,0.0041573332607204375
2024-10-17 07:00:00+00:00,2625.497314453125,-0.001044178604508291,0.004135741717996979
2024-10-17 08:00:00+00:00,2625.165771484375,-0.00012628613329942977,0.004126998287115741
2024-10-17 09:00:00+00:00,2616.257080078125,-0.0033993441236366546,0.004150085242610221
2024-10-17 10:00:00+00:00,2614.177978515625,-0.0007950014286432763,0.004148268292354217
2024-10-17 11:00:00+00:00,2597.61279296875,-0.0063568328259839425,0.003932734591510076
2024-10-17 12:00:00+00:00,2612.361572265625,0.005661762481454558,0.00407715078221846
2024-10-17 13:00:00+00:00,2601.94384765625,-0.00399582979198761,0.003823579151949327
2024-10-17 14:00:00+00:00,2605.579345703125,0.0013962486589136234,0.0038351173672888737
2024-10-17 15:00:00+00:00,2630.396728515625,0.009479634096273296,0.004297175767036869
2024-10-17 16:00:00+00:00,2612.18212890625,-0.006948745415482061,0.004462094191075377
2024-10-17 17:00:00+00:00,2605.579345703125,-0.0025308886807912604,0.004477336847740933
2024-10-17 18:00:00+00:00,2586.8564453125,-0.0072116371925291575,0.00469220553403021
2024-10-17 19:00:00+00:00,2595.388427734375,0.0032927776821850803,0.004755208345030529
2024-10-17 20:00:00+00:00,2597.8154296875,0.0009346839432652236,0.004752544532647962
2024-10-17 21:00:00+00:00,2603.213134765625,0.0020756305984939633,0.004767922968469246
2024-10-17 22:00:00+00:00,2611.871826171875,0.00332063597331532,0.004790051448832535
2024-10-17 23:00:00+00:00,2602.634033203125,-0.003543117174243424,0.004777668240172032
2024-10-18 00:00:00+00:00,2597.07421875,-0.0021385109712243203,0.004771615695011133
2024-10-18 01:00:00+00:00,2646.818603515625,0.018972880892416808,0.0059304942238818225
2024-10-18 02:00:00+00:00,2632.5771484375,-0.005395121067432284,0.0058956365484489895
2024-10-18 03:00:00+00:00,2610.42822265625,-0.008448992885842615,0.005984178251855069
2024-10-18 04:00:00+00:00,2614.048583984375,0.0013859232384827972,0.005920491025240121
2024-10-18 05:00:00+00:00,2625.9033203125,0.004524757772678377,0.005998787522793036
2024-10-18 06:00:00+00:00,2625.30029296875,-0.00022967204885201617,0.005997362060011512
2024-10-18 07:00:00+00:00,2641.500732421875,0.0061519280750397505,0.00612387169638353
2024-10-18 08:00:00+00:00,2637.337158203125,-0.0015774589666876118,0.006134935850417105
2024-10-18 09:00:00+00:00,2624.250732421875,-0.004974335899162777,0.006183263918202811
2024-10-18 10:00:00+00:00,2626.7392578125,0.0009478310115072561,0.0061821975572934704
2024-10-18 11:00:00+00:00,2621.292724609375,-0.0020756486152588845,0.006045030888110999
2024-10-18 12:00:00+00:00,2614.64990234375,-0.002537394430377669,0.00596459598628116
2024-10-18 13:00:00+00:00,2623.255126953125,0.003285753484724262,0.005935692752420536
2024-10-18 14:00:00+00:00,2641.053955078125,0.006762101415419948,0.006076596681925517
2024-10-18 15:00:00+00:00,2656.254638671875,0.0057390371152491165,0.005882845561742853
2024-10-18 16:00:00+00:00,2653.429931640625,-0.0010639830898888463,0.005682114768037144
2024-10-18 17:00:00+00:00,2648.03759765625,-0.0020342804380732884,0.005670910141339027
2024-10-18 18:00:00+00:00,2662.310546875,0.005375535915909088,0.005489098043576889
2024-10-18 19:00:00+00:00,2649.412353515625,-0.004856510383659444,0.005604717404297184
2024-10-18 20:00:00+00:00,2642.75830078125,-0.002514679391694572,0.005646745223236179
2024-10-18 21:00:00+00:00,2642.228515625,-0.00020048684185169032,0.005642005911308072
2024-10-18 22:00:00+00:00,2635.99755859375,-0.0023610053218992484,0.005642954121261959
2024-10-18 23:00:00+00:00,2641.628662109375,0.002133953947108369,0.0055899551754850785
2024-10-19 00:00:00+00:00,2638.91015625,-0.0010296320860629057,0.005570716203258731
2024-10-19 01:00:00+00:00,2636.125,-0.001055976472690454,0.003982892197870534
2024-10-19 02:00:00+00:00,2646.8310546875,0.004053060155197806,0.003910114101795651
2024-10-19 03:00:00+00:00,2646.665771484375,-6.244764419672971e-05,0.0034487605153621205
2024-10-19 04:00:00+00:00,2641.768310546875,-0.0018521408271577361,0.0034788409489101093
2024-10-19 05:00:00+00:00,2647.166748046875,0.002041408833709557,0.0033877886529317526
2024-10-19 06:00:00+00:00,2644.2724609375,-0.0010939509209896246,0.0033986397193135672
2024-10-19 07:00:00+00:00,2640.427001953125,-0.0014553182030826632,0.003176630334577035
2024-10-19 08:00:00+00:00,2644.885009765625,0.0016869425531825276,0.003176794471807201
2024-10-19 09:00:00+00:00,2645.776611328125,0.00033704728625470255,0.002985805145011102
2024-10-19 10:00:00+00:00,2640.53125,-0.001984509108132252,0.003019671771298966
2024-10-19 11:00:00+00:00,2632.73779296875,-0.002955837315340539,0.003053893462827409
2024-10-19 12:00:00+00:00,2640.61962890625,0.002989306878428052,0.003048324504805951
2024-10-19 13:00:00+00:00,2636.218994140625,-0.0016679061461481925,0.003012767701987883
2024-10-19 14:00:00+00:00,2649.595458984375,0.005061279966322517,0.0028683764105032687
2024-10-19 15:00:00+00:00,2645.41455078125,-0.001579188354427647,0.002625372372779792
2024-10-19 16:00:00+00:00,2638.079345703125,-0.0027766511836976354,0.002673551774451672
2024-10-19 17:00:00+00:00,2641.21435546875,0.001187662710803343,0.002660489756944056
2024-10-19 18:00:00+00:00,2642.30859375,0.0004142078334518336,0.002395481211148885
2024-10-19 19:00:00+00:00,2641.177734375,-0.00042807317821527615,0.0021923291353277133
2024-10-19 20:00:00+00:00,2646.242919921875,0.001915938763906729,0.0021691882851424434
2024-10-19 21:00:00+00:00,2644.240234375,-0.0007570898854134613,0.0021750051498891777
2024-10-19 22:00:00+00:00,2650.9228515625,0.0025240471830059123,0.0021699249500292984
2024-10-19 23:00:00+00:00,2649.646240234375,-0.00048168841145169897,0.0021358339781220714
2024-10-20 00:00:00+00:00,2643.701416015625,-0.0022461501130114415,0.002178468764551998
2024-10-20 01:00:00+00:00,2640.17333984375,-0.0013354126883011292,0.0021855148601879594
2024-10-20 02:00:00+00:00,2639.07958984375,-0.00041435787609201086,0.002014545313076534
2024-10-20 03:00:00+00:00,2640.31103515625,0.0004665104070921597,0.0020181178247005837
2024-10-20 04:00:00+00:00,2640.899169921875,0.0002227272709163999,0.001983955699782858
2024-10-20 05:00:00+00:00,2640.155517578125,-0.00028163023966611464,0.0019354053120840301
2024-10-20 06:00:00+00:00,2650.600341796875,0.00394833481845067,0.0020913995597865256
2024-10-20 07:00:00+00:00,2645.0390625,-0.002100324782977063,0.0021162461772769128
2024-10-20 08:00:00+00:00,2646.107177734375,0.0004037368087700841,0.0020897335999414826
2024-10-20 09:00:00+00:00,2648.950439453125,0.0010739305207136708,0.002099994017941363
2024-10-20 10:00:00+00:00,2645.959228515625,-0.001129844111901365,0.0020710412457581252
2024-10-20 11:00:00+00:00,2648.366943359375,0.0009095454007072297,0.0019721776611703874
2024-10-20 12:00:00+00:00,2645.882568359375,-0.0009385183591582947,0.0018961924689198692
2024-10-20 13:00:00+00:00,2659.46044921875,0.005118579688157378,0.0021169137311636047
2024-10-20 14:00:00+00:00,2706.978271484375,0.017709720232260417,0.004038780696186471
2024-10-20 15:00:00+00:00,2705.599853515625,-0.0005093387907633202,0.0040161517415604996
2024-10-20 16:00:00+00:00,2694.288818359375,-0.0041893647764553845,0.004082753228529533
2024-10-20 17:00:00+00:00,2694.922607421875,0.00023520660643963203,0.004084245865330217
2024-10-20 18:00:00+00:00,2701.27001953125,0.0023525531706014794,0.004094636903349723
2024-10-20 19:00:00+00:00,2699.3115234375,-0.0007252908465588791,0.004099336690305488
2024-10-20 20:00:00+00:00,2715.67626953125,0.006044259577528716,0.004228099315532449
2024-10-20 21:00:00+00:00,2716.87109375,0.000439876234155486,0.004212528369136905
2024-10-20 22:00:00+00:00,2748.781494140625,0.011676835457269875,0.004727180237824477
2024-10-20 23:00:00+00:00,2745.84716796875,-0.0010680708856852853,0.0047394236599900144
2024-10-21 00:00:00+00:00,2742.5009765625,-0.0012193803063320718,0.004708804865218587
2024-10-21 01:00:00+00:00,2745.61376953125,0.0011343761734440585,0.0046703192279965835
2024-10-21 02:00:00+00:00,2732.2197265625,-0.0048902799514885745,0.004841793289126701
2024-10-21 03:00:00+00:00,2733.311767578125,0.0003996101866133051,0.0048424004399658755
2024-10-21 04:00:00+00:00,2737.02734375,0.0013584447573153173,0.004835507718878416
2024-10-21 05:00:00+00:00,2736.682861328125,-0.00012586797964207988,0.00483313085443249
2024-10-21 06:00:00+00:00,2727.87548828125,-0.003223455624262583,0.004896225577277074
2024-10-21 07:00:00+00:00,2722.00244140625,-0.0021552956687386016,0.004897847900714694
2024-10-21 08:00:00+00:00,2715.3134765625,-0.00246039344374624,0.004952555313142447
2024-10-21 09:00:00+00:00,2709.825927734375,-0.002023008181242245,0.0049927866477021635
2024-10-21 10:00:00+00:00,2703.970703125,-0.0021630760413123974,0.005015871868263753
2024-10-21 11:00:00+00:00,2703.601318359375,-0.00013661760388279743,0.005020362229862346
2024-10-21 12:00:00+00:00,2695.8251953125,-0.0028803534610055267,0.005066048776335348
2024-10-21 13:00:00+00:00,2672.53662109375,-0.008676285655848017,0.0053280926950736674
2024-10-21 14:00:00+00:00,2669.82666015625,-0.001014517743278889,0.003807185536792057
2024-10-21 15:00:00+00:00,2676.271484375,0.0024110396653988647,0.0038557619888545144
2024-10-21 16:00:00+00:00,2669.010498046875,-0.0027167849397154026,0.0038051222842699875
2024-10-21 17:00:00+00:00,2674.589599609375,0.0020881441304642042,0.0038370816646638157
2024-10-21 18:00:00+00:00,2666.248779296875,-0.0031234149029238057,0.003834337146555297
2024-10-21 19:00:00+00:00,2682.34130859375,0.006017502778140471,0.004060797035735145
2024-10-21 20:00:00+00:00,2674.553955078125,-0.0029074150670881584,0.0038625749860357753
2024-10-21 21:00:00+00:00,2675.349609375,0.0002974462224059204,0.0038609595594212777
2024-10-21 22:00:00+00:00,2675.613525390625,9.864243471389671e-05,0.002844348842763268
2024-10-21 23:00:00+00:00,2666.297119140625,-0.0034880462499615877,0.0028848806431367117
2024-10-22 00:00:00+00:00,2635.8115234375,-0.01149954997449296,0.003566645832229075
2024-10-22 01:00:00+00:00,2645.0107421875,0.0034840135087136157,0.0036770318088124878
2024-10-22 02:00:00+00:00,2634.17041015625,-0.0041068290534263365,0.003649512969577659
2024-10-22 03:00:00+00:00,2642.815185546875,0.003276409596809857,0.0037609398755380705
2024-10-22 04:00:00+00:00,2639.7001953125,-0.001179358836024183,0.0037153269217711704
2024-10-22 05:00:00+00:00,2644.50537109375,0.001818694237137236,0.003767628351224127
2024-10-22 06:00:00+00:00,2653.20068359375,0.003282673752975379,0.0038655864097687067
2024-10-22 07:00:00+00:00,2644.65625,-0.0032256216463847714,0.0038837417252049877
2024-10-22 08:00:00+00:00,2629.7578125,-0.005649339224078725,0.003982006004915525
2024-10-22 09:00:00+00:00,2619.953125,-0.003735329055968128,0.004010128925968342
2024-10-22 10:00:00+00:00,2631.491455078125,0.004394352247115299,0.004176208937852741
2024-10-22 11:00:00+00:00,2631.954345703125,0.00017588881645722753,0.004179933270047588
2024-10-22 12:00:00+00:00,2622.10009765625,-0.0037511067720630937,0.004199618250042188
2024-10-22 13:00:00+00:00,2615.945556640625,-0.002349938986423324,0.0038944855917591448
2024-10-22 14:00:00+00:00,2636.98095703125,0.00800906419647293,0.00429690718423177
2024-10-22 15:00:00+00:00,2623.106201171875,-0.005275497390419682,0.0043553326641701156
2024-10-22 16:00:00+00:00,2606.614013671875,-0.006307122176236588,0.004482543542547637
2024-10-22 17:00:00+00:00,2624.13037109375,0.006697487626993616,0.004712798099405972
2024-10-22 18:00:00+00:00,2620.284912109375,-0.0014664970128760815,0.004689261913076383
2024-10-22 19:00:00+00:00,2629.08837890625,0.003354105171071182,0.0045522837004222695
2024-10-22 20:00:00+00:00,2633.063720703125,0.001510918908420618,0.004554192366886867
2024-10-22 21:00:00+00:00,2633.700927734375,0.00024197285312459787,0.004553703891255994
2024-10-22 22:00:00+00:00,2637.251953125,0.0013473942978136511,0.004569780468686914
2024-10-22 23:00:00+00:00,2620.298828125,-0.006449080365719228,0.004689497878542279
2024-10-23 00:00:00+00:00,2611.821533203125,-0.003240484451652494,0.004134678996307673
2024-10-23 01:00:00+00:00,2621.654052734375,0.003757553059620347,0.004146157341143345
2024-10-23 02:00:00+00:00,2611.585205078125,-0.003848041178582757,0.004136340234437737
2024-10-23 03:00:00+00:00,2613.986083984375,0.000918896305255999,0.004073778194797247
2024-10-23 04:00:00+00:00,2614.5478515625,0.00021488531477908767,0.004072970613886095
2024-10-23 05:00:00+00:00,2612.777587890625,-0.00067731147029409,0.004045658682269405
2024-10-23 06:00:00+00:00,2611.71728515625,-0.00040589675162752567,0.003964850518318787
2024-10-23 07:00:00+00:00,2601.4208984375,-0.003950173482749446,0.003987953439669175
2024-10-23 08:00:00+00:00,2573.321044921875,-0.010860495082315546,0.004391357606519379
2024-10-23 09:00:00+00:00,2578.39404296875,0.0019694410890533577,0.004385826905549833
2024-10-23 10:00:00+00:00,2579.698486328125,0.000505785183097957,0.004260792024090922
2024-10-23 11:00:00+00:00,2578.055908203125,-0.0006369354005194897,0.004255690719115072
2024-10-23 12:00:00+00:00,2569.800048828125,-0.0032074970713863032,0.004241067469124077
2024-10-23 13:00:00+00:00,2580.051513671875,0.003981271405691549,0.00433880858746291
2024-10-23 14:00:00+00:00,2560.844970703125,-0.007472094561328136,0.004153875440862247
2024-10-23 15:00:00+00:00,2536.8388671875,-0.009418505242921317,0.004408020829393464
2024-10-23 16:00:00+00:00,2488.731201171875,-0.019145742623792844,0.0056377579332206225
2024-10-23 17:00:00+00:00,2492.458251953125,0.0014964504007893705,0.005386121007200069
2024-10-23 18:00:00+00:00,2487.800537109375,-0.0018704715553981394,0.005384539403956203
2024-10-23 19:00:00+00:00,2509.786376953125,0.008798639047086151,0.005730605723496877
2024-10-23 20:00:00+00:00,2513.64794921875,0.0015374235136827027,0.005731301174994158
2024-10-23 21:00:00+00:00,2502.399169921875,-0.004485124595807519,0.005734499698549014
2024-10-23 22:00:00+00:00,2509.132080078125,0.002686968860906938,0.005776193986652092
2024-10-23 23:00:00+00:00,2523.697265625,0.005788086664529709,0.005911809047063678
2024-10-24 00:00:00+00:00,2542.55810546875,0.00744570717303063,0.006176634336257474
2024-10-24 01:00:00+00:00,2541.3974609375,-0.00045659114689482926,0.006091259912045411
2024-10-24 02:00:00+00:00,2552.88330078125,0.004509315384710761,0.0061772690185406005
2024-10-24 03:00:00+00:00,2544.207275390625,-0.003404308257844808,0.006183515598494677
2024-10-24 04:00:00+00:00,2551.48779296875,0.0028575189192022845,0.006231796704639371
2024-10-24 05:00:00+00:00,2554.30615234375,0.0011039848812680593,0.006246611687288731
2024-10-24 06:00:00+00:00,2546.89599609375,-0.00290526085676206,0.006258090654683574
2024-10-24 07:00:00+00:00,2541.02001953125,-0.0023097783677455677,0.006233917642039651
2024-10-24 08:00:00+00:00,2521.541748046875,-0.007695063682803168,0.006046424886425149
2024-10-24 09:00:00+00:00,2519.720947265625,-0.00072235904790996,0.006016804006712831
2024-10-24 10:00:00+00:00,2523.02490234375,0.0013103795628122488,0.006027552995645084
2024-10-24 11:00:00+00:00,2525.936767578125,0.0011534512430794888,0.006042341868723072
2024-10-24 12:00:00+00:00,2527.976318359375,0.0008071175175707514,0.006029825093969885
2024-10-24 13:00:00+00:00,2532.796142578125,0.0019047786531478695,0.0059746229914124606
2024-10-24 14:00:00+00:00,2523.504150390625,-0.0036754156633582624,0.005838162471128945
2024-10-24 15:00:00+00:00,2523.93798828125,0.00017190405745090096,0.005529224815333406
2024-10-24 16:00:00+00:00,2516.903564453125,-0.00279097381688165,0.003845930898768128
2024-10-24 17:00:00+00:00,2519.78271484375,0.0011432718039492864,0.0038425028357905464
2024-10-24 18:00:00+00:00,2524.434326171875,0.0018443348527103914,0.0038195360968988636
2024-10-24 19:00:00+00:00,2536.7509765625,0.004867110752817647,0.0035260621384346417
2024-10-24 20:00:00+00:00,2535.510009765625,-0.0004893150510118616,0.003523036754928863
2024-10-24 21:00:00+00:00,2537.289794921875,0.0007016974049055028,0.0033685447286155236
2024-10-24 22:00:00+00:00,2531.17431640625,-0.0024131497625251275,0.003390445449127167
2024-10-24 23:00:00+00:00,2534.75048828125,0.0014118537510592532,0.0031983071754155185
2024-10-25 00:00:00+00:00,2522.17041015625,-0.0049754007740651805,0.002968545347709099
2024-10-25 01:00:00+00:00,2517.334716796875,-0.0019191149613749735,0.0029860996642277608
2024-10-25 02:00:00+00:00,2520.69921875,0.0013356410442405472,0.0028253548626940043
2024-10-25 03:00:00+00:00,2520.25,-0.00017822784229539152,0.0027585447663352382
2024-10-25 04:00:00+00:00,2489.8017578125,-0.012155010981112106,0.0035714578248339213
2024-10-25 05:00:00+00:00,2492.628662109375,0.0011347492536622115,0.0035722586294590986
2024-10-25 06:00:00+00:00,2488.192138671875,-0.001781443175026238,0.0035537684068519815
2024-10-25 07:00:00+00:00,2481.10693359375,-0.002851593263456282,0.0035643439761550632
2024-10-25 08:00:00+00:00,2514.78759765625,0.013483540987036698,0.00436497466305248
2024-10-25 09:00:00+00:00,2537.818115234375,0.009116356346882237,0.004750153253686734
2024-10-25 10:00:00+00:00,2540.66796875,0.0011223241602471954,0.004748565834090823
2024-10-25 11:00:00+00:00,2543.631103515625,0.00116560220356507,0.004748662504969992
2024-10-25 12:00:00+00:00,2536.8740234375,-0.002660004819792817,0.00478487429633748
2024-10-25 13:00:00+00:00,2550.425048828125,0.005327407430829097,0.0048894223627395485
2024-10-25 14:00:00+00:00,2542.3388671875,-0.0031755598999608716,0.004872837496037201
2024-10-25 15:00:00+00:00,2522.81103515625,-0.007710701226926498,0.0051408234547738706
2024-10-25 16:00:00+00:00,2531.07470703125,0.0032702279636421683,0.005147583615964016
2024-10-25 17:00:00+00:00,2487.646484375,-0.017306921423779386,0.0062627832718758535
2024-10-25 18:00:00+00:00,2479.184814453125,-0.003407274215331382,0.0062677849886913824
2024-10-25 19:00:00+00:00,2474.769775390625,-0.0017824306425636247,0.006154465560427361
2024-10-25 20:00:00+00:00,2473.307373046875,-0.0005910992664259369,0.006154111335602333
2024-10-25 21:00:00+00:00,2489.5322265625,0.006538559626886105,0.0063383011677764795
2024-10-25 22:00:00+00:00,2465.128173828125,-0.009851028371262142,0.006597562548271319
2024-10-25 23:00:00+00:00,2432.659912109375,-0.013258530902912137,0.007020605492878406
2024-10-26 00:00:00+00:00,2441.267822265625,0.0035322309132181924,0.007063367321813095
2024-10-26 01:00:00+00:00,2439.42236328125,-0.0007562287308416153,0.0070633424872398685
2024-10-26 02:00:00+00:00,2441.9853515625,0.001050102210875299,0.007058931578742752
2024-10-26 03:00:00+00:00,2449.353515625,0.003012741433675725,0.007111266451081773
2024-10-26 04:00:00+00:00,2456.9697265625,0.0031046535987077897,0.00676175193888856
2024-10-26 05:00:00+00:00,2468.27392578125,0.004590318719610983,0.006835641922804889
2024-10-26 06:00:00+00:00,2470.611328125,0.0009465304003213851,0.006834510963081966
2024-10-26 07:00:00+00:00,2463.438232421875,-0.0029075916926252793,0.006835431056320444
2024-10-26 08:00:00+00:00,2468.806640625,0.002176862853024798,0.006204850829180235
2024-10-26 09:00:00+00:00,2463.00732421875,-0.0023517996098688784,0.0058414243136351825
2024-10-26 10:00:00+00:00,2466.156494140625,0.001277770618463062,0.005844250814383399
2024-10-26 11:00:00+00:00,2469.718994140625,0.0014435131627877082,0.005849497934338169
2024-10-26 12:00:00+00:00,2468.731201171875,-0.0004000416903509386,0.005843642134397418
2024-10-26 13:00:00+00:00,2463.10009765625,-0.002283576067987123,0.00568199997400499
2024-10-26 14:00:00+00:00,2440.73681640625,-0.00912079119798017,0.005886347979521869
2024-10-26 15:00:00+00:00,2452.851806640625,0.00495138268403906,0.005891573904029457
2024-10-26 16:00:00+00:00,2467.35888671875,0.005896951582511136,0.006001060665955675
2024-10-26 17:00:00+00:00,2475.11572265625,0.003138849632688613,0.004954741469723367
2024-10-26 18:00:00+00:00,2478.07958984375,0.0011967497157885677,0.0049145508447550265
2024-10-26 19:00:00+00:00,2482.87548828125,0.0019334583184089055,0.0049150991076682745
2024-10-26 20:00:00+00:00,2487.132080078125,0.0017129120143535577,0.004922769743443927
2024-10-26 21:00:00+00:00,2486.379150390625,-0.00030277590955841223,0.004736265152224618
2024-10-26 22:00:00+00:00,2483.86083984375,-0.0010133558006556718,0.004261066976455641
2024-10-26 23:00:00+00:00,2479.73388671875,-0.0016628892177285811,0.003173687836320406
2024-10-27 00:00:00+00:00,2473.41455078125,-0.0025516454618509637,0.003188782884055987
2024-10-27 01:00:00+00:00,2474.782470703125,0.0005528963179044411,0.003176728989474295
2024-10-27 02:00:00+00:00,2469.854248046875,-0.001993361522158211,0.0032184368666389627
2024-10-27 03:00:00+00:00,2479.8525390625,0.004039958342739976,0.003260241570465736
2024-10-27 04:00:00+00:00,2477.208740234375,-0.0010666800064967226,0.0032272389549970744
2024-10-27 05:00:00+00:00,2479.510498046875,0.0009287425279907382,0.0031017718274114025
2024-10-27 06:00:00+00:00,2476.799072265625,-0.0010941310316786924,0.003108073830353294
2024-10-27 07:00:00+00:00,2478.013427734375,0.0004901721278310428,0.00304159359821225
2024-10-27 08:00:00+00:00,2473.97314453125,-0.0016317831402305985,0.00303581237208171
2024-10-27 09:00:00+00:00,2468.29443359375,-0.0022980194199480465,0.0030339531373113544
2024-10-27 10:00:00+00:00,2464.32861328125,-0.0016079968525194198,0.0030419793501329337
2024-10-27 11:00:00+00:00,2467.010498046875,0.0010876903694855783,0.003035340833141162
2024-10-27 12:00:00+00:00,2473.4775390625,0.002617978086660476,0.0030821787006022317
2024-10-27 13:00:00+00:00,2481.7548828125,0.0033408529586961416,0.003108363339182352
2024-10-27 14:00:00+00:00,2490.04443359375,0.003334631160747961,0.0024304192803291645
2024-10-27 15:00:00+00:00,2498.720947265625,0.0034784247235097264,0.002338779141775143
2024-10-27 16:00:00+00:00,2498.35107421875,-0.00014803590821189675,0.002073287598783878
2024-10-27 17:00:00+00:00,2493.826416015625,-0.001812699749130808,0.002047571434491256
2024-10-27 18:00:00+00:00,2484.814208984375,-0.0036203524430103904,0.002188504363450774
2024-10-27 19:00:00+00:00,2490.224365234375,0.002174921179773824,0.0021977722128197546
2024-10-27 20:00:00+00:00,2489.02392578125,-0.00048217698986769233,0.0021742859441640484
2024-10-27 21:00:00+00:00,2508.175048828125,0.007664780571267605,0.002672242162803537
2024-10-27 22:00:00+00:00,2511.7080078125,0.0014075864030426992,0.00266368153912063
2024-10-27 23:00:00+00:00,2505.40234375,-0.0025136650146580144,0.0026986564199395053
2024-10-28 00:00:00+00:00,2498.28271484375,-0.0028457561287871047,0.002713407901791168
2024-10-28 01:00:00+00:00,2490.447998046875,-0.0031409685906139454,0.002808452333756776
2024-10-28 02:00:00+00:00,2486.715576171875,-0.0014998191315206066,0.0027929771870684517
2024-10-28 03:00:00+00:00,2474.3505859375,-0.004984821985661195,0.002871652775902977
2024-10-28 04:00:00+00:00,2482.4365234375,0.0032625749276979942,0.002942890728916699
2024-10-28 05:00:00+00:00,2483.937744140625,0.0006045540138398384,0.0029396053472632066
2024-10-28 06:00:00+00:00,2487.927978515625,0.001605125904156985,0.0029445888345196805
2024-10-28 07:00:00+00:00,2509.040771484375,0.008450290429674162,0.0033942212690494947
2024-10-28 08:00:00+00:00,2509.65087890625,0.0002431340546028758,0.003364021395830579
2024-10-28 09:00:00+00:00,2533.388427734375,0.009414054777310431,0.003752888980199854
2024-10-28 10:00:00+00:00,2527.381103515625,-0.002374076512757378,0.003779946786219604
2024-10-28 11:00:00+00:00,2523.9189453125,-0.0013707990860968107,0.003812132308386282
2024-10-28 12:00:00+00:00,2524.867431640625,0.0003757284497569202,0.0037969285937144042
2024-10-28 13:00:00+00:00,2517.81591796875,-0.002796732524822713,0.003828904269347656
2024-10-28 14:00:00+00:00,2524.424560546875,0.0026213134381188495,0.0038094819973197636
2024-10-28 15:00:00+00:00,2499.92626953125,-0.009751900690027583,0.00429663543730507
2024-10-28 16:00:00+00:00,2503.792236328125,0.0015452378312639905,0.004307642751737122
2024-10-28 17:00:00+00:00,2500.4482421875,-0.001336464405624575,0.004299583132828039
2024-10-28 18:00:00+00:00,2502.7724609375,0.0009290891028405915,0.004227632039336703
2024-10-28 19:00:00+00:00,2501.083251953125,-0.0006751629725020194,0.004212680208895434
2024-10-28 20:00:00+00:00,2514.584228515625,0.005383534384073147,0.004340722162424808
2024-10-28 21:00:00+00:00,2542.25732421875,0.010944923491779694,0.00462114442790131
2024-10-28 22:00:00+00:00,2565.100341796875,0.008945200782916177,0.004927096879818821
2024-10-28 23:00:00+00:00,2565.434326171875,0.00013019476412746286,0.0048773092047470655
2024-10-29 00:00:00+00:00,2582.06396484375,0.006461273257902853,0.004929076060467206
2024-10-29 01:00:00+00:00,2581.308349609375,-0.00029268284127173836,0.004849275147231608
2024-10-29 02:00:00+00:00,2608.8330078125,0.010606615254364894,0.005145061467207451
2024-10-29 03:00:00+00:00,2605.16162109375,-0.0014082819745043164,0.004983283391965239
2024-10-29 04:00:00+00:00,2618.603515625,0.005146450442497486,0.005016354537976465
2024-10-29 05:00:00+00:00,2617.0537109375,-0.000592019173792591,0.005039055516011508
2024-10-29 06:00:00+00:00,2617.95166015625,0.00034305570439895175,0.005051832094545918
2024-10-29 07:00:00+00:00,2610.316650390625,-0.0029206669357919267,0.004965052657653503
2024-10-29 08:00:00+00:00,2621.026611328125,0.004094541445527547,0.004979863619753321
2024-10-29 09:00:00+00:00,2621.65478515625,0.00023963837724431518,0.004715846686117851
2024-10-29 10:00:00+00:00,2631.340087890625,0.003687539753404087,0.004665473159208361
2024-10-29 11:00:00+00:00,2628.919189453125,-0.00092044839646873,0.004653561566667392
2024-10-29 12:00:00+00:00,2617.069580078125,-0.004517596223887814,0.004818309306226055
2024-10-29 13:00:00+00:00,2634.447998046875,0.006618460720056836,0.004836986944208957
2024-10-29 14:00:00+00:00,2630.013916015625,-0.0016845342039378014,0.004888140485867562
2024-10-29 15:00:00+00:00,2649.037109375,0.007207081579526179,0.004356452795231966
2024-10-29 16:00:00+00:00,2667.502197265625,0.006946308894735358,0.0044481638390378355
2024-10-29 17:00:00+00:00,2658.50439453125,-0.0033788209381733288,0.004545986164631744
2024-10-29 18:00:00+00:00,2663.27783203125,0.0017939248834036089,0.00453596332481116
2024-10-29 19:00:00+00:00,2628.3603515625,-0.013197420556539906,0.005537502018590082
2024-10-29 20:00:00+00:00,2621.62841796875,-0.002564553022452731,0.0055681891384464265
2024-10-29 21:00:00+00:00,2622.97216796875,0.0005124317886120896,0.0052140604202823865
2024-10-29 22:00:00+00:00,2637.28125,0.005440466908501196,0.005036763273542298
2024-10-29 23:00:00+00:00,2637.710693359375,0.00016282237581967905,0.0050364786716387095
2024-10-30 00:00:00+00:00,2617.857666015625,-0.007555080790160851,0.005204589053687434
2024-10-30 01:00:00+00:00,2624.600341796875,0.002572335148578722,0.005216697563028889
2024-10-30 02:00:00+00:00,2627.12646484375,0.0009620162414018646,0.004772372993252148
2024-10-30 03:00:00+00:00,2641.64208984375,0.005510077573156483,0.004873139764948703
2024-10-30 04:00:00+00:00,2638.6669921875,-0.0011268650849228633,0.00478496800465299
2024-10-30 05:00:00+00:00,2651.263916015625,0.004762613295904021,0.004864858923785921
2024-10-30 06:00:00+00:00,2657.431396484375,0.0023235401093737672,0.004878131734452432
2024-10-30 07:00:00+00:00,2668.91259765625,0.00431110681796896,0.004873030539189926
2024-10-30 08:00:00+00:00,2662.13818359375,-0.0025414943458291067,0.004873634927494133
2024-10-30 09:00:00+00:00,2690.3642578125,0.01054696795733051,0.005273763922946045
2024-10-30 10:00:00+00:00,2681.11962890625,-0.003442117012309027,0.005320969880311443
2024-10-30 11:00:00+00:00,2657.28173828125,-0.008930781867233834,0.00567197894226879
2024-10-30 12:00:00+00:00,2687.01171875,0.011125993507301098,0.005967790760173575
2024-10-30 13:00:00+00:00,2696.745849609375,0.0036161143376025676,0.005877849213404733
2024-10-30 14:00:00+00:00,2710.303466796875,0.005014803752163811,0.0059051266009005655
2024-10-30 15:00:00+00:00,2683.7236328125,-0.009855363583009008,0.006177925547090283
2024-10-30 16:00:00+00:00,2690.39501953125,0.0024827848349911197,0.006042448761012793
2024-10-30 17:00:00+00:00,2673.584716796875,-0.006267867738146313,0.006147946370094763
2024-10-30 18:00:00+00:00,2666.16259765625,-0.0027799532387857515,0.0061684009335142105
2024-10-30 19:00:00+00:00,2660.52978515625,-0.0021149389507793795,0.005514071356332107
2024-10-30 20:00:00+00:00,2675.28515625,0.005530704819436087,0.005565379058100976
2024-10-30 21:00:00+00:00,2659.492919921875,-0.005920502121058065,0.005734395849359157
2024-10-30 22:00:00+00:00,2658.327880859375,-0.0004381640994627778,0.005642397813285077
2024-10-30 23:00:00+00:00,2657.253173828125,-0.00040436107918844725,0.005644321169481905
2024-10-31 00:00:00+00:00,2657.470458984375,8.1767245630532e-05,0.005391386180359852
2024-10-31 01:00:00+00:00,2664.091796875,0.002488495291126431,0.005390097079313649
2024-10-31 02:00:00+00:00,2660.1376953125,-0.001485323761967457,0.005406515201502376
2024-10-31 03:00:00+00:00,2655.437255859375,-0.0017685540027054787,0.005317865338478074
2024-10-31 04:00:00+00:00,2646.046875,-0.0035425516508591427,0.005367041691532552
2024-10-31 05:00:00+00:00,2648.83154296875,0.0010518346242043434,0.005280118263690705
2024-10-31 06:00:00+00:00,2637.25830078125,-0.004378760490743316,0.0053268078365159175
2024-10-31 07:00:00+00:00,2646.259521484375,0.0034072864762838277,0.005295766412907841
2024-10-31 08:00:00+00:00,2636.058837890625,-0.0038622042746140187,0.0053262470339458115
2024-10-31 09:00:00+00:00,2634.946533203125,-0.0004220465075260768,0.004788629098438908
2024-10-31 10:00:00+00:00,2645.169921875,0.0038724151386948006,0.004849999188240585
2024-10-31 11:00:00+00:00,2638.3125,-0.002595797687201549,0.004537049763862187
2024-10-31 12:00:00+00:00,2636.12109375,-0.0008309542009178192,0.003829281434664294
2024-10-31 13:00:00+00:00,2597.652587890625,-0.01470036763266746,0.0046490660482752175
2024-10-31 14:00:00+00:00,2547.705810546875,-0.01941491432588914,0.0057021177849322525
2024-10-31 15:00:00+00:00,2563.818359375,0.006304421796532818,0.005759210866206284
2024-10-31 16:00:00+00:00,2552.64697265625,-0.004366844587563089,0.005701776845203822
2024-10-31 17:00:00+00:00,2538.538330078125,-0.005542394493660801,0.0056811029429295
2024-10-31 18:00:00+00:00,2523.706787109375,-0.0058596867845335425,0.005730292029445697
2024-10-31 19:00:00+00:00,2511.922607421875,-0.004680329021750084,0.00575081417598475
2024-10-31 20:00:00+00:00,2515.711181640625,0.0015071005943555651,0.005565378074024944
2024-10-31 21:00:00+00:00,2523.119873046875,0.002940641059265108,0.005626513344590902
2024-10-31 22:00:00+00:00,2519.163330078125,-0.0015693461161911545,0.005615899392788909
2024-10-31 23:00:00+00:00,2516.1240234375,-0.0012072030040595177,0.005606870939796464
2024-11-01 00:00:00+00:00,2523.03076171875,0.0027412305835741693,0.005681237793506524
2024-11-01 01:00:00+00:00,2499.21826171875,-0.009482874438660312,0.005779760589442648
2024-11-01 02:00:00+00:00,2508.12109375,0.003555916937223957,0.005914416370196242
2024-11-01 03:00:00+00:00,2500.156982421875,-0.0031803817279967466,0.005914346025226057
2024-11-01 04:00:00+00:00,2509.417236328125,0.003697026553283316,0.006042656291643489
2024-11-01 05:00:00+00:00,2508.46728515625,-0.00037862616373740977,0.006016090474010227
2024-11-01 06:00:00+00:00,2500.91064453125,-0.003016999900170899,0.00600172807564166
2024-11-01 07:00:00+00:00,2502.135009765625,0.0004894479656669518,0.00591183214200532
2024-11-01 08:00:00+00:00,2497.39697265625,-0.0018953928265641328,0.005903344968418372
2024-11-01 09:00:00+00:00,2508.18896484375,0.00431198626643902,0.0060445330059248166
2024-11-01 10:00:00+00:00,2516.2451171875,0.0032067926918813707,0.006017624394281636
2024-11-01 11:00:00+00:00,2514.749267578125,-0.0005946536764119432,0.0060240559621192605
2024-11-01 12:00:00+00:00,2534.850830078125,0.00796168737922525,0.006356357358130716
2024-11-01 13:00:00+00:00,2567.41455078125,0.012764590007769843,0.0063736482368269304
2024-11-01 14:00:00+00:00,2558.892333984375,-0.0033248983486556553,0.004992893251901913
2024-11-01 15:00:00+00:00,2498.6669921875,-0.023817096274417027,0.006833637815007886
2024-11-01 16:00:00+00:00,2517.953125,0.0076889329380067555,0.007021465025990899
2024-11-01 17:00:00+00:00,2514.52880859375,-0.001360885932597408,0.006944175430193395
2024-11-01 18:00:00+00:00,2507.556640625,-0.0027766044678432093,0.0068667923655858715
2024-11-01 19:00:00+00:00,2511.937744140625,0.001745635831946097,0.006812310916511621
2024-11-01 20:00:00+00:00,2518.562255859375,0.002633740402759949,0.006827011959753418
2024-11-01 21:00:00+00:00,2504.66845703125,-0.005531832023159489,0.0068896541063603175
2024-11-01 22:00:00+00:00,2512.077392578125,0.0029536839837723816,0.006915402414668805
2024-11-01 23:00:00+00:00,2512.2890625,8.425735817344945e-05,0.006911576913080021
2024-11-02 00:00:00+00:00,2515.539306640625,0.001292901966714656,0.006892318806404326
2024-11-02 01:00:00+00:00,2514.02001953125,-0.0006041432487651375,0.0066002271032065555
2024-11-02 02:00:00+00:00,2511.505615234375,-0.0010006533403345394,0.006566326678747339
2024-11-02 03:00:00+00:00,2504.66748046875,-0.0027264366165501877,0.006557245873110456
2024-11-02 04:00:00+00:00,2504.1162109375,-0.00022012111819553524,0.006511766531152858
2024-11-02 05:00:00+00:00,2510.95361328125,0.002726744320546743,0.0065365480497530356
2024-11-02 06:00:00+00:00,2509.99365234375,-0.0003823824065107813,0.006505000732663375
2024-11-02 07:00:00+00:00,2506.662109375,-0.0013281929702795184,0.006511467466283675
2024-11-02 08:00:00+00:00,2497.885986328125,-0.0035072625440789795,0.006540923773865044
2024-11-02 09:00:00+00:00,2495.435546875,-0.0009814868253699093,0.006478437983915778
2024-11-02 10:00:00+00:00,2500.619873046875,0.002075368504524508,0.006456554843385012
2024-11-02 11:00:00+00:00,2500.94287109375,0.0001291588504823017,0.006456611964508528
2024-11-02 12:00:00+00:00,2486.74755859375,-0.005692153925014783,0.00630321030455509
2024-11-02 13:00:00+00:00,2479.884521484375,-0.002763660108878098,0.0056092485027811
2024-11-02 14:00:00+00:00,2488.389404296875,0.0034236804359460285,0.005679639182504751
2024-11-02 15:00:00+00:00,2488.22021484375,-6.799386174053816e-05,0.0029962593725576443
2024-11-02 16:00:00+00:00,2493.89697265625,0.0022788545734909646,0.002549076373580739
2024-11-02 17:00:00+00:00,2485.3701171875,-0.003424947346700787,0.002616824375251035
2024-11-02 18:00:00+00:00,2488.14453125,0.0011156755519581179,0.0025891572197188923
2024-11-02 19:00:00+00:00,2492.24658203125,0.001647280952654211,0.002585814957694257
2024-11-02 20:00:00+00:00,2493.673095703125,0.0005722168839458895,0.002516466296104786
2024-11-02 21:00:00+00:00,2493.439208984375,-9.379645158651797e-05,0.0022681724547227544
2024-11-02 22:00:00+00:00,2492.4638671875,-0.0003912397791996026,0.002167307156501704
2024-11-02 23:00:00+00:00,2490.787353515625,-0.0006728594087979785,0.002166576932375719
2024-11-03 00:00:00+00:00,2485.52783203125,-0.002113822475736012,0.002165301078597877
2024-11-03 01:00:00+00:00,2473.612548828125,-0.004805391748083323,0.002337087710219742
2024-11-03 02:00:00+00:00,2432.7392578125,-0.01666176344725575,0.004015578405195456
2024-11-03 03:00:00+00:00,2449.649169921875,0.006926929298799786,0.004339762672656558
2024-11-03 04:00:00+00:00,2454.75732421875,0.0020830884022808725,0.004381305511025849
2024-11-03 05:00:00+00:00,2443.42724609375,-0.004626243935756743,0.004378901606772256
2024-11-03 06:00:00+00:00,2455.4970703125,0.004927550564663829,0.004549450369356337
2024-11-03 07:00:00+00:00,2449.956787109375,-0.002258826897504776,0.004557088229604631
2024-11-03 08:00:00+00:00,2459.44189453125,0.0038640655765807197,0.004625374204772462
2024-11-03 09:00:00+00:00,2447.70947265625,-0.004781773926497698,0.004701767969274976
2024-11-03 10:00:00+00:00,2457.080810546875,0.0038213047870204677,0.004761394117961125
2024-11-03 11:00:00+00:00,2454.14501953125,-0.0011955432174705152,0.004758656315000404
2024-11-03 12:00:00+00:00,2454.838134765625,0.00028238648094522037,0.004645835279937656
2024-11-03 13:00:00+00:00,2437.677734375,-0.0070149882888822235,0.004812442219926722
2024-11-03 14:00:00+00:00,2423.95068359375,-0.005647114950219671,0.0048294158672735794
2024-11-03 15:00:00+00:00,2441.89990234375,0.007377661869153009,0.005128053979808793
2024-11-03 16:00:00+00:00,2442.96875,0.0004376157270042421,0.005093915235332009
2024-11-03 17:00:00+00:00,2445.255859375,0.0009357628687955579,0.005076176830715628
2024-11-03 18:00:00+00:00,2421.745849609375,-0.009661057888216714,0.005378270568260335
2024-11-03 19:00:00+00:00,2450.079345703125,0.011631704508738743,0.005957194932494566
2024-11-03 20:00:00+00:00,2464.412353515625,0.005832972900574817,0.006101502989178796
2024-11-03 21:00:00+00:00,2468.4365234375,0.0016315808227533827,0.006116542491646149
2024-11-03 22:00:00+00:00,2459.402099609375,-0.003666692293011452,0.006152312473213043
2024-11-03 23:00:00+00:00,2456.174072265625,-0.0013133873608732615,0.006154228668715924
2024-11-04 00:00:00+00:00,2448.09619140625,-0.003294226349741876,0.006171685983137317
2024-11-04 01:00:00+00:00,2464.807373046875,0.006803001879421166,0.006284268592267533
2024-11-04 02:00:00+00:00,2482.327880859375,0.007083121913768944,0.005374807081172625
2024-11-04 03:00:00+00:00,2474.014404296875,-0.0033546853226792293,0.005277486599107257
2024-11-04 04:00:00+00:00,2471.203125,-0.0011369690344519468,0.005274096323316529
2024-11-04 05:00:00+00:00,2460.808837890625,-0.004215035396010604,0.005258114436025397
2024-11-04 06:00:00+00:00,2475.71142578125,0.006037707683178463,0.0053053077839212886
2024-11-04 07:00:00+00:00,2458.42041015625,-0.007008765465453888,0.005491852985485336
2024-11-04 08:00:00+00:00,2457.352294921875,-0.0004345665738697744,0.005435045789635709
2024-11-04 09:00:00+00:00,2454.374755859375,-0.00121242055857554,0.005347653707860059
2024-11-04 10:00:00+00:00,2464.47802734375,0.004107984580083278,0.00535660900642029
2024-11-04 11:00:00+00:00,2469.199462890625,0.0019139625553303194,0.0053608771601874805
2024-11-04 12:00:00+00:00,2474.857177734375,0.0022886943757523524,0.005376944650248138
2024-11-04 13:00:00+00:00,2459.324462890625,-0.0062959847383070875,0.005336040146825058
2024-11-04 14:00:00+00:00,2446.620849609375,-0.0051788761861034415,0.005313899774139586
2024-11-04 15:00:00+00:00,2442.71484375,-0.001597765805132039,0.005112611601042162
2024-11-04 16:00:00+00:00,2411.22802734375,-0.01297388902218684,0.005756663568758991
2024-11-04 17:00:00+00:00,2422.743896484375,0.0047645667402780355,0.0058517494968512804
2024-11-04 18:00:00+00:00,2424.36083984375,0.000667179071760121,0.0055097276469607106
2024-11-04 19:00:00+00:00,2429.35546875,0.0020580645227890187,0.004952796353897188
2024-11-04 20:00:00+00:00,2420.920654296875,-0.003478079491625471,0.00480970282193936
2024-11-04 21:00:00+00:00,2366.73828125,-0.02263514887671979,0.006531559849605129
2024-11-04 22:00:00+00:00,2412.174072265625,0.0190156909207746,0.007766843964223141
2024-11-04 23:00:00+00:00,2396.013427734375,-0.006722161058013234,0.00786006088030191
2024-11-05 00:00:00+00:00,2400.406982421875,0.0018320145194232532,0.00786559891242279
2024-11-05 01:00:00+00:00,2409.2744140625,0.003687330181247785,0.007759312049365966
2024-11-05 02:00:00+00:00,2401.93505859375,-0.003050942264520683,0.007576775508326351
2024-11-05 03:00:00+00:00,2416.5341796875,0.0060596695940509345,0.007712142437300761
2024-11-05 04:00:00+00:00,2426.774169921875,0.00422851685380908,0.007784804738491413
2024-11-05 05:00:00+00:00,2430.920166015625,0.001706981466408626,0.007764222515056409
2024-11-05 06:00:00+00:00,2429.723876953125,-0.0004922348051325092,0.007638217411456056
2024-11-05 07:00:00+00:00,2441.880126953125,0.004990666409379772,0.007605513497511195
2024-11-05 08:00:00+00:00,2439.383544921875,-0.0010229245608392042,0.007606977154532935
2024-11-05 09:00:00+00:00,2435.73193359375,-0.0014980617493581035,0.007608680576784681
2024-11-05 10:00:00+00:00,2434.525634765625,-0.0004953737398326458,0.007550060214655488
2024-11-05 11:00:00+00:00,2439.217529296875,0.0019253767885352377,0.007550219868733253
2024-11-05 12:00:00+00:00,2444.01220703125,0.0019637328301364957,0.007545274238377379
2024-11-05 13:00:00+00:00,2441.5244140625,-0.0010184319049161266,0.007445949532979791
2024-11-05 14:00:00+00:00,2469.6767578125,0.011464670708030374,0.007741252410898186
2024-11-05 15:00:00+00:00,2439.224609375,-0.012407069035280533,0.008164833523181498
2024-11-05 16:00:00+00:00,2460.871826171875,0.008835482283641382,0.007873476644263562
2024-11-05 17:00:00+00:00,2453.774169921875,-0.0028883712845653685,0.007862972678982963
2024-11-05 18:00:00+00:00,2452.7099609375,-0.0004337969807627519,0.007865350510075456
2024-11-05 19:00:00+00:00,2404.54443359375,-0.019833058863203638,0.008878947138061415
2024-11-05 20:00:00+00:00,2427.96630859375,0.009693535990547363,0.009086846052881263
2024-11-05 21:00:00+00:00,2416.508544921875,-0.0047302485336453105,0.0077780605246779815
2024-11-05 22:00:00+00:00,2432.955810546875,0.006783152728838024,0.0068868284129760685
2024-11-05 23:00:00+00:00,2423.607177734375,-0.0038499014146313065,0.006782620307391655
2024-11-06 00:00:00+00:00,2484.3681640625,0.024761367599881925,0.008403087860386859
2024-11-06 01:00:00+00:00,2484.92431640625,0.00022383562579891074,0.008392414209114732
2024-11-06 02:00:00+00:00,2574.60009765625,0.03545201726379954,0.010847799300243438
2024-11-06 03:00:00+00:00,2576.647216796875,0.0007948052669293263,0.010834191945303252
2024-11-06 04:00:00+00:00,2591.860595703125,0.005886969080779099,0.010849821558397853
2024-11-06 05:00:00+00:00,2594.90478515625,0.0011738297683184216,0.010852578773466681
2024-11-06 06:00:00+00:00,2589.081787109375,-0.002246533788124417,0.010881025542858016
2024-11-06 07:00:00+00:00,2592.817138671875,0.001441692423178073,0.010871900342599817
2024-11-06 08:00:00+00:00,2605.40576171875,0.004843442806411232,0.01085520749321649
2024-11-06 09:00:00+00:00,2624.276611328125,0.007216855696926008,0.01085291656679274
2024-11-06 10:00:00+00:00,2623.86328125,-0.0001575148862034948,0.01084825940936586
2024-11-06 11:00:00+00:00,2628.690185546875,0.001837927280950633,0.010848693015907863
2024-11-06 12:00:00+00:00,2637.04248046875,0.003172322810959806,0.010845911587077624
2024-11-06 13:00:00+00:00,2619.962890625,-0.006497862845061668,0.010994508876601925
2024-11-06 14:00:00+00:00,2612.5947265625,-0.0028162781842283103,0.010899067503138113
2024-11-06 15:00:00+00:00,2640.52490234375,0.01063384843530622,0.010552495481262908
2024-11-06 16:00:00+00:00,2658.44189453125,0.0067624731969424595,0.010513663255656882
2024-11-06 17:00:00+00:00,2654.099609375,-0.0016347302397782771,0.010485082913799227
2024-11-06 18:00:00+00:00,2679.567138671875,0.009549799059451865,0.010529702214070158
2024-11-06 19:00:00+00:00,2687.45068359375,0.002937776937911939,0.009268764331976001
2024-11-06 20:00:00+00:00,2691.10693359375,0.001359565453572898,0.009227017026799
2024-11-06 21:00:00+00:00,2690.386474609375,-0.00026775429570576775,0.009081207828492022
2024-11-06 22:00:00+00:00,2735.29345703125,0.016553872869026424,0.009402583359934479
2024-11-06 23:00:00+00:00,2724.77490234375,-0.003852906962847992,0.009402704713168678
2024-11-07 00:00:00+00:00,2724.578369140625,-7.21308358695053e-05,0.008436532407067283
2024-11-07 01:00:00+00:00,2811.85693359375,0.031531406330870544,0.01010718844921563
2024-11-07 02:00:00+00:00,2871.71337890625,0.021063752221050124,0.008536325821108089
2024-11-07 03:00:00+00:00,2853.005859375,-0.006535721786356737,0.008803520530087714
2024-11-07 04:00:00+00:00,2839.965087890625,-0.004581366887158495,0.0089762768911719
2024-11-07 05:00:00+00:00,2839.750732421875,-7.548105420527927e-05,0.008995824130321831
2024-11-07 06:00:00+00:00,2804.019775390625,-0.012662256335199799,0.009533235926742028
2024-11-07 07:00:00+00:00,2822.45458984375,0.006552906571047221,0.009546464184578475
2024-11-07 08:00:00+00:00,2821.677001953125,-0.0002755385422533049,0.00957312863910568
2024-11-07 09:00:00+00:00,2824.392822265625,0.0009620215854593886,0.00954760950899384
2024-11-07 10:00:00+00:00,2818.213623046875,-0.0021901941057726397,0.009586348127865423
2024-11-07 11:00:00+00:00,2796.31494140625,-0.007800759204286138,0.009834838695166966
2024-11-07 12:00:00+00:00,2818.618408203125,0.007944380711793105,0.009895477957200157
2024-11-07 13:00:00+00:00,2807.074951171875,-0.004103840182747888,0.009809638146368248
2024-11-07 14:00:00+00:00,2795.2265625,-0.0042298352948034485,0.00984945324751272
2024-11-07 15:00:00+00:00,2844.56689453125,0.01749765883103687,0.010180432093169517
2024-11-07 16:00:00+00:00,2848.736328125,0.0014646802308172257,0.010155001500290169
2024-11-07 17:00:00+00:00,2864.569580078125,0.005542602738664146,0.010121875502242087
2024-11-07 18:00:00+00:00,2880.374267578125,0.005502134673898726,0.010044546868847466
2024-11-07 19:00:00+00:00,2886.400146484375,0.002089861911274283,0.010046306799904042
2024-11-07 20:00:00+00:00,2904.26513671875,0.006170291681877281,0.010060641291424068
2024-11-07 21:00:00+00:00,2893.286376953125,-0.003787382609107775,0.010138376895343332
2024-11-07 22:00:00+00:00,2880.26220703125,-0.004511676597124126,0.009823584856282791
2024-11-07 23:00:00+00:00,2898.311279296875,0.006246915784253152,0.009771361317597552
2024-11-08 00:00:00+00:00,2909.1474609375,0.0037318196137558703,0.009757438204297605
2024-11-08 01:00:00+00:00,2926.228271484375,0.005854244906630461,0.0076402812050922995
2024-11-08 02:00:00+00:00,2890.155517578125,-0.012404001429023506,0.006969814470586929
2024-11-08 03:00:00+00:00,2901.788818359375,0.004017067758328976,0.006853919508800323
2024-11-08 04:00:00+00:00,2905.07373046875,0.0011313897762021262,0.00676086211481441
2024-11-08 05:00:00+00:00,2923.442626953125,0.0063031331383377265,0.006843888843655392
2024-11-08 06:00:00+00:00,2909.693115234375,-0.004714286720251089,0.006315318134968832
2024-11-08 07:00:00+00:00,2916.3662109375,0.002290776062414205,0.0062275825811346705
2024-11-08 08:00:00+00:00,2903.2119140625,-0.004520712324892321,0.006335522018757593
2024-11-08 09:00:00+00:00,2917.850341796875,0.005029480169888688,0.006383465660001808
2024-11-08 10:00:00+00:00,2926.2890625,0.002887927882733361,0.006344841420526817
2024-11-08 11:00:00+00:00,2917.96142578125,-0.0028498581200978586,0.006102864103488168
2024-11-08 12:00:00+00:00,2938.36279296875,0.006967322489330607,0.006063044260149855
2024-11-08 13:00:00+00:00,2950.292724609375,0.004051841010757844,0.005949129152935523
2024-11-08 14:00:00+00:00,2915.159423828125,-0.011979884952938238,0.006491735351561472
2024-11-08 15:00:00+00:00,2937.09033203125,0.007494899151362507,0.005710920277372101
2024-11-08 16:00:00+00:00,2908.815185546875,-0.009673562767267519,0.00613652405933111
2024-11-08 17:00:00+00:00,2923.666748046875,0.005092718594927014,0.006122299489834299
2024-11-08 18:00:00+00:00,2959.526123046875,0.012190597818265207,0.006484731537886308
2024-11-08 19:00:00+00:00,2958.232421875,-0.0004372267582950352,0.006488975711217509
2024-11-08 20:00:00+00:00,2935.851318359375,-0.007594466611881595,0.006621317185713629
2024-11-08 21:00:00+00:00,2941.11474609375,0.0017912062393840706,0.006563738132345788
2024-11-08 22:00:00+00:00,2960.2783203125,0.006494616224707635,0.006569496575824738
2024-11-08 23:00:00+00:00,2961.552978515625,0.00043049460833606383,0.006479647373139469
2024-11-09 00:00:00+00:00,2985.59521484375,0.008085343267709988,0.006621767725324488
2024-11-09 01:00:00+00:00,2988.760498046875,0.001059623380797563,0.006543354895960267
2024-11-09 02:00:00+00:00,2978.798828125,-0.003338610855926756,0.005980568704538699
2024-11-09 03:00:00+00:00,2966.4775390625,-0.004144906289211656,0.006048575009797941
2024-11-09 04:00:00+00:00,2973.467041015625,0.002353390704176858,0.006055582937642327
2024-11-09 05:00:00+00:00,3042.837646484375,0.023061890516704795,0.0074929912249062265
2024-11-09 06:00:00+00:00,3040.1083984375,-0.0008973442177057859,0.007391459652469221
2024-11-09 07:00:00+00:00,3032.266357421875,-0.0025828594876116644,0.007444915518167354
2024-11-09 08:00:00+00:00,3026.93798828125,-0.001758769042971785,0.007366741865913506
2024-11-09 09:00:00+00:00,3048.07861328125,0.0069598856181442665,0.00741461492395847
2024-11-09 10:00:00+00:00,3052.921875,0.0015876945905676843,0.007411217062990934
2024-11-09 11:00:00+00:00,3053.371337890625,0.00014721300657101951,0.007355111282565124
2024-11-09 12:00:00+00:00,3034.672119140625,-0.006142951404509454,0.0074478911575538405
2024-11-09 13:00:00+00:00,3047.24755859375,0.0041353579266762185,0.007449230842852393
2024-11-09 14:00:00+00:00,3041.768310546875,-0.0017997159618433883,0.006929038881344055
2024-11-09 15:00:00+00:00,3043.177734375,0.00046324941681502666,0.006824379311073918
2024-11-09 16:00:00+00:00,3030.69140625,-0.004111496453215911,0.00651670287120615
2024-11-09 17:00:00+00:00,3033.899169921875,0.0010578666212436925,0.006477574669217294
2024-11-09 18:00:00+00:00,3048.179443359375,0.004695861591672897,0.006112252270117078
2024-11-09 19:00:00+00:00,3071.436767578125,0.007600946003835586,0.006235911734849793
2024-11-09 20:00:00+00:00,3087.07666015625,0.005079123845110717,0.0059569443411737425
2024-11-09 21:00:00+00:00,3078.9970703125,-0.0026206609979223857,0.006034228361430497
2024-11-09 22:00:00+00:00,3141.142333984375,0.01998261695698419,0.007026416992600802
2024-11-09 23:00:00+00:00,3131.822998046875,-0.0029712718947103724,0.0071032589019879725
2024-11-10 00:00:00+00:00,3124.521484375,-0.0023341160344785613,0.007054400332875755
2024-11-10 01:00:00+00:00,3115.218017578125,-0.0029820070815824292,0.00712311723740396
2024-11-10 02:00:00+00:00,3130.077392578125,0.004758590927723873,0.007064287978264263
2024-11-10 03:00:00+00:00,3138.273193359375,0.0026149799183085645,0.006939627701677896
2024-11-10 04:00:00+00:00,3183.33349609375,0.01425620672546962,0.0073532015589477025
2024-11-10 05:00:00+00:00,3182.992919921875,-0.00010699299719947754,0.00597484341306612
2024-11-10 06:00:00+00:00,3180.073974609375,-0.0009174649789580387,0.005975250919366283
2024-11-10 07:00:00+00:00,3188.8505859375,0.002756075001437553,0.005900974223390554
2024-11-10 08:00:00+00:00,3185.12841796875,-0.0011679261539992948,0.0058853967181473335
2024-11-10 09:00:00+00:00,3189.923095703125,0.0015042007513623994,0.0057951023735800244
2024-11-10 10:00:00+00:00,3203.1474609375,0.004137099373175337,0.005812559430570112
2024-11-10 11:00:00+00:00,3226.168212890625,0.0071612132618737384,0.005891075098642196
2024-11-10 12:00:00+00:00,3193.46875,-0.010187412741318836,0.006193015446596895
2024-11-10 13:00:00+00:00,3205.64208984375,0.00380470188227032,0.00618871536287405
2024-11-10 14:00:00+00:00,3197.1435546875,-0.0026546383461539544,0.006214612495381924
2024-11-10 15:00:00+00:00,3209.121826171875,0.003739553306392127,0.006213635139266256
2024-11-10 16:00:00+00:00,3213.824951171875,0.0014644760430373202,0.0060694761947730404
2024-11-10 17:00:00+00:00,3219.995849609375,0.0019182692589245788,0.0060634670593881015
2024-11-10 18:00:00+00:00,3229.04150390625,0.0028052745652208584,0.006045689030763728
2024-11-10 19:00:00+00:00,3161.64013671875,-0.021094421623295088,0.007608303547617192
2024-11-10 20:00:00+00:00,3121.4736328125,-0.012785715032834002,0.008072647523023512
2024-11-10 21:00:00+00:00,3170.375732421875,0.015544899919839426,0.008605125921684479
2024-11-10 22:00:00+00:00,3185.874755859375,0.004876791493336699,0.0076751842919257195
2024-11-10 23:00:00+00:00,3191.25048828125,0.0016859426432458031,0.007640045406389082
2024-11-11 00:00:00+00:00,3190.858154296875,-0.00012294807463848908,0.007614106872399492
2024-11-11 01:00:00+00:00,3198.785888671875,0.0024814335163631557,0.007575339756656773
2024-11-11 02:00:00+00:00,3207.320068359375,0.0026643907526366964,0.0075433952060644256
2024-11-11 03:00:00+00:00,3198.830322265625,-0.0026505000807720744,0.007571379997927638
2024-11-11 04:00:00+00:00,3182.95263671875,-0.004975950579948141,0.007087139843326793
2024-11-11 05:00:00+00:00,3119.7919921875,-0.020042937685223097,0.00818318191907739
2024-11-11 06:00:00+00:00,3142.29248046875,0.007186292427630393,0.008345244156663672
2024-11-11 07:00:00+00:00,3144.177490234375,0.0005997037545409227,0.008320256926119755
2024-11-11 08:00:00+00:00,3153.25537109375,0.0028830437250142323,0.00834901795132763
2024-11-11 09:00:00+00:00,3182.44384765625,0.009214036859764182,0.00857159383019778
2024-11-11 10:00:00+00:00,3194.08056640625,0.0036498665770247473,0.008561698862732869
2024-11-11 11:00:00+00:00,3203.07763671875,0.0028128353118434886,0.008446187347566598
2024-11-11 12:00:00+00:00,3177.88916015625,-0.00789491880989122,0.00834181580590555
2024-11-11 13:00:00+00:00,3154.881591796875,-0.007266225319056271,0.008416285950974926
2024-11-11 14:00:00+00:00,3181.75439453125,0.008481776101954679,0.008606665002930622
2024-11-11 15:00:00+00:00,3241.055419921875,0.0184662825926516,0.009389221197431831
2024-11-11 16:00:00+00:00,3281.3359375,0.01235161384131627,0.009700106280144782
2024-11-11 17:00:00+00:00,3298.24169921875,0.005138870564675798,0.009737498336794527
2024-11-11 18:00:00+00:00,3327.682373046875,0.008886569557297991,0.009864797660640565
2024-11-11 19:00:00+00:00,3304.694580078125,-0.006932020053642594,0.008840212751522098
2024-11-11 20:00:00+00:00,3343.3203125,0.011620361172495553,0.008480593693264508
2024-11-11 21:00:00+00:00,3324.4638671875,-0.005656000576202049,0.008201516449685736
2024-11-11 22:00:00+00:00,3343.812744140625,0.005803277933283079,0.008217920788906544
2024-11-11 23:00:00+00:00,3374.517822265625,0.009140750552180702,0.008344808737923991
2024-11-12 00:00:00+00:00,3344.007080078125,-0.009082634172654293,0.008653852023471006
2024-11-12 01:00:00+00:00,3317.216064453125,-0.008043916110303142,0.008889418816030002
2024-11-12 02:00:00+00:00,3308.400390625,-0.00266108945187785,0.008925866550090642
2024-11-12 03:00:00+00:00,3337.82373046875,0.008854210009358965,0.009013380677793252
2024-11-12 04:00:00+00:00,3331.5634765625,-0.0018773106285482992,0.008934361579109651
2024-11-12 05:00:00+00:00,3332.190185546875,0.00018809488405507004,0.007633604934408047
2024-11-12 06:00:00+00:00,3380.416015625,0.014368982295731907,0.007949586842052603
2024-11-12 07:00:00+00:00,3373.54345703125,-0.0020351205818125275,0.00800281980446189
2024-11-12 08:00:00+00:00,3420.005859375,0.013678601455529063,0.008297799414052762
2024-11-12 09:00:00+00:00,3370.1923828125,-0.014672434717731832,0.00897310916637651
2024-11-12 10:00:00+00:00,3292.776123046875,-0.023238814252829868,0.010377481792621171
2024-11-12 11:00:00+00:00,3288.094482421875,-0.001422803059184951,0.010386080232269551
2024-11-12 12:00:00+00:00,3252.339111328125,-0.010933748285652427,0.01051808250182765
2024-11-12 13:00:00+00:00,3261.173583984375,0.002712661657972685,0.010374814395179692
2024-11-12 14:00:00+00:00,3287.02587890625,0.007896042076003166,0.010358058971407551
2024-11-12 15:00:00+00:00,3261.7138671875,-0.007730384394982392,0.009844168701708338
2024-11-12 16:00:00+00:00,3257.353759765625,-0.0013376477501098652,0.009504102285829647
2024-11-12 17:00:00+00:00,3230.892822265625,-0.008156621013139492,0.00956027268047526
2024-11-12 18:00:00+00:00,3290.704345703125,0.01834311410288382,0.010155751204438524
2024-11-12 19:00:00+00:00,3276.9501953125,-0.004188457359425762,0.010095058966215948
2024-11-12 20:00:00+00:00,3290.291015625,0.00406284411827465,0.009819499933933912
2024-11-12 21:00:00+00:00,3279.7763671875,-0.0032007761265456848,0.009777956639753694
2024-11-12 22:00:00+00:00,3290.1064453125,0.0031446791161010073,0.009717559678703148
2024-11-12 23:00:00+00:00,3248.094970703125,-0.012851256831765521,0.009788386074496884
2024-11-13 00:00:00+00:00,3250.712890625,0.000805661628822342,0.009666690167320092
2024-11-13 01:00:00+00:00,3274.81201171875,0.007386143188526377,0.009703308130721842
2024-11-13 02:00:00+00:00,3255.418212890625,-0.005939715807609828,0.009757454668591127
2024-11-13 03:00:00+00:00,3211.720947265625,-0.013513836506103069,0.009875462109302855
2024-11-13 04:00:00+00:00,3196.025634765625,-0.004898865361861548,0.0098983228035851
2024-11-13 05:00:00+00:00,3140.170654296875,-0.017630901816706648,0.01040354396060718
2024-11-13 06:00:00+00:00,3132.19677734375,-0.002542542775319752,0.009766425657490163
2024-11-13 07:00:00+00:00,3163.3857421875,0.009908287250337055,0.010124881165962102
2024-11-13 08:00:00+00:00,3162.703369140625,-0.00021573298684637635,0.009528511106956915
2024-11-13 09:00:00+00:00,3167.296875,0.0014513448620924831,0.009253237649305374
2024-11-13 10:00:00+00:00,3170.892333984375,0.0011345383520404897,0.008161207337085948
2024-11-13 11:00:00+00:00,3172.086669921875,0.00037658518209782784,0.008170893018027738
2024-11-13 12:00:00+00:00,3173.057861328125,0.0003061211321667336,0.007924882655745136
2024-11-13 13:00:00+00:00,3215.5712890625,0.013309288828869491,0.008421966985000348
2024-11-13 14:00:00+00:00,3331.63720703125,0.03545880014241585,0.011086711332895842
2024-11-13 15:00:00+00:00,3310.7158203125,-0.0062994110120700095,0.011043943341551683
2024-11-13 16:00:00+00:00,3289.431396484375,-0.006449703896776238,0.011132312296732632
2024-11-13 17:00:00+00:00,3275.793701171875,-0.004154530796836875,0.011027922531143233
2024-11-13 18:00:00+00:00,3271.8916015625,-0.0011919021427920272,0.010360176313021182
2024-11-13 19:00:00+00:00,3167.24169921875,-0.03250720640487308,0.012266772698443645
2024-11-13 20:00:00+00:00,3161.4013671875,-0.001845682756291805,0.012211139146778079
2024-11-13 21:00:00+00:00,3154.740234375,-0.0021092419081967053,0.012207202610068087
2024-11-13 22:00:00+00:00,3181.1494140625,0.008336424431930337,0.01234057235997557
2024-11-13 23:00:00+00:00,3189.45458984375,0.0026073447607824368,0.012118497972222062
2024-11-14 00:00:00+00:00,3189.8115234375,0.00011190428108322224,0.012115430221499869
2024-11-14 01:00:00+00:00,3214.392578125,0.007676574640846815,0.012124091793294602
2024-11-14 02:00:00+00:00,3207.896728515625,-0.0020229085033054905,0.012077834178675391
2024-11-14 03:00:00+00:00,3213.429443359375,0.0017232316393183504,0.011766658784869335
2024-11-14 04:00:00+00:00,3237.873046875,0.007577917955333066,0.011815308262002852
2024-11-14 05:00:00+00:00,3222.816162109375,-0.004661085385383135,0.011230089238491137
2024-11-14 06:00:00+00:00,3187.69775390625,-0.010956612834855696,0.011476802942580584
2024-11-14 07:00:00+00:00,3221.267578125,0.010475990894915226,0.011497105473425686
2024-11-14 08:00:00+00:00,3205.70654296875,-0.004842423594895492,0.011552753359270557
2024-11-14 09:00:00+00:00,3207.55517578125,0.0005765031725729532,0.011551207703001097
2024-11-14 10:00:00+00:00,3181.87353515625,-0.008038834170771248,0.01168124463117152
2024-11-14 11:00:00+00:00,3189.078125,0.002261700700050077,0.011689211418719455
2024-11-14 12:00:00+00:00,3187.068603515625,-0.000630324751443156,0.011690483341962514
2024-11-14 13:00:00+00:00,3165.0693359375,-0.006926598806280744,0.011429478129031717
2024-11-14 14:00:00+00:00,3123.835693359375,-0.013113326806549615,0.008739749203198543
2024-11-14 15:00:00+00:00,3083.803466796875,-0.012897908688001915,0.008959474263365692
2024-11-14 16:00:00+00:00,3168.619873046875,0.02713239485812004,0.010819737278083255
2024-11-14 17:00:00+00:00,3129.208251953125,-0.012516103902933982,0.011039338375993642
2024-11-14 18:00:00+00:00,3131.078125,0.0005973762188789351,0.011050417589612593
2024-11-14 19:00:00+00:00,3144.716552734375,0.004346365649255652,0.00896673300610877
2024-11-14 20:00:00+00:00,3103.634033203125,-0.013150066078436818,0.009340706798114053
2024-11-14 21:00:00+00:00,3117.546142578125,0.004472505914500506,0.009396083367885751
2024-11-14 22:00:00+00:00,3091.830078125,-0.00828302572346354,0.009329162450125127
2024-11-14 23:00:00+00:00,3057.000244140625,-0.011329051115300491,0.009514626617754925
2024-11-15 00:00:00+00:00,3064.3818359375,0.0024117414264385505,0.009545906159719075
2024-11-15 01:00:00+00:00,3066.417236328125,0.0006639919010278388,0.009352698960104613
2024-11-15 02:00:00+00:00,3082.2080078125,0.005136369700139106,0.009464235170257036
2024-11-15 03:00:00+00:00,3085.94189453125,0.001210699232009014,0.009456831853583354
2024-11-15 04:00:00+00:00,3029.394775390625,-0.018494069556857843,0.009836175176624207
2024-11-15 05:00:00+00:00,3057.764892578125,0.009321366336008939,0.010129214271243026
2024-11-15 06:00:00+00:00,3065.87255859375,0.002647991759067395,0.00999712179072747
2024-11-15 07:00:00+00:00,3042.25390625,-0.007733556335065348,0.009726233064614032
2024-11-15 08:00:00+00:00,3072.482421875,0.009887184092683098,0.010024405709833876
2024-11-15 09:00:00+00:00,3099.029052734375,0.008603012308658809,0.010237669092776054
2024-11-15 10:00:00+00:00,3101.837646484375,0.0009058714138834045,0.010149207694142183
2024-11-15 11:00:00+00:00,3104.535888671875,0.0008695069164672743,0.010133354343541347
2024-11-15 12:00:00+00:00,3102.7255859375,-0.0005832854933227677,0.01013345761801919
2024-11-15 13:00:00+00:00,3102.095947265625,-0.00020295142113819427,0.010058540881623106
2024-11-15 14:00:00+00:00,3055.550048828125,-0.015118369918530524,0.010172614446676647
2024-11-15 15:00:00+00:00,3022.19091796875,-0.010977587245936168,0.010081456466472837
2024-11-15 16:00:00+00:00,3030.04248046875,0.002594601492640701,0.008187562701242905
2024-11-15 17:00:00+00:00,3038.37939453125,0.0027476399891786926,0.007912300622657515
2024-11-15 18:00:00+00:00,3019.818115234375,-0.006127676539370181,0.007963784988264153
2024-11-15 19:00:00+00:00,3041.8115234375,0.007256630980796938,0.00807813091725129
2024-11-15 20:00:00+00:00,3088.843505859375,0.01534351709446641,0.008362865784846888
2024-11-15 21:00:00+00:00,3090.48681640625,0.0005318733584102434,0.008305647448778349
2024-11-15 22:00:00+00:00,3101.736083984375,0.0036333575630210072,0.008166633753047424
2024-11-15 23:00:00+00:00,3087.94482421875,-0.004456217628095557,0.007862044487964917
2024-11-16 00:00:00+00:00,3082.981689453125,-0.0016085545095321126,0.00786058370225866
2024-11-16 01:00:00+00:00,3099.92822265625,0.005481747552630682,0.007932744233814518
2024-11-16 02:00:00+00:00,3111.63671875,0.0037699066406443266,0.00790251391412763
2024-11-16 03:00:00+00:00,3154.72412109375,0.01375218647944922,0.008360141987795574
2024-11-16 04:00:00+00:00,3131.823486328125,-0.007285631953686665,0.007497073822823019
2024-11-16 05:00:00+00:00,3132.6328125,0.000258386725925186,0.007305778239711124
2024-11-16 06:00:00+00:00,3113.000244140625,-0.006286835247895621,0.007444893354936823
2024-11-16 07:00:00+00:00,3109.07958984375,-0.0012602393155935832,0.007243027520410613
2024-11-16 08:00:00+00:00,3119.595703125,0.0033766805231136426,0.007010182467304124
2024-11-16 09:00:00+00:00,3119.18994140625,-0.00013007714720181596,0.00680211972337583
2024-11-16 10:00:00+00:00,3128.506103515625,0.002982273448382559,0.006823727238602655
2024-11-16 11:00:00+00:00,3192.427001953125,0.02022583578819421,0.007939617605386523
2024-11-16 12:00:00+00:00,3176.54345703125,-0.004987800761078433,0.008032108294780195
2024-11-16 13:00:00+00:00,3170.777099609375,-0.0018169427419908065,0.008049179153595903
2024-11-16 14:00:00+00:00,3168.0810546875,-0.0008506406102861529,0.007306319380771034
2024-11-16 15:00:00+00:00,3138.82763671875,-0.009276692969041458,0.00718723433684847
2024-11-16 16:00:00+00:00,3146.9267578125,0.0025769780578318922,0.007187126834946077
2024-11-16 17:00:00+00:00,3169.73095703125,0.007220368530461878,0.007276236604997475
2024-11-16 18:00:00+00:00,3181.670166015625,0.0037595556683405447,0.007087480936467442
2024-11-16 19:00:00+00:00,3170.37548828125,-0.0035562369203731674,0.007094106871847307
2024-11-16 20:00:00+00:00,3148.778076171875,-0.006835566182680437,0.006675142556774771
2024-11-16 21:00:00+00:00,3157.519775390625,0.002772372959098227,0.006686875670546975
2024-11-16 22:00:00+00:00,3140.507568359375,-0.0054024053816192335,0.00677966741456749
2024-11-16 23:00:00+00:00,3133.474853515625,-0.0022418672276627435,0.006723873617700145
2024-11-17 00:00:00+00:00,3151.05224609375,0.005593877831920488,0.006781042859715714
2024-11-17 01:00:00+00:00,3085.197265625,-0.021120844645886885,0.008055693640142634
2024-11-17 02:00:00+00:00,3069.48046875,-0.005107279931387768,0.00806935002473731
2024-11-17 03:00:00+00:00,3079.138916015625,0.0031416663173789777,0.0075227966284413745
2024-11-17 04:00:00+00:00,3112.505615234375,0.010778080705019682,0.007767331247487949
2024-11-17 05:00:00+00:00,3105.477783203125,-0.0022604869049938016,0.007777064688418227
2024-11-17 06:00:00+00:00,3134.837646484375,0.009409806362996613,0.007915986173523253
2024-11-17 07:00:00+00:00,3136.29638671875,0.00046522375473438086,0.00790911496826868
2024-11-17 08:00:00+00:00,3148.099365234375,0.00375628552354454,0.007915780276465726
2024-11-17 09:00:00+00:00,3141.560546875,-0.0020792287044009363,0.007931214132433907
2024-11-17 10:00:00+00:00,3137.893798828125,-0.0011678557599949678,0.007915365972998314
2024-11-17 11:00:00+00:00,3105.77099609375,-0.010289817669625065,0.0069364644040919785
2024-11-17 12:00:00+00:00,3119.60400390625,0.004444079458389501,0.006976449207024171
2024-11-17 13:00:00+00:00,3100.7548828125,-0.006060479509326866,0.007057869314391238
2024-11-17 14:00:00+00:00,3086.81103515625,-0.004507061886775958,0.007095435070662421
2024-11-17 15:00:00+00:00,3085.37353515625,-0.0004657994295586898,0.006877644825938774
2024-11-17 16:00:00+00:00,3094.572509765625,0.0029770426267639646,0.006886451433904196
2024-11-17 17:00:00+00:00,3108.452392578125,0.004475205628194025,0.006771024538480547
2024-11-17 18:00:00+00:00,3082.68701171875,-0.008323356308119274,0.006864780858698166
2024-11-17 19:00:00+00:00,3096.912109375,0.004603898247640517,0.006950589760380805
2024-11-17 20:00:00+00:00,3073.416015625,-0.007615869639743788,0.0069809451956634435
2024-11-17 21:00:00+00:00,3064.101318359375,-0.0030353329889911533,0.006944720511662061
2024-11-17 22:00:00+00:00,3066.4619140625,0.0007701073230290247,0.00689844936164859
2024-11-17 23:00:00+00:00,3076.055908203125,0.003123801092597561,0.006943057801687338
2024-11-18 00:00:00+00:00,3105.103271484375,0.009398747472743909,0.007135474782067597
2024-11-18 01:00:00+00:00,3115.77099609375,0.0034296578285178485,0.005678551065425007
2024-11-18 02:00:00+00:00,3112.251953125,-0.0011300675581780843,0.005567459951691695
2024-11-18 03:00:00+00:00,3108.436767578125,-0.0012266120992458483,0.00555133713803981
2024-11-18 04:00:00+00:00,3102.247314453125,-0.00199316374567437,0.005107058916475586
2024-11-18 05:00:00+00:00,3112.870361328125,0.003418457308165876,0.005135899921739915
2024-11-18 06:00:00+00:00,3137.1728515625,0.007776782299783953,0.005016616309985821
2024-11-18 07:00:00+00:00,3133.141845703125,-0.0012857429361398257,0.005022755661498828
2024-11-18 08:00:00+00:00,3122.686767578125,-0.0033425109622761432,0.004998318842841626
2024-11-18 09:00:00+00:00,3109.591064453125,-0.004202547688658305,0.005049018906853863
2024-11-18 10:00:00+00:00,3117.822509765625,0.002643617613743314,0.005084494421596503
2024-11-18 11:00:00+00:00,3055.424072265625,-0.020216449114142346,0.00621361898332097
2024-11-18 12:00:00+00:00,3085.348388671875,0.009746185343119372,0.00649178956269399
2024-11-18 13:00:00+00:00,3064.758544921875,-0.00669579273945462,0.00651686598956597
2024-11-18 14:00:00+00:00,3082.422119140625,0.00574690213235142,0.0065776616509929066
2024-11-18 15:00:00+00:00,3147.93017578125,0.02102945955607659,0.007858607921015446
2024-11-18 16:00:00+00:00,3168.764404296875,0.0065965842740813956,0.007935827877746236
2024-11-18 17:00:00+00:00,3174.275390625,0.0017376487907908005,0.007903119675534169
2024-11-18 18:00:00+00:00,3162.8388671875,-0.003609382879379845,0.007721105628662646
2024-11-18 19:00:00+00:00,3132.60693359375,-0.009604455966082963,0.007978738362897161
2024-11-18 20:00:00+00:00,3152.446044921875,0.0063131296705210855,0.007870290827853246
2024-11-18 21:00:00+00:00,3147.869140625,-0.0014529130582265322,0.007841082872302873
2024-11-18 22:00:00+00:00,3152.20068359375,0.001375077982348498,0.007840868780588843
2024-11-18 23:00:00+00:00,3203.671630859375,0.016196698084840436,0.008416945132488043
2024-11-19 00:00:00+00:00,3167.611083984375,-0.011319834184295125,0.00865154819240226
2024-11-19 01:00:00+00:00,3145.758544921875,-0.006922650697491562,0.008773534261319731
2024-11-19 02:00:00+00:00,3159.005615234375,0.00420224752901982,0.008800601796108205
2024-11-19 03:00:00+00:00,3151.437744140625,-0.0023985239359189496,0.00881454061383116
2024-11-19 04:00:00+00:00,3127.0087890625,-0.007781886244958628,0.008965700955461212
2024-11-19 05:00:00+00:00,3134.292724609375,0.0023266532738675516,0.008952115075636374
2024-11-19 06:00:00+00:00,3132.337646484375,-0.0006239647378754985,0.008809579963061497
2024-11-19 07:00:00+00:00,3121.4970703125,-0.0034668607408534433,0.008833945135244985
2024-11-19 08:00:00+00:00,3122.010986328125,0.00016462412224781895,0.008807896579554692
2024-11-19 09:00:00+00:00,3114.730712890625,-0.0023346410979958295,0.008777430106368578
2024-11-19 10:00:00+00:00,3122.03271484375,0.002341600855699463,0.00877379390330822
2024-11-19 11:00:00+00:00,3129.186279296875,0.0022886952392599112,0.0076426340581037654
2024-11-19 12:00:00+00:00,3135.057861328125,0.0018746343913036638,0.007416253601866214
2024-11-19 13:00:00+00:00,3088.168212890625,-0.015069526713291636,0.007955056650244898
2024-11-19 14:00:00+00:00,3099.255126953125,0.0035836972255535015,0.007902943971410732
2024-11-19 15:00:00+00:00,3105.785888671875,0.002104986611295967,0.0065685656213282885
2024-11-19 16:00:00+00:00,3114.223388671875,0.0027130201255708506,0.006430952248413252
2024-11-19 17:00:00+00:00,3119.988525390625,0.0018495163275251373,0.006432853838865092
2024-11-19 18:00:00+00:00,3145.036865234375,0.007996287883617741,0.006639018490156038
2024-11-19 19:00:00+00:00,3123.5458984375,-0.006856749541921342,0.006492498405914679
2024-11-19 20:00:00+00:00,3103.078125,-0.006574299999783053,0.006470142092521264
2024-11-19 21:00:00+00:00,3098.822265625,-0.001372437406268512,0.00646973287979854
2024-11-19 22:00:00+00:00,3093.820068359375,-0.0016155295538787396,0.006457735585279337
2024-11-19 23:00:00+00:00,3111.982666015625,0.0058534408172604335,0.005558044935676587
2024-11-20 00:00:00+00:00,3112.598876953125,0.00019799272778722455,0.005127744837828061
2024-11-20 01:00:00+00:00,3101.92333984375,-0.0034356776717549436,0.00499226224636423
2024-11-20 02:00:00+00:00,3089.9619140625,-0.0038635860226941335,0.004927064789973646
2024-11-20 03:00:00+00:00,3100.29443359375,0.0033383202719726502,0.004991000870095772
2024-11-20 04:00:00+00:00,3101.528564453125,0.0003979897123970076,0.004758963270319547
2024-11-20 05:00:00+00:00,3111.05810546875,0.003067819893995465,0.004779387252807921
2024-11-20 06:00:00+00:00,3107.23583984375,-0.001229361667366459,0.004782712647089622
2024-11-20 07:00:00+00:00,3111.95166015625,0.0015165393281108101,0.004748900196793822
2024-11-20 08:00:00+00:00,3125.257568359375,0.004266628840181892,0.004832948756275672
2024-11-20 09:00:00+00:00,3120.35595703125,-0.0015696175610416655,0.004819085957616834
2024-11-20 10:00:00+00:00,3111.87353515625,-0.002722116418681305,0.0048263876304207
2024-11-20 11:00:00+00:00,3102.349853515625,-0.0030651260829253316,0.004833177054556233
2024-11-20 12:00:00+00:00,3094.955810546875,-0.002386213260420124,0.004825817527308877
2024-11-20 13:00:00+00:00,3113.498291015625,0.005973318091485472,0.003891747949750989
2024-11-20 14:00:00+00:00,3118.626953125,0.0016458793962645683,0.003841307870480041
2024-11-20 15:00:00+00:00,3132.149169921875,0.004326578851820689,0.003913793703162908
2024-11-20 16:00:00+00:00,3094.238037109375,-0.012177720420944057,0.004636786980197242
2024-11-20 17:00:00+00:00,3075.93896484375,-0.005931475194386811,0.0047528467271770744
2024-11-20 18:00:00+00:00,3052.5517578125,-0.0076323263327358285,0.004592884353717645
2024-11-20 19:00:00+00:00,3060.810791015625,0.0027019625163133294,0.004498451558212757
2024-11-20 20:00:00+00:00,3072.05224609375,0.003665977081163475,0.004416333100043154
2024-11-20 21:00:00+00:00,3081.129150390625,0.002950314738360081,0.004463640490000109
2024-11-20 22:00:00+00:00,3076.91796875,-0.0013677005763695054,0.004460602187961178
2024-11-20 23:00:00+00:00,3068.2275390625,-0.002828390465260839,0.004294908077360243
2024-11-21 00:00:00+00:00,3082.874267578125,0.0047623195511859485,0.0044302407304613566
2024-11-21 01:00:00+00:00,3081.83203125,-0.00033813008683099407,0.00438281894381084
2024-11-21 02:00:00+00:00,3057.582763671875,-0.007899578214191997,0.004598776471541364
2024-11-21 03:00:00+00:00,3083.712646484375,0.008509618491570526,0.004895053765255932
2024-11-21 04:00:00+00:00,3135.42236328125,0.016629614368609963,0.005984681717475011
2024-11-21 05:00:00+00:00,3110.793212890625,-0.00788614409263246,0.006190733360048444
2024-11-21 06:00:00+00:00,3128.551025390625,0.005692220134014216,0.006291547484330156
2024-11-21 07:00:00+00:00,3139.0947265625,0.0033644885289253446,0.006318526678338732
2024-11-21 08:00:00+00:00,3145.41015625,0.002009842280713495,0.006274528533518976
2024-11-21 09:00:00+00:00,3125.239501953125,-0.0064333761142527065,0.006413462189057087
2024-11-21 10:00:00+00:00,3132.927490234375,0.0024569469489331003,0.006402722113829163
2024-11-21 11:00:00+00:00,3147.834716796875,0.004746957157076765,0.006423758990731535
2024-11-21 12:00:00+00:00,3291.510498046875,0.04463175237962997,0.011006413312869437
2024-11-21 13:00:00+00:00,3346.631591796875,0.01660776763950783,0.011358017951432781
2024-11-21 14:00:00+00:00,3346.960205078125,9.818742806145923e-05,0.01137047849452646
2024-11-21 15:00:00+00:00,3282.213134765625,-0.01953460135687911,0.012253267832274973
2024-11-21 16:00:00+00:00,3331.79833984375,0.014994269144321191,0.012145995529068997
2024-11-21 17:00:00+00:00,3343.353271484375,0.00346207662532785,0.01199330049648579
2024-11-21 18:00:00+00:00,3380.200439453125,0.010960732507405781,0.011844312210918015
2024-11-21 19:00:00+00:00,3350.6103515625,-0.00879248561216462,0.012138300283149227
2024-11-21 20:00:00+00:00,3354.478759765625,0.001153872399934594,0.012150055302647771
2024-11-21 21:00:00+00:00,3346.070068359375,-0.002509852860132918,0.012214958623917546
2024-11-21 22:00:00+00:00,3374.118896484375,0.008347679254409516,0.012209787133938972
2024-11-21 23:00:00+00:00,3362.2568359375,-0.003521796668870535,0.012227065440066433
2024-11-22 00:00:00+00:00,3322.222900390625,-0.011978318671824995,0.01264105458017354
2024-11-22 01:00:00+00:00,3322.674560546875,0.00013594194932292465,0.012635792592160544
2024-11-22 02:00:00+00:00,3333.42041015625,0.00322887789092928,0.012415516679411785
2024-11-22 03:00:00+00:00,3374.269775390625,0.012180011035843102,0.012500947847560324
2024-11-22 04:00:00+00:00,3391.569580078125,0.005113879145000803,0.012202615696801047
2024-11-22 05:00:00+00:00,3381.658447265625,-0.002926563182686365,0.012046433381129564
2024-11-22 06:00:00+00:00,3373.169921875,-0.0025133221438328767,0.01209721458934725
2024-11-22 07:00:00+00:00,3364.44384765625,-0.0025902580338251447,0.012153277596312155
2024-11-22 08:00:00+00:00,3375.993408203125,0.003426950333226975,0.012152264616261106
2024-11-22 09:00:00+00:00,3368.340087890625,-0.002269556688455116,0.012041731631947978
2024-11-22 10:00:00+00:00,3327.944091796875,-0.012065344018911234,0.012435011669920023
2024-11-22 11:00:00+00:00,3347.89697265625,0.0059776558729734775,0.012447142748527186
2024-11-22 12:00:00+00:00,3352.769287109375,0.0014542778652014956,0.008641586876308904
2024-11-22 13:00:00+00:00,3296.277099609375,-0.01699297721930213,0.008685585653738528
2024-11-22 14:00:00+00:00,3288.217041015625,-0.002448194940227942,0.008691832585502523
2024-11-22 15:00:00+00:00,3317.60986328125,0.008899117906015329,0.007922083889510824
2024-11-22 16:00:00+00:00,3312.233154296875,-0.001621972088590965,0.0072968668819577585
2024-11-22 17:00:00+00:00,3299.74462890625,-0.003777550575916602,0.007286571944777496
2024-11-22 18:00:00+00:00,3283.2177734375,-0.005021110308985877,0.006909699224043286
2024-11-22 19:00:00+00:00,3285.44384765625,0.0006777862622188057,0.006726002401871002
2024-11-22 20:00:00+00:00,3298.98193359375,0.004112159652039655,0.006790515129485037
2024-11-22 21:00:00+00:00,3318.4521484375,0.005884537960352661,0.006908147334327405
2024-11-22 22:00:00+00:00,3313.548095703125,-0.0014789063473085663,0.006657165246202198
2024-11-22 23:00:00+00:00,3330.251220703125,0.005028195282924841,0.006731015130206829
2024-11-23 00:00:00+00:00,3346.592041015625,0.004894784046186814,0.006338687414565932
2024-11-23 01:00:00+00:00,3342.467529296875,-0.0012332113948490839,0.006346427005981954
2024-11-23 02:00:00+00:00,3328.7607421875,-0.004109230216400384,0.006373254229354774
2024-11-23 03:00:00+00:00,3346.699951171875,0.00537468588100055,0.005941870932602929
2024-11-23 04:00:00+00:00,3357.0712890625,0.0030941826006673197,0.005875170699824047
2024-11-23 05:00:00+00:00,3352.356689453125,-0.0014053658226713683,0.0058551924662443
2024-11-23 06:00:00+00:00,3347.313232421875,-0.0015055840191423638,0.005842698631469127
2024-11-23 07:00:00+00:00,3346.8642578125,-0.00013413884250996472,0.005822692119930776
2024-11-23 08:00:00+00:00,3370.69580078125,0.0070953270953737465,0.005968856000360272
2024-11-23 09:00:00+00:00,3364.06201171875,-0.00197001626269183,0.00596435828236965
2024-11-23 10:00:00+00:00,3353.20703125,-0.003231965207351268,0.005440386446317809
2024-11-23 11:00:00+00:00,3359.788818359375,0.001960909664129615,0.005319044646802643
2024-11-23 12:00:00+00:00,3408.2412109375,0.014318263998576792,0.006053827633689246
2024-11-23 13:00:00+00:00,3447.957275390625,0.01158557727698441,0.005172150742973921
2024-11-23 14:00:00+00:00,3475.751220703125,0.00802867267646208,0.005233216105478661
2024-11-23 15:00:00+00:00,3469.989501953125,-0.0016590656926768858,0.005097335203407406
2024-11-23 16:00:00+00:00,3416.4140625,-0.015560087324147489,0.006189597762385465
2024-11-23 17:00:00+00:00,3430.603759765625,0.004144787686552747,0.006118413150414744
2024-11-23 18:00:00+00:00,3429.212158203125,-0.00040572563410763024,0.005971351419821491
2024-11-23 19:00:00+00:00,3412.654541015625,-0.004840097078579757,0.006121294753578922
2024-11-23 20:00:00+00:00,3406.150146484375,-0.0019077820240177372,0.006136466198275532
2024-11-23 21:00:00+00:00,3419.347412109375,0.003867053488132839,0.0060849937547423245
2024-11-23 22:00:00+00:00,3410.422119140625,-0.0026136454557478795,0.006111453941105575
2024-11-23 23:00:00+00:00,3397.25390625,-0.0038686415936624928,0.00613896047767346
2024-11-24 00:00:00+00:00,3424.2734375,0.007921883528998142,0.006256085170137715
2024-11-24 01:00:00+00:00,3438.021240234375,0.004006770846343496,0.006267782071739056
2024-11-24 02:00:00+00:00,3434.5947265625,-0.0009971498399871483,0.006185368963333823
2024-11-24 03:00:00+00:00,3430.507080078125,-0.0011908481716862772,0.006142550814877334
2024-11-24 04:00:00+00:00,3416.392578125,-0.004122894346700233,0.006213381849974335
2024-11-24 05:00:00+00:00,3416.9345703125,0.00015863200366763027,0.0061981970250467215
2024-11-24 06:00:00+00:00,3427.8935546875,0.003202123863141706,0.006196716850996162
2024-11-24 07:00:00+00:00,3425.830078125,-0.0006021476019164742,0.00620114681957405
2024-11-24 08:00:00+00:00,3402.05029296875,-0.006965523708796104,0.006261368750668099
2024-11-24 09:00:00+00:00,3406.6279296875,0.0013446478916405904,0.0062436776637624205
2024-11-24 10:00:00+00:00,3381.533203125,-0.007393708072733121,0.006408150796810652
2024-11-24 11:00:00+00:00,3348.992919921875,-0.009669537314241484,0.006713557729477526
2024-11-24 12:00:00+00:00,3316.546142578125,-0.009735756801656557,0.006241047374186137
2024-11-24 13:00:00+00:00,3325.55078125,0.0027113859649121213,0.005693404855619748
2024-11-24 14:00:00+00:00,3329.826904296875,0.0012850130638195356,0.0053589630768974455
2024-11-24 15:00:00+00:00,3296.594482421875,-0.01003036135377027,0.005616513872356833
2024-11-24 16:00:00+00:00,3320.700439453125,0.0072857758191286525,0.0051598458155078025
2024-11-24 17:00:00+00:00,3309.79052734375,-0.003290833819041919,0.00504799334140269
2024-11-24 18:00:00+00:00,3328.15576171875,0.005533422668786955,0.005245369603267035
2024-11-24 19:00:00+00:00,3329.32568359375,0.00035146080290363285,0.005197552281414239
2024-11-24 20:00:00+00:00,3342.318359375,0.003894899704701837,0.005289103381832343
2024-11-24 21:00:00+00:00,3347.82763671875,0.001646983068027887,0.005223147834468035
2024-11-24 22:00:00+00:00,3358.9287109375,0.003310418265175931,0.005277392318333012
2024-11-24 23:00:00+00:00,3363.1728515625,0.0012627423580217185,0.005244486700140564
2024-11-25 00:00:00+00:00,3354.276611328125,-0.002648697391638667,0.004948995511813852
2024-11-25 01:00:00+00:00,3332.04638671875,-0.006649486280025774,0.004971301534778137
2024-11-25 02:00:00+00:00,3338.21533203125,0.0018496866634176597,0.0050127462753351325
2024-11-25 03:00:00+00:00,3366.055419921875,0.008305227800960147,0.005374093837627922
2024-11-25 04:00:00+00:00,3371.7822265625,0.0016998949277586908,0.005348474797360984
2024-11-25 05:00:00+00:00,3384.763916015625,0.0038427045870942735,0.005421988670096318
2024-11-25 06:00:00+00:00,3384.501708984375,-7.746986036796097e-05,0.005368474941087385
2024-11-25 07:00:00+00:00,3400.820556640625,0.00481005278186293,0.005477904952828042
2024-11-25 08:00:00+00:00,3416.217041015625,0.004517067812362976,0.005371316538096007
2024-11-25 09:00:00+00:00,3476.184814453125,0.017401564199638446,0.00642101576293847
2024-11-25 10:00:00+00:00,3501.4228515625,0.0072340401980145585,0.006298335205045946
2024-11-25 11:00:00+00:00,3475.43310546875,-0.007450308984925441,0.006142320602487819
2024-11-25 12:00:00+00:00,3486.8310546875,0.0032742105554041897,0.005658586728435045
2024-11-25 13:00:00+00:00,3481.727294921875,-0.001464796711783566,0.005702566644494738
2024-11-25 14:00:00+00:00,3420.94580078125,-0.017611456983720575,0.006959027294697346
2024-11-25 15:00:00+00:00,3525.135009765625,0.030001673395844603,0.008738975565749109
2024-11-25 16:00:00+00:00,3487.65673828125,-0.010688647159584314,0.009099943250370869
2024-11-25 17:00:00+00:00,3462.326904296875,-0.007289210288897724,0.009237419017915811
2024-11-25 18:00:00+00:00,3446.029296875,-0.004718238950555752,0.009297833953311845
2024-11-25 19:00:00+00:00,3468.481201171875,0.0064941641814541306,0.009350670443985416
2024-11-25 20:00:00+00:00,3495.367919921875,0.00772183655322247,0.009421976360739336
2024-11-25 21:00:00+00:00,3431.33642578125,-0.018488826709124974,0.010298066614271907
2024-11-25 22:00:00+00:00,3449.94189453125,0.005407574936556979,0.010327144382348918
2024-11-25 23:00:00+00:00,3416.7734375,-0.009660722308546043,0.010558425612694131
2024-11-26 00:00:00+00:00,3434.14599609375,0.005071610022301303,0.010570873769348534
2024-11-26 01:00:00+00:00,3452.00830078125,0.005187901397515241,0.010475114331009448
2024-11-26 02:00:00+00:00,3445.8876953125,-0.0017746301418647074,0.010495563555219228
2024-11-26 03:00:00+00:00,3439.3515625,-0.0018985933621579983,0.010406709355005756
2024-11-26 04:00:00+00:00,3419.907470703125,-0.005669458985282471,0.010490388877096435
2024-11-26 05:00:00+00:00,3431.72119140625,0.003448445031946553,0.010485382147646034
2024-11-26 06:00:00+00:00,3425.86474609375,-0.0017080199328574385,0.010495065418187111
2024-11-26 07:00:00+00:00,3401.002685546875,-0.007283624798407677,0.0105695003249256
2024-11-26 08:00:00+00:00,3365.92724609375,-0.010366814475441207,0.01072853307127651
2024-11-26 09:00:00+00:00,3361.631591796875,-0.0012770322740143403,0.010018521653885669
2024-11-26 10:00:00+00:00,3320.906494140625,-0.01218866284632089,0.010075379946196797
2024-11-26 11:00:00+00:00,3324.398193359375,0.0010508771845041136,0.010032317161778175
2024-11-26 12:00:00+00:00,3313.9033203125,-0.003161917779418752,0.00997521099873996
2024-11-26 13:00:00+00:00,3313.282958984375,-0.00018721710958235447,0.009982262775403742
2024-11-26 14:00:00+00:00,3352.56787109375,0.011787052529651268,0.009793730967725116
2024-11-26 15:00:00+00:00,3299.260009765625,-0.01602837702656234,0.007794016606569953
2024-11-26 16:00:00+00:00,3331.635986328125,0.009765266673893394,0.008004693960329724
2024-11-26 17:00:00+00:00,3330.276611328125,-0.00040810352851069944,0.007926380537399648
2024-11-26 18:00:00+00:00,3289.705810546875,-0.012257225514953504,0.008199184829951077
2024-11-26 19:00:00+00:00,3295.967529296875,0.001901618957946639,0.00804608598001383
2024-11-26 20:00:00+00:00,3323.12109375,0.008204669350462945,0.008072339625428925
2024-11-26 21:00:00+00:00,3325.894287109375,0.000834166673208579,0.00729328377110457
2024-11-26 22:00:00+00:00,3327.104248046875,0.0003637340199147713,0.0071630921441464095
2024-11-26 23:00:00+00:00,3326.648193359375,-0.000137081952546365,0.006952668783375699
2024-11-27 00:00:00+00:00,3307.287841796875,-0.005836778173281748,0.006886975301878744
2024-11-27 01:00:00+00:00,3342.451171875,0.010575951254309296,0.007197605542519978
2024-11-27 02:00:00+00:00,3362.4189453125,0.005956217531656785,0.007348888815751209
2024-11-27 03:00:00+00:00,3362.734130859375,9.373334511071742e-05,0.007349805422942898
2024-11-27 04:00:00+00:00,3396.31396484375,0.009936343043899197,0.007599171485873779
2024-11-27 05:00:00+00:00,3398.477783203125,0.0006369050039371631,0.007560632894181883
2024-11-27 06:00:00+00:00,3425.190673828125,0.007829520808207669,0.0077377773538504935
2024-11-27 07:00:00+00:00,3422.245849609375,-0.0008601246291871526,0.007584762465048225
2024-11-27 08:00:00+00:00,3418.77783203125,-0.0010138885747514282,0.007247840366905313
2024-11-27 09:00:00+00:00,3410.74951171875,-0.002351062850019712,0.007263549283909801
2024-11-27 10:00:00+00:00,3457.39892578125,0.013584485503838742,0.00719481466991567
2024-11-27 11:00:00+00:00,3459.650390625,0.0006509899872831113,0.0071967935678907595
2024-11-27 12:00:00+00:00,3481.2080078125,0.006211821440451707,0.007177970404840824
2024-11-27 13:00:00+00:00,3496.7880859375,0.004465495195299117,0.007177689003715198
2024-11-27 14:00:00+00:00,3526.89990234375,0.008574413027095917,0.0070202486237787125
2024-11-27 15:00:00+00:00,3561.59033203125,0.009787897138536804,0.006027457160179142
2024-11-27 16:00:00+00:00,3553.885498046875,-0.002165656149980551,0.005952940715197107
2024-11-27 17:00:00+00:00,3565.215087890625,0.003182873811570447,0.005916684428719067
2024-11-27 18:00:00+00:00,3591.44677734375,0.007330738106850643,0.005027763496729959
2024-11-27 19:00:00+00:00,3594.860107421875,0.0009499539581440913,0.005045925858491391
2024-11-27 20:00:00+00:00,3625.9462890625,0.008610222178442945,0.005062609114159388
2024-11-27 21:00:00+00:00,3631.099609375,0.0014202255989077448,0.0050499157286787565
2024-11-27 22:00:00+00:00,3675.451416015625,0.012140434313470899,0.005282678061985337
2024-11-27 23:00:00+00:00,3660.0947265625,-0.004186930758446098,0.00548629465943578
2024-11-28 00:00:00+00:00,3644.150390625,-0.004365779353415358,0.005379021832487704
2024-11-28 01:00:00+00:00,3643.0068359375,-0.00031385481644853223,0.005261868315416245
2024-11-28 02:00:00+00:00,3622.541259765625,-0.005633609475720115,0.005558514584566314
2024-11-28 03:00:00+00:00,3599.82666015625,-0.006290090661001463,0.00585376991070271
2024-11-28 04:00:00+00:00,3607.0263671875,0.001998017553315004,0.005656233496743073
2024-11-28 05:00:00+00:00,3592.87158203125,-0.003931945561560087,0.00579707945481737
2024-11-28 06:00:00+00:00,3596.2333984375,0.0009352531811488263,0.005681744810846683
2024-11-28 07:00:00+00:00,3590.406982421875,-0.0016214578672043786,0.0057006786549366134
2024-11-28 08:00:00+00:00,3628.72021484375,0.010614466567409967,0.005923313682528062
2024-11-28 09:00:00+00:00,3601.95166015625,-0.007404201834283074,0.006186579334679587
2024-11-28 10:00:00+00:00,3605.9892578125,0.001120319415629158,0.005699709513287255
2024-11-28 11:00:00+00:00,3621.7822265625,0.0043700866631415595,0.005718961136196854
2024-11-28 12:00:00+00:00,3626.1533203125,0.0012061625690964475,0.005646000282056959
2024-11-28 13:00:00+00:00,3595.1826171875,-0.008577607601377364,0.005985720631449058
2024-11-28 14:00:00+00:00,3571.27001953125,-0.00667350713536587,0.005973317437930666
2024-11-28 15:00:00+00:00,3542.05810546875,-0.008213336364057319,0.005888678900015786
2024-11-28 16:00:00+00:00,3542.14208984375,2.3710333612338033e-05,0.00587431584556635
2024-11-28 17:00:00+00:00,3553.532470703125,0.0032105166453065517,0.0058749979356393835
2024-11-28 18:00:00+00:00,3578.482177734375,0.006996566899844325,0.00585689853217392
2024-11-28 19:00:00+00:00,3575.13671875,-0.0009353193891581658,0.005854136958453989
2024-11-28 20:00:00+00:00,3557.0234375,-0.005079336357063914,0.00561755829295446
2024-11-28 21:00:00+00:00,3571.49169921875,0.004059269373267679,0.005688283469278332
2024-11-28 22:00:00+00:00,3591.484619140625,0.005582308513059269,0.005179957727521619
2024-11-28 23:00:00+00:00,3580.324951171875,-0.003112095173818519,0.0051554602512675525
2024-11-29 00:00:00+00:00,3560.306640625,-0.005606888615608481,0.0051975984154859645
2024-11-29 01:00:00+00:00,3566.052978515625,0.0016126997353920025,0.005222985504614076
2024-11-29 02:00:00+00:00,3590.540283203125,0.006843311993708657,0.005349667974554127
2024-11-29 03:00:00+00:00,3584.6005859375,-0.001655632615648265,0.005208452903389566
2024-11-29 04:00:00+00:00,3577.12158203125,-0.0020886056313350384,0.005201063631944737
2024-11-29 05:00:00+00:00,3577.485107421875,0.00010161995109343244,0.005145048483352007
2024-11-29 06:00:00+00:00,3559.965087890625,-0.004909331551209791,0.005227678523591661
2024-11-29 07:00:00+00:00,3545.072998046875,-0.00419198643878721,0.005279391147250815
2024-11-29 08:00:00+00:00,3568.6484375,0.00662818356832069,0.004967013216327423
2024-11-29 09:00:00+00:00,3572.24658203125,0.001007757382211532,0.004765751279414549
2024-11-29 10:00:00+00:00,3584.306640625,0.003370357107588314,0.004817679607414201
2024-11-29 11:00:00+00:00,3596.141845703125,0.0032965115809719682,0.004777722690787017
2024-11-29 12:00:00+00:00,3588.91162109375,-0.0020125743206398754,0.004778897734047317
2024-11-29 13:00:00+00:00,3608.13525390625,0.005342101799097716,0.004587957780390565
2024-11-29 14:00:00+00:00,3638.037109375,0.008253191809492251,0.004634265913385393
2024-11-29 15:00:00+00:00,3625.06689453125,-0.0035715387316469175,0.00432983534193719
2024-11-29 16:00:00+00:00,3602.660400390625,-0.006200169155719977,0.0045684836562860116
2024-11-29 17:00:00+00:00,3589.502197265625,-0.0036590434732691707,0.004619650552444177
2024-11-29 18:00:00+00:00,3577.33642578125,-0.003395020820098402,0.004460664931235456
2024-11-29 19:00:00+00:00,3585.52978515625,0.0022877330686338544,0.004480175177376126
2024-11-29 20:00:00+00:00,3595.971923828125,0.002908067547427687,0.004372453574958124
2024-11-29 21:00:00+00:00,3593.276611328125,-0.0007498176236642182,0.004309783177568355
2024-11-29 22:00:00+00:00,3597.683349609375,0.0012256329771906647,0.004164885606282489
2024-11-29 23:00:00+00:00,3593.668212890625,-0.0011166571682856535,0.004118217127553894
2024-11-30 00:00:00+00:00,3594.481201171875,0.00022620238892816422,0.003931265056158799
2024-11-30 01:00:00+00:00,3605.345947265625,0.0030180597719124376,0.003960501954807059
2024-11-30 02:00:00+00:00,3621.067138671875,0.0043510427708806304,0.003815791091461435
2024-11-30 03:00:00+00:00,3660.12548828125,0.010728661157051197,0.004334499698205096
2024-11-30 04:00:00+00:00,3649.475830078125,-0.002913884157169689,0.004362166553245726
2024-11-30 05:00:00+00:00,3692.602294921875,0.011747889387470609,0.0048926374087194776
2024-11-30 06:00:00+00:00,3695.553466796875,0.000798892748648158,0.004712080433332105
2024-11-30 07:00:00+00:00,3701.9814453125,0.0017378708474671462,0.004550184673547211
2024-11-30 08:00:00+00:00,3697.925537109375,-0.001096205295259369,0.004466577153123716
2024-11-30 09:00:00+00:00,3693.517822265625,-0.0011926534918592603,0.004499214498955044
2024-11-30 10:00:00+00:00,3644.18017578125,-0.013447920598695918,0.005397577696433326
2024-11-30 11:00:00+00:00,3655.72021484375,0.0031617003132007105,0.005394816952639988
2024-11-30 12:00:00+00:00,3679.5654296875,0.0065015324539099235,0.00548885773035974
2024-11-30 13:00:00+00:00,3673.16943359375,-0.0017397601915325068,0.00543760933545272
2024-11-30 14:00:00+00:00,3656.11181640625,-0.004654657776924027,0.005299214223844763
2024-11-30 15:00:00+00:00,3680.235107421875,0.006576400546067627,0.0053887550928821215
2024-11-30 16:00:00+00:00,3678.850830078125,-0.0003762090487414768,0.005195505849196383
2024-11-30 17:00:00+00:00,3678.059814453125,-0.00021504016190170683,0.005111804715373898
2024-11-30 18:00:00+00:00,3673.822998046875,-0.001152580089572786,0.005047775973407416
2024-11-30 19:00:00+00:00,3692.977294921875,0.0052001789860516455,0.005111948015731008
2024-11-30 20:00:00+00:00,3712.84814453125,0.005366288324498797,0.005171309189574418
2024-11-30 21:00:00+00:00,3722.94921875,0.002716878886989217,0.005159012227654422
2024-11-30 22:00:00+00:00,3711.128173828125,-0.0031802345498149406,0.005246006923055885
2024-11-30 23:00:00+00:00,3709.0322265625,-0.0005649331573096449,0.00523618550583459
2024-12-01 00:00:00+00:00,3694.768798828125,-0.003853006133277782,0.005338327044423024
2024-12-01 01:00:00+00:00,3711.1416015625,0.0044215575191837815,0.005367328052520229
2024-12-01 02:00:00+00:00,3663.41357421875,-0.012944155304666097,0.0060448647385594025
2024-12-01 03:00:00+00:00,3708.40673828125,0.012206950483067183,0.006160219808573014
2024-12-01 04:00:00+00:00,3704.2646484375,-0.0011175701872556587,0.006127178125544395
2024-12-01 05:00:00+00:00,3686.38134765625,-0.004839451299212859,0.005740830194176662
2024-12-01 06:00:00+00:00,3700.109130859375,0.0037170017475609313,0.005790723882869102
2024-12-01 07:00:00+00:00,3704.232666015625,0.0011138155681278956,0.0057842189467858145
2024-12-01 08:00:00+00:00,3707.461181640625,0.0008711951398854264,0.005781573843399209
2024-12-01 09:00:00+00:00,3703.237548828125,-0.0011398745039934292,0.005781067898135305
2024-12-01 10:00:00+00:00,3684.05517578125,-0.005193354825870147,0.00515057879433438
2024-12-01 11:00:00+00:00,3693.34765625,0.0025191752693145904,0.0051375430466696305
2024-12-01 12:00:00+00:00,3684.365966796875,-0.002434817708910253,0.0050001164936718774
2024-12-01 13:00:00+00:00,3706.389892578125,0.005959875117319575,0.0051254412038804304
2024-12-01 14:00:00+00:00,3710.4052734375,0.0010827806786631946,0.005013215823118577
2024-12-01 15:00:00+00:00,3729.079345703125,0.0050202702047286605,0.004942312376529446
2024-12-01 16:00:00+00:00,3729.857177734375,0.00020856378965691328,0.004938991263827792
2024-12-01 17:00:00+00:00,3723.573974609375,-0.0016859898441243745,0.004958293969252108
2024-12-01 18:00:00+00:00,3712.244140625,-0.0030473695232000535,0.005000860703168319
2024-12-01 19:00:00+00:00,3709.845703125,-0.0006462971033704443,0.004899948456277802
2024-12-01 20:00:00+00:00,3691.844482421875,-0.004864093401200504,0.004874981005220238
2024-12-01 21:00:00+00:00,3705.77294921875,0.0037656673610595524,0.004907199350382852
2024-12-01 22:00:00+00:00,3724.24755859375,0.004972973474128516,0.004973156720858309
2024-12-01 23:00:00+00:00,3709.106689453125,-0.004073770622172075,0.005046039963024611
2024-12-02 00:00:00+00:00,3705.707763671875,-0.0009167932767048161,0.004983750389525941
2024-12-02 01:00:00+00:00,3733.412109375,0.007448320300357268,0.005133303797592073
2024-12-02 02:00:00+00:00,3736.56494140625,0.0008441343787358299,0.0042957703060139225
2024-12-02 03:00:00+00:00,3685.40283203125,-0.013786888150077895,0.004569163459644731
2024-12-02 04:00:00+00:00,3691.08349609375,0.0015402089647571114,0.004579652460652604
2024-12-02 05:00:00+00:00,3681.360107421875,-0.0026377670234147593,0.004503011386715561
2024-12-02 06:00:00+00:00,3681.453857421875,2.5465807082163014e-05,0.004430972976021266
2024-12-02 07:00:00+00:00,3668.506103515625,-0.003523221179034143,0.004471622555436093
2024-12-02 08:00:00+00:00,3607.34326171875,-0.016812960106825252,0.005573611445112228
2024-12-02 09:00:00+00:00,3622.9892578125,0.004327884083623389,0.005684294074872543
2024-12-02 10:00:00+00:00,3575.4228515625,-0.013215997601847287,0.0061627237813097705
2024-12-02 11:00:00+00:00,3591.58642578125,0.004510556913605883,0.006228690184426248
2024-12-02 12:00:00+00:00,3594.38232421875,0.0007781549505296817,0.006234717321138833
2024-12-02 13:00:00+00:00,3627.765380859375,0.009244699986479803,0.006427902299068362
2024-12-02 14:00:00+00:00,3643.34521484375,0.004285413520435798,0.006503509948890547
2024-12-02 15:00:00+00:00,3677.794189453125,0.00941089274608992,0.006730952627097068
2024-12-02 16:00:00+00:00,3628.882080078125,-0.013388533501326504,0.007216666393975958
2024-12-02 17:00:00+00:00,3560.157470703125,-0.019119856695334055,0.00809733006701428
2024-12-02 18:00:00+00:00,3623.597412109375,0.017662515406810627,0.009017606155576058
2024-12-02 19:00:00+00:00,3609.99658203125,-0.0037604670974651735,0.009034578818322191
2024-12-02 20:00:00+00:00,3612.621337890625,0.0007268156793070474,0.009006329110021848
2024-12-02 21:00:00+00:00,3617.739501953125,0.0014157425972902138,0.008966040207773276
2024-12-02 22:00:00+00:00,3617.970947265625,6.397307194723045e-05,0.008879388262644722
2024-12-02 23:00:00+00:00,3643.47119140625,0.007023494363706897,0.009011532440323381
2024-12-03 00:00:00+00:00,3640.1640625,-0.0009080985025281114,0.009011525363293504
2024-12-03 01:00:00+00:00,3621.1142578125,-0.005246968247640387,0.0088814237639375
2024-12-03 02:00:00+00:00,3640.340087890625,0.005295323522776164,0.00897354504153376
2024-12-03 03:00:00+00:00,3642.01416015625,0.00045976129094871476,0.0085585299822318
2024-12-03 04:00:00+00:00,3644.68017578125,0.0007317490266643918,0.00855176593630867
2024-12-03 05:00:00+00:00,3655.40380859375,0.0029379499054848416,0.00856765628772791
2024-12-03 06:00:00+00:00,3634.111572265625,-0.0058418964143164605,0.008641512380199575
2024-12-03 07:00:00+00:00,3618.77099609375,-0.004230207480536121,0.008653323379441935
2024-12-03 08:00:00+00:00,3614.412109375,-0.0012052473116864334,0.00793621566980655
2024-12-03 09:00:00+00:00,3607.234375,-0.0019878394086726013,0.007893889171857394
2024-12-03 10:00:00+00:00,3590.3466796875,-0.004692611635477444,0.007461893481688692
2024-12-03 11:00:00+00:00,3613.8193359375,0.006516434868599042,0.00752356166191533
2024-12-03 12:00:00+00:00,3606.201171875,-0.002110289543204116,0.007537953644770036
2024-12-03 13:00:00+00:00,3543.60693359375,-0.01750979511494387,0.008090519108275523
2024-12-03 14:00:00+00:00,3584.4150390625,0.011450175511535437,0.008418707043653677
2024-12-03 15:00:00+00:00,3565.045166015625,-0.005418568642747824,0.00818693926649909
2024-12-03 16:00:00+00:00,3555.3828125,-0.002713982776207719,0.007781415521043801
2024-12-03 17:00:00+00:00,3577.153076171875,0.006104513630925128,0.006855199007071329
2024-12-03 18:00:00+00:00,3581.61865234375,0.0012475818256069623,0.005769996980006256
2024-12-03 19:00:00+00:00,3579.122802734375,-0.0006970925360457083,0.005728131822288006
2024-12-03 20:00:00+00:00,3609.14404296875,0.008352893800179458,0.005996165972046051
2024-12-03 21:00:00+00:00,3615.68310546875,0.0018101649080859417,0.006000868367453445
2024-12-03 22:00:00+00:00,3626.713623046875,0.0030460982795317702,0.006033547744476172
2024-12-03 23:00:00+00:00,3621.760009765625,-0.0013668019788330183,0.0058554250382320035
2024-12-04 00:00:00+00:00,3681.840087890625,0.016452552865533765,0.006771194077480791
2024-12-04 01:00:00+00:00,3693.485595703125,0.0031579669807812348,0.006679149274458149
2024-12-04 02:00:00+00:00,3649.3388671875,-0.012024599164087166,0.0070976632409963
2024-12-04 03:00:00+00:00,3665.826171875,0.00450771309115613,0.007154382829813593
2024-12-04 04:00:00+00:00,3669.795166015625,0.0010821154323827648,0.007155720067381632
2024-12-04 05:00:00+00:00,3680.696044921875,0.0029660295033293945,0.007156174780145055
2024-12-04 06:00:00+00:00,3695.883056640625,0.004117635822115304,0.007073590146766655
2024-12-04 07:00:00+00:00,3716.713623046875,0.005620330402298687,0.007060715649276008
2024-12-04 08:00:00+00:00,3704.23486328125,-0.0033631203748268855,0.007105115735280351
2024-12-04 09:00:00+00:00,3729.715087890625,0.006855124007763748,0.007171183212541997
2024-12-04 10:00:00+00:00,3718.86669921875,-0.0029128756728489347,0.007114513817243364
2024-12-04 11:00:00+00:00,3731.281982421875,0.0033328985034489526,0.00704558920909928
2024-12-04 12:00:00+00:00,3720.818603515625,-0.0028081708403195974,0.007061838588398469
2024-12-04 13:00:00+00:00,3711.356689453125,-0.0025462045232905873,0.005892311188517337
2024-12-04 14:00:00+00:00,3793.22119140625,0.021818082433127432,0.006912579039959758
2024-12-04 15:00:00+00:00,3822.24267578125,0.0076217615557467285,0.006785990139148678
2024-12-04 16:00:00+00:00,3762.05712890625,-0.01587142170661595,0.007725859748302005
2024-12-04 17:00:00+00:00,3818.468994140625,0.014883638863738459,0.008109451743552399
2024-12-04 18:00:00+00:00,3828.005859375,0.0024944488439853723,0.008103599884557486
2024-12-04 19:00:00+00:00,3848.096435546875,0.005234589450476373,0.008083624740561493
2024-12-04 20:00:00+00:00,3882.56103515625,0.008916402796032783,0.008100591024393103
2024-12-04 21:00:00+00:00,3849.585693359375,-0.008529466103625578,0.008436956052685329
2024-12-04 22:00:00+00:00,3845.093994140625,-0.0011674819255268402,0.008471297739035401
2024-12-04 23:00:00+00:00,3840.0537109375,-0.0013116947439964206,0.008470229496047657
2024-12-05 00:00:00+00:00,3807.13818359375,-0.008608579743209986,0.008208187691338681
2024-12-05 01:00:00+00:00,3807.950927734375,0.00021345623979691222,0.008202685206346521
2024-12-05 02:00:00+00:00,3857.566162109375,0.012945226437744426,0.008024511967598208
2024-12-05 03:00:00+00:00,3836.90087890625,-0.005371478695151234,0.008159242073305062
2024-12-05 04:00:00+00:00,3862.15673828125,0.006560789962461741,0.008211822203915212
2024-12-05 05:00:00+00:00,3847.952392578125,-0.003684607190969424,0.008294140502895347
2024-12-05 06:00:00+00:00,3852.42333984375,0.0011612284707628348,0.00828096656011257
2024-12-05 07:00:00+00:00,3855.393798828125,0.0007707653355004701,0.008240942047931736
2024-12-05 08:00:00+00:00,3912.631591796875,0.014737034444716317,0.008594652362514651
2024-12-05 09:00:00+00:00,3919.077880859375,0.0016462026689790465,0.008539703643125885
2024-12-05 10:00:00+00:00,3916.50244140625,-0.0006573704664992144,0.008494850432553262
2024-12-05 11:00:00+00:00,3937.3916015625,0.0053194528216419425,0.008516452291343582
2024-12-05 12:00:00+00:00,3935.90966796875,-0.0003764452954405543,0.008468106670153235
2024-12-05 13:00:00+00:00,3923.45751953125,-0.0031687433758203986,0.008484666995567144
2024-12-05 14:00:00+00:00,3930.150634765625,0.0017044692638822356,0.007398391817515113
2024-12-05 15:00:00+00:00,3896.00390625,-0.008726366192827536,0.007558947044623779
2024-12-05 16:00:00+00:00,3910.492919921875,0.0037120441170573524,0.006688312138529878
2024-12-05 17:00:00+00:00,3919.631103515625,0.0023341106003396516,0.00606738905799854
2024-12-05 18:00:00+00:00,3870.0791015625,-0.012722596615050945,0.006678504375511618
2024-12-05 19:00:00+00:00,3833.91162109375,-0.009389353513185516,0.006887370327010185
2024-12-05 20:00:00+00:00,3825.422119140625,-0.00221677386507952,0.006619622142102096
2024-12-05 21:00:00+00:00,3859.9375,0.008982172501037151,0.006674520864971517
2024-12-05 22:00:00+00:00,3813.763916015625,-0.01203438568762633,0.007118888452000204
2024-12-05 23:00:00+00:00,3789.548095703125,-0.006369829925255107,0.007222990961008693
2024-12-06 00:00:00+00:00,3866.51171875,0.02010595988128033,0.008149191051020245
2024-12-06 01:00:00+00:00,3873.8671875,0.0019005454521359016,0.008152584327970752
2024-12-06 02:00:00+00:00,3875.572265625,0.0004400519967485146,0.007725367602092368
2024-12-06 03:00:00+00:00,3907.59912109375,0.008229816521267046,0.007797883411930985
2024-12-06 04:00:00+00:00,3904.861572265625,-0.0007008160546640392,0.007703357159978246
2024-12-06 05:00:00+00:00,3891.878662109375,-0.003330346212814659,0.007695409060463787
2024-12-06 06:00:00+00:00,3910.353271484375,0.004735733072277667,0.007743748052686808
2024-12-06 07:00:00+00:00,3893.9013671875,-0.0042161434830470645,0.007806234278068296
2024-12-06 08:00:00+00:00,3884.138427734375,-0.0025103868938041287,0.007200752457624231
2024-12-06 09:00:00+00:00,3873.52734375,-0.0027356400532015583,0.007204690623761904
2024-12-06 10:00:00+00:00,3871.26611328125,-0.0005839356583357277,0.007204630768544619
2024-12-06 11:00:00+00:00,3869.165283203125,-0.0005428199081161737,0.007097902277360386
2024-12-06 12:00:00+00:00,3840.903564453125,-0.007331152519481956,0.0072237628262284415
2024-12-06 13:00:00+00:00,3891.140869140625,0.012994755023693103,0.007748919358088754
2024-12-06 14:00:00+00:00,3986.2529296875,0.02414927710325603,0.009221463927300165
2024-12-06 15:00:00+00:00,3992.85009765625,0.0016536118030897305,0.009006397121892558
2024-12-06 16:00:00+00:00,4009.452392578125,0.0041493854457073905,0.009012514581186353
2024-12-06 17:00:00+00:00,4029.253662109375,0.0049264917625106005,0.009044162104023399
2024-12-06 18:00:00+00:00,4060.287353515625,0.007672584535645572,0.008632897569266421
2024-12-06 19:00:00+00:00,4074.922119140625,0.0035978868057872935,0.00828815323001829
2024-12-06 20:00:00+00:00,4044.2177734375,-0.0075634839361559255,0.008490954714780658
2024-12-06 21:00:00+00:00,4030.22314453125,-0.003466405429595311,0.008446232044256308
2024-12-06 22:00:00+00:00,4029.2119140625,-0.00025094326505632406,0.007934110961293171
2024-12-06 23:00:00+00:00,4007.2861328125,-0.005456564668785166,0.007892855835387439
2024-12-07 00:00:00+00:00,4016.785400390625,0.0023676937516165426,0.006927148042156999
2024-12-07 01:00:00+00:00,3986.271484375,-0.007625602146707348,0.007176922632273787
2024-12-07 02:00:00+00:00,3999.56494140625,0.0033292616079727954,0.007187987759544045
2024-12-07 03:00:00+00:00,3995.388916015625,-0.0010446653839113699,0.007047854563166698
2024-12-07 04:00:00+00:00,4003.08935546875,0.0019254767146565676,0.007041887821289322
2024-12-07 05:00:00+00:00,3993.9375,-0.00228881548841914,0.007016979975146065
2024-12-07 06:00:00+00:00,3982.95361328125,-0.00275392844272102,0.007013806391797892
2024-12-07 07:00:00+00:00,3990.630859375,0.0019256705669775706,0.006935714971363222
2024-12-07 08:00:00+00:00,3986.0693359375,-0.0011437120170107232,0.006911014792285589
2024-12-07 09:00:00+00:00,3987.94140625,0.00046954297088920284,0.0068649030017640215
2024-12-07 10:00:00+00:00,3984.28515625,-0.0009172469516972017,0.006869032027988058
2024-12-07 11:00:00+00:00,4003.090576171875,0.004708794302199082,0.006894731032603282
2024-12-07 12:00:00+00:00,4000.141357421875,-0.0007370069761734244,0.006658257763964821
2024-12-07 13:00:00+00:00,4000.877685546875,0.00018405858631863724,0.00621129287456768
2024-12-07 14:00:00+00:00,4002.016845703125,0.00028468703654549243,0.0038210860827191545
2024-12-07 15:00:00+00:00,4010.696044921875,0.0021663580691310114,0.003831194349636842
2024-12-07 16:00:00+00:00,3999.689208984375,-0.0027481431955766,0.0037792972642283636
2024-12-07 17:00:00+00:00,3993.1787109375,-0.0016290772103200938,0.0036342098401599874
2024-12-07 18:00:00+00:00,4013.22314453125,0.00500711201703156,0.0034114957489703173
2024-12-07 19:00:00+00:00,4016.257080078125,0.0007556991502293707,0.0033114376697420387
2024-12-07 20:00:00+00:00,4018.81298828125,0.0006361881769757251,0.0029673222838246995
2024-12-07 21:00:00+00:00,4009.157470703125,-0.002405470294953197,0.00292512048325094
2024-12-07 22:00:00+00:00,4001.026123046875,-0.0020302532031009506,0.0029484378204377697
2024-12-07 23:00:00+00:00,4001.96484375,0.00023459246957153765,0.0027362800121506366
2024-12-08 00:00:00+00:00,4007.690673828125,0.0014297321628682924,0.002706705776513158
2024-12-08 01:00:00+00:00,3994.994384765625,-0.003173009963960202,0.0022883170699147704
2024-12-08 02:00:00+00:00,3999.82470703125,0.0012083632657372376,0.002196955881499834
2024-12-08 03:00:00+00:00,3992.43701171875,-0.0018487125863931163,0.0022196354509014618
2024-12-08 04:00:00+00:00,3984.704833984375,-0.0019385840957735908,0.002211693284252459
2024-12-08 05:00:00+00:00,3975.00537109375,-0.0024371409113342706,0.002218006065599062
2024-12-08 06:00:00+00:00,3981.6123046875,0.001660739621154629,0.0021795449367048724
2024-12-08 07:00:00+00:00,3984.594970703125,0.0007488296630733175,0.002147003690116981
2024-12-08 08:00:00+00:00,3942.63623046875,-0.01058607501433046,0.0030351012361905794
2024-12-08 09:00:00+00:00,3939.51318359375,-0.000792435381358178,0.003029286366795448
2024-12-08 10:00:00+00:00,3966.05712890625,0.006715276447608534,0.00336645029237042
2024-12-08 11:00:00+00:00,3975.33349609375,0.002336208315303632,0.003249098009215755
2024-12-08 12:00:00+00:00,3988.58349609375,0.003327511383831698,0.0033297097565379618
2024-12-08 13:00:00+00:00,4001.156982421875,0.003147410542695043,0.0033957851978519567
2024-12-08 14:00:00+00:00,3983.533447265625,-0.004414338647110434,0.0035123004514568757
2024-12-08 15:00:00+00:00,3996.753662109375,0.003313220879455643,0.0035533560209862506
2024-12-08 16:00:00+00:00,3985.88330078125,-0.0027235030473943996,0.0035525746957426867
2024-12-08 17:00:00+00:00,3988.04541015625,0.0005422946470592764,0.0035407411686389227
2024-12-08 18:00:00+00:00,3974.2216796875,-0.0034723136519069523,0.0034352930380428678
2024-12-08 19:00:00+00:00,3990.856201171875,0.0041768695591779615,0.003554544863956447
2024-12-08 20:00:00+00:00,3980.577392578125,-0.0025789123549012066,0.0035796260721815067
2024-12-08 21:00:00+00:00,3992.025634765625,0.0028718976767809472,0.003612904785896309
2024-12-08 22:00:00+00:00,4012.582275390625,0.00513621305308887,0.0037468660824313913
2024-12-08 23:00:00+00:00,4008.205810546875,-0.0010912806151176621,0.00375487163965975
2024-12-09 00:00:00+00:00,3970.05859375,-0.009562858679879365,0.004222481767135551
2024-12-09 01:00:00+00:00,3948.576904296875,-0.005425617116824376,0.004311067748079699
2024-12-09 02:00:00+00:00,3947.435546875,-0.00028909717072566883,0.004296275569577056
2024-12-09 03:00:00+00:00,3930.3525390625,-0.0043370129796071995,0.004358568223177313
2024-12-09 04:00:00+00:00,3940.52783203125,0.0025855554036081844,0.004398204382327665
2024-12-09 05:00:00+00:00,3945.93212890625,0.0013705256218110632,0.004392625877701972
2024-12-09 06:00:00+00:00,3920.472412109375,-0.006473047644992827,0.004545416434920984
2024-12-09 07:00:00+00:00,3920.591552734375,3.0388892513291413e-05,0.004538199432634938
2024-12-09 08:00:00+00:00,3865.120849609375,-0.014249599489615296,0.004930711485906098
2024-12-09 09:00:00+00:00,3881.1787109375,0.00414594974129758,0.005034189638510764
2024-12-09 10:00:00+00:00,3883.771728515625,0.0006678774564579967,0.004796737007840956
2024-12-09 11:00:00+00:00,3847.491943359375,-0.00938528370004918,0.005045969837412445
2024-12-09 12:00:00+00:00,3862.419677734375,0.0038723538640200836,0.005069157389399898
2024-12-09 13:00:00+00:00,3898.88623046875,0.009397083819165541,0.005455462639360806
2024-12-09 14:00:00+00:00,3940.305908203125,0.010567431553577596,0.005896521176593837
2024-12-09 15:00:00+00:00,3828.120361328125,-0.028884446522176463,0.008210674841944094
2024-12-09 16:00:00+00:00,3848.987060546875,0.005436097076228642,0.008338546142708878
2024-12-09 17:00:00+00:00,3832.97314453125,-0.0041692325356897835,0.008344909061995712
2024-12-09 18:00:00+00:00,3843.92431640625,0.002853022163973316,0.008384726898719646
2024-12-09 19:00:00+00:00,3793.903076171875,-0.013098477574944442,0.008624240765115232
2024-12-09 20:00:00+00:00,3729.20654296875,-0.017199836616909124,0.009158733748074514
2024-12-09 21:00:00+00:00,3713.467041015625,-0.004229535324673955,0.009084703258504264
2024-12-09 22:00:00+00:00,3712.847412109375,-0.00016687386767660548,0.008941213665834509
2024-12-09 23:00:00+00:00,3720.66015625,0.0021020351282430108,0.008998078006506528
2024-12-10 00:00:00+00:00,3765.119140625,0.011878391109318103,0.009384790775361038
2024-12-10 01:00:00+00:00,3759.65283203125,-0.001452883775128325,0.00936058219686369
2024-12-10 02:00:00+00:00,3698.705810546875,-0.016343643703085362,0.009793451056123158
2024-12-10 03:00:00+00:00,3677.927490234375,-0.005633565996522276,0.009806373442654757
2024-12-10 04:00:00+00:00,3710.435546875,0.008799856275483084,0.010033233224027497
2024-12-10 05:00:00+00:00,3703.497802734375,-0.0018715426315624017,0.010000530478327014
2024-12-10 06:00:00+00:00,3743.08544921875,0.010632532557633991,0.010320068827759113
2024-12-10 07:00:00+00:00,3735.1748046875,-0.0021156384542084326,0.01031164507294788
2024-12-10 08:00:00+00:00,3744.85009765625,0.0025869695598574305,0.010011722195794586
2024-12-10 09:00:00+00:00,3750.6064453125,0.001535956817288316,0.009963861540527709
2024-12-10 10:00:00+00:00,3763.146728515625,0.0033379576242710558,0.010003085766455469
2024-12-10 11:00:00+00:00,3754.399658203125,-0.0023271088224706272,0.00985819826745686
2024-12-10 12:00:00+00:00,3669.2255859375,-0.022947766664870046,0.010758464031450619
2024-12-10 13:00:00+00:00,3696.597412109375,0.007432150398806451,0.010674009796583067
2024-12-10 14:00:00+00:00,3671.956298828125,-0.0066882066961621925,0.010351508473861282
2024-12-10 15:00:00+00:00,3562.597900390625,-0.03023454546824471,0.010501222793961422
2024-12-10 16:00:00+00:00,3616.64501953125,0.015056779888800048,0.011008436601247527
2024-12-10 17:00:00+00:00,3532.8291015625,-0.023447810756050756,0.011803045043001408
2024-12-10 18:00:00+00:00,3581.013427734375,0.013546845564319355,0.012242924419133164
2024-12-10 19:00:00+00:00,3632.532958984375,0.014284349056637089,0.012528835833399433
2024-12-10 20:00:00+00:00,3636.074951171875,0.0009745999541157846,0.012100182893883989
2024-12-10 21:00:00+00:00,3635.78515625,-7.970310697608602e-05,0.012082466005392083
2024-12-10 22:00:00+00:00,3638.768310546875,0.0008201615336838262,0.012086681087061159
2024-12-10 23:00:00+00:00,3631.1279296875,-0.002101923719372088,0.012072648621463268
2024-12-11 00:00:00+00:00,3612.449951171875,-0.0051571254480467545,0.011778853937178068
2024-12-11 01:00:00+00:00,3570.68896484375,-0.01162763447261748,0.011950500144335695
2024-12-11 02:00:00+00:00,3651.985595703125,0.022512453980380518,0.012560285819449553
2024-12-11 03:00:00+00:00,3665.76171875,0.0037651311884191034,0.012540738413319283
2024-12-11 04:00:00+00:00,3670.800537109375,0.0013736185902689536,0.012401461727818267
2024-12-11 05:00:00+00:00,3660.584716796875,-0.0027868749412579175,0.012407437679711916
2024-12-11 06:00:00+00:00,3675.98486328125,0.004198193429509825,0.012224927336173995
2024-12-11 07:00:00+00:00,3656.09130859375,-0.005426458492071393,0.012259595133844512
2024-12-11 08:00:00+00:00,3698.934326171875,0.011650129932594566,0.012508466148799384
2024-12-11 09:00:00+00:00,3700.13037109375,0.00032329624925015024,0.012502272957662422
2024-12-11 10:00:00+00:00,3705.387451171875,0.0014197740353556801,0.012482355702876856
2024-12-11 11:00:00+00:00,3715.3212890625,0.002677330204501,0.012494818787578799
2024-12-11 12:00:00+00:00,3724.998779296875,0.0026013654259065583,0.011545783132406773
2024-12-11 13:00:00+00:00,3742.3671875,0.004651824914062412,0.01148835576675501
2024-12-11 14:00:00+00:00,3772.818359375,0.008103948555634427,0.011482026355549152
2024-12-11 15:00:00+00:00,3788.107421875,0.004044235793638243,0.009343938448463077
2024-12-11 16:00:00+00:00,3799.400390625,0.002976728951825491,0.008958773191082842
2024-12-11 17:00:00+00:00,3767.0859375,-0.008541520644791425,0.007514146378802999
2024-12-11 18:00:00+00:00,3796.919921875,0.007888449490306591,0.007242043213635656
2024-12-11 19:00:00+00:00,3805.252685546875,0.0021922067385977866,0.006788577039318912
2024-12-11 20:00:00+00:00,3835.779296875,0.00799022273668281,0.006895604541198584
2024-12-11 21:00:00+00:00,3831.421142578125,-0.001136830789975605,0.006914336045315265
2024-12-11 22:00:00+00:00,3842.6650390625,0.0029303565959966963,0.006909657304676711
2024-12-11 23:00:00+00:00,3832.2568359375,-0.002712264613262055,0.0069275542327374515
2024-12-12 00:00:00+00:00,3817.173583984375,-0.003943632577408956,0.006875401777824094
2024-12-12 01:00:00+00:00,3803.759033203125,-0.003520452235865069,0.006339825174297161
2024-12-12 02:00:00+00:00,3883.617919921875,0.020777375717131574,0.006108987425553127
2024-12-12 03:00:00+00:00,3931.131591796875,0.012160148520795984,0.00641360117935147
2024-12-12 04:00:00+00:00,3909.5810546875,-0.005497100161438115,0.006634788608077384
2024-12-12 05:00:00+00:00,3929.547607421875,0.005094085522042366,0.006549730562970155
2024-12-12 06:00:00+00:00,3935.787841796875,0.0015867691148363332,0.006549857794533372
2024-12-12 07:00:00+00:00,3905.372314453125,-0.007757953998185099,0.006693591055418066
2024-12-12 08:00:00+00:00,3913.258544921875,0.002017292614266772,0.006419808414146531
2024-12-12 09:00:00+00:00,3929.453857421875,0.004130034276327052,0.006414661864872305
2024-12-12 10:00:00+00:00,3925.50927734375,-0.0010043536403754505,0.0064514807834434515
2024-12-12 11:00:00+00:00,3911.40234375,-0.003600129620541331,0.006566172339049031
2024-12-12 12:00:00+00:00,3959.75244140625,0.012285543129622689,0.006885367753010119
2024-12-12 13:00:00+00:00,3940.261474609375,-0.004934423293959711,0.007034364875790848
2024-12-12 14:00:00+00:00,3980.334228515625,0.010118707562553834,0.0071200460364935865
2024-12-12 15:00:00+00:00,3957.104736328125,-0.005853162111757927,0.007294936036949208
2024-12-12 16:00:00+00:00,3935.1787109375,-0.005556334094436967,0.0074424879083312195
2024-12-12 17:00:00+00:00,3964.70458984375,0.007475051279934765,0.007221190366012115
2024-12-12 18:00:00+00:00,3924.114013671875,-0.01029075110524011,0.007537466729907513
2024-12-12 19:00:00+00:00,3868.400146484375,-0.014299574025364515,0.008183578845264352
2024-12-12 20:00:00+00:00,3887.20947265625,0.0048505182631982955,0.008086251185330734
2024-12-12 21:00:00+00:00,3872.07080078125,-0.0039020864178917103,0.00813098210152979
2024-12-12 22:00:00+00:00,3881.3720703125,0.0023992629204231484,0.00812462925126921
2024-12-12 23:00:00+00:00,3883.298828125,0.0004962883494354188,0.00809724041545038
2024-12-13 00:00:00+00:00,3890.517578125,0.0018571964393429895,0.008043633372023809
2024-12-13 01:00:00+00:00,3879.802490234375,-0.002757954521362684,0.00802734472216266
2024-12-13 02:00:00+00:00,3907.525390625,0.007120033452317978,0.006965230723628357
2024-12-13 03:00:00+00:00,3930.612548828125,0.005890997364220956,0.006607753504663122
2024-12-13 04:00:00+00:00,3917.24072265625,-0.0034077699084738644,0.006545729556432882
2024-12-13 05:00:00+00:00,3910.801513671875,-0.0016451649703263483,0.0064654093669055885
2024-12-13 06:00:00+00:00,3895.125,-0.00401657246452121,0.006499193253502926
2024-12-13 07:00:00+00:00,3890.05322265625,-0.0013029317804160172,0.006313790594296754
2024-12-13 08:00:00+00:00,3897.404541015625,0.0018879898334266778,0.006311903448046884
2024-12-13 09:00:00+00:00,3893.109130859375,-0.001102728465012203,0.0062469838266337955
2024-12-13 10:00:00+00:00,3902.011962890625,0.002284207209902414,0.006268885774574841
2024-12-13 11:00:00+00:00,3905.42919921875,0.0008753793913747507,0.006231355828014689
2024-12-13 12:00:00+00:00,3929.6787109375,0.006189982173880189,0.005816551101708801
2024-12-13 13:00:00+00:00,3928.970703125,-0.0001801856215009897,0.005732837326464303
2024-12-13 14:00:00+00:00,3948.994140625,0.005083414566096745,0.0054257721457322645
2024-12-13 15:00:00+00:00,3883.209228515625,-0.016798966030934635,0.006299897409472311
2024-12-13 16:00:00+00:00,3913.323486328125,0.007725076947413478,0.006444269656638545
2024-12-13 17:00:00+00:00,3944.020263671875,0.00781356511684996,0.006462217288906764
2024-12-13 18:00:00+00:00,3915.745849609375,-0.007194752521225134,0.006280753428339892
2024-12-13 19:00:00+00:00,3918.428955078125,0.0006849746503108528,0.00550336758651599
2024-12-13 20:00:00+00:00,3914.62451171875,-0.0009713820222604908,0.005432751802034537
2024-12-13 21:00:00+00:00,3906.369140625,-0.002111080644394937,0.005384712800002675
2024-12-13 22:00:00+00:00,3898.1630859375,-0.002102895464668021,0.005389272144862483
2024-12-13 23:00:00+00:00,3911.02734375,0.003294648674483741,0.005426558386759866
2024-12-14 00:00:00+00:00,3905.185791015625,-0.0014947273625374527,0.005427777391188398
2024-12-14 01:00:00+00:00,3925.936279296875,0.005299505398916243,0.005488502579148445
2024-12-14 02:00:00+00:00,3910.377197265625,-0.003971026050392812,0.005371900098739967
2024-12-14 03:00:00+00:00,3912.0673828125,0.0004321374362899605,0.005226567942455577
2024-12-14 04:00:00+00:00,3915.401123046875,0.0008518055188474228,0.005184956077008084
2024-12-14 05:00:00+00:00,3918.991455078125,0.0009165566434904541,0.005176397307307805
2024-12-14 06:00:00+00:00,3931.409912109375,0.003163778973568716,0.005136246698093524
2024-12-14 07:00:00+00:00,3922.50537109375,-0.0022675428776470943,0.005153784568511507
2024-12-14 08:00:00+00:00,3927.002197265625,0.0011457601956947803,0.005146351827784479
2024-12-14 09:00:00+00:00,3912.755126953125,-0.003634573216259955,0.00520232722638833
2024-12-14 10:00:00+00:00,3897.134033203125,-0.004000342197268969,0.005251304081655063
2024-12-14 11:00:00+00:00,3894.73291015625,-0.0006163152272321342,0.005248676107328129
2024-12-14 12:00:00+00:00,3868.359130859375,-0.00679468454723905,0.005239801632839422
2024-12-14 13:00:00+00:00,3861.3232421875,-0.0018204863474304085,0.005244030964813648
2024-12-14 14:00:00+00:00,3888.37890625,0.006982403572872361,0.005348741403297266
2024-12-14 15:00:00+00:00,3889.392578125,0.0002606586945311971,0.004095250962337702
2024-12-14 16:00:00+00:00,3893.341796875,0.0010148667290113033,0.0037654121929350435
2024-12-14 17:00:00+00:00,3858.7841796875,-0.008915708079735294,0.003763334509762296
2024-12-14 18:00:00+00:00,3831.750732421875,-0.007030345462364069,0.0037515289404472314
2024-12-14 19:00:00+00:00,3858.626953125,0.006989599528315368,0.004074431901325202
2024-12-14 20:00:00+00:00,3831.298828125,-0.007107543251327655,0.004283250628753681
2024-12-14 21:00:00+00:00,3848.57373046875,0.004498754724692904,0.004412316420713855
2024-12-14 22:00:00+00:00,3862.998046875,0.003740958041965721,0.004487591047139457
2024-12-14 23:00:00+00:00,3868.3212890625,0.0013770594118285206,0.004436141975225625
2024-12-15 00:00:00+00:00,3864.426513671875,-0.0010073458541084916,0.004432301146096453
2024-12-15 01:00:00+00:00,3890.967041015625,0.006844431753683617,0.004529394706668086
2024-12-15 02:00:00+00:00,3883.180908203125,-0.002003083930675647,0.004478954635165277
2024-12-15 03:00:00+00:00,3877.500732421875,-0.0014638345079925194,0.004482368299861093
2024-12-15 04:00:00+00:00,3892.728759765625,0.003919587408569609,0.004561758663529987
2024-12-15 05:00:00+00:00,3891.53173828125,-0.0003075491870064329,0.004555080484407483
2024-12-15 06:00:00+00:00,3877.136962890625,-0.00370585808673539,0.004544244699745016
2024-12-15 07:00:00+00:00,3844.3125,-0.008502201764360657,0.004815091024063738
2024-12-15 08:00:00+00:00,3862.301513671875,0.004668469528098251,0.004930531150463071
2024-12-15 09:00:00+00:00,3862.3505859375,1.2705365883980007e-05,0.004891955691892784
2024-12-15 10:00:00+00:00,3861.79296875,-0.00014438291689447295,0.004836380219223842
2024-12-15 11:00:00+00:00,3876.16015625,0.003713437850487162,0.004907398153195717
2024-12-15 12:00:00+00:00,3885.971435546875,0.0025279871658804975,0.0047283329328573495
2024-12-15 13:00:00+00:00,3886.471435546875,0.00012865967855468582,0.004709012087939758
2024-12-15 14:00:00+00:00,3903.016357421875,0.00424801917534888,0.004570604053631728
2024-12-15 15:00:00+00:00,3894.41552734375,-0.002206068278222143,0.004595826638672975
2024-12-15 16:00:00+00:00,3908.723876953125,0.0036673356464690028,0.004651499466521186
2024-12-15 17:00:00+00:00,3907.934814453125,-0.00020189253076837945,0.004233213127883996
2024-12-15 18:00:00+00:00,3896.6845703125,-0.002882972603331175,0.003988880298911754
2024-12-15 19:00:00+00:00,3905.844482421875,0.002347935202939759,0.003777607877539543
2024-12-15 20:00:00+00:00,3891.251708984375,-0.0037431346536235272,0.003537560210073647
2024-12-15 21:00:00+00:00,3856.146484375,-0.009062517246850579,0.003954108504645856
2024-12-15 22:00:00+00:00,3889.578125,0.008632335879080794,0.004264763072478116
2024-12-15 23:00:00+00:00,3949.59521484375,0.015312395814840446,0.005253766519196912
2024-12-16 00:00:00+00:00,3998.84912109375,0.012393503586935464,0.0057359631817578294
2024-12-16 01:00:00+00:00,4001.15966796875,0.000577636100201403,0.0056199846050618875
2024-12-16 02:00:00+00:00,3970.142578125,-0.00778222815466658,0.005879387812474673
2024-12-16 03:00:00+00:00,3941.87841796875,-0.0071446424120788065,0.006090222590309117
2024-12-16 04:00:00+00:00,3954.55517578125,0.0032107580092583738,0.006075561127610142
2024-12-16 05:00:00+00:00,3964.8759765625,0.002606451505329383,0.0060845666512485035
2024-12-16 06:00:00+00:00,3951.98681640625,-0.0032561310916458196,0.006070834387808031
2024-12-16 07:00:00+00:00,3971.646484375,0.004962296351867853,0.005789772506450654
2024-12-16 08:00:00+00:00,3951.27978515625,-0.005141217622661508,0.005891260328737031
2024-12-16 09:00:00+00:00,3943.970947265625,-0.0018514522783745532,0.005916377204088308
2024-12-16 10:00:00+00:00,3950.197509765625,0.0015775097339623932,0.005913964290594001
2024-12-16 11:00:00+00:00,3905.286376953125,-0.011434463565050434,0.006394265142690866
2024-12-16 12:00:00+00:00,3895.107421875,-0.002609858199047292,0.00640284707282258
2024-12-16 13:00:00+00:00,3896.260009765625,0.00029586280178542915,0.006402973024184533
2024-12-16 14:00:00+00:00,3926.185546875,0.007651234612695348,0.006535040067193752
2024-12-16 15:00:00+00:00,3943.740966796875,0.00446140100802764,0.0065678787986674265
2024-12-16 16:00:00+00:00,3962.187255859375,0.004666453328823273,0.006591788886640505
2024-12-16 17:00:00+00:00,4031.96044921875,0.017456511376923858,0.007434040521932914
2024-12-16 18:00:00+00:00,4076.342529296875,0.01094742597719182,0.007629032898329519
2024-12-16 19:00:00+00:00,4057.871337890625,-0.004541612368964967,0.007739405981649623
2024-12-16 20:00:00+00:00,4048.782958984375,-0.0022422031040316886,0.007700394783849609
2024-12-16 21:00:00+00:00,4048.757568359375,-6.2711943001499116e-06,0.007367122145105228
2024-12-16 22:00:00+00:00,4029.46728515625,-0.004775880894373269,0.007353129511496595
2024-12-16 23:00:00+00:00,3988.79638671875,-0.010144651984903455,0.007101668299483841
2024-12-17 00:00:00+00:00,3965.026123046875,-0.005977084454618044,0.006734594620762629
2024-12-17 01:00:00+00:00,3988.22900390625,0.0058348302218250835,0.006850708840558761
2024-12-17 02:00:00+00:00,4009.488525390625,0.005316409708172301,0.006735778548732546
2024-12-17 03:00:00+00:00,4035.4521484375,0.006454668652627186,0.006643929357571028
2024-12-17 04:00:00+00:00,4004.449951171875,-0.00771212150116015,0.006855061905882619
2024-12-17 05:00:00+00:00,4022.453369140625,0.0044857767533345175,0.006890544687572541
2024-12-17 06:00:00+00:00,4008.900390625,-0.003375020397785272,0.006893480108153117
2024-12-17 07:00:00+00:00,3992.44921875,-0.004112105047215868,0.006892428470326548
2024-12-17 08:00:00+00:00,4013.947998046875,0.005370413279740567,0.006871039460563533
2024-12-17 09:00:00+00:00,4024.4189453125,0.002605243891416417,0.006860551747476549
2024-12-17 10:00:00+00:00,4009.694091796875,-0.0036655869627880058,0.006919317875296046
2024-12-17 11:00:00+00:00,3998.68798828125,-0.0027486476881070556,0.006474075675575646
2024-12-17 12:00:00+00:00,4000.546630859375,0.00046470511244294763,0.00643012322008282
2024-12-17 13:00:00+00:00,4005.40283203125,0.0012131482443072143,0.006427781333036695
2024-12-17 14:00:00+00:00,4021.011962890625,0.0038894452718481265,0.00630711790047213
2024-12-17 15:00:00+00:00,3935.05322265625,-0.021609195783508135,0.007761431341371156
2024-12-17 16:00:00+00:00,3947.468017578125,0.003149957940795606,0.00772710560478123
2024-12-17 17:00:00+00:00,3977.10546875,0.0074799203781858925,0.006969703580417885
2024-12-17 18:00:00+00:00,3932.290283203125,-0.011332260149558876,0.006851606899803518
2024-12-17 19:00:00+00:00,3945.555419921875,0.003367709842467355,0.006889014914914819
2024-12-17 20:00:00+00:00,3941.361083984375,-0.0010636187997777207,0.00688523571428859
2024-12-17 21:00:00+00:00,3933.96533203125,-0.0018782089113745478,0.006882667955885497
2024-12-17 22:00:00+00:00,3883.441162109375,-0.012926249506410446,0.007257714254446404
2024-12-17 23:00:00+00:00,3885.365966796875,0.0004955213058960086,0.007030540722369838
2024-12-18 00:00:00+00:00,3885.689453125,8.325415553788278e-05,0.006955994957687317
2024-12-18 01:00:00+00:00,3843.66064453125,-0.01087522813507086,0.007093538139956539
2024-12-18 02:00:00+00:00,3871.984130859375,0.0073418656195964336,0.007190030419483374
2024-12-18 03:00:00+00:00,3850.9296875,-0.005452474549376911,0.007029605127331235
2024-12-18 04:00:00+00:00,3841.422607421875,-0.002471827746380036,0.006923434416579083
2024-12-18 05:00:00+00:00,3835.73681640625,-0.0014812228693700461,0.006796423508255742
2024-12-18 06:00:00+00:00,3828.5205078125,-0.0018831076309044356,0.00678993318984794
2024-12-18 07:00:00+00:00,3847.005126953125,0.004816518309063646,0.006908080540441987
2024-12-18 08:00:00+00:00,3842.235595703125,-0.0012405729079719176,0.00675029296162951
2024-12-18 09:00:00+00:00,3869.014892578125,0.006945541341083007,0.006929804160544839
2024-12-18 10:00:00+00:00,3874.032958984375,0.0012961477715178076,0.006940777340377618
2024-12-18 11:00:00+00:00,3880.976806640625,0.0017908035506956459,0.006965207046480746
2024-12-18 12:00:00+00:00,3859.772216796875,-0.005478705696218587,0.007007307143738174
2024-12-18 13:00:00+00:00,3858.83984375,-0.0002415908570339624,0.006989152613033661
2024-12-18 14:00:00+00:00,3835.413330078125,-0.006089372296802202,0.006947988882992956
2024-12-18 15:00:00+00:00,3867.937744140625,0.008444274969114325,0.005880627143795255
2024-12-18 16:00:00+00:00,3871.69580078125,0.0009711201219427815,0.005834978263164038
2024-12-18 17:00:00+00:00,3878.84619140625,0.0018451335818433184,0.00559546279857612
2024-12-18 18:00:00+00:00,3895.378662109375,0.0042531560217032305,0.0052425971318697945
2024-12-18 19:00:00+00:00,3788.9794921875,-0.027694172522354173,0.007584774809014773
2024-12-18 20:00:00+00:00,3696.45068359375,-0.02472363501405287,0.008920240334878517
2024-12-18 21:00:00+00:00,3702.908935546875,0.001745625006895854,0.008964838336975669
2024-12-18 22:00:00+00:00,3683.12060546875,-0.005358326097811982,0.008712515252263539
2024-12-18 23:00:00+00:00,3619.54541015625,-0.017411942809149202,0.009222885887663004
2024-12-19 00:00:00+00:00,3647.212158203125,0.007614642836067269,0.009455865753043578
2024-12-19 01:00:00+00:00,3596.275390625,-0.01406438731878268,0.009597979896699587
2024-12-19 02:00:00+00:00,3646.260498046875,0.013803425166320151,0.009977152157156298
2024-12-19 03:00:00+00:00,3668.475341796875,0.006074016214744027,0.010105584338298237
2024-12-19 04:00:00+00:00,3655.23876953125,-0.0036147196564616747,0.01011048571175227
2024-12-19 05:00:00+00:00,3670.09814453125,0.004056986198821585,0.010187417911814423
2024-12-19 06:00:00+00:00,3680.1650390625,0.0027391946585537475,0.01023015695511952
2024-12-19 07:00:00+00:00,3692.47119140625,0.003338334725289999,0.010193938721596223
2024-12-19 08:00:00+00:00,3666.47705078125,-0.007064664102058575,0.01025148030012021
2024-12-19 09:00:00+00:00,3676.797607421875,0.002810888579362432,0.010129489119108112
2024-12-19 10:00:00+00:00,3707.14013671875,0.008218568774080136,0.01032770605176822
2024-12-19 11:00:00+00:00,3705.527099609375,-0.0004352109931308569,0.01030369739402675
2024-12-19 12:00:00+00:00,3676.985595703125,-0.007732230823273672,0.010347640191548158
2024-12-19 13:00:00+00:00,3674.0126953125,-0.0008088426727938797,0.010344045188696385
2024-12-19 14:00:00+00:00,3642.203369140625,-0.008695622525869506,0.010401867674858508
2024-12-19 15:00:00+00:00,3606.3818359375,-0.009883811476445894,0.010261822748773818
2024-12-19 16:00:00+00:00,3616.0224609375,0.002669645821379853,0.010295607476090572
2024-12-19 17:00:00+00:00,3474.7314453125,-0.039857459947195514,0.012706245404605647
2024-12-19 18:00:00+00:00,3511.621337890625,0.010560656346810922,0.012959685733491245
2024-12-19 19:00:00+00:00,3427.6865234375,-0.024192299803649106,0.012702249863718054
2024-12-19 20:00:00+00:00,3372.63037109375,-0.01619258518933147,0.0122121392375158
2024-12-19 21:00:00+00:00,3422.81884765625,0.014771470589230224,0.012747946060886379
2024-12-19 22:00:00+00:00,3449.607421875,0.007795997758785149,0.012935978402997246
2024-12-19 23:00:00+00:00,3419.380126953125,-0.008801148589798882,0.012626757238534276
2024-12-20 00:00:00+00:00,3408.71484375,-0.0031239436248169505,0.012446524262042716
2024-12-20 01:00:00+00:00,3375.593994140625,-0.009764034490618679,0.012307758813218437
2024-12-20 02:00:00+00:00,3454.732177734375,0.023173629814208015,0.012982152876088351
2024-12-20 03:00:00+00:00,3409.058837890625,-0.013308684335052688,0.013044664816882637
2024-12-20 04:00:00+00:00,3392.759765625,-0.004792572226089533,0.013049073860034566
2024-12-20 05:00:00+00:00,3356.07763671875,-0.010870758311769351,0.01304862549822527
2024-12-20 06:00:00+00:00,3340.456787109375,-0.004665361798747554,0.012976430734368693
2024-12-20 07:00:00+00:00,3383.768310546875,0.012882413004558897,0.013353006085229307
2024-12-20 08:00:00+00:00,3279.595458984375,-0.031269894135525306,0.014488891185766802
2024-12-20 09:00:00+00:00,3263.65576171875,-0.004872112733764188,0.014401577622131501
2024-12-20 10:00:00+00:00,3182.977783203125,-0.025030797934093116,0.014674729459744478
2024-12-20 11:00:00+00:00,3114.640869140625,-0.021703313658886832,0.014941642836472516
2024-12-20 12:00:00+00:00,3230.6337890625,0.03656448272268318,0.017409974124496012
2024-12-20 13:00:00+00:00,3282.550537109375,0.01594238548687384,0.017929734993991104
2024-12-20 14:00:00+00:00,3329.79638671875,0.014290433996508438,0.018316456983381857
2024-12-20 15:00:00+00:00,3368.75244140625,0.01163132340320618,0.018527800162452417
2024-12-20 16:00:00+00:00,3387.36572265625,0.005510065955290459,0.018573540729609324
2024-12-20 17:00:00+00:00,3443.251953125,0.016363813696230366,0.01717930317741768
2024-12-20 18:00:00+00:00,3434.208740234375,-0.0026298130969177923,0.017024393969972837
2024-12-20 19:00:00+00:00,3477.123779296875,0.012418904893514451,0.016480834336810787
2024-12-20 20:00:00+00:00,3445.81884765625,-0.009043883995930934,0.016226847959008278
2024-12-20 21:00:00+00:00,3437.71826171875,-0.0023536125536084067,0.01596450538476741
2024-12-20 22:00:00+00:00,3477.058349609375,0.011378679185746221,0.016055298590420368
2024-12-20 23:00:00+00:00,3471.251220703125,-0.0016715231811632969,0.01594457335771112
2024-12-21 00:00:00+00:00,3458.327880859375,-0.003729910471341986,0.01595125023860454
2024-12-21 01:00:00+00:00,3473.34765625,0.0043336705005975395,0.015811886409266614
2024-12-21 02:00:00+00:00,3477.482177734375,0.0011896484508310756,0.015103875431260358
2024-12-21 03:00:00+00:00,3462.13427734375,-0.004423277716840322,0.014863461058046524
2024-12-21 04:00:00+00:00,3484.986328125,0.0065788790786426125,0.014863878186479329
2024-12-21 05:00:00+00:00,3527.140380859375,0.012023331094883363,0.01479553539285496
2024-12-21 06:00:00+00:00,3524.626953125,-0.0007128504732980418,0.014739178502882177
2024-12-21 07:00:00+00:00,3524.88623046875,7.355893580568746e-05,0.014567824852356538
2024-12-21 08:00:00+00:00,3484.71533203125,-0.011461803601564069,0.01310637039841999
2024-12-21 09:00:00+00:00,3479.2041015625,-0.001582795915973629,0.013042668208020716
2024-12-21 10:00:00+00:00,3461.237548828125,-0.005177362989937105,0.011777995136969966
2024-12-21 11:00:00+00:00,3444.02099609375,-0.004986515217922547,0.010664901896125291
2024-12-21 12:00:00+00:00,3407.234619140625,-0.010738682814755833,0.008590727782027949
2024-12-21 13:00:00+00:00,3390.057373046875,-0.005054154707137846,0.008192133240133917
2024-12-21 14:00:00+00:00,3374.082275390625,-0.0047234765065609025,0.007795336284254937
2024-12-21 15:00:00+00:00,3388.57861328125,0.004287176403689157,0.007479182814149034
2024-12-21 16:00:00+00:00,3373.69873046875,-0.004400856714877305,0.007449360870458753
2024-12-21 17:00:00+00:00,3384.038330078125,0.0030600799010513267,0.00661379165925221
2024-12-21 18:00:00+00:00,3361.60498046875,-0.0066512358507117,0.0067143828505563975
2024-12-21 19:00:00+00:00,3355.9248046875,-0.0016911505617949497,0.006086754873152155
2024-12-21 20:00:00+00:00,3354.679931640625,-0.0003710166550015429,0.005871710147110999
2024-12-21 21:00:00+00:00,3322.364501953125,-0.009679636649319043,0.00612381491183225
2024-12-21 22:00:00+00:00,3326.734130859375,0.0013143524488383397,0.005524383086146734
2024-12-21 23:00:00+00:00,3339.19775390625,0.0037395034292243595,0.005640810663874306
2024-12-22 00:00:00+00:00,3358.95947265625,0.005900660560754941,0.005823485543424321
2024-12-22 01:00:00+00:00,3358.20947265625,-0.00022330836375343162,0.005707856447200173
2024-12-22 02:00:00+00:00,3333.923583984375,-0.00725807304801673,0.005800639116334602
2024-12-22 03:00:00+00:00,3351.13427734375,0.005149014934810632,0.005936801991056481
2024-12-22 04:00:00+00:00,3315.305419921875,-0.010749126679780445,0.005983112964571594
2024-12-22 05:00:00+00:00,3331.18115234375,0.0047771894042475055,0.005394354787677405
2024-12-22 06:00:00+00:00,3341.69677734375,0.003151753655796975,0.00550292460245584
2024-12-22 07:00:00+00:00,3327.73681640625,-0.004186256937213256,0.005494400879876245
2024-12-22 08:00:00+00:00,3356.139892578125,0.008499033833105686,0.005572961458620987
2024-12-22 09:00:00+00:00,3380.65966796875,0.007279386433961589,0.005858133982125197
2024-12-22 10:00:00+00:00,3378.64453125,-0.0005962556852182995,0.005797123861333128
2024-12-22 11:00:00+00:00,3382.2890625,0.0010781148941861498,0.00574805532126987
2024-12-22 12:00:00+00:00,3375.506591796875,-0.002007303365610836,0.0053512167772822705
2024-12-22 13:00:00+00:00,3370.742431640625,-0.0014123881083181423,0.005264127901563699
2024-12-22 14:00:00+00:00,3285.8896484375,-0.025495589512026014,0.0073342519749234536
2024-12-22 15:00:00+00:00,3302.37646484375,0.0050049134439403295,0.0073586115496091465
2024-12-22 16:00:00+00:00,3327.611572265625,0.007612450925644996,0.007529062809552456
2024-12-22 17:00:00+00:00,3313.191650390625,-0.004342831448259017,0.007525386634718799
2024-12-22 18:00:00+00:00,3307.714111328125,-0.0016546196273795717,0.007427304403100214
2024-12-22 19:00:00+00:00,3236.91796875,-0.02163571713579707,0.008573469637712088
2024-12-22 20:00:00+00:00,3284.6513671875,0.01463888472310034,0.009185372746183753
2024-12-22 21:00:00+00:00,3281.35107421875,-0.0010052671396730006,0.00899266391809988
2024-12-22 22:00:00+00:00,3282.781982421875,0.00043597782477682235,0.008986669549664726
2024-12-22 23:00:00+00:00,3275.160400390625,-0.0023243831732001454,0.008945854772864003
2024-12-23 00:00:00+00:00,3252.60693359375,-0.006910036888348506,0.008910355774006232
2024-12-23 01:00:00+00:00,3259.439453125,0.002098425481848959,0.008935581247423273
2024-12-23 02:00:00+00:00,3278.72998046875,0.005900912637876465,0.008954202835602767
2024-12-23 03:00:00+00:00,3347.191650390625,0.02066553460187297,0.009904312001204585
2024-12-23 04:00:00+00:00,3324.32080078125,-0.006856298139592001,0.009752167378181359
2024-12-23 05:00:00+00:00,3313.373046875,-0.0032986648931279086,0.009723524676683339
2024-12-23 06:00:00+00:00,3276.794921875,-0.011100931205879964,0.009941231598143698
2024-12-23 07:00:00+00:00,3297.99365234375,0.006448512735841985,0.01002122459236881
2024-12-23 08:00:00+00:00,3314.03271484375,0.004851491227809783,0.009907822328417621
2024-12-23 09:00:00+00:00,3335.525390625,0.006464414713320801,0.009881268506565559
2024-12-23 10:00:00+00:00,3349.3564453125,0.004138016127407404,0.009927660431661085
2024-12-23 11:00:00+00:00,3334.907958984375,-0.004323141024105376,0.009954760771552504
2024-12-23 12:00:00+00:00,3344.70751953125,0.0029341711687013903,0.009975206380799262
2024-12-23 13:00:00+00:00,3313.0986328125,-0.009495357325817484,0.010146491420099553
2024-12-23 14:00:00+00:00,3309.611083984375,-0.0010532091242531612,0.008670803159025627
2024-12-23 15:00:00+00:00,3270.529052734375,-0.011878923550311902,0.008952793674041311
2024-12-23 16:00:00+00:00,3367.34814453125,0.029173772213181043,0.01070292279232306
2024-12-23 17:00:00+00:00,3335.810546875,-0.009409841484043913,0.01085144025476345
2024-12-23 18:00:00+00:00,3299.454833984375,-0.010958439376568912,0.011087310306682729
2024-12-23 19:00:00+00:00,3331.702392578125,0.009726149359572576,0.010256281432136992
2024-12-23 20:00:00+00:00,3395.28564453125,0.018904491937644808,0.01053248683631768
2024-12-23 21:00:00+00:00,3421.98681640625,0.007833428564177694,0.010599758236874122
2024-12-23 22:00:00+00:00,3451.78125,0.008669079288275428,0.010688287102675104
2024-12-23 23:00:00+00:00,3416.0947265625,-0.010392396351674013,0.010956724446357638
2024-12-24 00:00:00+00:00,3419.69873046875,0.0010544508879138574,0.010802381171878797
2024-12-24 01:00:00+00:00,3379.28271484375,-0.011888984257138042,0.011172730841632172
2024-12-24 02:00:00+00:00,3368.00244140625,-0.003343651168057397,0.011173928169882627
2024-12-24 03:00:00+00:00,3392.02587890625,0.0071075260321757615,0.010462870953975663
2024-12-24 04:00:00+00:00,3407.389892578125,0.004519223514778898,0.010369809697923867
2024-12-24 05:00:00+00:00,3417.259765625,0.0028924209804788415,0.010334434114569852
2024-12-24 06:00:00+00:00,3387.221923828125,-0.00882889786082784,0.010225863614605247
2024-12-24 07:00:00+00:00,3397.719482421875,0.003094372181424479,0.010176396127433084
2024-12-24 08:00:00+00:00,3410.400390625,0.0037252348972687246,0.010161610151306856
2024-12-24 09:00:00+00:00,3396.415771484375,-0.004109010287301453,0.010152392682736239
2024-12-24 10:00:00+00:00,3390.445556640625,-0.0017593453277067383,0.010138279343325715
2024-12-24 11:00:00+00:00,3408.516357421875,0.005315765424900166,0.010129489619310308
2024-12-24 12:00:00+00:00,3400.37109375,-0.0023925399313015636,0.010141551631569169
2024-12-24 13:00:00+00:00,3448.9287109375,0.014179093366756766,0.010258704247306256
2024-12-24 14:00:00+00:00,3454.031494140625,0.0014784335939901857,0.010242443717040587
2024-12-24 15:00:00+00:00,3489.99853515625,0.010359218640700286,0.009954948771476513
2024-12-24 16:00:00+00:00,3483.915771484375,-0.0017444335983867962,0.008232412551534164
2024-12-24 17:00:00+00:00,3495.578857421875,0.0033421035228680257,0.00790832084724703
2024-12-24 18:00:00+00:00,3491.31787109375,-0.0012197079825112724,0.007454022552041742
2024-12-24 19:00:00+00:00,3466.00244140625,-0.007277382749786499,0.007530637579819853
2024-12-24 20:00:00+00:00,3451.8203125,-0.004100176971649095,0.006651190570957477
2024-12-24 21:00:00+00:00,3487.677001953125,0.010334180399010394,0.006786214996978208
2024-12-24 22:00:00+00:00,3492.31201171875,0.0013280853129767499,0.006577993712019892
2024-12-24 23:00:00+00:00,3493.9638671875,0.00047288584881678453,0.006157155916016343
2024-12-25 00:00:00+00:00,3483.79150390625,-0.002915656954586894,0.006207051899733939
2024-12-25 01:00:00+00:00,3472.906005859375,-0.003129504169410497,0.005663870189171632
2024-12-25 02:00:00+00:00,3483.621826171875,0.0030807980782485774,0.00559420363956722
2024-12-25 03:00:00+00:00,3474.004638671875,-0.002764504151962446,0.005519214556051956
2024-12-25 04:00:00+00:00,3486.201904296875,0.003504860965169189,0.005494883818989043
2024-12-25 05:00:00+00:00,3490.29638671875,0.0011737931326549482,0.005479684681169581
2024-12-25 06:00:00+00:00,3483.252197265625,-0.0020202603492801958,0.00511953321501115
2024-12-25 07:00:00+00:00,3487.603515625,0.0012484317862112263,0.005103124379459956
2024-12-25 08:00:00+00:00,3485.300048828125,-0.0006606908755798193,0.005083066529722887
2024-12-25 09:00:00+00:00,3492.9033203125,0.0021791495864962335,0.0049742698668043105
2024-12-25 10:00:00+00:00,3508.12451171875,0.004348280210955261,0.004974271666824992
2024-12-25 11:00:00+00:00,3477.284423828125,-0.008829916344703629,0.005318921948952623
2024-12-25 12:00:00+00:00,3476.771484375,-0.00014752238429662073,0.005279336192147473
2024-12-25 13:00:00+00:00,3478.482421875,0.0004919842057738488,0.004461307554696784
2024-12-25 14:00:00+00:00,3487.759033203125,0.0026633061375632644,0.0044807877095629466
2024-12-25 15:00:00+00:00,3469.860595703125,-0.005145000140025602,0.004083254513270575
2024-12-25 16:00:00+00:00,3451.5859375,-0.005280601556567602,0.004201933550449672
2024-12-25 17:00:00+00:00,3466.947265625,0.004440638764559177,0.004250045823064801
2024-12-25 18:00:00+00:00,3466.82373046875,-3.563289192354046e-05,0.004246293324604374
2024-12-25 19:00:00+00:00,3478.02978515625,0.0032271564512561498,0.0040310357864860496
2024-12-25 20:00:00+00:00,3469.44970703125,-0.0024699842573916715,0.003969671904861749
2024-12-25 21:00:00+00:00,3463.937744140625,-0.001589977219834433,0.003344763665255025
2024-12-25 22:00:00+00:00,3473.826416015625,0.002850681673034308,0.0033908046179426583
2024-12-25 23:00:00+00:00,3495.9501953125,0.0063485115337921045,0.003645628364973753
2024-12-26 00:00:00+00:00,3476.97216796875,-0.00544336311670285,0.0037686728401351527
2024-12-26 01:00:00+00:00,3475.0947265625,-0.0005401102953618834,0.0037142963004208503
2024-12-26 02:00:00+00:00,3457.37060546875,-0.005113378535249337,0.0037969998436057804
2024-12-26 03:00:00+00:00,3456.68994140625,-0.0001968927116227533,0.003760988844519585
2024-12-26 04:00:00+00:00,3438.335205078125,-0.005324064610234353,0.0038134395205356914
2024-12-26 05:00:00+00:00,3439.176025390625,0.0002445129607244696,0.003799592386836421
2024-12-26 06:00:00+00:00,3438.731201171875,-0.00012934871166985504,0.0037887708452490733
2024-12-26 07:00:00+00:00,3421.472900390625,-0.005031435489104701,0.0038760226079845366
2024-12-26 08:00:00+00:00,3363.864013671875,-0.016980813694542445,0.0050918511560532976
2024-12-26 09:00:00+00:00,3371.1396484375,0.0021605445106883405,0.0050912716008418785
2024-12-26 10:00:00+00:00,3366.722900390625,-0.001311023680725746,0.004938434026961897
2024-12-26 11:00:00+00:00,3369.37158203125,0.0007864146751632208,0.004721340672727325
2024-12-26 12:00:00+00:00,3354.779052734375,-0.004340340661000878,0.004753779327827593
2024-12-26 13:00:00+00:00,3350.543701171875,-0.0012632806148790844,0.004735455951427925
2024-12-26 14:00:00+00:00,3336.4091796875,-0.004227498768696825,0.0046767046786118675
2024-12-26 15:00:00+00:00,3342.15869140625,0.0017217802529242304,0.004676311673956293
2024-12-26 16:00:00+00:00,3358.8486328125,0.004981333435494441,0.0047893406533133205
2024-12-26 17:00:00+00:00,3324.910888671875,-0.01015537309569411,0.004973744039642092
2024-12-26 18:00:00+00:00,3333.345458984375,0.0025335686653877596,0.005039305504938373
2024-12-26 19:00:00+00:00,3338.6015625,0.0015755834349523445,0.004980947813325369
2024-12-26 20:00:00+00:00,3320.328369140625,-0.005488341044441463,0.005038878117519607
2024-12-26 21:00:00+00:00,3334.8369140625,0.004360092436150349,0.005195178913818548
2024-12-26 22:00:00+00:00,3337.942138671875,0.0009307141174576239,0.005138416787089439
2024-12-26 23:00:00+00:00,3331.287109375,-0.001995742313920903,0.0048468215681692515
2024-12-27 00:00:00+00:00,3343.8935546875,0.0037771143387778814,0.0049276236298268685
2024-12-27 01:00:00+00:00,3359.50341796875,0.004657307797945735,0.005088990798063028
2024-12-27 02:00:00+00:00,3358.798583984375,-0.00020982503815879185,0.00503193668441786
2024-12-27 03:00:00+00:00,3374.2099609375,0.004577865530628478,0.005166136454293421
2024-12-27 04:00:00+00:00,3370.51123046875,-0.0010967779792695857,0.005083932044977047
2024-12-27 05:00:00+00:00,3379.762451171875,0.002740993011988119,0.0051321863408627585
2024-12-27 06:00:00+00:00,3385.691162109375,0.0017526429989828814,0.005156023208396504
2024-12-27 07:00:00+00:00,3321.94189453125,-0.019008549377993098,0.00632871046079727
2024-12-27 08:00:00+00:00,3355.683837890625,0.010106056221086016,0.005790021978033637
2024-12-27 09:00:00+00:00,3419.263916015625,0.01876972252536317,0.006948788568388946
2024-12-27 10:00:00+00:00,3398.046142578125,-0.006224696182287554,0.007078431219586443
2024-12-27 11:00:00+00:00,3414.830810546875,0.004927346271902107,0.00713882975234037
2024-12-27 12:00:00+00:00,3409.64892578125,-0.001518617084878004,0.00707761639295704
2024-12-27 13:00:00+00:00,3383.725830078125,-0.007631912697655101,0.007270253136711066
2024-12-27 14:00:00+00:00,3354.427978515625,-0.00869616130105567,0.0074492211485943025
2024-12-27 15:00:00+00:00,3319.676513671875,-0.010413915139971018,0.007749014723397895
2024-12-27 16:00:00+00:00,3310.945068359375,-0.0026336747622917665,0.007679757356887309
2024-12-27 17:00:00+00:00,3344.649169921875,0.010128138365094205,0.007698376087590478
2024-12-27 18:00:00+00:00,3358.580322265625,0.004156555408792923,0.007726415927245143
2024-12-27 19:00:00+00:00,3350.010009765625,-0.0025550277295806898,0.00774308505333194
2024-12-27 20:00:00+00:00,3335.303955078125,-0.004399517654786137,0.007711787606698395
2024-12-27 21:00:00+00:00,3314.253173828125,-0.006331504840226018,0.007768868903104875
2024-12-27 22:00:00+00:00,3316.949462890625,0.0008132127334373017,0.007768124215973682
2024-12-27 23:00:00+00:00,3327.515380859375,0.0031803695626912948,0.007789745458222346
2024-12-28 00:00:00+00:00,3339.351318359375,0.0035506784427942577,0.007785047822295237
2024-12-28 01:00:00+00:00,3328.51806640625,-0.00324939223009588,0.007744080150795687
2024-12-28 02:00:00+00:00,3324.732177734375,-0.0011380570222274322,0.0077454794033522765
2024-12-28 03:00:00+00:00,3340.8017578125,0.004821702617292378,0.007752483493837795
2024-12-28 04:00:00+00:00,3339.672119140625,-0.0003381911832747858,0.007751127549901017
2024-12-28 05:00:00+00:00,3343.718994140625,0.0012110245909585362,0.007730581774007229
2024-12-28 06:00:00+00:00,3334.71923828125,-0.0026951694375157813,0.007728877044347545
2024-12-28 07:00:00+00:00,3330.990478515625,-0.001118788640065056,0.006669606703887862
2024-12-28 08:00:00+00:00,3339.824462890625,0.0026485488254897713,0.006349870537362001
2024-12-28 09:00:00+00:00,3348.3837890625,0.0025595288071921475,0.004953172928752793
2024-12-28 10:00:00+00:00,3334.45263671875,-0.004169239417538656,0.004873744854127228
2024-12-28 11:00:00+00:00,3354.388671875,0.005961000798073728,0.004930673901585775
2024-12-28 12:00:00+00:00,3348.450927734375,-0.001771710513306924,0.004932672682791408
2024-12-28 13:00:00+00:00,3360.441650390625,0.0035745796446600086,0.004781448040306525
2024-12-28 14:00:00+00:00,3366.30615234375,0.0017436370772059978,0.0044463698450225506
2024-12-28 15:00:00+00:00,3361.070556640625,-0.0015565047080413833,0.00386067010696304
2024-12-28 16:00:00+00:00,3379.2099609375,0.005382401531053523,0.003922556483936446
2024-12-28 17:00:00+00:00,3388.509765625,0.002748284774413446,0.0034208046227874617
2024-12-28 18:00:00+00:00,3385.50048828125,-0.0008884774096623357,0.003343215867168495
2024-12-28 19:00:00+00:00,3393.207275390625,0.002273822887362506,0.0033069827528387982
2024-12-28 20:00:00+00:00,3393.659912109375,0.00013338605483680972,0.003138105805112994
2024-12-28 21:00:00+00:00,3396.595947265625,0.0008647790009770952,0.002755213942512463
2024-12-28 22:00:00+00:00,3406.8818359375,0.0030237172330138877,0.0027847012042142207
2024-12-28 23:00:00+00:00,3397.900146484375,-0.0026398184959265177,0.0028496563802741593
2024-12-29 00:00:00+00:00,3386.0712890625,-0.0034872992971949476,0.002923212506843694
2024-12-29 01:00:00+00:00,3372.959716796875,-0.0038797243867714935,0.0029616821384874036
2024-12-29 02:00:00+00:00,3381.953125,0.0026627770713391168,0.0029689565803202376
2024-12-29 03:00:00+00:00,3377.083251953125,-0.0014409965024480371,0.0028653651450926392
2024-12-29 04:00:00+00:00,3381.55712890625,0.001323898699876094,0.0028655709724962728
2024-12-29 05:00:00+00:00,3380.7685546875,-0.00023322574487583483,0.0028655782283351296
2024-12-29 06:00:00+00:00,3389.18310546875,0.00248585382489323,0.0028122775021082584
2024-12-29 07:00:00+00:00,3400.83544921875,0.0034322012804152958,0.0028393672548895363
2024-12-29 08:00:00+00:00,3391.21435546875,-0.0028330475958508144,0.0029092412152937
2024-12-29 09:00:00+00:00,3398.646728515625,0.002189257165488831,0.0028995640920539
2024-12-29 10:00:00+00:00,3398.39501953125,-7.406427496566137e-05,0.00272038459068851
2024-12-29 11:00:00+00:00,3395.329345703125,-0.0009025017417244788,0.0025055909643950697
2024-12-29 12:00:00+00:00,3388.080078125,-0.002137353028517678,0.002521102847610033
2024-12-29 13:00:00+00:00,3393.2431640625,0.001522737303843362,0.0024456218237659485
2024-12-29 14:00:00+00:00,3364.67431640625,-0.008454976826665843,0.003021176124224344
2024-12-29 15:00:00+00:00,3372.66552734375,0.002372216592992266,0.0030406874877452685
2024-12-29 16:00:00+00:00,3350.568359375,-0.006573398429516404,0.0031233172981298195
2024-12-29 17:00:00+00:00,3354.99560546875,0.001320469616054602,0.0030748657614728375
2024-12-29 18:00:00+00:00,3355.783203125,0.00023472615692762832,0.0030758801546165063
2024-12-29 19:00:00+00:00,3356.89501953125,0.0003312586659268606,0.003028551760281665
2024-12-29 20:00:00+00:00,3351.638427734375,-0.0015671362195651588,0.0030342383041945245
2024-12-29 21:00:00+00:00,3346.311279296875,-0.001590680669090624,0.003026933705909089
2024-12-29 22:00:00+00:00,3331.407958984375,-0.004463603372609883,0.0030207428492502572
2024-12-29 23:00:00+00:00,3352.162841796875,0.006210736789174689,0.003327984120012033
2024-12-30 00:00:00+00:00,3378.397705078125,0.0077957834166677105,0.003675930697420405
2024-12-30 01:00:00+00:00,3414.4482421875,0.010614365718689412,0.004182709182934896
2024-12-30 02:00:00+00:00,3407.53076171875,-0.002027998865322903,0.004187303403053928
2024-12-30 03:00:00+00:00,3397.135498046875,-0.003055336253610604,0.004229473978902544
2024-12-30 04:00:00+00:00,3385.015869140625,-0.003573981514351096,0.004292925423671027
2024-12-30 05:00:00+00:00,3400.123779296875,0.004453242204753233,0.0043854224861762684
2024-12-30 06:00:00+00:00,3420.966796875,0.006111363635206285,0.004526402008078106
2024-12-30 07:00:00+00:00,3417.1640625,-0.0011122146812360984,0.004488452236538948
2024-12-30 08:00:00+00:00,3415.89794921875,-0.0003705844593737488,0.00444403994496774
2024-12-30 09:00:00+00:00,3415.49560546875,-0.0001177925842638966,0.004426362928804983
2024-12-30 10:00:00+00:00,3407.32373046875,-0.002395455164586956,0.004458000557251758
2024-12-30 11:00:00+00:00,3417.0810546875,0.0028595404799998878,0.004486922273902291
2024-12-30 12:00:00+00:00,3402.80078125,-0.004187842150838845,0.004553701744254756
2024-12-30 13:00:00+00:00,3332.14794921875,-0.020981725864434305,0.006261945536195541
2024-12-30 14:00:00+00:00,3314.538818359375,-0.00529863153594315,0.00612488813708583
2024-12-30 15:00:00+00:00,3318.189208984375,0.0011007208432231648,0.006103291902515258
2024-12-30 16:00:00+00:00,3330.867919921875,0.0038136914929578374,0.0060350014586817834
2024-12-30 17:00:00+00:00,3380.394775390625,0.014759593481776825,0.006765865171078408
2024-12-30 18:00:00+00:00,3392.462646484375,0.0035636019225371222,0.006798208370528003
2024-12-30 19:00:00+00:00,3397.9521484375,0.0016168388279029348,0.0068022713758212295
2024-12-30 20:00:00+00:00,3396.63037109375,-0.0003890680131190266,0.006790898014534666
2024-12-30 21:00:00+00:00,3323.42919921875,-0.02178673167067554,0.00817805473793946
2024-12-30 22:00:00+00:00,3357.34765625,0.01015413302936473,0.008394850936560798
2024-12-30 23:00:00+00:00,3357.89453125,0.00016287573431892467,0.008300679182482696
2024-12-31 00:00:00+00:00,3327.078369140625,-0.009219597701266544,0.008338790979127838
2024-12-31 01:00:00+00:00,3334.325927734375,0.002175986062537738,0.00801535044085396
2024-12-31 02:00:00+00:00,3336.872802734375,0.0007635434729604043,0.008019876817932078
2024-12-31 03:00:00+00:00,3335.69580078125,-0.0003527882694866215,0.008006866274599525
2024-12-31 04:00:00+00:00,3328.622314453125,-0.0021227945191272498,0.007990157551630827
2024-12-31 05:00:00+00:00,3339.931640625,0.0033918408969866192,0.007963286722670347
2024-12-31 06:00:00+00:00,3347.15234375,0.0021595978002475614,0.007855496244654514
2024-12-31 07:00:00+00:00,3349.123046875,0.0005885968144781205,0.007861251889221859
2024-12-31 08:00:00+00:00,3376.23779296875,0.008063476043957105,0.008068828086688348
2024-12-31 09:00:00+00:00,3382.63623046875,0.001893344775835411,0.00808325505493564
2024-12-31 10:00:00+00:00,3390.035400390625,0.002185008596004997,0.008088234041333783
2024-12-31 11:00:00+00:00,3389.086669921875,-0.00027989774047541,0.008061742944776382
2024-12-31 12:00:00+00:00,3389.3720703125,8.420804838707839e-05,0.00802020896069307
2024-12-31 13:00:00+00:00,3423.907958984375,0.010137902541598718,0.006952927482492349
2024-12-31 14:00:00+00:00,3421.80078125,-0.000615620056558899,0.006829227428129223
2024-12-31 15:00:00+00:00,3410.8056640625,-0.0032184282137065947,0.00689207034973959
2024-12-31 16:00:00+00:00,3401.078857421875,-0.0028558362141256877,0.006914299353882532
2024-12-31 17:00:00+00:00,3360.440185546875,-0.012020719298456427,0.006733741539573033
2024-12-31 18:00:00+00:00,3356.4912109375,-0.0011758271243977364,0.0066864704004063495
2024-12-31 19:00:00+00:00,3349.74462890625,-0.00201203311913643,0.0066788640210100015
2024-12-31 20:00:00+00:00,3333.080810546875,-0.004987068133764199,0.006738370780088613
2024-12-31 21:00:00+00:00,3345.988525390625,0.0038651285871698217,0.0050971577293272095
2024-12-31 22:00:00+00:00,3330.09912109375,-0.004760103563904026,0.004737709022205997
2024-12-31 23:00:00+00:00,3333.720703125,0.00108693886789788,0.004745717778129611
2025-01-01 00:00:00+00:00,3358.024658203125,0.007263893238756275,0.004589065394848221
2025-01-01 01:00:00+00:00,3338.50927734375,-0.005828518542462653,0.004741636749429899
2025-01-01 02:00:00+00:00,3355.075927734375,0.004950018177200679,0.004844825628485354
2025-01-01 03:00:00+00:00,3347.579833984375,-0.0022367542483988333,0.0048698207699277365
2025-01-01 04:00:00+00:00,3337.094482421875,-0.00313713418652577,0.004894724961364663
2025-01-01 05:00:00+00:00,3337.885009765625,0.00023686285429669858,0.004844749527087892
2025-01-01 06:00:00+00:00,3338.084716796875,5.982862100609262e-05,0.0048224813377378255
2025-01-01 07:00:00+00:00,3338.846435546875,0.00022816432757046646,0.004820762269763866
2025-01-01 08:00:00+00:00,3330.404052734375,-0.002531734963846274,0.004513330107565796
2025-01-01 09:00:00+00:00,3326.853515625,-0.0010666666895670107,0.0044834469807540946
2025-01-01 10:00:00+00:00,3319.422119140625,-0.002236259821199377,0.00445077126316043
2025-01-01 11:00:00+00:00,3334.746826171875,0.004606055016318655,0.0045888747225852206
2025-01-01 12:00:00+00:00,3340.229736328125,0.0016428256603010347,0.004611039316493637
2025-01-01 13:00:00+00:00,3334.1484375,-0.0018222822718751345,0.004005677973186016
2025-01-01 14:00:00+00:00,3339.46630859375,0.0015937006919455124,0.004042674195874615
2025-01-01 15:00:00+00:00,3345.24755859375,0.0017296930149120473,0.004051571613444553
2025-01-01 16:00:00+00:00,3331.539306640625,-0.004106247957695108,0.004086926975395999
2025-01-01 17:00:00+00:00,3334.361572265625,0.0008467770058113182,0.003333887258551571
2025-01-01 18:00:00+00:00,3340.066650390625,0.001709533558263591,0.003353821989879635
2025-01-01 19:00:00+00:00,3347.195068359375,0.0021319400880487867,0.0033633714715572906
2025-01-01 20:00:00+00:00,3353.448974609375,0.001866658794536643,0.0032118893629249213
2025-01-01 21:00:00+00:00,3358.2861328125,0.0014414034413446505,0.0031304780172409096
2025-01-01 22:00:00+00:00,3355.13330078125,-0.0009392627093319201,0.002962407822139994
2025-01-01 23:00:00+00:00,3353.4716796875,-0.0004953700903739621,0.0029620202164243707
2025-01-02 00:00:00+00:00,3379.337890625,0.007683668437769396,0.0030061719225068836
2025-01-02 01:00:00+00:00,3376.09912109375,-0.0009588631420233983,0.002728631148602254
2025-01-02 02:00:00+00:00,3389.223876953125,0.003880013512649131,0.0026600696850517026
2025-01-02 03:00:00+00:00,3383.54931640625,-0.0016756981852778226,0.002638062877463078
2025-01-02 04:00:00+00:00,3409.362060546875,0.007599942631829194,0.002901400127843781
2025-01-02 05:00:00+00:00,3404.806640625,-0.0013370436806854483,0.0029344670300123924
2025-01-02 06:00:00+00:00,3402.955810546875,-0.0005437411005452547,0.002943899846686178
2025-01-02 07:00:00+00:00,3415.62451171875,0.003715939433366189,0.0029998963337954094
2025-01-02 08:00:00+00:00,3433.92431640625,0.0053433733191657505,0.0030333190256159456
2025-01-02 09:00:00+00:00,3462.147705078125,0.008185397764434315,0.00329900695993876
2025-01-02 10:00:00+00:00,3464.6416015625,0.0007200728885293559,0.003200898523400706
2025-01-02 11:00:00+00:00,3467.30322265625,0.0007679291431319633,0.003149242016666457
2025-01-02 12:00:00+00:00,3477.12255859375,0.002827978234905347,0.0031588243240947907
2025-01-02 13:00:00+00:00,3467.224365234375,-0.0028507216506259182,0.003214789753974932
2025-01-02 15:00:00+00:00,3459.760498046875,-0.002155012670990655,0.0033064290742996117
2025-01-02 16:00:00+00:00,3468.3515625,0.002480060594132106,0.003312489079724581
2025-01-02 17:00:00+00:00,3443.4462890625,-0.007206628944092683,0.0035897203988969097
2025-01-02 18:00:00+00:00,3460.4775390625,0.004933798510063736,0.003659752344336185
2025-01-02 19:00:00+00:00,3460.39892578125,-2.2717724164801275e-05,0.0036734611911517405
2025-01-02 20:00:00+00:00,3452.845947265625,-0.002185075651015437,0.0037448798382975924
2025-01-02 21:00:00+00:00,3450.5458984375,-0.0006663532839045215,0.0037637101574085298
2025-01-02 22:00:00+00:00,3439.083251953125,-0.0033275106136118264,0.0038740900610915864
2025-01-02 23:00:00+00:00,3450.828125,0.0034092991275218687,0.0038815903178586533
2025-01-03 00:00:00+00:00,3446.158203125,-0.001354192212796747,0.0039015354457583003
2025-01-03 01:00:00+00:00,3460.4423828125,0.0041363909426342955,0.003704941311273097
2025-01-03 02:00:00+00:00,3456.543212890625,-0.0011274189546695277,0.00370895025205735
2025-01-03 03:00:00+00:00,3468.049072265625,0.003323190590874391,0.003691730025348949
2025-01-03 04:00:00+00:00,3455.525390625,-0.0036176964273656894,0.003772367467493991
2025-01-03 05:00:00+00:00,3453.422607421875,-0.000608713010619946,0.0034985093611929453
2025-01-03 06:00:00+00:00,3442.2568359375,-0.0032384861665277318,0.0035636703064613135
2025-01-03 07:00:00+00:00,3430.68701171875,-0.0033667771493690528,0.003643786254117581
2025-01-03 08:00:00+00:00,3426.740478515625,-0.001151024533459912,0.0035825453690506576
2025-01-03 09:00:00+00:00,3442.08349609375,0.004467443962139336,0.0035312772561843786
2025-01-03 10:00:00+00:00,3444.107177734375,0.0005877507012907692,0.003087494116036785
2025-01-03 11:00:00+00:00,3463.0771484375,0.005492836879096191,0.0032971119221684364
2025-01-03 12:00:00+00:00,3461.328857421875,-0.000504964917220458,0.003294142605610508
2025-01-03 13:00:00+00:00,3479.171875,0.005141720338660352,0.0034143617260919655
2025-01-03 14:00:00+00:00,3524.340576171875,0.012899049661075943,0.00424919858429946
2025-01-03 15:00:00+00:00,3565.84033203125,0.011706395174320906,0.004758503802479401
2025-01-03 16:00:00+00:00,3582.52880859375,0.004669178816398061,0.004803706667207415
2025-01-03 17:00:00+00:00,3574.946533203125,-0.002118701878771567,0.004513171886116057
2025-01-03 18:00:00+00:00,3601.841796875,0.007495104590464529,0.004625271734282512
2025-01-03 19:00:00+00:00,3620.1787109375,0.005078067404210002,0.004661242966294045
2025-01-03 20:00:00+00:00,3602.208740234375,-0.004976196003446758,0.004799854173639933
2025-01-03 21:00:00+00:00,3611.51171875,0.002579247068380217,0.0047740400693251995
2025-01-03 22:00:00+00:00,3616.443603515625,0.0013646696226328272,0.004644998483735599
2025-01-03 23:00:00+00:00,3605.182373046875,-0.0031187545943573247,0.0047545484815045575
2025-01-04 00:00:00+00:00,3601.575927734375,-0.0010008509965313546,0.004744818779958548
2025-01-04 01:00:00+00:00,3595.41650390625,-0.0017116664746985276,0.004771738807806336
2025-01-04 02:00:00+00:00,3594.76953125,-0.00017995992171345102,0.0047521213733893765
2025-01-04 03:00:00+00:00,3595.923583984375,0.00032098511945622635,0.004745226113566787
2025-01-04 04:00:00+00:00,3588.740234375,-0.001999634829007379,0.004680274674678412
2025-01-04 05:00:00+00:00,3594.465576171875,0.0015940913180770705,0.004657107750722393
2025-01-04 06:00:00+00:00,3599.389892578125,0.0013690342255997276,0.004539542128940009
2025-01-04 07:00:00+00:00,3592.97216796875,-0.0017845948962529974,0.004471315054211424
2025-01-04 08:00:00+00:00,3585.332275390625,-0.0021286072562355035,0.0045048895793914565
2025-01-04 09:00:00+00:00,3587.032470703125,0.0004740961745627187,0.004479035325545155
2025-01-04 10:00:00+00:00,3586.27392578125,-0.00021149101481962313,0.0044907652227659895
2025-01-04 11:00:00+00:00,3600.89501953125,0.004068671275477289,0.00444746725088533
2025-01-04 12:00:00+00:00,3635.7099609375,0.009621973315926607,0.004709194993853799
2025-01-04 13:00:00+00:00,3643.1298828125,0.002038765683651332,0.004662932725063163
2025-01-04 14:00:00+00:00,3635.498779296875,-0.00209685276331829,0.004098114374484351
2025-01-04 15:00:00+00:00,3608.6572265625,-0.007410573585049303,0.003835723474595312
2025-01-04 16:00:00+00:00,3622.337646484375,0.003783832372827972,0.0037979281336544476
2025-01-04 17:00:00+00:00,3631.6318359375,0.002562512721202412,0.0037798755614406663
2025-01-04 18:00:00+00:00,3625.443359375,-0.001705501981446067,0.003513195435608213
2025-01-04 19:00:00+00:00,3630.9248046875,0.0015107960983198664,0.00337371905119037
2025-01-04 20:00:00+00:00,3657.329345703125,0.007245811135137183,0.003490869523778653
2025-01-04 21:00:00+00:00,3655.283935546875,-0.0005594197671678131,0.0034735263386814937
2025-01-04 22:00:00+00:00,3661.670654296875,0.0017457318597733904,0.003478508558098711
2025-01-04 23:00:00+00:00,3659.708251953125,-0.0005360745334654247,0.003400181836794366
2025-01-05 00:00:00+00:00,3650.9404296875,-0.002398645277935016,0.0034409766033519622
2025-01-05 01:00:00+00:00,3636.49755859375,-0.003963777126319602,0.003535242673081341
2025-01-05 02:00:00+00:00,3639.89892578125,0.0009349043699171447,0.003533608798199326
2025-01-05 03:00:00+00:00,3635.615234375,-0.0011775640338135805,0.0035504748533869233
2025-01-05 04:00:00+00:00,3642.949951171875,0.002015429990024774,0.0035241639606671546
2025-01-05 05:00:00+00:00,3633.0986328125,-0.0027078775698962053,0.003581649901879758
2025-01-05 06:00:00+00:00,3638.535400390625,0.0014953361421558419,0.0035831584269424397
2025-01-05 07:00:00+00:00,3630.83740234375,-0.002117927126120376,0.0035928324413620153
2025-01-05 08:00:00+00:00,3619.118408203125,-0.0032328484899575263,0.003633949016579509
2025-01-05 09:00:00+00:00,3609.365234375,-0.002698541002244607,0.003688090011464978
2025-01-05 10:00:00+00:00,3614.458740234375,0.001410196793659426,0.003693953682002058
2025-01-05 11:00:00+00:00,3611.80615234375,-0.0007341518887551448,0.0036115678041354305
2025-01-05 12:00:00+00:00,3616.28955078125,0.0012405477726428504,0.0030082601768941417
2025-01-05 13:00:00+00:00,3613.58935546875,-0.0007469545404727681,0.0029706987303190855
2025-01-05 14:00:00+00:00,3622.569091796875,0.0024819083227834685,0.0029997988776778784
2025-01-05 15:00:00+00:00,3630.20751953125,0.0021063465670677728,0.002600536149252263
2025-01-05 16:00:00+00:00,3627.506591796875,-0.000744291609625512,0.002494978557789575
2025-01-05 17:00:00+00:00,3625.081298828125,-0.0006688076299740149,0.0024406241263747355
2025-01-05 18:00:00+00:00,3630.736572265625,0.001558824844596052,0.002436775994228458
2025-01-05 19:00:00+00:00,3634.136474609375,0.0009359840344144802,0.002424699499203148
2025-01-05 20:00:00+00:00,3634.440673828125,8.370254940278977e-05,0.0018779782296127001
2025-01-05 21:00:00+00:00,3645.790771484375,0.003118062093842228,0.0019987631313996643
2025-01-05 22:00:00+00:00,3643.7509765625,-0.0005596497134162273,0.00196082091724458
2025-01-05 23:00:00+00:00,3633.7705078125,-0.0027428225470478044,0.0020276507676591287
2025-01-06 00:00:00+00:00,3623.030029296875,-0.0029601161843424064,0.0020560019773024183
2025-01-06 01:00:00+00:00,3642.5283203125,0.005367333627149893,0.0022132060866595226
2025-01-06 02:00:00+00:00,3659.06689453125,0.00453013403673606,0.002389046715743052
2025-01-06 03:00:00+00:00,3662.72412109375,0.0009989978842207881,0.0023750039745971565
2025-01-06 04:00:00+00:00,3670.784423828125,0.002198212746520822,0.0023809976300998115
2025-01-06 05:00:00+00:00,3677.924072265625,0.001943103522937953,0.00231236806086256
2025-01-06 06:00:00+00:00,3667.40185546875,-0.0028650121445527865,0.002401248682126501
2025-01-06 07:00:00+00:00,3649.140869140625,-0.004991708497604529,0.0025926129191388932
2025-01-06 08:00:00+00:00,3641.48876953125,-0.002099160922586226,0.0025368957220099236
2025-01-06 09:00:00+00:00,3642.8955078125,0.00038623396163022325,0.002457559856347159
2025-01-06 10:00:00+00:00,3636.345703125,-0.0017995849472030713,0.0024865268533357594
2025-01-06 11:00:00+00:00,3653.240234375,0.004635259572760402,0.0026313232016738635
2025-01-06 12:00:00+00:00,3641.9375,-0.003098688977978387,0.002723902539076137
2025-01-06 13:00:00+00:00,3649.87939453125,0.0021783041967411956,0.002740672310307022
2025-01-06 14:00:00+00:00,3688.701171875,0.010580285694806207,0.003420309164554087
2025-01-06 15:00:00+00:00,3707.769775390625,0.005156147005190849,0.0035277140583876584
2025-01-06 16:00:00+00:00,3712.96826171875,0.0014010701233525252,0.003511888736376741
2025-01-06 17:00:00+00:00,3675.02001953125,-0.010273047136193814,0.004188749160335714
2025-01-06 18:00:00+00:00,3685.959228515625,0.0029722178718080985,0.004213119617569498
2025-01-06 19:00:00+00:00,3690.247314453125,0.0011626806802609523,0.0042140918747289695
2025-01-06 20:00:00+00:00,3680.427490234375,-0.0026645674348571005,0.004266830590024887
2025-01-06 21:00:00+00:00,3669.828857421875,-0.002883883134612536,0.004284028853233112
2025-01-06 22:00:00+00:00,3682.790771484375,0.0035257984621635385,0.00433038803516858
2025-01-06 23:00:00+00:00,3688.8330078125,0.001639323400698719,0.004282291063438396
2025-01-07 00:00:00+00:00,3678.728759765625,-0.002742903202059824,0.004274603573519262
2025-01-07 01:00:00+00:00,3696.044921875,0.004696061107674205,0.004244386612212074
2025-01-07 02:00:00+00:00,3679.83056640625,-0.004396598509080867,0.004276723662906183
2025-01-07 03:00:00+00:00,3684.73095703125,0.001330803288868232,0.004279833366139687
2025-01-07 04:00:00+00:00,3677.438720703125,-0.0019810026207263283,0.004282122230088613
2025-01-07 05:00:00+00:00,3668.686279296875,-0.0023828741132714193,0.004291126952567074
2025-01-07 06:00:00+00:00,3672.80126953125,0.0011210236720955906,0.0042566493102563
2025-01-07 07:00:00+00:00,3667.533935546875,-0.001435175572046774,0.004133205755616134
2025-01-07 08:00:00+00:00,3674.419921875,0.001875791779935243,0.004116279066278553
2025-01-07 09:00:00+00:00,3665.393310546875,-0.002459630945105197,0.004156736344048009
2025-01-07 10:00:00+00:00,3659.65185546875,-0.0015676234408866564,0.004152014677095881
2025-01-07 11:00:00+00:00,3640.8203125,-0.005159004596624455,0.00418511519638116
2025-01-07 12:00:00+00:00,3633.000244140625,-0.002150196395796751,0.004160385181188921
2025-01-07 13:00:00+00:00,3634.887939453125,0.0005194618594186087,0.00413454712630692
2025-01-07 14:00:00+00:00,3605.2666015625,-0.008182561020111249,0.0037710624214340005
2025-01-07 15:00:00+00:00,3466.645263671875,-0.03920837775984952,0.008524133765480389
2025-01-07 16:00:00+00:00,3459.883056640625,-0.0019525536796867473,0.008479612840477206
2025-01-07 17:00:00+00:00,3444.092041015625,-0.0045744785977165645,0.008344095917091256
2025-01-07 18:00:00+00:00,3420.201416015625,-0.006960868329774272,0.008296513286276931
2025-01-07 19:00:00+00:00,3384.372314453125,-0.010530985218660801,0.008377169355882397
2025-01-07 20:00:00+00:00,3380.251953125,-0.0012182086320553947,0.008389424055627237
2025-01-07 21:00:00+00:00,3370.17724609375,-0.002984910800227794,0.008389103279147107
2025-01-07 22:00:00+00:00,3395.720947265625,0.007550755806236481,0.00857486283226713
2025-01-07 23:00:00+00:00,3380.67529296875,-0.004440613708911672,0.008509646013251292
2025-01-08 00:00:00+00:00,3411.712158203125,0.009138784107055764,0.008900439428756386
2025-01-08 01:00:00+00:00,3388.48583984375,-0.0068310977666196674,0.008769265801697804
2025-01-08 02:00:00+00:00,3384.377685546875,-0.001213121978700123,0.008781077096350476
2025-01-08 03:00:00+00:00,3360.6630859375,-0.007031743210329772,0.008747427798415785
2025-01-08 04:00:00+00:00,3346.7646484375,-0.004144198921500677,0.008738625401405459
2025-01-08 05:00:00+00:00,3350.953857421875,0.001250936278375169,0.008797803477280652
2025-01-08 06:00:00+00:00,3307.2255859375,-0.013135392516496815,0.00893313774046325
2025-01-08 07:00:00+00:00,3354.6533203125,0.01423878648751367,0.009697183613037105
2025-01-08 08:00:00+00:00,3366.606201171875,0.003556742132008589,0.009745274454470947
2025-01-08 09:00:00+00:00,3352.091796875,-0.004320607022441818,0.009742832557735987
2025-01-08 10:00:00+00:00,3362.3115234375,0.0030441229002424615,0.009832258040474183
2025-01-08 11:00:00+00:00,3348.786865234375,-0.004030540376294717,0.00982682995654674
2025-01-08 12:00:00+00:00,3339.680908203125,-0.002722884512788558,0.009824145819985237
2025-01-08 13:00:00+00:00,3360.71435546875,0.00627829121339479,0.009995615344469968
2025-01-08 14:00:00+00:00,3365.574951171875,0.0014452534904727044,0.00998297949006163
2025-01-08 15:00:00+00:00,3345.38818359375,-0.006016074908458302,0.006377481159337119
2025-01-08 16:00:00+00:00,3314.662109375,-0.00922704510150027,0.006570683577235139
2025-01-08 17:00:00+00:00,3259.153076171875,-0.01688832161112633,0.007244099144212157
2025-01-08 18:00:00+00:00,3282.272216796875,0.007068562538282327,0.00741563373739122
2025-01-08 19:00:00+00:00,3281.923828125,-0.00010614816188240937,0.0071783157379912785
2025-01-08 20:00:00+00:00,3283.56005859375,0.0004984340928579075,0.007187512971127779
2025-01-08 21:00:00+00:00,3298.39111328125,0.0045065906449240365,0.007269254263582273
2025-01-08 22:00:00+00:00,3331.397705078125,0.009957139028978284,0.007406149937254869
2025-01-08 23:00:00+00:00,3326.291015625,-0.001534073060142792,0.007367639973741394
2025-01-09 00:00:00+00:00,3341.411376953125,0.004535411557574329,0.007157960142220044
2025-01-09 01:00:00+00:00,3345.49267578125,0.0012206842816120328,0.00705423838186076
2025-01-09 02:00:00+00:00,3337.002197265625,-0.002541111739159245,0.007065013028899853
2025-01-09 03:00:00+00:00,3324.25,-0.003828773469728576,0.006967567046178221
2025-01-09 04:00:00+00:00,3338.369384765625,0.0042383948675237025,0.006984618846904465
2025-01-09 05:00:00+00:00,3327.4287109375,-0.00328263277569339,0.007007630240082357
2025-01-09 06:00:00+00:00,3314.44189453125,-0.003910594989881559,0.006507796868106263
2025-01-09 07:00:00+00:00,3290.391357421875,-0.007282740530097443,0.005930715779451226
2025-01-09 08:00:00+00:00,3307.5556640625,0.005202935187353383,0.005992562584230562
2025-01-09 09:00:00+00:00,3317.063720703125,0.002870523608127596,0.005985382492929581
2025-01-09 10:00:00+00:00,3310.04541015625,-0.0021180617467065864,0.005947453802146489
2025-01-09 11:00:00+00:00,3299.8046875,-0.0030986272604670677,0.005927450795107942
2025-01-09 12:00:00+00:00,3292.736083984375,-0.002144425486144329,0.005919673495866751
2025-01-09 13:00:00+00:00,3213.487060546875,-0.02436219639951237,0.007474050878719146
2025-01-09 14:00:00+00:00,3246.201171875,0.010128783258602132,0.007842445767107381
2025-01-09 15:00:00+00:00,3322.532958984375,0.0232419890033804,0.009257125061760794
2025-01-09 16:00:00+00:00,3301.23486328125,-0.006430832020140935,0.009156749101658163
2025-01-09 17:00:00+00:00,3248.713623046875,-0.016037489775423176,0.009090612820062892
2025-01-09 18:00:00+00:00,3262.677001953125,0.004288914953769093,0.009012232461890302
2025-01-09 19:00:00+00:00,3217.9033203125,-0.013818019938661217,0.00942779884531244
2025-01-09 20:00:00+00:00,3200.708740234375,-0.005357738105150733,0.009467868298902882
2025-01-09 21:00:00+00:00,3207.867431640625,0.002234098243289118,0.00942097385042212
2025-01-09 22:00:00+00:00,3225.612060546875,0.0055163536078507765,0.009234916524861303
2025-01-09 23:00:00+00:00,3220.128662109375,-0.001701402521820752,0.009235128990381895
2025-01-10 00:00:00+00:00,3221.752685546875,0.0005042078188839649,0.00915975507459701
2025-01-10 01:00:00+00:00,3236.36865234375,0.004526391186150173,0.009227356311794596
2025-01-10 02:00:00+00:00,3241.02001953125,0.0014361861616242503,0.009241334238418913
2025-01-10 03:00:00+00:00,3254.0224609375,0.004003810233721361,0.009283262287005956
2025-01-10 04:00:00+00:00,3252.25244140625,-0.0005440961537849499,0.009219509973394886
2025-01-10 05:00:00+00:00,3262.15625,0.003040587931493397,0.009244411190781081
2025-01-10 06:00:00+00:00,3279.63037109375,0.005342321193188011,0.009302913535942252
2025-01-10 07:00:00+00:00,3297.485107421875,0.0054293649690634795,0.009258153066915667
2025-01-10 08:00:00+00:00,3295.9951171875,-0.0004519586649177749,0.009194100982402876
2025-01-10 09:00:00+00:00,3301.385009765625,0.0016339497417353296,0.009179915946355125
2025-01-10 10:00:00+00:00,3320.388916015625,0.005739839093815665,0.009248311213677385
2025-01-10 11:00:00+00:00,3309.450927734375,-0.003299626676664936,0.009251452551027913
2025-01-10 12:00:00+00:00,3310.574462890625,0.00033943530447132187,0.009238885209234273
2025-01-10 13:00:00+00:00,3250.18505859375,-0.01840979224732199,0.008608536036560007
2025-01-10 14:00:00+00:00,3258.396484375,0.0025232625830327324,0.008374443188697909
2025-01-10 15:00:00+00:00,3245.301025390625,-0.004027086641896856,0.006809791030168969
2025-01-10 16:00:00+00:00,3250.143798828125,0.0014911293886311849,0.006725565778931934
2025-01-10 17:00:00+00:00,3316.76416015625,0.02029041593625236,0.007184204865397852
2025-01-10 18:00:00+00:00,3287.191162109375,-0.008956207085997163,0.007414688937543417
2025-01-10 19:00:00+00:00,3298.034912109375,0.003293359917768977,0.006793602553429172
2025-01-10 20:00:00+00:00,3267.454345703125,-0.009315615746314532,0.007000170975586645
2025-01-10 21:00:00+00:00,3266.019287109375,-0.00043929422462831623,0.006998624220669284
2025-01-10 22:00:00+00:00,3272.418212890625,0.00195732629521174,0.0069305829879724255
2025-01-10 23:00:00+00:00,3268.36279296875,-0.001240041651879598,0.006924558480108883
2025-01-11 00:00:00+00:00,3264.38671875,-0.0012172745036626246,0.006934713195996482
2025-01-11 01:00:00+00:00,3243.890625,-0.006298490499328872,0.007016239039687525
2025-01-11 02:00:00+00:00,3248.84326171875,0.0015255939226031443,0.007017004849614272
2025-01-11 03:00:00+00:00,3235.96923828125,-0.003970520458618922,0.007012936137510644
2025-01-11 04:00:00+00:00,3239.15576171875,0.0009842354224011045,0.007016914971049054
2025-01-11 05:00:00+00:00,3244.706298828125,0.001712108744266444,0.006995710164724451
2025-01-11 06:00:00+00:00,3242.338623046875,-0.0007299705535880987,0.006894739958565733
2025-01-11 07:00:00+00:00,3233.468994140625,-0.0027393137588166473,0.00679136912791055
2025-01-11 08:00:00+00:00,3223.8037109375,-0.002993613825123403,0.006805234352364441
2025-01-11 09:00:00+00:00,3241.387939453125,0.005439675365050624,0.006910918450677849
2025-01-11 10:00:00+00:00,3252.16455078125,0.003319175824971896,0.006829047959235064
2025-01-11 11:00:00+00:00,3274.258544921875,0.006770654681402473,0.00698064694693862
2025-01-11 12:00:00+00:00,3272.51611328125,-0.0005323023237356066,0.0069786530488631605
2025-01-11 13:00:00+00:00,3266.23779296875,-0.001920342111632699,0.0058587102267722325
2025-01-11 14:00:00+00:00,3277.9951171875,0.0035931902272051583,0.005881142852650726
2025-01-11 15:00:00+00:00,3269.455322265625,-0.0026085878292409596,0.00584329769577166
2025-01-11 16:00:00+00:00,3275.555908203125,0.001864194724629567,0.005847074210075403
2025-01-11 17:00:00+00:00,3267.986572265625,-0.0023135295098277134,0.0040290431539553645
2025-01-11 18:00:00+00:00,3277.8701171875,0.003019788822621605,0.0036776572937411746
2025-01-11 19:00:00+00:00,3276.420654296875,-0.0004422943579373699,0.003605326473008146
2025-01-11 20:00:00+00:00,3297.240234375,0.006334263370892951,0.0033013509607701763
2025-01-11 21:00:00+00:00,3306.65185546875,0.002850327454677315,0.003334066123721086
2025-01-11 22:00:00+00:00,3289.77099609375,-0.005118197121586773,0.0035092243790557616
2025-01-11 23:00:00+00:00,3281.511962890625,-0.002513675823562952,0.0035417490226261113
2025-01-12 00:00:00+00:00,3282.141845703125,0.00019193054137287777,0.003529456845873139
2025-01-12 01:00:00+00:00,3284.93115234375,0.0008494825043637305,0.0032450844950279063
2025-01-12 02:00:00+00:00,3286.644287109375,0.0005213772010124632,0.003238072921369098
2025-01-12 03:00:00+00:00,3282.86474609375,-0.0011506313222242738,0.0031184366402484125
2025-01-12 04:00:00+00:00,3281.057373046875,-0.0005506991276698621,0.003125933912471439
2025-01-12 05:00:00+00:00,3277.65234375,-0.001038323008585733,0.003131336598159211
2025-01-12 06:00:00+00:00,3270.7490234375,-0.002108399434523305,0.0031658159209536877
2025-01-12 07:00:00+00:00,3265.033203125,-0.0017490857472181893,0.0031298678731232804
2025-01-12 08:00:00+00:00,3237.14501953125,-0.008578157549892027,0.0035701305596858857
2025-01-12 09:00:00+00:00,3238.058349609375,0.0002821008181872653,0.0033899486395670966
2025-01-12 10:00:00+00:00,3243.942138671875,0.0018154243243588162,0.0033386154382706004
2025-01-12 11:00:00+00:00,3252.189697265625,0.002539222797041104,0.003059790507168706
2025-01-12 12:00:00+00:00,3250.383056640625,-0.0005556694987844178,0.003059877403597046
2025-01-12 13:00:00+00:00,3266.140625,0.004836197899908575,0.003209805008331982
2025-01-12 14:00:00+00:00,3267.65625,0.00046393392882589725,0.003119740506373112
2025-01-12 15:00:00+00:00,3285.005615234375,0.0052953764843418185,0.0032608876894270208
2025-01-12 16:00:00+00:00,3278.72607421875,-0.0019134063452237544,0.003268113114974441
2025-01-12 17:00:00+00:00,3287.47705078125,0.002665461782703584,0.0032702274948846225
2025-01-12 18:00:00+00:00,3283.803955078125,-0.0011179239123661569,0.003226510741924212
2025-01-12 19:00:00+00:00,3277.109130859375,-0.0020408215913529067,0.0032540431947888273
2025-01-12 20:00:00+00:00,3278.979736328125,0.0005706467857303959,0.0029669326707303157
2025-01-12 21:00:00+00:00,3264.8408203125,-0.00432130982059046,0.003003977184167985
2025-01-12 22:00:00+00:00,3236.802734375,-0.008624975981751534,0.0033068597950741646
2025-01-12 23:00:00+00:00,3266.954833984375,0.009272275394524096,0.003852291540431398
2025-01-13 00:00:00+00:00,3308.897705078125,0.012756806709006144,0.00467230424256437
2025-01-13 01:00:00+00:00,3258.67431640625,-0.015294653047382461,0.005654423511647636
2025-01-13 02:00:00+00:00,3256.16796875,-0.000769427000745962,0.0056520682254572845
2025-01-13 03:00:00+00:00,3241.250732421875,-0.004591750423971653,0.005715541346225533
2025-01-13 04:00:00+00:00,3238.265869140625,-0.0009213228936456106,0.0057160960013607175
2025-01-13 05:00:00+00:00,3223.028076171875,-0.004716646958643909,0.005778811381968703
2025-01-13 06:00:00+00:00,3188.73583984375,-0.010696764183877865,0.006125325922479026
2025-01-13 07:00:00+00:00,3197.696044921875,0.0028060147258991,0.006173367110480835
2025-01-13 08:00:00+00:00,3170.1064453125,-0.00866539824103596,0.0061781280873240375
2025-01-13 09:00:00+00:00,3152.3984375,-0.005601594445232414,0.006246698325530367
2025-01-13 10:00:00+00:00,3118.960693359375,-0.010663736618330689,0.006505978735495302
2025-01-13 11:00:00+00:00,3053.75927734375,-0.021126453622817985,0.007554432996284568
2025-01-13 12:00:00+00:00,3049.805419921875,-0.001295589764686056,0.007547135041533464
2025-01-13 13:00:00+00:00,3058.8388671875,0.00295759694818141,0.0074754751015274875
2025-01-13 14:00:00+00:00,3034.83056640625,-0.00787979238715251,0.007514287375031947
2025-01-13 15:00:00+00:00,3053.5693359375,0.006155584061934284,0.007557897977588044
2025-01-13 16:00:00+00:00,3006.7119140625,-0.0154640861440666,0.007964950380345653
2025-01-13 17:00:00+00:00,3018.080322265625,0.003773880077437569,0.008006019744328447
2025-01-13 18:00:00+00:00,3006.276123046875,-0.003918829980446925,0.00798923289081651
2025-01-13 19:00:00+00:00,3026.736083984375,0.006782694506029921,0.008266125363738063
2025-01-13 20:00:00+00:00,3093.722412109375,0.02189019107791232,0.00971927767792037
2025-01-13 21:00:00+00:00,3112.363525390625,0.006007383568326062,0.009859243083975604
2025-01-13 22:00:00+00:00,3128.2431640625,0.005089143967825776,0.009855567235001014
2025-01-13 23:00:00+00:00,3135.635498046875,0.0023603067093275524,0.009627849544222133
2025-01-14 00:00:00+00:00,3132.47216796875,-0.0010093414201656388,0.00912549714511872
2025-01-14 01:00:00+00:00,3136.91943359375,0.001418723427593035,0.008717996086945502
2025-01-14 02:00:00+00:00,3157.29052734375,0.006472985491321745,0.008871506902977477
2025-01-14 03:00:00+00:00,3158.92138671875,0.000516404273140754,0.008849970469494225
2025-01-14 04:00:00+00:00,3172.728759765625,0.004361389089444305,0.008919304864629163
2025-01-14 05:00:00+00:00,3159.685791015625,-0.004119435671831047,0.008908880911780402
2025-01-14 06:00:00+00:00,3180.10546875,0.0064417730835750215,0.008769147456785933
2025-01-14 07:00:00+00:00,3171.27587890625,-0.002780370142653177,0.008762438422421475
2025-01-14 08:00:00+00:00,3184.244873046875,0.004081180015856548,0.008621402505955384
2025-01-14 09:00:00+00:00,3243.8359375,0.018541388448498453,0.009298720668083725
2025-01-14 10:00:00+00:00,3230.903076171875,-0.003994872534768345,0.009024659850834343
2025-01-14 11:00:00+00:00,3216.013427734375,-0.004619161704072387,0.007769428726989128
2025-01-14 12:00:00+00:00,3182.70703125,-0.01041042424062271,0.00815856843116532
2025-01-14 13:00:00+00:00,3208.38037109375,0.008034150160474674,0.008255730907447275
2025-01-14 14:00:00+00:00,3190.31640625,-0.005646153728112561,0.008151576852492034
2025-01-14 15:00:00+00:00,3200.5791015625,0.003211663880722468,0.008109652872591421
2025-01-14 16:00:00+00:00,3191.78662109375,-0.0027509333461453607,0.007296542201659866
2025-01-14 17:00:00+00:00,3207.92626953125,0.005043877102086817,0.007310857507447087
2025-01-14 18:00:00+00:00,3226.91064453125,0.005900516309473812,0.007207610653922734
2025-01-14 19:00:00+00:00,3213.419677734375,-0.004189532478860686,0.007301370386961231
2025-01-14 20:00:00+00:00,3218.916015625,0.0017089715121705767,0.006020095095460286
2025-01-14 21:00:00+00:00,3213.473876953125,-0.0016921051308340068,0.005982994008435959
2025-01-14 22:00:00+00:00,3238.486572265625,0.0077535567113065,0.006079677431174116
2025-01-14 23:00:00+00:00,3223.713134765625,-0.004572270714966497,0.006197748422904671
2025-01-15 00:00:00+00:00,3221.929931640625,-0.0005533049696118845,0.006191522670028613
2025-01-15 01:00:00+00:00,3234.59521484375,0.003923255671136215,0.006216894330002981
2025-01-15 02:00:00+00:00,3216.039306640625,-0.005753219880606151,0.006273328766816374
2025-01-15 03:00:00+00:00,3237.0244140625,0.006503943647493771,0.006381014109101804
2025-01-15 04:00:00+00:00,3226.280029296875,-0.003324737294070179,0.006398754084899709
2025-01-15 05:00:00+00:00,3229.283203125,0.0009304142602736345,0.006315966730149437
2025-01-15 06:00:00+00:00,3227.58837890625,-0.0005249676212826875,0.0062097710884021695
2025-01-15 07:00:00+00:00,3231.4609375,0.00119911115957333,0.00616808591693273
2025-01-15 08:00:00+00:00,3231.132568359375,-0.00010162147460148257,0.00612982732209882
2025-01-15 09:00:00+00:00,3198.536376953125,-0.010139393161153112,0.005208298690041685
2025-01-15 10:00:00+00:00,3208.107666015625,0.0029879281942674246,0.005204626252449204
2025-01-15 11:00:00+00:00,3198.1162109375,-0.003119298785512092,0.005159253833794339
2025-01-15 12:00:00+00:00,3200.46435546875,0.0007339579809275039,0.0046829071684980576
2025-01-15 13:00:00+00:00,3295.100830078125,0.029140858058381815,0.007403509557729852
2025-01-15 14:00:00+00:00,3326.845947265625,0.009587923746305781,0.007451862605222823
2025-01-15 15:00:00+00:00,3336.802001953125,0.0029881716956376672,0.007450090878835728
2025-01-15 16:00:00+00:00,3342.091796875,0.001584033580196345,0.007388857628129092
2025-01-15 17:00:00+00:00,3327.5830078125,-0.004350680467359768,0.007464482165136352
2025-01-15 18:00:00+00:00,3373.37060546875,0.013666207206938286,0.00782210486193506
2025-01-15 19:00:00+00:00,3439.765869140625,0.019490983590531523,0.008492069916214439
2025-01-15 20:00:00+00:00,3436.654296875,-0.000904997775840706,0.008523858493209987
2025-01-15 21:00:00+00:00,3433.637939453125,-0.0008780871357219922,0.008507111927199178
2025-01-15 22:00:00+00:00,3429.959228515625,-0.0010719484840768713,0.008472603343948245
2025-01-15 23:00:00+00:00,3449.9287109375,0.005805192956336263,0.008365787484502207
2025-01-16 00:00:00+00:00,3401.8173828125,-0.01404375416192213,0.00902958493286696
2025-01-16 01:00:00+00:00,3403.990966796875,0.0006387438336845188,0.009028229351880334
2025-01-16 02:00:00+00:00,3385.8515625,-0.005343112855275077,0.009013041526339733
2025-01-16 03:00:00+00:00,3362.84033203125,-0.006819490356729607,0.009142210959998683
2025-01-16 04:00:00+00:00,3372.439208984375,0.0028503296391524627,0.009084626680998754
2025-01-16 05:00:00+00:00,3367.4677734375,-0.0014752240532239442,0.009108409323591757
2025-01-16 06:00:00+00:00,3377.621826171875,0.0030108007476833116,0.009098672185850228
2025-01-16 07:00:00+00:00,3382.558837890625,0.0014606155787264736,0.009097961409924372
2025-01-16 08:00:00+00:00,3319.1240234375,-0.01893157595339932,0.01004144708927855
2025-01-16 09:00:00+00:00,3334.71044921875,0.004684954022795696,0.009771070905340344
2025-01-16 10:00:00+00:00,3334.253173828125,-0.00013713536830863127,0.009774500625546854
2025-01-16 11:00:00+00:00,3351.9482421875,0.0052930232191916535,0.00974844568597374
2025-01-16 12:00:00+00:00,3360.07958984375,0.0024229195222923204,0.009745324804824571
2025-01-16 13:00:00+00:00,3327.878662109375,-0.009629598556487403,0.00813604976386224
2025-01-16 14:00:00+00:00,3279.292236328125,-0.014707445087006417,0.008450157046558505
2025-01-16 15:00:00+00:00,3326.693115234375,0.014351134590340311,0.008962718318334163
2025-01-16 16:00:00+00:00,3337.920654296875,0.0033693024298767733,0.008984912429107799
2025-01-16 17:00:00+00:00,3346.64013671875,0.002608843763988729,0.00895239288347489
2025-01-16 18:00:00+00:00,3325.505126953125,-0.006335317838674612,0.008570838155841042
2025-01-16 19:00:00+00:00,3343.5419921875,0.00540914133315604,0.00755815412516892
2025-01-16 20:00:00+00:00,3335.61328125,-0.002374166893027445,0.007561760144619414
2025-01-16 21:00:00+00:00,3319.198486328125,-0.004933220888966944,0.007598458214337382
2025-01-16 22:00:00+00:00,3295.603271484375,-0.007134095859982208,0.007686894597733608
2025-01-16 23:00:00+00:00,3308.60205078125,0.00393652088284309,0.007617085792742804
2025-01-17 00:00:00+00:00,3313.285400390625,0.0014145061886931768,0.007172287321016731
2025-01-17 01:00:00+00:00,3387.092529296875,0.02203162720356381,0.008587364089125171
2025-01-17 02:00:00+00:00,3367.329345703125,-0.005851941249452741,0.008601211889501031
2025-01-17 03:00:00+00:00,3357.772705078125,-0.002842082390898053,0.00850649484318123
2025-01-17 04:00:00+00:00,3368.7998046875,0.003278671112670536,0.008513319348386141
2025-01-17 05:00:00+00:00,3366.39208984375,-0.0007149655077441597,0.008509179593577337
2025-01-17 06:00:00+00:00,3366.177734375,-6.367716174330028e-05,0.00848478071784899
2025-01-17 07:00:00+00:00,3370.949951171875,0.0014166920437836887,0.008484424869127828
2025-01-17 08:00:00+00:00,3406.3154296875,0.010436598697528809,0.007742206071400894
2025-01-17 09:00:00+00:00,3403.67236328125,-0.0007762323866985108,0.007711854959399797
2025-01-17 10:00:00+00:00,3424.344482421875,0.0060551058289605615,0.0077805712071486914
2025-01-17 11:00:00+00:00,3421.573974609375,-0.0008093897060382659,0.0077375516149954145
2025-01-17 12:00:00+00:00,3407.44677734375,-0.004137406498342173,0.0077954752869265915
2025-01-17 13:00:00+00:00,3401.349365234375,-0.0017910401814494059,0.007507884153375379
2025-01-17 14:00:00+00:00,3428.57958984375,0.007973836643932211,0.006855765585185451
2025-01-17 15:00:00+00:00,3420.427490234375,-0.002380521253317191,0.006362780971575793
2025-01-17 16:00:00+00:00,3440.904052734375,0.00596870247771112,0.006423892802792485
2025-01-17 17:00:00+00:00,3413.009765625,-0.008139711662436969,0.006695162119508363
2025-01-17 18:00:00+00:00,3412.58203125,-0.0001253325391523225,0.006524501242969769
2025-01-17 19:00:00+00:00,3434.35595703125,0.00636021509731244,0.006554775667136512
2025-01-17 20:00:00+00:00,3504.900390625,0.020332687079170526,0.007586560043111685
2025-01-17 21:00:00+00:00,3474.360107421875,-0.008751780548699212,0.007777303392073616
2025-01-17 22:00:00+00:00,3473.383544921875,-0.0002811164473812108,0.007553646411665213
2025-01-17 23:00:00+00:00,3475.550048828125,0.0006235500590756061,0.007550596808378251
2025-01-18 00:00:00+00:00,3489.961181640625,0.004137859490226168,0.007561070004231541
2025-01-18 01:00:00+00:00,3467.777587890625,-0.0063766892245242755,0.006459012269100019
2025-01-18 02:00:00+00:00,3450.0,-0.0051396931456090846,0.0064278134974067175
2025-01-18 03:00:00+00:00,3387.21728515625,-0.018365506576740773,0.007520509868024324
2025-01-18 04:00:00+00:00,3365.47802734375,-0.006438712813222378,0.007617709704925813
2025-01-18 05:00:00+00:00,3294.4013671875,-0.021345539358512678,0.008773401395037714
2025-01-18 06:00:00+00:00,3313.6728515625,0.005832724746351633,0.008879774426135719
2025-01-18 07:00:00+00:00,3289.42431640625,-0.007344627390347339,0.00897052999013319
2025-01-18 08:00:00+00:00,3292.460693359375,0.0009226466776674073,0.008646604113636403
2025-01-18 09:00:00+00:00,3267.611572265625,-0.007575904330727521,0.00873565506477633
2025-01-18 10:00:00+00:00,3268.258056640625,0.00019782658278539407,0.008590189332899054
2025-01-18 11:00:00+00:00,3312.60595703125,0.013478039248546198,0.009149112481045019
2025-01-18 12:00:00+00:00,3289.368408203125,-0.007039604671539009,0.009206574505611818
2025-01-18 13:00:00+00:00,3316.446044921875,0.00819816801333499,0.009414849064697053
2025-01-18 14:00:00+00:00,3297.01904296875,-0.005875001250589222,0.009260657731940439
2025-01-18 15:00:00+00:00,3309.093994140625,0.003655694218858561,0.009321167540355252
2025-01-18 16:00:00+00:00,3265.937744140625,-0.013127501578838635,0.009480386501824735
2025-01-18 17:00:00+00:00,3261.73828125,-0.0012866641829781325,0.009395732179606977
2025-01-18 18:00:00+00:00,3261.50732421875,-7.081046623564396e-05,0.009396183711684157
2025-01-18 19:00:00+00:00,3285.0107421875,0.007180464092444129,0.009428919256332623
2025-01-18 20:00:00+00:00,3261.413330078125,-0.007209283741068778,0.008208455400555127
2025-01-18 21:00:00+00:00,3270.21923828125,0.0026963897452146387,0.008192301356796577
2025-01-18 22:00:00+00:00,3279.401123046875,0.002803793280885177,0.008252983450408065
2025-01-18 23:00:00+00:00,3306.181884765625,0.00813319316244512,0.008510719787469078
2025-01-19 00:00:00+00:00,3314.317626953125,0.0024577439416562817,0.008464119624170494
2025-01-19 01:00:00+00:00,3348.934326171875,0.010390425245607335,0.00878607601994934
2025-01-19 02:00:00+00:00,3351.84423828125,0.0008685296087038727,0.008762026719412088
2025-01-19 03:00:00+00:00,3335.543212890625,-0.004875164717309307,0.008013907256634135
2025-01-19 04:00:00+00:00,3279.98681640625,-0.016796145530023354,0.008597363256261793
2025-01-19 05:00:00+00:00,3295.013916015625,0.004570988319398452,0.0074974880337840165
2025-01-19 06:00:00+00:00,3283.422119140625,-0.003524183806131025,0.007424342132152252
2025-01-19 07:00:00+00:00,3270.1015625,-0.004065164217556765,0.00732007337135219
2025-01-19 08:00:00+00:00,3217.74267578125,-0.016140961943190854,0.007998885181819074
2025-01-19 09:00:00+00:00,3221.783447265625,0.0012549904876586792,0.007883427727125416
2025-01-19 10:00:00+00:00,3172.35205078125,-0.015461787220376973,0.008443655597650661
2025-01-19 11:00:00+00:00,3147.185546875,-0.007964708353087734,0.007937781913196846
2025-01-19 12:00:00+00:00,3203.688232421875,0.017794142469258374,0.008838119428425708
2025-01-19 13:00:00+00:00,3262.076904296875,0.01806136099673558,0.009494224053544019
2025-01-19 14:00:00+00:00,3379.673828125,0.035415124551371524,0.011939670143891369
2025-01-19 15:00:00+00:00,3382.578369140625,0.0008590455101389165,0.011926587275381198
2025-01-19 16:00:00+00:00,3405.734130859375,0.006822270345082338,0.011595941425337264
2025-01-19 17:00:00+00:00,3440.590087890625,0.010182473713057884,0.011701359483396758
2025-01-19 18:00:00+00:00,3425.09033203125,-0.004515148169908957,0.01177420017513429
2025-01-19 19:00:00+00:00,3410.567626953125,-0.004249108722463154,0.011788343480854196
2025-01-19 20:00:00+00:00,3372.658935546875,-0.011177302047566813,0.011943528716852454
2025-01-19 21:00:00+00:00,3221.34619140625,-0.04590209085813643,0.015348218646678227
2025-01-19 22:00:00+00:00,3256.73388671875,0.010925473872587417,0.015515780493790685
2025-01-19 23:00:00+00:00,3202.11083984375,-0.016914588134810827,0.015765044918655838
2025-01-20 00:00:00+00:00,3173.566650390625,-0.008954148076549422,0.01581776164204575
2025-01-20 01:00:00+00:00,3189.177734375,0.004907038336072033,0.015672840097886796
2025-01-20 02:00:00+00:00,3248.047607421875,0.018290959598267053,0.016207614159443568
2025-01-20 03:00:00+00:00,3264.28173828125,0.0049856706026704676,0.016238283587958348
2025-01-20 04:00:00+00:00,3267.44970703125,0.0009700242653671953,0.015883180102338662
2025-01-20 05:00:00+00:00,3285.6494140625,0.005554548615210666,0.01589717925637875
2025-01-20 06:00:00+00:00,3398.051025390625,0.03363771630521145,0.017299051245857476
2025-01-20 07:00:00+00:00,3376.373046875,-0.006399969142108241,0.017337818227028328
2025-01-20 08:00:00+00:00,3386.6044921875,0.0030257244118140634,0.016934702462000593
2025-01-20 09:00:00+00:00,3363.81005859375,-0.006753517153662103,0.017031342949304376
2025-01-20 10:00:00+00:00,3349.019287109375,-0.004406724693299382,0.016690339114691283
2025-01-20 11:00:00+00:00,3373.110107421875,0.007167646451776904,0.01657277427253578
2025-01-20 12:00:00+00:00,3299.858154296875,-0.021955715310253254,0.016999152871998616
2025-01-20 13:00:00+00:00,3335.417724609375,0.010718442277085936,0.016747305453836788
2025-01-20 14:00:00+00:00,3350.8681640625,0.0046215394347125455,0.0150874752009366
2025-01-20 15:00:00+00:00,3329.52880859375,-0.006388670654372444,0.015134545039823167
2025-01-20 16:00:00+00:00,3375.36865234375,0.013673753623729934,0.015344946799539901
2025-01-20 17:00:00+00:00,3292.163818359375,-0.024959504543060465,0.015958315213694695
2025-01-20 18:00:00+00:00,3329.026611328125,0.011134908210993458,0.01616257847221051
2025-01-20 19:00:00+00:00,3342.769775390625,0.004119785048592741,0.016183868655414536
2025-01-20 20:00:00+00:00,3319.833984375,-0.00688496042810064,0.016088059292957053
2025-01-20 21:00:00+00:00,3286.21875,-0.010177189274187547,0.013093947219016815
2025-01-20 22:00:00+00:00,3315.484375,0.00886614140505838,0.013031518383118284
2025-01-20 23:00:00+00:00,3277.711181640625,-0.011458360765085584,0.01275469540719537
2025-01-21 00:00:00+00:00,3221.246826171875,-0.01737687063205233,0.013149464502948797
2025-01-21 01:00:00+00:00,3249.03857421875,0.008590631554461707,0.013222955228422694
2025-01-21 02:00:00+00:00,3253.6591796875,0.001421135172285006,0.012688946947638573
2025-01-21 03:00:00+00:00,3257.7314453125,0.0012508130414715815,0.012648903162808228
2025-01-21 04:00:00+00:00,3241.927734375,-0.0048629448544101695,0.012683766652639292
2025-01-21 05:00:00+00:00,3220.57080078125,-0.006609521449645023,0.01268157042542236
2025-01-21 06:00:00+00:00,3238.567626953125,0.005572530437188152,0.010464974249350159
2025-01-21 07:00:00+00:00,3249.265380859375,0.003297792525977207,0.010475035217135572
2025-01-21 08:00:00+00:00,3247.59326171875,-0.0005147469783588815,0.010431916804587214
2025-01-21 09:00:00+00:00,3270.510986328125,0.007032050478719917,0.010523357037619219
2025-01-21 10:00:00+00:00,3300.465087890625,0.009117156633142574,0.010703162275422359
2025-01-21 11:00:00+00:00,3302.153076171875,0.0005113087796633605,0.010578415296145656
2025-01-21 12:00:00+00:00,3303.80517578125,0.0005001847062325954,0.009579727051307298
2025-01-21 13:00:00+00:00,3302.63427734375,-0.0003544718628144955,0.00930631363118902
2025-01-21 14:00:00+00:00,3280.179931640625,-0.00682213779048332,0.009330358737586687
2025-01-21 15:00:00+00:00,3289.519287109375,0.0028431626621125885,0.009283924434669223
2025-01-21 16:00:00+00:00,3312.563232421875,0.006980839402095209,0.00893345004687177
2025-01-21 17:00:00+00:00,3350.010498046875,0.011241199414234416,0.007635714243400969
2025-01-21 18:00:00+00:00,3346.27490234375,-0.0011157218867713398,0.007312237144528713
2025-01-21 19:00:00+00:00,3331.863525390625,-0.004315992991185234,0.0073191399399276
2025-01-21 20:00:00+00:00,3307.406005859375,-0.007367566581732943,0.0073391233976355975
2025-01-21 21:00:00+00:00,3332.025146484375,0.007416073122505064,0.007171403831727036
2025-01-21 22:00:00+00:00,3340.023681640625,0.0023976260348209893,0.006964900515655311
2025-01-21 23:00:00+00:00,3325.7431640625,-0.004284740152687283,0.0065813926649286964
2025-01-22 00:00:00+00:00,3360.012939453125,0.010251667873063515,0.005649469591360565
2025-01-22 01:00:00+00:00,3324.82177734375,-0.010528753123042271,0.005982230368917744
2025-01-22 02:00:00+00:00,3341.42822265625,0.004982255290191267,0.006038050755717899
2025-01-22 03:00:00+00:00,3331.469482421875,-0.002984834495672401,0.006095357741026218
2025-01-22 04:00:00+00:00,3328.675537109375,-0.0008390043965112761,0.005983322633636265
2025-01-22 05:00:00+00:00,3319.9697265625,-0.0026188238888264635,0.00581276964228843
2025-01-22 06:00:00+00:00,3309.013916015625,-0.003305429946047247,0.005809317944982262
2025-01-22 07:00:00+00:00,3289.038818359375,-0.006054864817426632,0.005953154177645248
2025-01-22 08:00:00+00:00,3298.2890625,0.0028084984953418582,0.005966989714920737
2025-01-22 09:00:00+00:00,3298.20703125,-2.487115851755978e-05,0.005810407546410711
2025-01-22 10:00:00+00:00,3305.976806640625,0.0023529868841196135,0.005523704629389978
2025-01-22 11:00:00+00:00,3328.594970703125,0.006818300395735645,0.005693068151297995
2025-01-22 12:00:00+00:00,3316.945068359375,-0.00350608504629161,0.005746416493786602
2025-01-22 13:00:00+00:00,3286.005126953125,-0.009371619333242305,0.006067684678692223
2025-01-22 14:00:00+00:00,3297.43896484375,0.0034735160585443125,0.005942566784603651
2025-01-22 15:00:00+00:00,3283.4873046875,-0.004240035668728523,0.0059823136140380855
2025-01-22 16:00:00+00:00,3277.325927734375,-0.0018782362936363773,0.00579841166175104
2025-01-22 17:00:00+00:00,3285.04638671875,0.002352948652215925,0.0052802138187707385
2025-01-22 18:00:00+00:00,3248.849609375,-0.011079805269001304,0.005681301452610112
2025-01-22 19:00:00+00:00,3261.328857421875,0.003833769963542571,0.005732229429738697
2025-01-22 20:00:00+00:00,3259.924560546875,-0.00043068312384153567,0.005563909090595461
2025-01-22 21:00:00+00:00,3257.7314453125,-0.0006729767005729219,0.005295584427494846
2025-01-22 22:00:00+00:00,3244.478759765625,-0.00407636895157203,0.0052830757908630755
2025-01-22 23:00:00+00:00,3239.29931640625,-0.0015976624740231004,0.005243389656222597
2025-01-23 00:00:00+00:00,3256.349609375,0.005249770214650184,0.0048579182259053475
2025-01-23 01:00:00+00:00,3231.39306640625,-0.00769348209794046,0.004654076691990463
2025-01-23 02:00:00+00:00,3221.510009765625,-0.0030631373977052317,0.004476718383521463
2025-01-23 03:00:00+00:00,3224.6591796875,0.0009770671789253189,0.004493479540127958
2025-01-23 04:00:00+00:00,3194.2509765625,-0.009474639731701259,0.004786342080509937
2025-01-23 05:00:00+00:00,3212.421875,0.005672506645097187,0.005012355602479528
2025-01-23 06:00:00+00:00,3204.911376953125,-0.0023406923658381806,0.005000030161017849
2025-01-23 07:00:00+00:00,3229.660400390625,0.007692554015464461,0.0052181409661630615
2025-01-23 08:00:00+00:00,3209.97119140625,-0.006115030047248719,0.005270538471310251
2025-01-23 09:00:00+00:00,3193.83642578125,-0.005039126948136582,0.005323901961495307
2025-01-23 10:00:00+00:00,3198.50830078125,0.0014617096016151401,0.005300078132729558
2025-01-23 11:00:00+00:00,3211.36376953125,0.004011152124508433,0.005139912358470799
2025-01-23 12:00:00+00:00,3205.360595703125,-0.0018711028362348816,0.005122890760269705
2025-01-23 13:00:00+00:00,3236.283447265625,0.009600992818754926,0.00530409458407581
2025-01-23 14:00:00+00:00,3266.699951171875,0.009354698868393465,0.005628132256136629
2025-01-23 15:00:00+00:00,3256.67919921875,-0.00307226043560567,0.005598371513652327
2025-01-23 16:00:00+00:00,3255.521484375,-0.0003555525734527069,0.005588819791472766
2025-01-23 17:00:00+00:00,3265.20654296875,0.0029705473606643656,0.005602865346049941
2025-01-23 18:00:00+00:00,3244.71484375,-0.006295549725404475,0.005276492592624417
2025-01-23 19:00:00+00:00,3206.453369140625,-0.011862013819811156,0.0057272444688901405
2025-01-23 20:00:00+00:00,3248.238037109375,0.012947250004273212,0.006370233582919067
2025-01-23 21:00:00+00:00,3248.87158203125,0.00019502362158605607,0.0063695971609062105
2025-01-23 22:00:00+00:00,3317.361572265625,0.02086202930935675,0.007608645878234943
2025-01-23 23:00:00+00:00,3339.85302734375,0.006757042398756111,0.007678978512488472
2025-01-24 00:00:00+00:00,3287.60546875,-0.015767323492793393,0.008372881818420705
2025-01-24 01:00:00+00:00,3297.231201171875,0.002923607603558783,0.008205585846921265
2025-01-24 02:00:00+00:00,3286.035888671875,-0.003401145096893521,0.00821286383243851
2025-01-24 03:00:00+00:00,3301.1953125,0.004602677552190506,0.008249022248575504
2025-01-24 04:00:00+00:00,3334.280029296875,0.009972153994957109,0.008131981735364117
2025-01-24 05:00:00+00:00,3404.1015625,0.02072427369599126,0.008980735461815652
2025-01-24 06:00:00+00:00,3387.828857421875,-0.00479178531250189,0.009050829892396861
2025-01-24 07:00:00+00:00,3382.724365234375,-0.0015078511273071036,0.009007798123658308
2025-01-24 08:00:00+00:00,3401.7626953125,0.0056123270281093806,0.008869467950842399
2025-01-24 09:00:00+00:00,3400.458740234375,-0.00038339095733723325,0.008749379095152606
2025-01-24 10:00:00+00:00,3411.355224609375,0.0031992927949764586,0.008746635652711696
2025-01-24 11:00:00+00:00,3400.465087890625,-0.0031974260908608078,0.00882253479161999
2025-01-24 12:00:00+00:00,3402.634521484375,0.0006377780105695526,0.008784707009541702
2025-01-24 13:00:00+00:00,3393.576904296875,-0.0026654916931770248,0.008709422276275558
2025-01-24 14:00:00+00:00,3401.626708984375,0.0023692618826997476,0.008567733801411345
2025-01-24 15:00:00+00:00,3384.489013671875,-0.00505082213328624,0.008624841817974451
2025-01-24 16:00:00+00:00,3381.72216796875,-0.0008178420043563204,0.008629923025374757
2025-01-24 17:00:00+00:00,3398.718017578125,0.005013209980364252,0.008654223466482109
2025-01-24 18:00:00+00:00,3379.29296875,-0.005731800095652577,0.008632401220206358
2025-01-24 19:00:00+00:00,3369.271484375,-0.002969962518981407,0.008205584394976113
2025-01-24 20:00:00+00:00,3337.936767578125,-0.009343662397242146,0.008181644683790007
2025-01-24 21:00:00+00:00,3329.9287109375,-0.0024019862178261808,0.008211735659450829
2025-01-24 22:00:00+00:00,3325.3125,-0.0013872409824047317,0.007048634819021496
2025-01-24 23:00:00+00:00,3308.55029296875,-0.005053539160361221,0.006975545737453077
2025-01-25 00:00:00+00:00,3275.860107421875,-0.009929652666671392,0.006501805836414686
2025-01-25 01:00:00+00:00,3294.48291015625,0.005668761145228183,0.006581866204165085
2025-01-25 02:00:00+00:00,3294.8134765625,0.00010033435654624997,0.00654269219348533
2025-01-25 03:00:00+00:00,3320.634033203125,0.007806180222919106,0.006669753110564954
2025-01-25 04:00:00+00:00,3298.105712890625,-0.0068074612921480045,0.0064825677288046744
2025-01-25 05:00:00+00:00,3295.96142578125,-0.000650368623753315,0.00465788389434203
2025-01-25 06:00:00+00:00,3290.757080078125,-0.0015802548056432282,0.00460033743178071
2025-01-25 07:00:00+00:00,3290.080078125,-0.0002057494933359397,0.0046043646217317265
2025-01-25 08:00:00+00:00,3290.134033203125,1.639918617029477e-05,0.004383028534917037
2025-01-25 09:00:00+00:00,3285.033935546875,-0.0015513211839797503,0.0043778444081304475
2025-01-25 10:00:00+00:00,3293.07470703125,0.0024447074154510897,0.004345676823590272
2025-01-25 11:00:00+00:00,3308.843017578125,0.004776897013577512,0.004509643241887541
2025-01-25 12:00:00+00:00,3303.408203125,-0.0016438624291757165,0.004494603421956754
2025-01-25 13:00:00+00:00,3307.237548828125,0.0011585392033177573,0.004509375479291399
2025-01-25 14:00:00+00:00,3316.831298828125,0.0028966355660454382,0.004528128716418694
2025-01-25 15:00:00+00:00,3336.774169921875,0.005994623789710548,0.004663307048444369
2025-01-25 16:00:00+00:00,3338.9765625,0.0006598187219098935,0.004669940123457729
2025-01-25 17:00:00+00:00,3342.433349609375,0.0010347478940163806,0.004533226796802961
2025-01-25 18:00:00+00:00,3340.4091796875,-0.0006057811402564926,0.0044045693515941215
2025-01-25 19:00:00+00:00,3339.159423828125,-0.0003742025714955455,0.004372579357738686
2025-01-25 20:00:00+00:00,3336.57421875,-0.0007745081951344684,0.003936420498498062
2025-01-25 21:00:00+00:00,3339.92919921875,0.0010050113183830455,0.003908002509227277
2025-01-25 22:00:00+00:00,3334.3310546875,-0.0016775329792670366,0.003913331912265386
2025-01-25 23:00:00+00:00,3316.064453125,-0.005493401851862995,0.003939522455586598
2025-01-26 00:00:00+00:00,3321.326171875,0.0015854784355763046,0.003317740012814222
2025-01-26 01:00:00+00:00,3329.867431640625,0.0025683403520897225,0.0031677205900387012
2025-01-26 02:00:00+00:00,3323.320068359375,-0.0019681890506860413,0.003205426130088373
2025-01-26 03:00:00+00:00,3337.23974609375,0.004179738156285143,0.002911062927459793
2025-01-26 04:00:00+00:00,3354.110107421875,0.005042449563490945,0.0026639021374768534
2025-01-26 05:00:00+00:00,3341.2958984375,-0.0038277662681208465,0.00280901689096708
2025-01-26 06:00:00+00:00,3341.408203125,3.361055219687516e-05,0.002774428417599694
2025-01-26 07:00:00+00:00,3338.01416015625,-0.0010162684963665417,0.002790014944239279
2025-01-26 08:00:00+00:00,3330.716552734375,-0.002188605493014286,0.002845905933368488
2025-01-26 09:00:00+00:00,3296.563720703125,-0.010306832655870263,0.003586543881095474
2025-01-26 10:00:00+00:00,3303.92724609375,0.002231206279191835,0.0035808546170523026
2025-01-26 11:00:00+00:00,3311.8408203125,0.0023923383992965237,0.0034781264750459707
2025-01-26 12:00:00+00:00,3307.2314453125,-0.0013927558304602029,0.0034732222527747787
2025-01-26 13:00:00+00:00,3306.807373046875,-0.00012823398164184347,0.003465259562072832
2025-01-26 14:00:00+00:00,3311.815673828125,0.0015133968807967157,0.003426176113717138
2025-01-26 15:00:00+00:00,3314.6767578125,0.0008635289911453079,0.0031832153850122518
2025-01-26 16:00:00+00:00,3317.689453125,0.0009084828623426327,0.0031867993611404653
2025-01-26 17:00:00+00:00,3337.228271484375,0.005872010837777996,0.0034173081117887883
2025-01-26 18:00:00+00:00,3336.912841796875,-9.45229303309668e-05,0.003415383043155454
2025-01-26 19:00:00+00:00,3338.1064453125,0.00035763298261992687,0.0034155703259001777
2025-01-26 20:00:00+00:00,3328.171630859375,-0.0029806202785899183,0.0034662612233467933
2025-01-26 21:00:00+00:00,3299.622802734375,-0.008614933664097175,0.00386553278509137
2025-01-26 22:00:00+00:00,3293.18212890625,-0.0019538499754997384,0.0038695835236028466
2025-01-26 23:00:00+00:00,3237.169921875,-0.017154842567511246,0.005068110382256847
2025-01-27 00:00:00+00:00,3211.25439453125,-0.008037829273751367,0.005232408371635951
2025-01-27 01:00:00+00:00,3200.870361328125,-0.0032388771822606656,0.005174667457902788
2025-01-27 02:00:00+00:00,3166.154052734375,-0.010905141987879863,0.005509560746116525
2025-01-27 03:00:00+00:00,3182.691162109375,0.0052094975433275,0.005563674146882373
2025-01-27 04:00:00+00:00,3156.161376953125,-0.00837058123594721,0.005501369504291167
2025-01-27 05:00:00+00:00,3139.077880859375,-0.005427446783216242,0.005527348001122765
2025-01-27 06:00:00+00:00,3079.24658203125,-0.019244137436562107,0.0064513072247153035
2025-01-27 07:00:00+00:00,3072.33935546875,-0.002245674379085308,0.006436383356495404
2025-01-27 08:00:00+00:00,3062.619873046875,-0.00316855913515295,0.00643110179086023
2025-01-27 09:00:00+00:00,3080.76708984375,0.005907903796277373,0.006535411561041322
2025-01-27 10:00:00+00:00,3042.37109375,-0.012541444667670263,0.006731621160617787
2025-01-27 11:00:00+00:00,3061.999755859375,0.006431041050279855,0.006931188389739526
2025-01-27 12:00:00+00:00,3107.94775390625,0.01489440466355018,0.007858145473366003
2025-01-27 13:00:00+00:00,3104.927490234375,-0.0009722596353892141,0.00784853421371379
2025-01-27 14:00:00+00:00,3145.113525390625,0.01285962407321185,0.008428896168479432
2025-01-27 15:00:00+00:00,3138.8154296875,-0.0020045095534946566,0.008404581109286866
2025-01-27 16:00:00+00:00,3076.804931640625,-0.019953778352551053,0.009110598055107482
2025-01-27 17:00:00+00:00,3072.78955078125,-0.0013059012074690967,0.008917641614838432
2025-01-27 18:00:00+00:00,3052.06298828125,-0.006768045919559466,0.008912840111720893
2025-01-27 19:00:00+00:00,3071.841796875,0.0064595639748688425,0.009118803537409336
2025-01-27 20:00:00+00:00,3147.1279296875,0.02421295302452067,0.010728781902192288
2025-01-27 21:00:00+00:00,3161.72509765625,0.004627527049410697,0.010732052090490508
2025-01-27 22:00:00+00:00,3173.094970703125,0.0035896474195381786,0.010787630668122411
2025-01-27 23:00:00+00:00,3177.0439453125,0.0012437444820211122,0.010271713727325044
2025-01-28 00:00:00+00:00,3167.8408203125,-0.00290096094541902,0.010166914341534312
2025-01-28 01:00:00+00:00,3167.353271484375,-0.00015391756654108759,0.010151156353052509
2025-01-28 02:00:00+00:00,3191.466064453125,0.007584083545084357,0.010023079130535654
2025-01-28 03:00:00+00:00,3203.2783203125,0.003694367931995557,0.00999575535161029
2025-01-28 04:00:00+00:00,3212.17822265625,0.0027745205640164173,0.009834533989316723
2025-01-28 05:00:00+00:00,3211.5322265625,-0.00020112864707537092,0.009749689892303496
2025-01-28 06:00:00+00:00,3194.66162109375,-0.005266979073892018,0.0088685664149184
2025-01-28 07:00:00+00:00,3195.626708984375,0.0003020483108468724,0.008836557778603833
2025-01-28 08:00:00+00:00,3198.2275390625,0.0008135406659811074,0.00877955811521356
2025-01-28 09:00:00+00:00,3197.062255859375,-0.00036441920644348004,0.008745411727138828
2025-01-28 10:00:00+00:00,3194.921630859375,-0.0006697842541415858,0.008234926151466716
2025-01-28 11:00:00+00:00,3187.5263671875,-0.00231737633699861,0.008225658424492126
2025-01-28 12:00:00+00:00,3173.530029296875,-0.004400640272796211,0.007809761890850022
2025-01-28 13:00:00+00:00,3174.822509765625,0.0004071861096734354,0.007800684271409241
2025-01-28 14:00:00+00:00,3176.334716796875,0.0004761989054534787,0.007375062192217718
2025-01-28 15:00:00+00:00,3175.475830078125,-0.00027043839473689043,0.007358839226142187
2025-01-28 16:00:00+00:00,3146.965087890625,-0.009018964610840462,0.0063009072374063104
2025-01-28 17:00:00+00:00,3169.520263671875,0.007141715809663478,0.006405113416126565
2025-01-28 18:00:00+00:00,3142.20947265625,-0.008654033871429758,0.006518851938130046
2025-01-28 19:00:00+00:00,3146.28857421875,0.0012973215875086211,0.0064226626287113685
2025-01-28 20:00:00+00:00,3095.885986328125,-0.016149398843674934,0.005258382497960004
2025-01-28 21:00:00+00:00,3051.87646484375,-0.014317493112734591,0.005818517451142163
2025-01-28 22:00:00+00:00,3083.7177734375,0.010379302545696183,0.006226169849713325
2025-01-28 23:00:00+00:00,3077.35986328125,-0.002063896216869593,0.006206521642242716
2025-01-29 00:00:00+00:00,3109.34912109375,0.010341376321795893,0.006634502463732534
2025-01-29 01:00:00+00:00,3108.799560546875,-0.00017676018263398786,0.006634410898561992
2025-01-29 02:00:00+00:00,3113.097900390625,0.0013816815704681407,0.006411598327506179
2025-01-29 03:00:00+00:00,3129.4697265625,0.005245233912072843,0.006468904525804039
2025-01-29 04:00:00+00:00,3123.6318359375,-0.0018671989452809263,0.006421256917671905
2025-01-29 05:00:00+00:00,3128.073974609375,0.0014210967547326231,0.006440350611887965
2025-01-29 06:00:00+00:00,3144.423095703125,0.005212966362339288,0.006500333571175052
2025-01-29 07:00:00+00:00,3155.200927734375,0.003421741522034928,0.006551409035067478
2025-01-29 08:00:00+00:00,3145.66259765625,-0.0030276286181431665,0.00656405503752718
2025-01-29 09:00:00+00:00,3128.880615234375,-0.005349241170113692,0.00663180389585298
2025-01-29 10:00:00+00:00,3135.364990234375,0.0020702819539445165,0.006659435476383482
2025-01-29 11:00:00+00:00,3132.537353515625,-0.0009022594021091097,0.0066515290049994945
2025-01-29 12:00:00+00:00,3119.31591796875,-0.004229611503425755,0.0066475103360483295
2025-01-29 13:00:00+00:00,3102.23193359375,-0.005491889710258882,0.006712838609585391
2025-01-29 14:00:00+00:00,3097.679443359375,-0.0014685664925758479,0.006706435799393275
2025-01-29 15:00:00+00:00,3099.664306640625,0.0006405529301540615,0.006713583325115557
2025-01-29 16:00:00+00:00,3081.81494140625,-0.005775127320686281,0.006576521080098982
2025-01-29 17:00:00+00:00,3111.025146484375,0.009433610843680312,0.006713160426940493
2025-01-29 18:00:00+00:00,3132.551513671875,0.006895551590030152,0.006670016786663832
2025-01-29 19:00:00+00:00,3126.9697265625,-0.0017834554352183392,0.006671033243281642
2025-01-29 20:00:00+00:00,3143.529296875,0.005281751499301093,0.005832883069823418
2025-01-29 21:00:00+00:00,3142.67529296875,-0.00027170732332946655,0.004896784621502964
2025-01-29 22:00:00+00:00,3137.05517578125,-0.0017899235376286613,0.0045230819973952115
2025-01-29 23:00:00+00:00,3112.669677734375,-0.007803742523537747,0.004818482223190124
2025-01-30 00:00:00+00:00,3124.650634765625,0.003841704823948497,0.004404753078077229
2025-01-30 01:00:00+00:00,3138.614501953125,0.004458981064692547,0.004488158146499124
2025-01-30 02:00:00+00:00,3148.2568359375,0.0030674531183322857,0.004517323725687598
2025-01-30 03:00:00+00:00,3193.12890625,0.014152370186899936,0.0052356565303606755
2025-01-30 04:00:00+00:00,3199.623046875,0.0020317205818534785,0.005208452156525998
2025-01-30 05:00:00+00:00,3194.718994140625,-0.001533872809563768,0.005232971477283386
2025-01-30 06:00:00+00:00,3186.26806640625,-0.0026487853979979487,0.005195772087919034
2025-01-30 07:00:00+00:00,3188.790771484375,0.0007914296240868486,0.005160201271793395
2025-01-30 08:00:00+00:00,3203.278564453125,0.004533060270790961,0.005170000366412067
2025-01-30 09:00:00+00:00,3222.441650390625,0.0059645120260320185,0.005104474222618366
2025-01-30 10:00:00+00:00,3217.55419921875,-0.0015178432484549208,0.005131198289872217
2025-01-30 11:00:00+00:00,3223.195068359375,0.0017516193686602053,0.005115235190707327
2025-01-30 12:00:00+00:00,3220.161865234375,-0.0009414978497444288,0.005006684221223668
2025-01-30 13:00:00+00:00,3260.143310546875,0.012339527703628051,0.0052672627804167885
2025-01-30 14:00:00+00:00,3265.4306640625,0.0016205025621530721,0.005214545749647556
2025-01-30 15:00:00+00:00,3256.940185546875,-0.0026034960315001565,0.005298033925498945
2025-01-30 16:00:00+00:00,3279.5478515625,0.006917401526968961,0.005111903828854581
2025-01-30 17:00:00+00:00,3271.103759765625,-0.002578093592793141,0.004999631586774796
2025-01-30 18:00:00+00:00,3270.829345703125,-8.389387608736599e-05,0.004910179685848758
2025-01-30 19:00:00+00:00,3272.060791015625,0.000376422437580012,0.004861198173359547
2025-01-30 20:00:00+00:00,3244.240966796875,-0.008538583471152623,0.005245315104023563
2025-01-30 21:00:00+00:00,3244.457275390625,6.667241587025067e-05,0.005241320820330714
2025-01-30 22:00:00+00:00,3262.78955078125,0.005634433234092738,0.00526831959550848
2025-01-30 23:00:00+00:00,3248.369873046875,-0.004429226922452127,0.005045719688924184
2025-01-31 00:00:00+00:00,3268.618408203125,0.006214097506536089,0.005110726469066779
2025-01-31 01:00:00+00:00,3270.69189453125,0.0006341605770711039,0.005086284039746412
2025-01-31 02:00:00+00:00,3250.947998046875,-0.006054905554508386,0.005316656161005
2025-01-31 03:00:00+00:00,3231.289306640625,-0.006065421783059305,0.004771673910286756
2025-01-31 04:00:00+00:00,3216.90966796875,-0.004460055455872276,0.004863882509787986
2025-01-31 05:00:00+00:00,3245.50537109375,0.00884990815000648,0.005153859461426067
2025-01-31 06:00:00+00:00,3262.468994140625,0.005213192466268362,0.005184361064657261
2025-01-31 07:00:00+00:00,3245.762451171875,-0.00513398449479099,0.0053329303211840295
2025-01-31 08:00:00+00:00,3237.212646484375,-0.002637619153392824,0.0053118863663610405
2025-01-31 09:00:00+00:00,3264.407958984375,0.008365751481738895,0.005441517682081136
2025-01-31 10:00:00+00:00,3268.73388671875,0.0013243026001175788,0.005425709460384879
2025-01-31 11:00:00+00:00,3337.038818359375,0.020681113087768863,0.00679481024039715
2025-01-31 12:00:00+00:00,3352.719970703125,0.004688115538624984,0.0068059588990417265
2025-01-31 13:00:00+00:00,3354.39404296875,0.000499193035030142,0.006417815516998369
2025-01-31 14:00:00+00:00,3346.217041015625,-0.0024406747115337333,0.0064593078410877264
2025-01-31 15:00:00+00:00,3423.795166015625,0.022919167205044392,0.007799137655029329
2025-01-31 16:00:00+00:00,3401.9609375,-0.006397621789167194,0.007912948017337882
2025-01-31 17:00:00+00:00,3378.448486328125,-0.006935435295522681,0.008059853593658515
2025-01-31 18:00:00+00:00,3314.208740234375,-0.01919767197791821,0.00908620623125205
2025-01-31 19:00:00+00:00,3340.9990234375,0.008050966660144033,0.009214016602399372
2025-01-31 20:00:00+00:00,3310.848388671875,-0.009065403754131063,0.00923799870783313
2025-01-31 21:00:00+00:00,3314.009521484375,0.000954324785612939,0.009236516391162186
2025-01-31 22:00:00+00:00,3292.9697265625,-0.006368982027436386,0.009292902449618386
2025-01-31 23:00:00+00:00,3297.35546875,0.0013309640131420773,0.009237414712711845
2025-02-01 00:00:00+00:00,3318.17626953125,0.006294541497319265,0.00923954577612519
2025-02-01 01:00:00+00:00,3313.1884765625,-0.001504303895295041,0.009249779292721104
2025-02-01 02:00:00+00:00,3306.109375,-0.002138929058690544,0.00916255378153264
2025-02-01 03:00:00+00:00,3290.14306640625,-0.00484103357694129,0.00912657865694725
2025-02-01 04:00:00+00:00,3293.041259765625,0.0008804837911309554,0.00905882672423102
2025-02-01 05:00:00+00:00,3299.107421875,0.0018404208140872704,0.008905581540195474
2025-02-01 06:00:00+00:00,3294.046630859375,-0.0015351657094794038,0.008862744803280415
2025-02-01 07:00:00+00:00,3280.580322265625,-0.004096453691195024,0.008837063972793954
2025-02-01 08:00:00+00:00,3267.45166015625,-0.004009961996764019,0.00886227870374269
2025-02-01 09:00:00+00:00,3233.635009765625,-0.010403477791232142,0.008955275947529111
2025-02-01 10:00:00+00:00,3236.114013671875,0.000766336999655028,0.008951342800175345
2025-02-01 11:00:00+00:00,3250.20947265625,0.004346215911741658,0.007827824126310796
2025-02-01 12:00:00+00:00,3267.5244140625,0.005313190885227606,0.007848925995241299
2025-02-01 13:00:00+00:00,3243.667236328125,-0.007328085480445766,0.007942837961655753
2025-02-01 14:00:00+00:00,3236.790283203125,-0.002122367343872666,0.007941287884720335
2025-02-01 15:00:00+00:00,3250.599609375,0.004257289066266909,0.006175309036129021
2025-02-01 16:00:00+00:00,3242.536865234375,-0.0024834679868946494,0.006109948687257971
2025-02-01 17:00:00+00:00,3260.9453125,0.005661119974120287,0.006207788021795639
2025-02-01 18:00:00+00:00,3242.22998046875,-0.0057557678691506275,0.0050348578901105515
2025-02-01 19:00:00+00:00,3195.618896484375,-0.01448058174448732,0.005379240994980845
2025-02-01 20:00:00+00:00,3166.36279296875,-0.009197231671609084,0.005386986871447118
2025-02-01 21:00:00+00:00,3154.87060546875,-0.003636062596362537,0.005364191743080914
2025-02-01 22:00:00+00:00,3135.783447265625,-0.006068436324191575,0.005354012979451538
2025-02-01 23:00:00+00:00,3118.2265625,-0.005614615537866735,0.005351709988952331
2025-02-02 00:00:00+00:00,3151.7412109375,0.010690634735653983,0.0057220551702379975
2025-02-02 01:00:00+00:00,3150.48388671875,-0.00039900962467966496,0.005731868661708951
2025-02-02 02:00:00+00:00,3117.499755859375,-0.010524735612240587,0.005984492210830003
2025-02-02 03:00:00+00:00,3074.2314453125,-0.01397638672368727,0.006418159525571758
2025-02-02 04:00:00+00:00,3097.25048828125,0.00745984512821714,0.006717010347946342
2025-02-02 05:00:00+00:00,3121.48486328125,0.007794027663191577,0.006990718901989618
2025-02-02 06:00:00+00:00,3112.20361328125,-0.0029777737187446874,0.006990005135652597
2025-02-02 07:00:00+00:00,3100.3671875,-0.0038104805506919905,0.006987170353763145
2025-02-02 08:00:00+00:00,3110.326416015625,0.0032071255443732447,0.007067649990452671
2025-02-02 09:00:00+00:00,3110.305419921875,-6.750469824830177e-06,0.006848835666565567
2025-02-02 10:00:00+00:00,3101.226806640625,-0.0029231498492457695,0.006834329045494687
2025-02-02 11:00:00+00:00,3069.345458984375,-0.010333443957663318,0.006919141960229213
2025-02-02 12:00:00+00:00,3056.968017578125,-0.004040752499799694,0.0067274130968419015
2025-02-02 13:00:00+00:00,3086.37939453125,0.009575106107214237,0.0071043109396059494
2025-02-02 14:00:00+00:00,3090.40185546875,0.0013024458349176371,0.007137554350076597
2025-02-02 15:00:00+00:00,3081.52294921875,-0.002877193956868192,0.0070162686905994994
2025-02-02 16:00:00+00:00,3009.18408203125,-0.02375496588817901,0.00827998240817677
2025-02-02 17:00:00+00:00,2964.748779296875,-0.014876672798601177,0.00839436406878194
2025-02-02 18:00:00+00:00,2922.367919921875,-0.014398080990705454,0.008655700767802936
2025-02-02 19:00:00+00:00,2958.89599609375,0.012422005338103288,0.009018115181318847
2025-02-02 20:00:00+00:00,2949.3330078125,-0.003237178730230403,0.008927591482839685
2025-02-02 21:00:00+00:00,2903.379150390625,-0.01570376282272082,0.009299503732895663
2025-02-02 22:00:00+00:00,2869.4423828125,-0.011757563726664585,0.009440291701027413
2025-02-02 23:00:00+00:00,2866.531005859375,-0.0010151292573589434,0.009446384069539395
2025-02-03 00:00:00+00:00,2832.752685546875,-0.011853670620784405,0.009087293328730997
2025-02-03 01:00:00+00:00,2495.6376953125,-0.1267046334636392,0.026511174423719648
2025-02-03 02:00:00+00:00,2473.155517578125,-0.009049413085448595,0.026510910726851213
2025-02-03 03:00:00+00:00,2527.43798828125,0.021711264042598336,0.027248141662701224
2025-02-03 04:00:00+00:00,2468.638916015625,-0.023539184196218584,0.027210201104220164
2025-02-03 05:00:00+00:00,2516.185302734375,0.01907703325098997,0.027615576648863004
2025-02-03 06:00:00+00:00,2527.751708984375,0.004586269216674441,0.027730004890577465
2025-02-03 07:00:00+00:00,2631.301513671875,0.04014834082112966,0.029462380176304783
2025-02-03 08:00:00+00:00,2571.6005859375,-0.022950094764670713,0.029558396025848182
2025-02-03 09:00:00+00:00,2564.71826171875,-0.002679868030694745,0.029532286697871418
2025-02-03 10:00:00+00:00,2612.673583984375,0.018525425609964705,0.030014345520870966
2025-02-03 11:00:00+00:00,2585.974853515625,-0.01027150249686395,0.03001406188169411
2025-02-03 12:00:00+00:00,2581.77099609375,-0.0016269601762607497,0.030028939526354607
2025-02-03 13:00:00+00:00,2569.296630859375,-0.004843419082729301,0.02982563182597934
2025-02-03 14:00:00+00:00,2626.916015625,0.022178363544423145,0.030396718581783055
2025-02-03 15:00:00+00:00,2710.24609375,0.031228899767920062,0.03136836978454687
2025-02-03 16:00:00+00:00,2712.367919921875,0.0007825842941488621,0.031141446805843707
2025-02-03 17:00:00+00:00,2701.677978515625,-0.003948971064778785,0.03106027383884084
2025-02-03 18:00:00+00:00,2735.01220703125,0.0122628456296321,0.031144077942944152
2025-02-03 19:00:00+00:00,2766.3857421875,0.011405782881115597,0.03112322223222885
2025-02-03 20:00:00+00:00,2705.005615234375,-0.022437693842121402,0.03138057549805659
2025-02-03 21:00:00+00:00,2813.20703125,0.039221136658017734,0.03244448532959026
2025-02-03 22:00:00+00:00,2874.541259765625,0.021567974870784774,0.03269031758904624
2025-02-03 23:00:00+00:00,2881.797607421875,0.002521168981636952,0.03269316470986471
2025-02-04 00:00:00+00:00,2842.58251953125,-0.013701291839929138,0.03272499438021158
2025-02-04 01:00:00+00:00,2854.337890625,0.004126927157737997,0.018466511301490435
2025-02-04 02:00:00+00:00,2807.090576171875,-0.01669133917471457,0.018793009389549777
2025-02-04 03:00:00+00:00,2812.37451171875,0.0018805836575166669,0.018472247100899047
2025-02-04 04:00:00+00:00,2801.2392578125,-0.003967237137499808,0.017593979992516936
2025-02-04 05:00:00+00:00,2692.256103515625,-0.039682369049115346,0.019566398434398086
2025-02-04 06:00:00+00:00,2722.524658203125,0.011180090682240022,0.01963846605174316
2025-02-04 07:00:00+00:00,2707.026611328125,-0.00570879183053383,0.018042387773176714
2025-02-04 08:00:00+00:00,2700.161865234375,-0.0025391198445047355,0.01732209101346326
2025-02-04 09:00:00+00:00,2696.365966796875,-0.0014067931016671067,0.017308976944343902
2025-02-04 10:00:00+00:00,2757.7431640625,0.022507722856076474,0.017491550176075368
2025-02-04 11:00:00+00:00,2763.005126953125,0.0019062504597770757,0.017287921693981845
2025-02-04 12:00:00+00:00,2809.616943359375,0.01672925344983179,0.017490311154639546
2025-02-04 13:00:00+00:00,2795.51416015625,-0.00503210815305363,0.017494277804360886
2025-02-04 14:00:00+00:00,2822.522216796875,0.009614841518227344,0.01709497707894498
2025-02-04 15:00:00+00:00,2779.180419921875,-0.015474817070432245,0.016384435284086205
2025-02-04 16:00:00+00:00,2792.472412109375,0.004771301373065647,0.01640186219986714
2025-02-04 17:00:00+00:00,2819.0986328125,0.009489827469853674,0.01644731674443491
2025-02-04 18:00:00+00:00,2831.177001953125,0.004275326840373532,0.016306025086255276
2025-02-04 19:00:00+00:00,2789.788818359375,-0.014726626318052669,0.016483153185177422
2025-02-04 20:00:00+00:00,2735.429443359375,-0.019677459394522832,0.016326115262225754
2025-02-04 21:00:00+00:00,2645.953369140625,-0.03325699884384822,0.015529594945947042
2025-02-04 22:00:00+00:00,2677.90185546875,0.012002155768292437,0.014997206238129425
2025-02-04 23:00:00+00:00,2736.0888671875,0.02149588177592765,0.015778125143155138
2025-02-05 00:00:00+00:00,2734.27490234375,-0.0006631971790759785,0.01558683534281198
2025-02-05 01:00:00+00:00,2723.2587890625,-0.004037035359027956,0.015545022242720172
2025-02-05 02:00:00+00:00,2743.1435546875,0.007275298114849943,0.01532571571679571
2025-02-05 03:00:00+00:00,2722.068603515625,-0.007712438246203711,0.015373428241221192
2025-02-05 04:00:00+00:00,2728.5634765625,0.0023831643836565637,0.015381248489360039
2025-02-05 05:00:00+00:00,2784.6494140625,0.020346710170998858,0.013612740492182751
2025-02-05 06:00:00+00:00,2743.423828125,-0.014915269172540279,0.013838396665097943
2025-02-05 07:00:00+00:00,2762.114013671875,0.0067896208812724375,0.01383688093107511
2025-02-05 08:00:00+00:00,2772.088623046875,0.0036047180887994637,0.013828488492313678
2025-02-05 09:00:00+00:00,2761.048583984375,-0.003990522302192528,0.013858838941438635
2025-02-05 10:00:00+00:00,2781.135986328125,0.007248943101833858,0.013161112219496781
2025-02-05 11:00:00+00:00,2801.071044921875,0.0071423876717000385,0.013231211331123115
2025-02-05 12:00:00+00:00,2786.5673828125,-0.005191350467604873,0.012817361946967124
2025-02-05 13:00:00+00:00,2818.30126953125,0.011323807134748308,0.012990862167910271
2025-02-05 14:00:00+00:00,2779.9326171875,-0.013707627764190001,0.013138237404051277
2025-02-05 15:00:00+00:00,2773.359130859375,-0.0023674208727203984,0.012761506320005398
2025-02-05 16:00:00+00:00,2771.873779296875,-0.0005357219875486377,0.01271956699949001
2025-02-05 17:00:00+00:00,2750.8505859375,-0.0076133782956199925,0.012625501800434095
2025-02-05 18:00:00+00:00,2724.505615234375,-0.009623181777610939,0.012690582015438918
2025-02-05 19:00:00+00:00,2775.60498046875,0.018581748363659546,0.013009951189917166
2025-02-05 20:00:00+00:00,2767.425537109375,-0.0029512553720516563,0.012353327950667438
2025-02-05 21:00:00+00:00,2783.4091796875,0.005759020965364798,0.010077546590080992
2025-02-05 22:00:00+00:00,2760.152587890625,-0.008390536342009317,0.010066943915015936
2025-02-05 23:00:00+00:00,2791.37548828125,0.01124851722939999,0.009364159347290717
2025-02-06 00:00:00+00:00,2767.792724609375,-0.00848432867414643,0.009552704542016512
2025-02-06 01:00:00+00:00,2791.012451171875,0.008354263507115985,0.009630935200313127
2025-02-06 02:00:00+00:00,2809.08642578125,0.006454899372992657,0.009609213952947289
2025-02-06 03:00:00+00:00,2804.956298828125,-0.0014713559909779854,0.009446546260051933
2025-02-06 04:00:00+00:00,2821.39501953125,0.005843491296525153,0.009490899118075182
2025-02-06 05:00:00+00:00,2834.445068359375,0.004614724527024336,0.00862914825368278
2025-02-06 06:00:00+00:00,2847.811767578125,0.004704723584316758,0.007987167361886113
2025-02-06 07:00:00+00:00,2832.678466796875,-0.005328179772897587,0.008024864428471884
2025-02-06 08:00:00+00:00,2830.798095703125,-0.0006640342348356211,0.008013102812622672
2025-02-06 09:00:00+00:00,2856.071533203125,0.008888406290417369,0.00810394834089295
2025-02-06 10:00:00+00:00,2829.69482421875,-0.00927822092810122,0.008286344065669237
2025-02-06 11:00:00+00:00,2806.555419921875,-0.008210967682157915,0.008361379357636584
2025-02-06 12:00:00+00:00,2774.37939453125,-0.011530821616643221,0.008630985222075695
2025-02-06 13:00:00+00:00,2792.812255859375,0.006621984599568901,0.008408958133207061
2025-02-06 14:00:00+00:00,2747.256103515625,-0.01644643215175465,0.008613798928812559
2025-02-06 15:00:00+00:00,2701.268798828125,-0.016881044902560993,0.00923798989780033
2025-02-06 16:00:00+00:00,2704.937255859375,0.0013571282918878615,0.00925106450255301
2025-02-06 17:00:00+00:00,2702.14892578125,-0.001031361525087753,0.009144001478717327
2025-02-06 18:00:00+00:00,2697.92822265625,-0.001563201364890367,0.008949672192989182
2025-02-06 19:00:00+00:00,2695.257568359375,-0.0009903810544104092,0.00798360364325051
2025-02-06 20:00:00+00:00,2718.342041015625,0.008528378247061055,0.008216118530312911
2025-02-06 21:00:00+00:00,2706.739501953125,-0.00427737598432377,0.008125567281379953
2025-02-06 22:00:00+00:00,2702.395263671875,-0.0016062602998523333,0.007979931314462002
2025-02-06 23:00:00+00:00,2688.556640625,-0.005134029644251635,0.007588319182238977
2025-02-07 00:00:00+00:00,2688.88134765625,0.0001207664439282252,0.007449124222498779
2025-02-07 01:00:00+00:00,2725.020263671875,0.013350613065583725,0.007789920008497016
2025-02-07 02:00:00+00:00,2721.774169921875,-0.0011919282704292422,0.007626544210910443
2025-02-07 03:00:00+00:00,2715.021240234375,-0.002484159380949261,0.007630244482492447
2025-02-07 04:00:00+00:00,2722.08056640625,0.0025967253840991594,0.007525073132657147
2025-02-07 05:00:00+00:00,2714.161376953125,-0.0029134814592097534,0.007415509297096786
2025-02-07 06:00:00+00:00,2694.690185546875,-0.007199781799013255,0.007358947143291352
2025-02-07 07:00:00+00:00,2715.343994140625,0.007635407928972793,0.007599077878296274
2025-02-07 08:00:00+00:00,2729.993896484375,0.005380726773468098,0.007736014856378953
2025-02-07 09:00:00+00:00,2738.952392578125,0.0032761353404914323,0.00748887610394214
2025-02-07 10:00:00+00:00,2744.862060546875,0.002155313717115866,0.007351199860771793
2025-02-07 11:00:00+00:00,2761.061767578125,0.0058844816175059435,0.007335456177503463
2025-02-07 12:00:00+00:00,2758.090576171875,-0.0010766840660391248,0.006964157010860826
2025-02-07 13:00:00+00:00,2775.04931640625,0.0061298986349770795,0.006943753917398935
2025-02-07 14:00:00+00:00,2785.45849609375,0.0037439716650222933,0.00606574016133483
2025-02-07 15:00:00+00:00,2719.102294921875,-0.024110703181926582,0.00706719989540479
2025-02-07 16:00:00+00:00,2700.989501953125,-0.006683599124562897,0.007202916605053993
2025-02-07 17:00:00+00:00,2682.456298828125,-0.006885283897322214,0.007335112896615912
2025-02-07 18:00:00+00:00,2681.35791015625,-0.0004095550831676793,0.007330286017261917
2025-02-07 19:00:00+00:00,2659.990234375,-0.008000897597179722,0.007498543746172923
2025-02-07 20:00:00+00:00,2585.4013671875,-0.028441687820881762,0.009164951876968266
2025-02-07 21:00:00+00:00,2583.24658203125,-0.0008337906942997481,0.009156157108090857
2025-02-07 22:00:00+00:00,2586.69580078125,0.0013343356681230268,0.009180540059064782
2025-02-07 23:00:00+00:00,2623.12890625,0.013986535611316502,0.009695913279086298
2025-02-08 00:00:00+00:00,2647.1591796875,0.009119213058306002,0.009913742783927435
2025-02-08 01:00:00+00:00,2633.790283203125,-0.005063076303730581,0.009486293571156955
2025-02-08 02:00:00+00:00,2642.091552734375,0.0031468772955502017,0.009532038452128331
2025-02-08 03:00:00+00:00,2644.11083984375,0.0007639840693299791,0.009536634465702954
2025-02-08 04:00:00+00:00,2634.913818359375,-0.0034843674295128094,0.009514830146695614
2025-02-08 05:00:00+00:00,2620.1474609375,-0.005619875963714629,0.0095500627693572
2025-02-08 06:00:00+00:00,2611.766357421875,-0.0032038412617841827,0.009480383369266617
2025-02-08 07:00:00+00:00,2631.958984375,0.0077016721695223,0.00948310877978811
2025-02-08 08:00:00+00:00,2606.320556640625,-0.009788951606640525,0.009523950034269276
2025-02-08 09:00:00+00:00,2616.1328125,0.0037577233196578698,0.009535899325388862
2025-02-08 10:00:00+00:00,2617.594970703125,0.0005587444749639031,0.009511833051467885
2025-02-08 11:00:00+00:00,2615.462890625,-0.0008148506103296944,0.00936827883962991
2025-02-08 12:00:00+00:00,2605.3701171875,-0.0038663508276123434,0.009370300154358285
2025-02-08 13:00:00+00:00,2621.082763671875,0.006012756330580791,0.009365707594041936
2025-02-08 14:00:00+00:00,2615.379638671875,-0.002178236686058336,0.009274965305297747
2025-02-08 15:00:00+00:00,2602.71044921875,-0.0048558818012891395,0.008093135314341426
2025-02-08 16:00:00+00:00,2609.7958984375,0.002718635953688802,0.008075158096699706
2025-02-08 17:00:00+00:00,2627.80810546875,0.006878060283845023,0.008159254434231558
2025-02-08 18:00:00+00:00,2632.9677734375,0.0019615622265353855,0.00817924657547519
2025-02-08 19:00:00+00:00,2639.841796875,0.0026073489816474385,0.008056583025470002
2025-02-08 20:00:00+00:00,2636.7548828125,-0.0011700399337121426,0.0054038078623866465
2025-02-08 21:00:00+00:00,2640.57080078125,0.0014461562020527334,0.0053935102269829
2025-02-08 22:00:00+00:00,2630.552490234375,-0.0038012097447964726,0.00547735144284534
2025-02-08 23:00:00+00:00,2633.59716796875,0.0011567596939937605,0.00469441531092753
2025-02-09 00:00:00+00:00,2638.28125,0.0017770073178787098,0.004308998345636291
2025-02-09 01:00:00+00:00,2648.920654296875,0.00402459329161299,0.00425654156711093
2025-02-09 02:00:00+00:00,2641.211669921875,-0.0029144790184182914,0.0042563063365629004
2025-02-09 03:00:00+00:00,2677.947265625,0.013812777629101014,0.005108169176630126
2025-02-09 04:00:00+00:00,2672.758056640625,-0.0019396361035542563,0.005064939621287926
2025-02-09 05:00:00+00:00,2661.5654296875,-0.004196462178291911,0.0049968878686155105
2025-02-09 06:00:00+00:00,2663.258544921875,0.0006359328682065817,0.004929023967321659
2025-02-09 07:00:00+00:00,2662.465576171875,-0.00029778814592338086,0.004708516200670091
2025-02-09 08:00:00+00:00,2669.341552734375,0.0025792307216259743,0.004183248907412328
2025-02-09 09:00:00+00:00,2658.44482421875,-0.004090533267943821,0.00426391210091427
2025-02-09 10:00:00+00:00,2661.56201171875,0.0011718736283103705,0.004265062502239168
2025-02-09 11:00:00+00:00,2657.905029296875,-0.0013749433805288161,0.004275198038718635
2025-02-09 12:00:00+00:00,2654.162109375,-0.001409214320370302,0.0041904026052267136
2025-02-09 13:00:00+00:00,2618.687744140625,-0.013455683910530251,0.00494790020486581
2025-02-09 14:00:00+00:00,2628.121337890625,0.0035959394625643534,0.004979594064537797
2025-02-09 15:00:00+00:00,2652.917724609375,0.00939079171789327,0.005194883330950814
2025-02-09 16:00:00+00:00,2661.639892578125,0.003282371338515923,0.005205218288315117
2025-02-09 17:00:00+00:00,2643.44580078125,-0.006859140146318465,0.005264995242803808
2025-02-09 18:00:00+00:00,2638.30712890625,-0.0019458212319859883,0.005270089143488499
2025-02-09 19:00:00+00:00,2624.361083984375,-0.005300002585417924,0.005352040341580417
2025-02-09 20:00:00+00:00,2636.1767578125,0.004492199867521141,0.005433670916507774
2025-02-09 21:00:00+00:00,2560.307373046875,-0.029202350827603345,0.008048918413594008
2025-02-09 22:00:00+00:00,2619.583251953125,0.022887922100565172,0.0094142308910573
2025-02-09 23:00:00+00:00,2630.676025390625,0.004225616053383953,0.00945385144136555
2025-02-10 00:00:00+00:00,2641.982666015625,0.004288788111522964,0.009488751766735803
2025-02-10 01:00:00+00:00,2574.23974609375,-0.025975398858739198,0.010825425786758965
2025-02-10 02:00:00+00:00,2588.92333984375,0.005687844095575512,0.01090799712140745
2025-02-10 03:00:00+00:00,2626.32666015625,0.014344072337438358,0.010939506291669988
2025-02-10 04:00:00+00:00,2628.970947265625,0.0010063320976521559,0.010942819188115648
2025-02-10 05:00:00+00:00,2641.385498046875,0.004711094542161693,0.010969684255454531
2025-02-10 06:00:00+00:00,2635.60595703125,-0.002190469086695535,0.010974178477787679
2025-02-10 07:00:00+00:00,2638.304931640625,0.00102351932065856,0.010978209745604536
2025-02-10 08:00:00+00:00,2646.11767578125,0.0029568981943447373,0.010982905343448892
2025-02-10 09:00:00+00:00,2652.424560546875,0.0023806124261783307,0.01096686528815178
2025-02-10 10:00:00+00:00,2650.526611328125,-0.0007158087028428811,0.010964157159901032
2025-02-10 11:00:00+00:00,2655.402587890625,0.001837935544186454,0.010968458563993871
2025-02-10 12:00:00+00:00,2639.998291015625,-0.005818007240311071,0.011029151632244147
2025-02-10 13:00:00+00:00,2682.77294921875,0.0160726723365887,0.011135298435374624
2025-02-10 14:00:00+00:00,2651.24169921875,-0.011822846153630223,0.011420597225740715
2025-02-10 15:00:00+00:00,2657.593994140625,0.0023931039950718823,0.011268459694525923
2025-02-10 16:00:00+00:00,2668.055419921875,0.0039286999288219385,0.01127723117602577
2025-02-10 17:00:00+00:00,2677.946044921875,0.0037001996164094907,0.01119962364636011
2025-02-10 18:00:00+00:00,2681.96875,0.0015010335004701381,0.011188451723908794
2025-02-10 19:00:00+00:00,2673.022705078125,-0.003341201687975407,0.011149981220843926
2025-02-10 20:00:00+00:00,2681.906494140625,0.0033179886725549427,0.011135484548580888
2025-02-10 21:00:00+00:00,2666.36669921875,-0.005811161132229337,0.009270448341575204
2025-02-10 22:00:00+00:00,2656.558349609375,-0.003685327379408738,0.008147640157308
2025-02-10 23:00:00+00:00,2659.4140625,0.001074389761248216,0.008111715436077704
2025-02-11 00:00:00+00:00,2700.396240234375,0.015292696611718127,0.00863225209921485
2025-02-11 01:00:00+00:00,2698.06298828125,-0.0008644140854436597,0.006486953166362931
2025-02-11 02:00:00+00:00,2682.07080078125,-0.005944920787007942,0.006629142435124482
2025-02-11 03:00:00+00:00,2679.02294921875,-0.001137026149136978,0.0060501619170138165
2025-02-11 04:00:00+00:00,2693.780517578125,0.0054934469735703146,0.006124790949352532
2025-02-11 05:00:00+00:00,2720.99169921875,0.010050805323130508,0.006357467994678976
2025-02-11 06:00:00+00:00,2723.34619140625,0.0008649324790581894,0.006316303502066136
2025-02-11 07:00:00+00:00,2712.72021484375,-0.003909440872168483,0.006407486189626414
2025-02-11 08:00:00+00:00,2715.9150390625,0.001177026798877824,0.0063960619782744066
2025-02-11 09:00:00+00:00,2705.468505859375,-0.0038538303168902063,0.006467351214183246
2025-02-11 10:00:00+00:00,2698.33203125,-0.002641281338663482,0.006499161215721409
2025-02-11 11:00:00+00:00,2708.06640625,0.0036010610878403565,0.006521979347337054
2025-02-11 12:00:00+00:00,2688.36767578125,-0.007300679546640089,0.006594195472451393
2025-02-11 13:00:00+00:00,2633.731689453125,-0.020532463611708553,0.007110685377897301
2025-02-11 14:00:00+00:00,2666.646484375,0.01241995078380437,0.007193540603590461
2025-02-11 15:00:00+00:00,2663.4814453125,-0.0011876035533292994,0.007184099584930915
2025-02-11 16:00:00+00:00,2643.893798828125,-0.007381326745395721,0.007291641079517547
2025-02-11 17:00:00+00:00,2638.412841796875,-0.002075214246776956,0.007246323190287071
2025-02-11 18:00:00+00:00,2611.261962890625,-0.010343924911170524,0.00749471962488683
2025-02-11 19:00:00+00:00,2592.969970703125,-0.007029689586508054,0.007579728904486282
2025-02-11 20:00:00+00:00,2595.9501953125,0.0011486879125990395,0.0075354824023647765
2025-02-11 21:00:00+00:00,2621.09716796875,0.009640383021984647,0.007794046641582873
2025-02-11 22:00:00+00:00,2587.45654296875,-0.012917633052586737,0.008166055300028391
2025-02-11 23:00:00+00:00,2603.014892578125,0.005994983846682671,0.00828389356007848
2025-02-12 00:00:00+00:00,2612.49365234375,0.0036348402538872618,0.007607733426756052
2025-02-12 01:00:00+00:00,2616.5986328125,0.001570055026054423,0.007631085236746473
2025-02-12 02:00:00+00:00,2595.1416015625,-0.008234160383920684,0.0077059034076417815
2025-02-12 03:00:00+00:00,2588.034423828125,-0.002742404330415575,0.0077107336530795705
2025-02-12 04:00:00+00:00,2589.810546875,0.0006860472364805233,0.007584198533067591
2025-02-12 05:00:00+00:00,2609.30029296875,0.007497373296413013,0.007429396245948765
2025-02-12 06:00:00+00:00,2604.275146484375,-0.001927716630896463,0.007408558671685151
2025-02-12 07:00:00+00:00,2619.21875,0.005721704506701992,0.007552327245435727
2025-02-12 08:00:00+00:00,2628.9404296875,0.0037048002830162904,0.007608143342690458
2025-02-12 09:00:00+00:00,2631.154541015625,0.0008418522749955931,0.0076014949644372986
2025-02-12 10:00:00+00:00,2616.19921875,-0.005700154189717463,0.007652872389898075
2025-02-12 11:00:00+00:00,2625.899169921875,0.0037007936606492154,0.007655669132165035
2025-02-12 12:00:00+00:00,2633.471923828125,0.002879720409354618,0.007589544200535595
2025-02-12 13:00:00+00:00,2597.2900390625,-0.013834489927383894,0.006929095798418344
2025-02-12 14:00:00+00:00,2598.196044921875,0.0003487665461570102,0.006359052999176663
2025-02-12 15:00:00+00:00,2607.48095703125,0.003567229373571163,0.006429349539747675
2025-02-12 16:00:00+00:00,2651.084716796875,0.016584278625653603,0.007192391561599251
2025-02-12 17:00:00+00:00,2672.388916015625,0.008003914143923327,0.007351555070979905
2025-02-12 18:00:00+00:00,2663.200439453125,-0.003444225195634953,0.007035835909006354
2025-02-12 19:00:00+00:00,2676.931884765625,0.005142747311389578,0.006882392055763699
2025-02-12 20:00:00+00:00,2679.118896484375,0.0008166508980657357,0.006883101466492515
2025-02-12 21:00:00+00:00,2683.3720703125,0.0015862683019125252,0.006651953464069317
2025-02-12 22:00:00+00:00,2746.876220703125,0.023390107488881616,0.007436613199107013
2025-02-12 23:00:00+00:00,2736.9072265625,-0.0036358128355280677,0.0074989078045041985
2025-02-13 00:00:00+00:00,2727.9638671875,-0.0032730387251947903,0.007569272970056988
2025-02-13 01:00:00+00:00,2752.1611328125,0.008830974796752027,0.007703511710520615
2025-02-13 02:00:00+00:00,2739.559326171875,-0.004589391923187175,0.00752468380928573
2025-02-13 03:00:00+00:00,2743.51171875,0.0014416713663942455,0.0074519486614799575
2025-02-13 04:00:00+00:00,2720.231689453125,-0.008521692341282285,0.007775676638996653
2025-02-13 05:00:00+00:00,2720.583740234375,0.00012941103637533017,0.007696181070305929
2025-02-13 06:00:00+00:00,2685.239501953125,-0.013076543697389495,0.008244156131459691
2025-02-13 07:00:00+00:00,2680.43701171875,-0.0017900786618633283,0.008210546432206135
2025-02-13 08:00:00+00:00,2665.91796875,-0.005431393431398651,0.008289299751730006
2025-02-13 09:00:00+00:00,2682.831787109375,0.006324421783921605,0.008371906752827996
2025-02-13 10:00:00+00:00,2677.2353515625,-0.0020881968213170648,0.008281760249580366
2025-02-13 11:00:00+00:00,2654.810791015625,-0.008411289834400402,0.008474341144030043
2025-02-13 12:00:00+00:00,2655.895751953125,0.00040859382600638,0.00845861320206961
2025-02-13 13:00:00+00:00,2662.04833984375,0.0023138982018480795,0.007905124130870864
2025-02-13 14:00:00+00:00,2638.34423828125,-0.008944341100282584,0.008163135298441947
2025-02-13 15:00:00+00:00,2648.968994140625,0.004018967552453695,0.008170698207269338
2025-02-13 16:00:00+00:00,2623.223876953125,-0.009766456749711562,0.007694054584709212
2025-02-13 17:00:00+00:00,2632.6845703125,0.003600026017192639,0.007534780813456776
2025-02-13 18:00:00+00:00,2637.88916015625,0.0019749620445912172,0.007527778127679159
2025-02-13 19:00:00+00:00,2642.16650390625,0.0016201892395894225,0.00744898042217179
2025-02-13 20:00:00+00:00,2650.79931640625,0.003261997317929699,0.007485047366674466
2025-02-13 21:00:00+00:00,2666.593017578125,0.005940410872280902,0.007588419788889385
2025-02-13 22:00:00+00:00,2669.577392578125,0.0011185457291532119,0.0056962204520351395
2025-02-13 23:00:00+00:00,2675.902099609375,0.0023663770450851017,0.00571586705917422
2025-02-14 00:00:00+00:00,2674.628173828125,-0.0004761867479366289,0.00569468880399829
2025-02-14 01:00:00+00:00,2681.4296875,0.0025397475172837763,0.005366325565781507
2025-02-14 02:00:00+00:00,2692.846923828125,0.004248852200905444,0.005418378981236591
2025-02-14 03:00:00+00:00,2714.94775390625,0.008173739737344352,0.005701809724222525
2025-02-14 04:00:00+00:00,2700.072998046875,-0.00549390074549683,0.005546511080378594
2025-02-14 05:00:00+00:00,2699.779052734375,-0.00010887161723171816,0.00554590369151122
2025-02-14 06:00:00+00:00,2701.27783203125,0.0005549948342790872,0.004835115726465651
2025-02-14 07:00:00+00:00,2700.7158203125,-0.00020807566870572957,0.004816870160404546
2025-02-14 08:00:00+00:00,2705.305908203125,0.0016981393061890895,0.004664571586087481
2025-02-14 09:00:00+00:00,2713.7294921875,0.003108889367431412,0.004537789979576633
2025-02-14 10:00:00+00:00,2703.777099609375,-0.003674163973959276,0.0045880416086741685
2025-02-14 11:00:00+00:00,2686.55712890625,-0.006389225065763744,0.004435002162119861
2025-02-14 12:00:00+00:00,2685.416259765625,-0.000424748625964143,0.0044389709220646915
2025-02-14 13:00:00+00:00,2702.1328125,0.006205644220162042,0.004578506493920998
2025-02-14 14:00:00+00:00,2721.03076171875,0.006969373301364335,0.0042750118812537995
2025-02-14 15:00:00+00:00,2735.336181640625,0.005243581616789959,0.004316163012654203
2025-02-14 16:00:00+00:00,2740.923828125,0.002040680469334623,0.003610834372046441
2025-02-14 17:00:00+00:00,2777.236083984375,0.013161191627087274,0.004280155987930107
2025-02-14 18:00:00+00:00,2757.393310546875,-0.007170437997293717,0.004690974018374823
2025-02-14 19:00:00+00:00,2737.73974609375,-0.007153110962602851,0.005038324228723194
2025-02-14 20:00:00+00:00,2724.0751953125,-0.005003677143049314,0.005191437117127038
2025-02-14 21:00:00+00:00,2744.635009765625,0.007519107997263828,0.005264445169354877
2025-02-14 22:00:00+00:00,2716.41796875,-0.010334011495056413,0.0057673628069157485
2025-02-14 23:00:00+00:00,2723.47509765625,0.002594585143154482,0.00577037438334156
2025-02-15 00:00:00+00:00,2715.65380859375,-0.002875936418547484,0.005812895837577516
2025-02-15 01:00:00+00:00,2727.73486328125,0.004438806505220687,0.005852750516342924
2025-02-15 02:00:00+00:00,2731.87841796875,0.0015178933999932883,0.005807397195150297
2025-02-15 03:00:00+00:00,2725.384765625,-0.002379821236414518,0.005604980365277479
2025-02-15 04:00:00+00:00,2720.523193359375,-0.0017854042314570462,0.005492324419049754
2025-02-15 05:00:00+00:00,2722.05615234375,0.0005633207813949114,0.005491786040304407
2025-02-15 06:00:00+00:00,2708.5068359375,-0.004990033096308524,0.005598066146054017
2025-02-15 07:00:00+00:00,2699.7099609375,-0.0032531546306366404,0.005639971754724614
2025-02-15 08:00:00+00:00,2705.87548828125,0.002281170124982325,0.005648922434183377
2025-02-15 09:00:00+00:00,2702.281494140625,-0.0013291014596563987,0.005615568364128339
2025-02-15 10:00:00+00:00,2711.317626953125,0.0033383119075407653,0.0056080776365808145
2025-02-15 11:00:00+00:00,2708.280517578125,-0.0011207877823895306,0.005443053138057126
2025-02-15 12:00:00+00:00,2711.74951171875,0.0012800647212488248,0.0054438235915977564
2025-02-15 13:00:00+00:00,2708.743896484375,-0.0011089822700871591,0.0053081095301825715
2025-02-15 14:00:00+00:00,2690.943603515625,-0.006593106526576096,0.005266973013376222
2025-02-15 15:00:00+00:00,2689.625244140625,-0.0004900446174784465,0.005124984510387071
2025-02-15 16:00:00+00:00,2688.481689453125,-0.0004252629108547803,0.005092217936021755
2025-02-15 17:00:00+00:00,2684.886474609375,-0.0013381608222132163,0.00413299421277691
2025-02-15 18:00:00+00:00,2703.046142578125,0.0067408922950582,0.004263305680689353
2025-02-15 19:00:00+00:00,2692.5634765625,-0.003885632929224922,0.004101693451104164
2025-02-15 20:00:00+00:00,2683.794189453125,-0.0032621694577792395,0.004037017771201364
2025-02-15 21:00:00+00:00,2700.600830078125,0.006242742275085699,0.003932170566335403
2025-02-15 22:00:00+00:00,2694.84619140625,-0.0021331470149105114,0.0033727472087603395
2025-02-15 23:00:00+00:00,2692.729736328125,-0.0007856799478602515,0.003315301696292726
2025-02-16 00:00:00+00:00,2700.799560546875,0.002992411757256609,0.003346632700670626
2025-02-16 01:00:00+00:00,2702.060791015625,0.00046687510303497216,0.003200822065022579
2025-02-16 02:00:00+00:00,2691.1826171875,-0.004034006165370522,0.003256769823137574
2025-02-16 03:00:00+00:00,2698.103515625,0.0025683929453734758,0.0032972478154159176
2025-02-16 04:00:00+00:00,2703.869384765625,0.002134727973117745,0.003323617831044383
2025-02-16 05:00:00+00:00,2709.93359375,0.0022402778766488275,0.003359027096467124
2025-02-16 06:00:00+00:00,2711.465576171875,0.0005651612857255916,0.003201289424517995
2025-02-16 07:00:00+00:00,2693.727294921875,-0.00656344569071756,0.0034138480162339445
2025-02-16 08:00:00+00:00,2696.32958984375,0.0009655909685930091,0.003384514203324485
2025-02-16 09:00:00+00:00,2706.117431640625,0.003623488566277039,0.0034594750777835297
2025-02-16 10:00:00+00:00,2696.769287109375,-0.0034604293394276914,0.003457639465631788
2025-02-16 11:00:00+00:00,2711.7373046875,0.00553500510270526,0.0036444697065860323
2025-02-16 12:00:00+00:00,2705.473876953125,-0.002312418813070252,0.003665600993545574
2025-02-16 13:00:00+00:00,2693.564697265625,-0.004411599894573268,0.0037658808550452344
2025-02-16 14:00:00+00:00,2692.208740234375,-0.000503532900384755,0.0035156410422693078
2025-02-16 15:00:00+00:00,2696.601806640625,0.001630440462222169,0.0035288969575114145
2025-02-16 16:00:00+00:00,2697.0087890625,0.000150912794101783,0.0035270712490949436
2025-02-16 17:00:00+00:00,2686.946044921875,-0.0037380535937519407,0.003603748226442771
2025-02-16 18:00:00+00:00,2680.3916015625,-0.002442345553498307,0.0033381812062121784
2025-02-16 19:00:00+00:00,2683.902099609375,0.0013088390545242367,0.003266651821659283
2025-02-16 20:00:00+00:00,2671.543701171875,-0.00461527231686566,0.0033339669738946145
2025-02-16 21:00:00+00:00,2686.444091796875,0.0055619496023679715,0.003279298094083682
2025-02-16 22:00:00+00:00,2679.01806640625,-0.0027680859219084007,0.0032979202783076705
2025-02-16 23:00:00+00:00,2663.305419921875,-0.0058823438273386845,0.0034925684467104682
2025-02-17 00:00:00+00:00,2670.089599609375,0.0025440393301701955,0.003474462623745658
2025-02-17 01:00:00+00:00,2680.800048828125,0.004003245899738777,0.0035892988271677435
2025-02-17 02:00:00+00:00,2669.118408203125,-0.004367041959206956,0.003604854904827114
2025-02-17 03:00:00+00:00,2672.67529296875,0.001331719452406335,0.003570100571036208
2025-02-17 04:00:00+00:00,2663.530517578125,-0.0034274481410845646,0.0035792966164965015
2025-02-17 05:00:00+00:00,2669.659912109375,0.002298585550536261,0.0035813461399431443
2025-02-17 06:00:00+00:00,2686.048583984375,0.006120095237011615,0.0038322461869959457
2025-02-17 07:00:00+00:00,2685.01171875,-0.0003860933181953958,0.003600175465557467
2025-02-17 08:00:00+00:00,2713.039794921875,0.010384609327892015,0.004190382102352468
2025-02-17 09:00:00+00:00,2733.121337890625,0.0073746014815759394,0.004386746151312644
2025-02-17 10:00:00+00:00,2750.755615234375,0.0064313398265686,0.004470809350173939
2025-02-17 11:00:00+00:00,2753.763427734375,0.0010928521732342339,0.00435790317415095
2025-02-17 12:00:00+00:00,2768.44482421875,0.005317231949629969,0.004411065754311778
2025-02-17 13:00:00+00:00,2778.2939453125,0.003551323346681461,0.004287302774479014
2025-02-17 14:00:00+00:00,2819.662841796875,0.014780267573674196,0.005072452951413122
2025-02-17 15:00:00+00:00,2750.3525390625,-0.024888218670900443,0.007464313845330334
2025-02-17 16:00:00+00:00,2726.621826171875,-0.008665682842715587,0.007711653760069347
2025-02-17 17:00:00+00:00,2738.828857421875,0.004466988087506595,0.0076995483911415545
2025-02-17 18:00:00+00:00,2699.026611328125,-0.014639211043135083,0.008301628768779622
2025-02-17 19:00:00+00:00,2718.914306640625,0.007341454968740214,0.008424282960258338
2025-02-17 20:00:00+00:00,2735.615234375,0.00612371050479116,0.008423753780004239
2025-02-17 21:00:00+00:00,2771.4921875,0.013029511843115037,0.008732329853244942
2025-02-17 22:00:00+00:00,2742.06689453125,-0.010673893905548234,0.009036235205594078
2025-02-17 23:00:00+00:00,2743.113525390625,0.0003816213112245346,0.008919441013927097
2025-02-18 00:00:00+00:00,2720.188720703125,-0.008392337896291199,0.009126364407148578
2025-02-18 01:00:00+00:00,2737.53564453125,0.006356855378695412,0.009175081959703209
2025-02-18 02:00:00+00:00,2712.977783203125,-0.009011271262615467,0.009337925235436233
2025-02-18 03:00:00+00:00,2711.736328125,-0.0004577034196900648,0.00933963159218212
2025-02-18 04:00:00+00:00,2702.031982421875,-0.003585065167318374,0.00934264498285472
2025-02-18 05:00:00+00:00,2675.658447265625,-0.009808577472648707,0.009570907322632915
2025-02-18 06:00:00+00:00,2662.828369140625,-0.004806644005395899,0.00953157074181495
2025-02-18 07:00:00+00:00,2672.475341796875,0.003616282668093227,0.009566077160268947
2025-02-18 08:00:00+00:00,2666.59619140625,-0.0022023127917685987,0.009302234617315563
2025-02-18 09:00:00+00:00,2692.489013671875,0.009663225255536114,0.009400032685773479
2025-02-18 10:00:00+00:00,2694.831787109375,0.00086973606058173,0.009286403587073963
2025-02-18 11:00:00+00:00,2679.52880859375,-0.005694824379831789,0.009327743928983853
2025-02-18 12:00:00+00:00,2701.51025390625,0.008170008553025389,0.009431192823818253
2025-02-18 13:00:00+00:00,2702.2626953125,0.00027848742653849474,0.009385776351451249
2025-02-18 14:00:00+00:00,2690.0859375,-0.004516317226213619,0.008767382120736258
2025-02-18 15:00:00+00:00,2673.092529296875,-0.006337087299141547,0.007363433569277517
2025-02-18 16:00:00+00:00,2639.312255859375,-0.012717678754685888,0.00758546545097077
2025-02-18 17:00:00+00:00,2617.493896484375,-0.00830104212693804,0.007607022736225009
2025-02-18 18:00:00+00:00,2633.119384765625,0.005951889263963445,0.007259602972054114
2025-02-18 19:00:00+00:00,2634.650146484375,0.0005811802330212179,0.00704874803246571
2025-02-18 20:00:00+00:00,2633.57373046875,-0.00040864475608688765,0.0068730821151563
2025-02-18 21:00:00+00:00,2648.159423828125,0.0055230849460430245,0.006328376267577451
2025-02-18 22:00:00+00:00,2656.843505859375,0.003273924596499351,0.006124443374836251
2025-02-18 23:00:00+00:00,2667.7314453125,0.004089699075930786,0.006215219655523678
2025-02-19 00:00:00+00:00,2668.153564453125,0.00015821897988170552,0.006024834608855899
2025-02-19 01:00:00+00:00,2667.28955078125,-0.00032387700918808094,0.005830769915310241
2025-02-19 02:00:00+00:00,2690.18408203125,0.008546815975490068,0.005893941743321514
2025-02-19 03:00:00+00:00,2692.435791015625,0.0008366591618329803,0.005898848085019216
2025-02-19 04:00:00+00:00,2667.696044921875,-0.009231087044002254,0.006143178318711803
2025-02-19 05:00:00+00:00,2684.97998046875,0.006458076497156595,0.005970209134119487
2025-02-19 06:00:00+00:00,2700.35400390625,0.005709605104402488,0.005976905399061135
2025-02-19 07:00:00+00:00,2708.30419921875,0.002939805304640202,0.00596355938132606
2025-02-19 08:00:00+00:00,2707.69287109375,-0.00022574906140446663,0.005937417633288205
2025-02-19 09:00:00+00:00,2722.947509765625,0.00561800366962904,0.005723617115054624
2025-02-19 10:00:00+00:00,2725.64306640625,0.000989451059996719,0.005724033960475414
2025-02-19 11:00:00+00:00,2725.419677734375,-8.196151190521518e-05,0.005573736834623248
2025-02-19 12:00:00+00:00,2707.633056640625,-0.006547584022198598,0.005526435151975867
2025-02-19 13:00:00+00:00,2715.94775390625,0.0030661306874736455,0.005559668714183818
2025-02-19 14:00:00+00:00,2694.836669921875,-0.007803375428209217,0.005719368848275462
2025-02-19 15:00:00+00:00,2696.075927734375,0.00045975808803442415,0.005554025440634648
2025-02-19 16:00:00+00:00,2709.747314453125,0.005058032885387671,0.004878891134982766
2025-02-19 17:00:00+00:00,2712.50439453125,0.0010169503238547678,0.004450406991387111
2025-02-19 18:00:00+00:00,2700.0703125,-0.004594524631080487,0.004510504995629546
2025-02-19 19:00:00+00:00,2709.885986328125,0.0036287482030723977,0.004539648762331977
2025-02-19 20:00:00+00:00,2718.065673828125,0.003013915452435517,0.004541554767290944
2025-02-19 21:00:00+00:00,2710.642333984375,-0.0027348475769575315,0.0045217173018135175
2025-02-19 22:00:00+00:00,2722.6845703125,0.004432737532106321,0.00455344552311987
2025-02-19 23:00:00+00:00,2716.209716796875,-0.0023809459175359255,0.004555348194814841
2025-02-20 00:00:00+00:00,2729.3349609375,0.004820553437391702,0.0046278341829913885
2025-02-20 01:00:00+00:00,2718.907958984375,-0.003827661444936142,0.004723860417941846
2025-02-20 02:00:00+00:00,2743.357421875,0.008952192715249508,0.004753401782287392
2025-02-20 03:00:00+00:00,2743.634765625,0.00010109135962259117,0.004755630519037594
2025-02-20 04:00:00+00:00,2738.50537109375,-0.0018713115316916285,0.004296850242766704
2025-02-20 05:00:00+00:00,2732.861083984375,-0.0020632100437615046,0.0041847264713169826
2025-02-20 06:00:00+00:00,2729.27783203125,-0.001312032711817275,0.004065682514324026
2025-02-20 07:00:00+00:00,2733.33056640625,0.0014838095001396107,0.004037586537851175
2025-02-20 08:00:00+00:00,2734.171142578125,0.00030748090196896957,0.004035556221594821
2025-02-20 09:00:00+00:00,2725.8896484375,-0.0030334828889779226,0.003934842815130297
2025-02-20 10:00:00+00:00,2745.634765625,0.007217441212302408,0.004196502333423868
2025-02-20 11:00:00+00:00,2741.226318359375,-0.0016069108172260364,0.004214115845583813
2025-02-20 12:00:00+00:00,2741.77294921875,0.00019939118519252407,0.003958878154119027
2025-02-20 13:00:00+00:00,2746.257080078125,0.0016341498983508571,0.003929551030538444
2025-02-20 14:00:00+00:00,2732.743408203125,-0.004932906761691899,0.0037042539097633786
2025-02-20 15:00:00+00:00,2714.878662109375,-0.006558755326333341,0.003981029140726751
2025-02-20 16:00:00+00:00,2713.832275390625,-0.0003855009941607405,0.003850468942844124
2025-02-20 17:00:00+00:00,2734.418701171875,0.007557112858372562,0.004141377057300366
2025-02-20 18:00:00+00:00,2739.6025390625,0.0018939785626426282,0.004015435240694215
2025-02-20 19:00:00+00:00,2749.354248046875,0.003553214070532836,0.004012991586546956
2025-02-20 20:00:00+00:00,2747.19970703125,-0.0007839606937659341,0.0039885735216545004
2025-02-20 21:00:00+00:00,2728.299560546875,-0.006903560981179602,0.004217252224920201
2025-02-20 22:00:00+00:00,2730.908447265625,0.0009557748719664447,0.004126804748556106
2025-02-20 23:00:00+00:00,2740.96728515625,0.0036765634722164707,0.004151996873875213
2025-02-21 00:00:00+00:00,2736.814208984375,-0.0015163353894535661,0.004057620945904074
2025-02-21 01:00:00+00:00,2743.968017578125,0.0026105079022107447,0.003998081518601869
2025-02-21 02:00:00+00:00,2738.247802734375,-0.0020868266070237533,0.0035827041553440618
2025-02-21 03:00:00+00:00,2743.90576171875,0.002064138089801558,0.0036092727354768168
2025-02-21 04:00:00+00:00,2750.615966796875,0.0024425086461322336,0.003619216236703681
2025-02-21 05:00:00+00:00,2755.708984375,0.0018498795750957913,0.0036016844188167647
2025-02-21 06:00:00+00:00,2759.630615234375,0.0014220816141769447,0.0035901524182544316
2025-02-21 07:00:00+00:00,2757.138427734375,-0.0009034953793138614,0.00359364701753346
2025-02-21 08:00:00+00:00,2752.157470703125,-0.0018082014399713412,0.0036208720823722503
2025-02-21 09:00:00+00:00,2782.442138671875,0.010943870331206895,0.004151140325225198
2025-02-21 10:00:00+00:00,2801.600341796875,0.00686179532578017,0.004128012993599702
2025-02-21 11:00:00+00:00,2792.105224609375,-0.0033949324627451163,0.00418978119615119
2025-02-21 12:00:00+00:00,2804.476806640625,0.004421127793281955,0.004253091620265891
2025-02-21 13:00:00+00:00,2839.962890625,0.01257398552582918,0.004871726892465644
2025-02-21 14:00:00+00:00,2807.15478515625,-0.011619546990401217,0.005410894188932689
2025-02-21 15:00:00+00:00,2718.0400390625,-0.03226039172031569,0.008600103564840705
2025-02-21 16:00:00+00:00,2737.787841796875,0.007239190607654872,0.00872332318744776
2025-02-21 17:00:00+00:00,2675.209716796875,-0.023122461225830254,0.009804624967540743
2025-02-21 18:00:00+00:00,2681.546630859375,0.0023659530534002795,0.009810969300153904
2025-02-21 19:00:00+00:00,2640.0390625,-0.015600015680640589,0.010204710153971914
2025-02-21 20:00:00+00:00,2627.469482421875,-0.004772504431201338,0.010221768080727821
2025-02-21 21:00:00+00:00,2640.34765625,0.004889387442536609,0.010252017258959986
2025-02-21 22:00:00+00:00,2645.003173828125,0.0017616687829520568,0.010261265846001047
2025-02-21 23:00:00+00:00,2658.65625,0.0051485607351783045,0.010296840404183404
2025-02-22 00:00:00+00:00,2679.226806640625,0.007707421932614357,0.01045813488618684
2025-02-22 01:00:00+00:00,2682.333251953125,0.001158784244196734,0.010441216292427214
2025-02-22 02:00:00+00:00,2681.91748046875,-0.00015501567914958425,0.01043948999034888
2025-02-22 03:00:00+00:00,2673.81787109375,-0.003024651151810767,0.010429060602392052
2025-02-22 04:00:00+00:00,2682.52099609375,0.003249657228470181,0.010442200560452026
2025-02-22 05:00:00+00:00,2690.203369140625,0.00285977011301935,0.010456396197516073
2025-02-22 06:00:00+00:00,2684.62890625,-0.002074284220885336,0.010445499249691906
2025-02-22 07:00:00+00:00,2685.24365234375,0.00022896114934852066,0.01044920941177431
2025-02-22 08:00:00+00:00,2691.3388671875,0.0022673203406693267,0.010470310250917148
2025-02-22 09:00:00+00:00,2712.24609375,0.007738318558267578,0.010331770100127424
2025-02-22 10:00:00+00:00,2730.973388671875,0.006880989779665959,0.010332411077219546
2025-02-22 11:00:00+00:00,2733.94384765625,0.001087101285694391,0.010328951004556292
2025-02-22 12:00:00+00:00,2738.630859375,0.0017129095958162371,0.010283244142561564
2025-02-22 13:00:00+00:00,2724.709716796875,-0.005096212660842108,0.009895120921911213
2025-02-22 14:00:00+00:00,2736.914794921875,0.004469402250462539,0.009739499540694405
2025-02-22 15:00:00+00:00,2779.201416015625,0.015332327264054717,0.007752140489936525
2025-02-22 16:00:00+00:00,2774.338134765625,-0.0017514172533359836,0.00765042292120779
2025-02-22 17:00:00+00:00,2786.12939453125,0.004241110078468803,0.00577876678114268
2025-02-22 18:00:00+00:00,2762.455810546875,-0.00853324830066085,0.006140503729117729
2025-02-22 19:00:00+00:00,2769.68359375,0.0026130170581144955,0.00498590087001448
2025-02-22 20:00:00+00:00,2771.4755859375,0.0006467932762303443,0.004784621215219075
2025-02-22 21:00:00+00:00,2767.41162109375,-0.0014674303415506738,0.00480651405163604
2025-02-22 22:00:00+00:00,2768.22607421875,0.0002942581056438306,0.0048184439762898905
2025-02-22 23:00:00+00:00,2763.736328125,-0.0016232023115851735,0.00481804745024
2025-02-23 00:00:00+00:00,2772.197509765625,0.003056824187917215,0.0046530657960854125
2025-02-23 01:00:00+00:00,2765.370361328125,-0.002465758273485218,0.004720292346293086
2025-02-23 02:00:00+00:00,2752.001953125,-0.004845942453124741,0.0048764154675367734
2025-02-23 03:00:00+00:00,2752.555908203125,0.00020127141686966435,0.004802401594995456
2025-02-23 04:00:00+00:00,2763.68505859375,0.004035054145639345,0.0048195551623913735
2025-02-23 05:00:00+00:00,2782.1240234375,0.0066497178379630794,0.004935560145309583
2025-02-23 06:00:00+00:00,2790.14697265625,0.0028795996347966615,0.004887300489820902
2025-02-23 07:00:00+00:00,2827.199951171875,0.01319253249521914,0.005416207937211432
2025-02-23 08:00:00+00:00,2806.14990234375,-0.007473402983628327,0.00576075963626216
2025-02-23 09:00:00+00:00,2810.109130859375,0.001409916867468521,0.005617342042966189
2025-02-23 10:00:00+00:00,2806.399658203125,-0.0013209177925042781,0.0055229767988473925
2025-02-23 11:00:00+00:00,2796.938720703125,-0.0033768963610007834,0.005599306962932589
2025-02-23 12:00:00+00:00,2787.957763671875,-0.003216161587858189,0.0056601426613204255
2025-02-23 13:00:00+00:00,2810.698486328125,0.008123680648931257,0.005710139331913954
2025-02-23 14:00:00+00:00,2793.141357421875,-0.006266127099699435,0.005868910807961107
2025-02-23 15:00:00+00:00,2783.119384765625,-0.0035945175128609436,0.005052777622804803
2025-02-23 16:00:00+00:00,2808.33837890625,0.009020604720576534,0.005354426532613576
2025-02-23 17:00:00+00:00,2816.402099609375,0.0028672349447123303,0.005320008445204194
2025-02-23 18:00:00+00:00,2808.334228515625,-0.0028687128270513625,0.005021398373975101
2025-02-23 19:00:00+00:00,2807.807861328125,-0.00018744796004832885,0.005007197576956254
2025-02-23 20:00:00+00:00,2804.41015625,-0.001210824484222208,0.005020293141136047
2025-02-23 21:00:00+00:00,2808.7802734375,0.00155708883395158,0.005006905826838251
2025-02-23 22:00:00+00:00,2807.248779296875,-0.0005454010882806787,0.005012198879904058
2025-02-23 23:00:00+00:00,2823.67724609375,0.005835101841641153,0.005099892522795229
2025-02-24 00:00:00+00:00,2807.9599609375,-0.005581796336066058,0.00524343847217928
2025-02-24 01:00:00+00:00,2789.908935546875,-0.0064492714248559025,0.005403142638624658
2025-02-24 02:00:00+00:00,2778.69873046875,-0.004026220159151529,0.005371246608522586
2025-02-24 03:00:00+00:00,2721.033447265625,-0.020970983557330264,0.006920837777174464
2025-02-24 04:00:00+00:00,2701.598876953125,-0.007167977602989431,0.0069806236766621335
2025-02-24 05:00:00+00:00,2731.307373046875,0.010936611398836367,0.007233711518401846
2025-02-24 06:00:00+00:00,2730.108642578125,-0.00043898156982381304,0.007192553990559267
2025-02-24 07:00:00+00:00,2724.1796875,-0.002174053535344178,0.006536999409769466
2025-02-24 08:00:00+00:00,2682.60302734375,-0.015379748689585925,0.007029342315052014
2025-02-24 09:00:00+00:00,2701.26123046875,0.006931184342145589,0.007229071500318883
2025-02-24 10:00:00+00:00,2683.406005859375,-0.006631901013828299,0.007299630548821719
2025-02-24 11:00:00+00:00,2689.811279296875,0.0023841494328729336,0.007342429204288566
2025-02-24 12:00:00+00:00,2679.332275390625,-0.003903422251601308,0.007350231422295225
2025-02-24 13:00:00+00:00,2675.382080078125,-0.0014754086835803645,0.0070499730135353935
2025-02-24 14:00:00+00:00,2653.974609375,-0.00803383488530442,0.007104892242276803
2025-02-24 15:00:00+00:00,2656.8583984375,0.0010860026446647523,0.007127134129970685
2025-02-24 16:00:00+00:00,2659.893798828125,0.0011418251623513261,0.006773259209757058
2025-02-24 17:00:00+00:00,2666.093017578125,0.002327914718250625,0.006756372932342172
2025-02-24 18:00:00+00:00,2650.747314453125,-0.0057725057661632195,0.006793175583132771
2025-02-24 19:00:00+00:00,2639.0068359375,-0.004438957826785368,0.006788231851458288
2025-02-24 20:00:00+00:00,2640.436279296875,0.0005415129448711982,0.006813015845058231
2025-02-24 21:00:00+00:00,2637.09521484375,-0.0012661468351938753,0.0067639291594104685
2025-02-24 22:00:00+00:00,2533.421875,-0.040107105307657896,0.010188225044965889
2025-02-24 23:00:00+00:00,2509.78369140625,-0.009374337963826938,0.010003272793036882
2025-02-25 00:00:00+00:00,2498.95458984375,-0.004324090350801198,0.010002895588357532
2025-02-25 01:00:00+00:00,2493.20361328125,-0.0023040051507018286,0.010010005386576546
2025-02-25 02:00:00+00:00,2513.21435546875,0.007994078352352984,0.010339687117731013
2025-02-25 03:00:00+00:00,2499.940185546875,-0.005295747751654567,0.009709051289013523
2025-02-25 04:00:00+00:00,2494.735107421875,-0.0020842516095534516,0.009681671613969704
2025-02-25 05:00:00+00:00,2504.182861328125,0.003779924061285744,0.009327226772632239
2025-02-25 06:00:00+00:00,2481.773681640625,-0.00898897950109409,0.009363759999716769
2025-02-25 07:00:00+00:00,2370.6474609375,-0.04581039065095661,0.01265662654104713
2025-02-25 08:00:00+00:00,2399.043701171875,0.011907091997066292,0.012979373373677697
2025-02-25 09:00:00+00:00,2386.099365234375,-0.0054102321840334405,0.01274270834914895
2025-02-25 10:00:00+00:00,2395.757568359375,0.004039525394623537,0.01287494459933029
2025-02-25 11:00:00+00:00,2433.818115234375,0.01576177176825086,0.01347182828898215
2025-02-25 12:00:00+00:00,2435.19970703125,0.0005675032971276822,0.013506499959486211
2025-02-25 13:00:00+00:00,2414.146484375,-0.008682966362399794,0.013528482845288566
2025-02-25 14:00:00+00:00,2374.025146484375,-0.0167589134322175,0.01374914599032674
2025-02-25 15:00:00+00:00,2409.796630859375,0.014955469821596878,0.014281648982754391
2025-02-25 16:00:00+00:00,2418.374267578125,0.003553165753061132,0.014328290708404337
2025-02-25 17:00:00+00:00,2417.48046875,-0.0003696549574115368,0.014287290898688253
2025-02-25 18:00:00+00:00,2421.800048828125,0.0017852162980187885,0.014331555163247705
2025-02-25 19:00:00+00:00,2469.244873046875,0.019401298983914936,0.015088914637479483
2025-02-25 20:00:00+00:00,2493.507080078125,0.009777800929776561,0.015293459075060861
2025-02-25 21:00:00+00:00,2510.375,0.006741958960970297,0.0154058914219727
2025-02-25 22:00:00+00:00,2506.037109375,-0.0017294798001737074,0.013103919136878002
2025-02-25 23:00:00+00:00,2493.444091796875,-0.005037740399209614,0.013005077026493995
2025-02-26 00:00:00+00:00,2473.521240234375,-0.008022185409372355,0.013076882421870986
2025-02-26 01:00:00+00:00,2484.123779296875,0.00427725469859095,0.013104768103230104
2025-02-26 02:00:00+00:00,2498.056884765625,0.005593190103513907,0.013048924867661812
2025-02-26 03:00:00+00:00,2487.963623046875,-0.004048629759875499,0.013030436725420471
2025-02-26 04:00:00+00:00,2488.26220703125,0.00012000419391287202,0.013024345820905536
2025-02-26 05:00:00+00:00,2475.987548828125,-0.004945231937085139,0.013032866344390751
2025-02-26 06:00:00+00:00,2497.743896484375,0.008748556957503926,0.013031804420738646
2025-02-26 07:00:00+00:00,2483.80419921875,-0.005596546849278587,0.008722521528297127
2025-02-26 08:00:00+00:00,2463.79541015625,-0.008088325541702981,0.008684253188695647
2025-02-26 09:00:00+00:00,2487.95751953125,0.009759089956251028,0.008740929210398596
2025-02-26 10:00:00+00:00,2493.3564453125,0.0021676721978956992,0.008727876541282927
2025-02-26 11:00:00+00:00,2463.705322265625,-0.011963327502596915,0.008614849045941012
2025-02-26 12:00:00+00:00,2430.748779296875,-0.013467095767542764,0.00907473187480642
2025-02-26 13:00:00+00:00,2412.598876953125,-0.007494810858860859,0.00902886204859628
2025-02-26 14:00:00+00:00,2427.158447265625,0.0060166711919164804,0.008366368128897808
2025-02-26 15:00:00+00:00,2425.753662109375,-0.000578945245175173,0.007816310944730263
2025-02-26 16:00:00+00:00,2396.559814453125,-0.012107966209868934,0.00817618550854121
2025-02-26 17:00:00+00:00,2356.054931640625,-0.017045717239074734,0.008855827831989165
2025-02-26 18:00:00+00:00,2286.009033203125,-0.030181064257235345,0.01063293323466248
2025-02-26 19:00:00+00:00,2293.515380859375,0.0032782244180665186,0.009660178761534771
2025-02-26 20:00:00+00:00,2329.70263671875,0.01565489439184653,0.010066143339779652
2025-02-26 21:00:00+00:00,2331.079345703125,0.0005907631078246543,0.009888539884824127
2025-02-26 22:00:00+00:00,2349.76806640625,0.007985229324129667,0.01014212799915008
2025-02-26 23:00:00+00:00,2328.45166015625,-0.009113104993216596,0.010217110406618003
2025-02-27 00:00:00+00:00,2338.199462890625,0.004177649734045651,0.010252151883876778
2025-02-27 01:00:00+00:00,2343.615478515625,0.0023136403761129993,0.010204737287630829
2025-02-27 02:00:00+00:00,2331.468994140625,-0.005196274752641218,0.010072905283724119
2025-02-27 03:00:00+00:00,2332.2900390625,0.00035209577703812137,0.010090662618882923
2025-02-27 04:00:00+00:00,2308.365234375,-0.010311051024797258,0.010188436885717989
2025-02-27 05:00:00+00:00,2340.91748046875,0.014003354938869363,0.010759577341884286
2025-02-27 06:00:00+00:00,2346.425537109375,0.00235018395505472,0.010550181235162062
2025-02-27 07:00:00+00:00,2356.70654296875,0.004371989585025242,0.01062321704854447
2025-02-27 08:00:00+00:00,2349.9755859375,-0.002860172595259557,0.010550331342591292
2025-02-27 09:00:00+00:00,2354.90283203125,0.002094527193845881,0.010292690231395608
2025-02-27 10:00:00+00:00,2372.739013671875,0.007545523475681084,0.010451275495783773
2025-02-27 11:00:00+00:00,2349.726806640625,-0.009745920903991347,0.010369457735644147
2025-02-27 12:00:00+00:00,2342.7412109375,-0.002977367490795898,0.010081005011350353
2025-02-27 13:00:00+00:00,2335.528564453125,-0.003083469977301182,0.010007594182129542
2025-02-27 14:00:00+00:00,2306.74072265625,-0.012402645792870606,0.010123476171749904
2025-02-27 15:00:00+00:00,2326.166748046875,0.008386154639232854,0.010345781469796764
2025-02-27 16:00:00+00:00,2293.637451171875,-0.014082776275239673,0.010439202780780265
2025-02-27 17:00:00+00:00,2318.37255859375,0.010726492150980767,0.010215978533112116
2025-02-27 18:00:00+00:00,2328.01318359375,0.00414973675001313,0.008085856759352975
2025-02-27 19:00:00+00:00,2292.25732421875,-0.015478129756721215,0.008713785535131005
2025-02-27 20:00:00+00:00,2258.34716796875,-0.014903859035456005,0.008554514450970946
2025-02-27 21:00:00+00:00,2275.93310546875,0.007756920445118258,0.008746157673207007
2025-02-27 22:00:00+00:00,2287.210693359375,0.004942912758981673,0.008631601201278573
2025-02-27 23:00:00+00:00,2304.5439453125,0.007549765023809308,0.008631223762794859
2025-02-28 00:00:00+00:00,2296.755615234375,-0.00338527731722802,0.008593663168590048
2025-02-28 01:00:00+00:00,2203.033203125,-0.0416623855436448,0.011947091838275959
2025-02-28 02:00:00+00:00,2168.77490234375,-0.015672692487936256,0.012234861647428683
2025-02-28 03:00:00+00:00,2139.77197265625,-0.013463178472951271,0.01239357189407046
2025-02-28 04:00:00+00:00,2134.023681640625,-0.0026900184037390814,0.012311229072786417
2025-02-28 05:00:00+00:00,2111.0654296875,-0.010816487092098445,0.011830019278735438
2025-02-28 06:00:00+00:00,2107.06298828125,-0.001897733881404497,0.011757654489335962
2025-02-28 07:00:00+00:00,2102.574951171875,-0.002132268320628288,0.011618810033424652
2025-02-28 08:00:00+00:00,2118.556396484375,0.007572150856003097,0.011884852218157556
2025-02-28 09:00:00+00:00,2139.648681640625,0.009906736418160802,0.01217168456273235
2025-02-28 10:00:00+00:00,2115.385009765625,-0.011404814453525524,0.012004059778533926
2025-02-28 11:00:00+00:00,2123.443115234375,0.0038020485559517913,0.012078878943784477
2025-02-28 12:00:00+00:00,2118.9619140625,-0.0021125766198912257,0.012084033283825676
2025-02-28 13:00:00+00:00,2150.874267578125,0.014948089986683044,0.012700215931656312
2025-02-28 14:00:00+00:00,2162.3369140625,0.0053151459492062165,0.012671004336132385
2025-02-28 15:00:00+00:00,2220.290283203125,0.02644840401810515,0.013840161211877762
2025-02-28 16:00:00+00:00,2223.463134765625,0.0014280054734105247,0.013608747647156355
2025-02-28 17:00:00+00:00,2209.762451171875,-0.006180929414223392,0.01339534197772541
2025-02-28 18:00:00+00:00,2226.30029296875,0.007456124661640794,0.013478077895380795
2025-02-28 19:00:00+00:00,2227.52001953125,0.000547721509810179,0.013167541444868694
2025-02-28 20:00:00+00:00,2218.39013671875,-0.004107098580672179,0.01285960510386652
2025-02-28 21:00:00+00:00,2223.794921875,0.0024333915638128103,0.012752064728128926
2025-02-28 22:00:00+00:00,2215.588623046875,-0.003697048516836989,0.012699859757894472
2025-02-28 23:00:00+00:00,2235.89501953125,0.009123491837841748,0.01275163478602089
2025-03-01 00:00:00+00:00,2216.365966796875,-0.008772701349260127,0.012837801443877273
2025-03-01 01:00:00+00:00,2258.514892578125,0.018838567382468117,0.010293228786396142
2025-03-01 02:00:00+00:00,2256.511474609375,-0.0008874446956915755,0.0096735033508958
2025-03-01 03:00:00+00:00,2261.569580078125,0.002239051278937727,0.009122007511941022
2025-03-01 04:00:00+00:00,2271.07666015625,0.004194941990176683,0.009066127126072843
2025-03-01 05:00:00+00:00,2255.673095703125,-0.0068055999278553,0.00884239288049762
2025-03-01 06:00:00+00:00,2234.82177734375,-0.009286935543898296,0.009135432146160263
2025-03-01 07:00:00+00:00,2227.17041015625,-0.0034295778054255427,0.009167523212134186
2025-03-01 08:00:00+00:00,2234.437744140625,0.003257722399748564,0.009103744897158835
2025-03-01 09:00:00+00:00,2232.145751953125,-0.0010262843583586625,0.008974957648305337
2025-03-01 10:00:00+00:00,2201.650390625,-0.013756086762760177,0.009136332517258794
2025-03-01 11:00:00+00:00,2182.69384765625,-0.008647432804628668,0.009360419353201187
2025-03-01 12:00:00+00:00,2182.59423828125,-4.56370223712079e-05,0.009338611082549771
2025-03-01 13:00:00+00:00,2151.65478515625,-0.014276973239593167,0.009377771997274666
2025-03-01 14:00:00+00:00,2163.94921875,0.005697680715236866,0.00938749191292224
2025-03-01 15:00:00+00:00,2176.623291015625,0.005839832536573031,0.007647234058415053
2025-03-01 16:00:00+00:00,2206.648681640625,0.01370020406990915,0.008195277610582665
2025-03-01 17:00:00+00:00,2196.32275390625,-0.004690444540295069,0.008154449047572728
2025-03-01 18:00:00+00:00,2211.78369140625,0.0070148037898948926,0.008136784717710045
2025-03-01 19:00:00+00:00,2222.6435546875,0.004897987672135438,0.008204029831093203
2025-03-01 20:00:00+00:00,2222.55908203125,-3.800621171342917e-05,0.008159355429672185
2025-03-01 21:00:00+00:00,2228.19287109375,0.002531613592839592,0.008160612633814996
2025-03-01 22:00:00+00:00,2214.361328125,-0.006226862764202892,0.008227615936589857
2025-03-01 23:00:00+00:00,2216.478759765625,0.0009557699035903301,0.007998567463597433
2025-03-02 00:00:00+00:00,2216.393310546875,-3.8552530912392174e-05,0.007795438041900392
2025-03-02 01:00:00+00:00,2218.6611328125,0.0010226807775385305,0.006694030361750968
2025-03-02 02:00:00+00:00,2207.644287109375,-0.004977907038638634,0.006749741015040261
2025-03-02 03:00:00+00:00,2220.705322265625,0.005898844572535605,0.006864398744650563
2025-03-02 04:00:00+00:00,2224.5625,0.001735408914213014,0.006805317802685601
2025-03-02 05:00:00+00:00,2228.967041015625,0.001978000779435465,0.006707273280235758
2025-03-02 06:00:00+00:00,2222.906982421875,-0.0027224770085054633,0.006462592539962313
2025-03-02 07:00:00+00:00,2221.304443359375,-0.0007211804202925128,0.006427712860836084
2025-03-02 08:00:00+00:00,2212.385986328125,-0.004023045452258144,0.006433673673452134
2025-03-02 09:00:00+00:00,2243.35693359375,0.013901810139668703,0.007062698984722842
2025-03-02 10:00:00+00:00,2246.302001953125,0.0013119343023906148,0.006406584862249743
2025-03-02 11:00:00+00:00,2238.63525390625,-0.0034188908684465147,0.00615397710764996
2025-03-02 12:00:00+00:00,2230.9296875,-0.0034480197251641983,0.00621926400476762
2025-03-02 13:00:00+00:00,2210.941162109375,-0.009000108734817103,0.005733199543695172
2025-03-02 14:00:00+00:00,2195.87060546875,-0.006839690999844636,0.005868734203576571
2025-03-02 15:00:00+00:00,2232.3076171875,0.016457257260315283,0.006630794469236036
2025-03-02 16:00:00+00:00,2458.48046875,0.0965076071185045,0.020512186400206314
2025-03-02 17:00:00+00:00,2477.2021484375,0.007586293904380788,0.02042585327668744
2025-03-02 18:00:00+00:00,2474.88525390625,-0.0009357244782091742,0.020456448380971153
2025-03-02 19:00:00+00:00,2486.79248046875,0.004799686742606274,0.020456413328675392
2025-03-02 20:00:00+00:00,2509.72998046875,0.009181450223902156,0.020450546326559682
2025-03-02 21:00:00+00:00,2528.2822265625,0.007364940453127149,0.020448330963924028
2025-03-02 22:00:00+00:00,2544.376953125,0.006345697592018857,0.020301657212950172
2025-03-02 23:00:00+00:00,2519.017578125,-0.01001683233778665,0.02053740194656748
2025-03-03 00:00:00+00:00,2465.748046875,-0.021373746811829686,0.02123001009875197
2025-03-03 01:00:00+00:00,2459.787353515625,-0.0024203242021967972,0.021265724720679117
2025-03-03 02:00:00+00:00,2445.773193359375,-0.005713597109604858,0.02128020343468075
2025-03-03 03:00:00+00:00,2440.480712890625,-0.00216627405778804,0.021316980907991428
2025-03-03 04:00:00+00:00,2450.034912109375,0.003907240915401006,0.02131185952454856
2025-03-03 05:00:00+00:00,2448.767822265625,-0.0005173059380878428,0.021328348185624436
2025-03-03 06:00:00+00:00,2364.431884765625,-0.035047193128702435,0.02273988738992613
2025-03-03 07:00:00+00:00,2387.508544921875,0.009712597162334222,0.022773907016734256
2025-03-03 08:00:00+00:00,2341.557373046875,-0.01943412036069091,0.02319411477189944
2025-03-03 09:00:00+00:00,2350.310791015625,0.00373131887709844,0.023066714196637084
2025-03-03 10:00:00+00:00,2358.760498046875,0.003588697465398584,0.023068698014631923
2025-03-03 11:00:00+00:00,2355.607177734375,-0.0013377491954890454,0.023051208769965477
2025-03-03 12:00:00+00:00,2366.3369140625,0.004544634407746067,0.023024956901454674
2025-03-03 13:00:00+00:00,2374.097900390625,0.003274380332632062,0.02289540309213561
2025-03-03 14:00:00+00:00,2289.3466796875,-0.03635104976834927,0.024200265964186837
2025-03-03 15:00:00+00:00,2286.753662109375,-0.0011332871493080442,0.024000612018281985
2025-03-03 16:00:00+00:00,2278.92724609375,-0.003428370855859889,0.012736903691679872
2025-03-03 17:00:00+00:00,2274.59423828125,-0.0019031464483926718,0.012534485168571436
2025-03-03 18:00:00+00:00,2194.77880859375,-0.035720408818881735,0.014128171417847186
2025-03-03 19:00:00+00:00,2112.03466796875,-0.038429490409890764,0.01551177100484884
2025-03-03 20:00:00+00:00,2128.83203125,0.007921706723428222,0.015457356187689097
2025-03-03 21:00:00+00:00,2104.354736328125,-0.011564605610317923,0.015180509948729045
2025-03-03 22:00:00+00:00,2169.6015625,0.03053465736217939,0.016860001246860146
2025-03-03 23:00:00+00:00,2143.957763671875,-0.011889995707911617,0.016880639534982107
2025-03-04 00:00:00+00:00,2130.220458984375,-0.006428066998619997,0.016589615773463826
2025-03-04 01:00:00+00:00,2057.5703125,-0.03469964949624838,0.01755895485084522
2025-03-04 02:00:00+00:00,2068.82958984375,0.005457205095480182,0.01775367250359653
2025-03-04 03:00:00+00:00,2076.01220703125,0.0034658135239960417,0.017856908626921696
2025-03-04 04:00:00+00:00,2086.7744140625,0.005170685883775667,0.017891489358870884
2025-03-04 05:00:00+00:00,2107.06640625,0.009677120049668022,0.01816327945733704
2025-03-04 06:00:00+00:00,2098.969482421875,-0.0038501496632947457,0.017098800827961447
2025-03-04 07:00:00+00:00,2077.58837890625,-0.010238713796964729,0.016837323461788827
2025-03-04 08:00:00+00:00,2096.529541015625,0.009075590331701609,0.016838812251610723
2025-03-04 09:00:00+00:00,2089.334716796875,-0.003437680183159346,0.0167478331468353
2025-03-04 10:00:00+00:00,2099.3720703125,0.004792587897894317,0.016776155637991997
2025-03-04 11:00:00+00:00,2102.2685546875,0.0013787399220192786,0.016810041200054786
2025-03-04 12:00:00+00:00,2103.607666015625,0.0006367811619291117,0.016734946764289754
2025-03-04 13:00:00+00:00,2058.625,-0.021615522750545017,0.01697560177389452
2025-03-04 14:00:00+00:00,2091.426025390625,0.015807857897005277,0.016235761662038346
2025-03-04 15:00:00+00:00,2071.37548828125,-0.009633268413368404,0.016268476480916318
2025-03-04 16:00:00+00:00,2065.53076171875,-0.0028256528420695635,0.016270058381572836
2025-03-04 17:00:00+00:00,2115.028564453125,0.02368109720483376,0.017229846273163867
2025-03-04 18:00:00+00:00,2151.3251953125,0.017015704115810312,0.016212316758471405
2025-03-04 19:00:00+00:00,2170.833251953125,0.009027058748924368,0.014196155112737726
2025-03-04 20:00:00+00:00,2136.519287109375,-0.015933077429750968,0.014532114719056941
2025-03-04 21:00:00+00:00,2176.236328125,0.01841892627788999,0.014768129309490056
2025-03-04 22:00:00+00:00,2170.397705078125,-0.0026865047822611423,0.013413326818781705
2025-03-04 23:00:00+00:00,2170.840087890625,0.0002038049216044505,0.01317161697078264
2025-03-05 00:00:00+00:00,2162.2724609375,-0.003954495998730819,0.013124485702793107
2025-03-05 01:00:00+00:00,2186.237060546875,0.01102209486043123,0.01090515401747896
2025-03-05 02:00:00+00:00,2181.582763671875,-0.0021311770283248903,0.010926499683286397
2025-03-05 03:00:00+00:00,2168.435546875,-0.006044690339057451,0.011050770365957715
2025-03-05 04:00:00+00:00,2171.48046875,0.0014032171883801817,0.0110277628173532
2025-03-05 05:00:00+00:00,2179.29833984375,0.0035937839416125307,0.010904653048310661
2025-03-05 06:00:00+00:00,2190.5126953125,0.005132661343002601,0.010870563610626762
2025-03-05 07:00:00+00:00,2209.04052734375,0.00842264685768007,0.010638534453545578
2025-03-05 08:00:00+00:00,2213.380615234375,0.001962766160902688,0.01054770993511097
2025-03-05 09:00:00+00:00,2239.26220703125,0.011625402854324814,0.010641678485147276
2025-03-05 10:00:00+00:00,2238.52685546875,-0.00032844404184591356,0.01065315411203017
2025-03-05 11:00:00+00:00,2215.678466796875,-0.010259333562461032,0.010974706915311896
2025-03-05 12:00:00+00:00,2214.6689453125,-0.0004557301755108407,0.010983688317239233
2025-03-05 13:00:00+00:00,2205.891357421875,-0.003971261028188967,0.009856960346916348
2025-03-05 14:00:00+00:00,2169.842529296875,-0.01647707316811923,0.01021239156310492
2025-03-05 15:00:00+00:00,2188.157470703125,0.0084052543518802,0.010016719501976199
2025-03-05 16:00:00+00:00,2192.81298828125,0.0021253370111246925,0.0099576928861306
2025-03-05 17:00:00+00:00,2193.208251953125,0.00018023792010813929,0.008880644691311418
2025-03-05 18:00:00+00:00,2206.197998046875,0.005905244073256494,0.00830849567535285
2025-03-05 19:00:00+00:00,2220.468505859375,0.006447541162735657,0.00821698976141235
2025-03-05 20:00:00+00:00,2229.8701171875,0.004225128068083314,0.007407446143397633
2025-03-05 21:00:00+00:00,2236.8291015625,0.0031159429657782564,0.006518358956123846
2025-03-05 22:00:00+00:00,2240.756591796875,0.001754289704582494,0.006467721598273797
2025-03-05 23:00:00+00:00,2241.814208984375,0.0004718797556709526,0.00646592459039752
2025-03-06 00:00:00+00:00,2237.703125,-0.001835503618837567,0.006404655994871836
2025-03-06 01:00:00+00:00,2261.03271484375,0.010371713214106425,0.00636354404861741
2025-03-06 02:00:00+00:00,2286.225341796875,0.01108047284530741,0.006611267072183605
2025-03-06 03:00:00+00:00,2290.0126953125,0.0016552261266220053,0.006389434291383023
2025-03-06 04:00:00+00:00,2298.517578125,0.0037070225301776677,0.006393103927432861
2025-03-06 05:00:00+00:00,2318.5009765625,0.008656462168188075,0.006517586122336277
2025-03-06 06:00:00+00:00,2292.953369140625,-0.011080178564152455,0.0070592047896825705
2025-03-06 07:00:00+00:00,2285.432373046875,-0.0032854387037115824,0.006993410770501825
2025-03-06 08:00:00+00:00,2297.072021484375,0.0050800490156933205,0.007032833891856454
2025-03-06 09:00:00+00:00,2283.0361328125,-0.006129083479234576,0.006858161637206063
2025-03-06 10:00:00+00:00,2295.118896484375,0.005278454595262929,0.006913092184196858
2025-03-06 11:00:00+00:00,2295.6484375,0.00023069825998517547,0.006486033771382628
2025-03-06 12:00:00+00:00,2267.317138671875,-0.012418091889008406,0.007074027675215178
2025-03-06 13:00:00+00:00,2249.458984375,-0.007907519374196736,0.0072375288758327995
2025-03-06 14:00:00+00:00,2222.77685546875,-0.011932485876805553,0.006812407921166211
2025-03-06 15:00:00+00:00,2255.76953125,0.014733920245885459,0.007221539461781069
2025-03-06 16:00:00+00:00,2225.863525390625,-0.013346228657918083,0.007808386214429176
2025-03-06 17:00:00+00:00,2191.960693359375,-0.015348504562139277,0.008462669859363848
2025-03-06 18:00:00+00:00,2199.24267578125,0.003316625756029708,0.008400083120012503
2025-03-06 19:00:00+00:00,2200.4736328125,0.0005595620158346772,0.008284770208152478
2025-03-06 20:00:00+00:00,2202.942138671875,0.001121177851950715,0.008233876842203338
2025-03-06 21:00:00+00:00,2210.434814453125,0.0033954421113059144,0.0082394184954703
2025-03-06 22:00:00+00:00,2214.371337890625,0.0017792980485568481,0.008239716845388035
2025-03-06 23:00:00+00:00,2202.492919921875,-0.0053786785884548044,0.00829626362920001
2025-03-07 00:00:00+00:00,2118.65185546875,-0.03880989508753934,0.011371964551972326
2025-03-07 01:00:00+00:00,2172.679443359375,0.025181203209111803,0.012439851840200291
2025-03-07 02:00:00+00:00,2161.774169921875,-0.0050319128640969905,0.012153821394268937
2025-03-07 03:00:00+00:00,2149.305908203125,-0.005784302892332813,0.012142567784901382
2025-03-07 04:00:00+00:00,2158.212890625,0.004135557165228144,0.012152621125469214
2025-03-07 05:00:00+00:00,2174.818359375,0.007664634333227898,0.012114217546982517
2025-03-07 06:00:00+00:00,2182.455810546875,0.003505613232321872,0.01203936309410411
2025-03-07 07:00:00+00:00,2190.81396484375,0.0038223868650433175,0.012095148362045813
2025-03-07 08:00:00+00:00,2186.722412109375,-0.0018693409139388982,0.012007097872262966
2025-03-07 09:00:00+00:00,2194.5283203125,0.00356332788938936,0.012026963992221633
2025-03-07 10:00:00+00:00,2194.864013671875,0.00015295664387545682,0.011943853123890692
2025-03-07 11:00:00+00:00,2196.357421875,0.0006801789810062117,0.011947627421498056
2025-03-07 12:00:00+00:00,2178.82177734375,-0.008016009233360018,0.011811220271311514
2025-03-07 13:00:00+00:00,2197.205078125,0.008401872077244557,0.011904882353298788
2025-03-07 14:00:00+00:00,2225.682373046875,0.012877419451773906,0.011989294557068212
2025-03-07 15:00:00+00:00,2207.771484375,-0.008079924452015929,0.011675107624193484
2025-03-07 16:00:00+00:00,2155.143310546875,-0.024126405905100744,0.012362083302368872
2025-03-07 17:00:00+00:00,2160.872802734375,0.002654992661154053,0.012016824288745304
2025-03-07 18:00:00+00:00,2194.41748046875,0.01540441113448474,0.012433982195265644
2025-03-07 19:00:00+00:00,2175.00390625,-0.008886166038045703,0.012561318048755932
2025-03-07 20:00:00+00:00,2160.671875,-0.006611233946261454,0.01261736663466519
2025-03-07 21:00:00+00:00,2139.154541015625,-0.01000854989019758,0.012719494056711246
2025-03-07 22:00:00+00:00,2144.67626953125,0.0025779410148721186,0.012729121014565309
2025-03-07 23:00:00+00:00,2138.61181640625,-0.002831683069458664,0.01270451421803726
2025-03-08 00:00:00+00:00,2151.11865234375,0.005831075619379577,0.009927038240193368
2025-03-08 01:00:00+00:00,2131.3154296875,-0.009248648519302419,0.008628180500767907
2025-03-08 02:00:00+00:00,2142.05224609375,0.005025001269940686,0.008657924426324971
2025-03-08 03:00:00+00:00,2139.038330078125,-0.0014080134301874257,0.008584973658605461
2025-03-08 04:00:00+00:00,2150.734130859375,0.005452890505497385,0.008618043079630738
2025-03-08 05:00:00+00:00,2140.104248046875,-0.004954698182462743,0.00850509310365364
2025-03-08 06:00:00+00:00,2138.059814453125,-0.0009557528507598374,0.008458478230140268
2025-03-08 07:00:00+00:00,2137.44921875,-0.00028562480047844465,0.008401052676420216
2025-03-08 08:00:00+00:00,2128.570068359375,-0.004162739366528345,0.008424056286435957
2025-03-08 09:00:00+00:00,2127.841064453125,-0.00034254393696055526,0.008367119893350788
2025-03-08 10:00:00+00:00,2139.474365234375,0.005452294207920156,0.008475955210633664
2025-03-08 11:00:00+00:00,2139.555419921875,3.788461010050925e-05,0.008471218034808445
2025-03-08 12:00:00+00:00,2169.4921875,0.013895065438473384,0.008864121612015934
2025-03-08 13:00:00+00:00,2188.869384765625,0.008892022665225947,0.008885290415165689
2025-03-08 14:00:00+00:00,2177.83984375,-0.005051659679591969,0.008486386447206984
2025-03-08 15:00:00+00:00,2180.4423828125,0.0011942959342930704,0.008355635552451545
2025-03-08 16:00:00+00:00,2188.091064453125,0.0035017195352430594,0.006701182046325754
2025-03-08 17:00:00+00:00,2198.73095703125,0.004850852571518704,0.006744849451410585
2025-03-08 18:00:00+00:00,2208.185302734375,0.0042906920170048815,0.0060375346210296945
2025-03-08 19:00:00+00:00,2225.10986328125,0.007635242921503465,0.005889344659428224
2025-03-08 20:00:00+00:00,2213.37939453125,-0.005285805768946877,0.005821187828646307
2025-03-08 21:00:00+00:00,2215.418212890625,0.0009207097203922502,0.005328888050765659
2025-03-08 22:00:00+00:00,2205.25537109375,-0.0045978783584648564,0.005463033927713915
2025-03-08 23:00:00+00:00,2201.190185546875,-0.0018451092373313494,0.005435328864851581
2025-03-09 00:00:00+00:00,2205.842529296875,0.0021113278612891646,0.005349946468593088
2025-03-09 01:00:00+00:00,2190.89404296875,-0.006799836051628972,0.0051652191464779985
2025-03-09 02:00:00+00:00,2182.06884765625,-0.004036259860628704,0.005200612000621904
2025-03-09 03:00:00+00:00,2186.5087890625,0.0020326720979664545,0.005185327952270131
2025-03-09 04:00:00+00:00,2189.58837890625,0.0014074597678797698,0.005096376018820293
2025-03-09 05:00:00+00:00,2181.982177734375,-0.003479851805591351,0.005033147977345472
2025-03-09 06:00:00+00:00,2177.589599609375,-0.00201514269556301,0.0050538866778471105
2025-03-09 07:00:00+00:00,2184.419189453125,0.003131399203777005,0.005071153302176568
2025-03-09 08:00:00+00:00,2176.97509765625,-0.0034136326759722116,0.005040815489762632
2025-03-09 09:00:00+00:00,2163.504638671875,-0.006206918612397535,0.0052435892449262615
2025-03-09 10:00:00+00:00,2134.4306640625,-0.01352948150764168,0.005886569022223082
2025-03-09 11:00:00+00:00,2146.727783203125,0.005744778247147949,0.006006357005830721
2025-03-09 12:00:00+00:00,2140.1240234375,-0.003080939247338149,0.005270514870414881
2025-03-09 13:00:00+00:00,2119.52490234375,-0.009671821330654036,0.005183309974557467
2025-03-09 14:00:00+00:00,2115.8427734375,-0.0017387533342030997,0.00512397856327464
2025-03-09 15:00:00+00:00,2096.125244140625,-0.009362689009430858,0.005357039498107993
2025-03-09 16:00:00+00:00,2053.0634765625,-0.02075746206905806,0.006508902847266484
2025-03-09 17:00:00+00:00,2020.84912109375,-0.01581527642345696,0.006831875479029351
2025-03-09 18:00:00+00:00,2023.6170654296875,0.0013687565381580921,0.0067117026411482985
2025-03-09 19:00:00+00:00,2041.991455078125,0.009038998545926248,0.006819457039044836
2025-03-09 20:00:00+00:00,2046.6251220703125,0.002266619473148234,0.0069108821741496
2025-03-09 21:00:00+00:00,2020.3101806640625,-0.012941100213233378,0.00712199232439907
2025-03-09 22:00:00+00:00,2016.1763916015625,-0.0020482121932802627,0.007129227895310822
2025-03-09 23:00:00+00:00,2015.9056396484375,-0.00013429883193522447,0.007157443541866097
2025-03-10 00:00:00+00:00,2037.3382568359375,0.010575636450107697,0.007646227066755106
2025-03-10 01:00:00+00:00,2043.871337890625,0.00320154428893143,0.0077200042269019685
2025-03-10 02:00:00+00:00,2057.1357421875,0.006468874739009149,0.007946922031130505
2025-03-10 03:00:00+00:00,2057.99951171875,0.0004198012899407909,0.007914059520601691
2025-03-10 04:00:00+00:00,2072.51220703125,0.0070270978612355095,0.008115988019111613
2025-03-10 05:00:00+00:00,2066.13818359375,-0.0030802449472983992,0.008113849773373824
2025-03-10 06:00:00+00:00,2066.93212890625,0.000384191539091136,0.00813192645291093
2025-03-10 07:00:00+00:00,2074.54541015625,0.003676605633708506,0.008148134332729982
2025-03-10 08:00:00+00:00,2061.57275390625,-0.006272885964049642,0.008188212724556313
2025-03-10 09:00:00+00:00,2098.540283203125,0.01777283552207209,0.00909923030037205
2025-03-10 10:00:00+00:00,2100.777099609375,0.0010653239152414549,0.00872427984086388
2025-03-10 11:00:00+00:00,2136.038330078125,0.016645542018324334,0.009334735599002518
2025-03-10 12:00:00+00:00,2125.46044921875,-0.004964404840548717,0.009367797429851384
2025-03-10 13:00:00+00:00,2085.724609375,-0.01887213154245336,0.009939369499225522
2025-03-10 14:00:00+00:00,2008.6153564453125,-0.03767072205153281,0.01248707627420633
2025-03-10 15:00:00+00:00,2022.4537353515625,0.006865887412650033,0.012519834109712894
2025-03-10 16:00:00+00:00,2008.11572265625,-0.007114663734390172,0.011901464632348775
2025-03-10 17:00:00+00:00,1920.912109375,-0.044396700771797526,0.01458411093886446
2025-03-10 18:00:00+00:00,1836.3499755859375,-0.045020237658241535,0.016979830965446925
2025-03-10 19:00:00+00:00,1861.04296875,0.013357173914826206,0.0171465733104683
2025-03-10 20:00:00+00:00,1874.6136474609375,0.007265517044106171,0.017254333745432608
2025-03-10 21:00:00+00:00,1889.7198486328125,0.008026006345362874,0.017294627323860848
2025-03-10 22:00:00+00:00,1880.006103515625,-0.00515356646060089,0.017300496444008148
2025-03-10 23:00:00+00:00,1866.8668212890625,-0.007013494372152605,0.017309430799490124
2025-03-11 00:00:00+00:00,1804.284423828125,-0.03409745692645194,0.018145405568906616
2025-03-11 01:00:00+00:00,1853.4241943359375,0.02687077202464179,0.01922514123739209
2025-03-11 02:00:00+00:00,1860.76953125,0.003955284528914051,0.01917197447272346
2025-03-11 03:00:00+00:00,1847.43994140625,-0.007189263365087377,0.01915550569934169
2025-03-11 04:00:00+00:00,1869.0968017578125,0.011654455197744695,0.01929929351119897
2025-03-11 05:00:00+00:00,1893.3184814453125,0.012875779252069616,0.019615538926146463
2025-03-11 06:00:00+00:00,1885.469970703125,-0.004153988574635689,0.019596928676409334
2025-03-11 07:00:00+00:00,1906.605224609375,0.011147180196647405,0.019779801732192882
2025-03-11 08:00:00+00:00,1906.02685546875,-0.00030339625377632395,0.01978117815717258
2025-03-11 09:00:00+00:00,1917.9539794921875,0.006238087069775613,0.019383851122160557
2025-03-11 10:00:00+00:00,1921.18017578125,0.001680689925386233,0.019390902325747885
2025-03-11 11:00:00+00:00,1912.962158203125,-0.004286763216918664,0.018899412731871252
2025-03-11 12:00:00+00:00,1894.379638671875,-0.009761491391117158,0.018928824118268905
2025-03-11 13:00:00+00:00,1906.750244140625,0.0065089326198971365,0.01881687090524446
2025-03-11 14:00:00+00:00,1867.8885498046875,-0.020591674921092772,0.0177717227649995
2025-03-11 15:00:00+00:00,1914.357177734375,0.024573213675732807,0.018550760764959647
2025-03-11 16:00:00+00:00,1917.558837890625,0.001671049620202009,0.018538069826875878
2025-03-11 17:00:00+00:00,1902.4439697265625,-0.00791357902367114,0.01625953739807691
2025-03-11 18:00:00+00:00,1951.89111328125,0.02565934485095265,0.01408190395843909
2025-03-11 19:00:00+00:00,1949.9547119140625,-0.0009925566580089736,0.013906299307649321
2025-03-11 20:00:00+00:00,1938.3701171875,-0.0059586734711671524,0.01394822752655558
2025-03-11 21:00:00+00:00,1939.2706298828125,0.0004644642297930474,0.013877118064259782
2025-03-11 22:00:00+00:00,1945.468994140625,0.0031911376914401253,0.013818599550012231
2025-03-11 23:00:00+00:00,1918.794677734375,-0.013805859201583068,0.014066301655374163
2025-03-12 00:00:00+00:00,1911.7222900390625,-0.003692658610438703,0.01196691997409691
2025-03-12 01:00:00+00:00,1921.47509765625,0.0050886128084104455,0.010800245983963903
2025-03-12 02:00:00+00:00,1891.753173828125,-0.015589166781176795,0.011331050715073216
2025-03-12 03:00:00+00:00,1870.560791015625,-0.011265730159128046,0.011483790015218263
2025-03-12 04:00:00+00:00,1865.7294921875,-0.002586148909550835,0.011248869900617077
2025-03-12 05:00:00+00:00,1879.292236328125,0.007243110677888199,0.011023416394844403
2025-03-12 06:00:00+00:00,1871.0379638671875,-0.004401898152268589,0.01102729068050354
2025-03-12 07:00:00+00:00,1912.401123046875,0.021866247245674295,0.011707997075237266
2025-03-12 08:00:00+00:00,1929.9019775390625,0.00910962777273664,0.011849777009060503
2025-03-12 09:00:00+00:00,1891.234375,-0.02023948843249197,0.012508388431070125
2025-03-12 10:00:00+00:00,1899.8804931640625,0.004561261504866232,0.012544836642821551
2025-03-12 11:00:00+00:00,1918.0611572265625,0.009523876030078536,0.012677931556413261
2025-03-12 12:00:00+00:00,1929.02099609375,0.005697756419431175,0.012546573007072829
2025-03-12 13:00:00+00:00,1886.4393310546875,-0.022321517929659935,0.013327590002537953
2025-03-12 14:00:00+00:00,1861.54541015625,-0.013284091956655954,0.01292472121181081
2025-03-12 15:00:00+00:00,1868.3587646484375,0.0036533711061167338,0.011845844486422155
2025-03-12 16:00:00+00:00,1874.06982421875,0.0030520630483388367,0.011862793442069055
2025-03-12 17:00:00+00:00,1867.0596923828125,-0.0037476061758038057,0.011786793961818925
2025-03-12 18:00:00+00:00,1877.6893310546875,0.005677105276934562,0.010470005099278278
2025-03-12 19:00:00+00:00,1883.27783203125,0.002971844659791318,0.010511440850581531
2025-03-12 20:00:00+00:00,1891.0743408203125,0.004131315532356596,0.010525029113237556
2025-03-12 21:00:00+00:00,1892.41650390625,0.0007094840174428955,0.01052665971656632
2025-03-12 22:00:00+00:00,1910.52001953125,0.009520880648900092,0.010714350649552421
2025-03-12 23:00:00+00:00,1909.0831298828125,-0.0007523764433169951,0.01034811841632231
2025-03-13 00:00:00+00:00,1900.7598876953125,-0.004369342983838277,0.01035893224906727
2025-03-13 01:00:00+00:00,1907.526611328125,0.0035536878623960125,0.01032930180071976
2025-03-13 02:00:00+00:00,1892.95166015625,-0.007670099174292651,0.009938892153239698
2025-03-13 03:00:00+00:00,1887.01806640625,-0.003139495314988397,0.009672317425265087
2025-03-13 04:00:00+00:00,1873.2685546875,-0.007313045191437305,0.009782521251191981
2025-03-13 05:00:00+00:00,1868.109375,-0.002757905271552447,0.00968051467896088
2025-03-13 06:00:00+00:00,1869.00732421875,0.00048055723612729507,0.009640660480175662
2025-03-13 07:00:00+00:00,1873.5802001953125,0.002443698763153432,0.008464855436088976
2025-03-13 08:00:00+00:00,1875.2598876953125,0.0008961105691474002,0.008206589259545757
2025-03-13 09:00:00+00:00,1891.6400146484375,0.008696928839294743,0.007370260979432032
2025-03-13 10:00:00+00:00,1899.6083984375,0.004203573416619147,0.0073610111646360615
2025-03-13 11:00:00+00:00,1896.4769287109375,-0.0016498419645539885,0.007080055873197362
2025-03-13 12:00:00+00:00,1894.5076904296875,-0.001038906065948208,0.006957311289296
2025-03-13 13:00:00+00:00,1869.74072265625,-0.013159240545991909,0.005892139712719468
2025-03-13 14:00:00+00:00,1884.3564453125,0.007786584017007266,0.0054364919722172875
2025-03-13 15:00:00+00:00,1873.1705322265625,-0.005953887328922439,0.005547353159372054
2025-03-13 16:00:00+00:00,1854.540283203125,-0.009995627376671779,0.005875826027051518
2025-03-13 17:00:00+00:00,1824.22705078125,-0.016480476078827872,0.0067042281955809165
2025-03-13 18:00:00+00:00,1849.81298828125,0.013928183064834539,0.007249166462734812
2025-03-13 19:00:00+00:00,1854.43359375,0.002494762572047061,0.007239527274078174
2025-03-13 20:00:00+00:00,1844.9586181640625,-0.005122461075480032,0.007220589296190952
2025-03-13 21:00:00+00:00,1856.16357421875,0.006054915079935599,0.007357676950866732
2025-03-13 22:00:00+00:00,1878.8372802734375,0.012141354430490386,0.00753489729949296
2025-03-13 23:00:00+00:00,1861.781494140625,-0.009119295688787086,0.007728649770752305
2025-03-14 00:00:00+00:00,1876.3162841796875,0.007776609468786262,0.007897354278098113
2025-03-14 01:00:00+00:00,1880.9429931640625,0.002462811843122089,0.007875882938054779
2025-03-14 02:00:00+00:00,1892.9873046875,0.006382922558167318,0.007848558735849201
2025-03-14 03:00:00+00:00,1887.5855712890625,-0.0028576288576056185,0.007843864859515338
2025-03-14 04:00:00+00:00,1891.4171142578125,0.0020278071229462217,0.007694901741795211
2025-03-14 05:00:00+00:00,1894.7606201171875,0.0017661646985804174,0.007669505881009892
2025-03-14 06:00:00+00:00,1895.6763916015625,0.0004832010131612997,0.00766950425621232
2025-03-14 07:00:00+00:00,1894.7764892578125,-0.0004748257735648875,0.00766197429984584
2025-03-14 08:00:00+00:00,1895.7698974609375,0.000524150412378175,0.00766144841909976
2025-03-14 09:00:00+00:00,1894.135986328125,-0.0008622436989957219,0.007460079005204672
2025-03-14 10:00:00+00:00,1898.3863525390625,0.002241446515367273,0.007423298095785381
2025-03-14 11:00:00+00:00,1903.677001953125,0.002783042961464206,0.0074362959976135646
2025-03-14 12:00:00+00:00,1900.1929931640625,-0.0018318237835537525,0.007443602159494993
2025-03-14 13:00:00+00:00,1904.43017578125,0.002227387144978868,0.00689188221568692
2025-03-14 14:00:00+00:00,1917.742919921875,0.006966088474903162,0.006857491346897338
2025-03-14 15:00:00+00:00,1920.997802734375,0.0016958079889650233,0.006709410535725015
2025-03-14 16:00:00+00:00,1935.9190673828125,0.007737443970446858,0.006409801171475455
2025-03-14 17:00:00+00:00,1933.9891357421875,-0.0009974044340692579,0.005145522952126734
2025-03-14 18:00:00+00:00,1935.619873046875,0.0008428435004784344,0.004531301764723781
2025-03-14 19:00:00+00:00,1936.3038330078125,0.00035329206873681046,0.004539936961359463
2025-03-14 20:00:00+00:00,1925.20654296875,-0.005747658045167752,0.004582974670470235
2025-03-14 21:00:00+00:00,1922.88232421875,-0.0012079861525285751,0.00452746428942428
2025-03-14 22:00:00+00:00,1928.6265869140625,0.002982865721968751,0.00393641899744384
2025-03-14 23:00:00+00:00,1910.06689453125,-0.009669871842159884,0.003999599645815306
2025-03-15 00:00:00+00:00,1916.3712158203125,0.003295141231393868,0.0037707913441957395
2025-03-15 01:00:00+00:00,1911.185546875,-0.0027096513205026014,0.0038238426446704785
2025-03-15 02:00:00+00:00,1914.3043212890625,0.001630523259770226,0.003633141855207807
2025-03-15 03:00:00+00:00,1920.606689453125,0.0032868422867121817,0.0036050922030107383
2025-03-15 04:00:00+00:00,1932.60546875,0.006227956098808231,0.0037694084938710596
2025-03-15 05:00:00+00:00,1929.75244140625,-0.0014773503279731394,0.0037949729547341825
2025-03-15 06:00:00+00:00,1927.83740234375,-0.0009928682402153676,0.0038116200176789485
2025-03-15 07:00:00+00:00,1918.2076416015625,-0.005007627708675903,0.003980953192321812
2025-03-15 08:00:00+00:00,1920.1571044921875,0.0010157779091896995,0.003982282549794097
2025-03-15 09:00:00+00:00,1925.3526611328125,0.00270214360050895,0.003994448850067084
2025-03-15 10:00:00+00:00,1928.3541259765625,0.0015577030721152208,0.003985263982601063
2025-03-15 11:00:00+00:00,1931.1475830078125,0.0014475741842777704,0.003963488124814779
2025-03-15 12:00:00+00:00,1924.3885498046875,-0.0035061479879328174,0.004022394860845943
2025-03-15 13:00:00+00:00,1931.3782958984375,0.0036256101731102293,0.004058058201950241
2025-03-15 14:00:00+00:00,1927.140869140625,-0.0021964014068999466,0.0038577342294138107
2025-03-15 15:00:00+00:00,1936.9449462890625,0.005074472283930678,0.003974434999347403
2025-03-15 16:00:00+00:00,1939.362060546875,0.0012471223599321334,0.0036577171521193397
2025-03-15 17:00:00+00:00,1940.20458984375,0.000434341969629832,0.0036511522817538862
2025-03-15 18:00:00+00:00,1933.286865234375,-0.0035718328253920495,0.0037243439708160913
2025-03-15 19:00:00+00:00,1937.072265625,0.0019560983720896016,0.0037462011174039358
2025-03-15 20:00:00+00:00,1943.71044921875,0.003421057325676622,0.00359737042433514
2025-03-15 21:00:00+00:00,1950.8660888671875,0.003674673038506162,0.0036403729973087493
2025-03-15 22:00:00+00:00,1943.613525390625,-0.0037245396453432075,0.0037065113827460744
2025-03-15 23:00:00+00:00,1938.3443603515625,-0.0027146962590058636,0.003116158752139024
2025-03-16 00:00:00+00:00,1933.0263671875,-0.0027473455183246107,0.0031340269213071892
2025-03-16 01:00:00+00:00,1922.8804931640625,-0.005262522050444362,0.0032825637799108426
2025-03-16 02:00:00+00:00,1923.37646484375,0.00025789836084862925,0.0032694727079514417
2025-03-16 03:00:00+00:00,1927.9346923828125,0.0023671053733963924,0.0032369092338611935
2025-03-16 04:00:00+00:00,1927.418212890625,-0.00026792851807200545,0.0029677396053115553
2025-03-16 05:00:00+00:00,1931.346923828125,0.002036253648916379,0.002984076067312882
2025-03-16 06:00:00+00:00,1930.3084716796875,-0.0005378274688504051,0.0029787059774051537
2025-03-16 07:00:00+00:00,1925.761962890625,-0.0023581057312139267,0.002828279969772783
2025-03-16 08:00:00+00:00,1922.8623046875,-0.0015068546837470054,0.002842081077918364
2025-03-16 09:00:00+00:00,1910.0689697265625,-0.006675508405168128,0.0030961239285605385
2025-03-16 10:00:00+00:00,1905.25048828125,-0.002525861365037277,0.0030999596257095248
2025-03-16 11:00:00+00:00,1873.98681640625,-0.01654534105655728,0.004477551623632156
2025-03-16 12:00:00+00:00,1883.077880859375,0.00483946001927764,0.004616775806158077
2025-03-16 13:00:00+00:00,1879.470947265625,-0.001917282599340067,0.004517903015763253
2025-03-16 14:00:00+00:00,1895.1834716796875,0.008325326466659235,0.004904411697040267
2025-03-16 15:00:00+00:00,1895.800048828125,0.00032528611667072813,0.004754963895217669
2025-03-16 16:00:00+00:00,1904.778076171875,0.004724567551956753,0.00487454376158199
2025-03-16 17:00:00+00:00,1909.1231689453125,0.002278556456547816,0.004908439298682504
2025-03-16 18:00:00+00:00,1894.4248046875,-0.007728803488813454,0.005085340754795645
2025-03-16 19:00:00+00:00,1879.9219970703125,-0.007684974251403071,0.005233009332589231
2025-03-16 20:00:00+00:00,1892.79833984375,0.006826052090403969,0.005408313761684891
2025-03-16 21:00:00+00:00,1887.57666015625,-0.0027625211828352244,0.005319816303348861
2025-03-16 22:00:00+00:00,1878.4493408203125,-0.004847198189468433,0.0053462520927678465
2025-03-16 23:00:00+00:00,1887.7408447265625,0.004934176076866541,0.005491777455575078
2025-03-17 00:00:00+00:00,1902.677734375,0.007881434019070897,0.005774621498106036
2025-03-17 01:00:00+00:00,1904.2459716796875,0.0008238869567582976,0.005696800095476713
2025-03-17 02:00:00+00:00,1908.655517578125,0.0023129618620920606,0.005722595375901956
2025-03-17 03:00:00+00:00,1910.3367919921875,0.0008804807061099485,0.005700245586996573
2025-03-17 04:00:00+00:00,1903.8486328125,-0.003402123764389012,0.005733322769059687
2025-03-17 05:00:00+00:00,1896.228271484375,-0.004010640697358851,0.0057492838049148474
2025-03-17 06:00:00+00:00,1893.685302734375,-0.0013419668189425327,0.005750247749150507
2025-03-17 07:00:00+00:00,1900.798583984375,0.003749279108849348,0.005813007151550778
2025-03-17 08:00:00+00:00,1903.42919921875,0.0013829958685875894,0.0058221109064487755
2025-03-17 09:00:00+00:00,1909.8419189453125,0.003363372586449149,0.005712986264376486
2025-03-17 10:00:00+00:00,1912.8189697265625,0.0015575806851958827,0.005695423948539461
2025-03-17 11:00:00+00:00,1911.30322265625,-0.0007927294544661332,0.0044595136748561024
2025-03-17 12:00:00+00:00,1908.80859375,-0.0013060503884421023,0.004394742233189193
2025-03-17 13:00:00+00:00,1899.13134765625,-0.00508267833833429,0.004518255704132012
2025-03-17 14:00:00+00:00,1900.9208984375,0.0009418559523128719,0.004197535553368508
2025-03-17 15:00:00+00:00,1919.0780029296875,0.009506411756522755,0.004614180061518593
2025-03-17 16:00:00+00:00,1914.4447021484375,-0.0024172560820847682,0.00456043795091854
2025-03-17 17:00:00+00:00,1931.4373779296875,0.008836873314153023,0.004875334818634791
2025-03-17 18:00:00+00:00,1948.5679931640625,0.008830259191387562,0.004834042140270655
2025-03-17 19:00:00+00:00,1941.7750244140625,-0.0034922245277691387,0.0045684252078507515
2025-03-17 20:00:00+00:00,1934.0767822265625,-0.003972418293994059,0.00453718492491897
2025-03-17 21:00:00+00:00,1942.321044921875,0.004253575351730007,0.004517000557152934
2025-03-17 22:00:00+00:00,1934.130859375,-0.0042256155556429555,0.0044825228123297175
2025-03-17 23:00:00+00:00,1927.9202880859375,-0.003216206313916085,0.004497388807717935
2025-03-18 00:00:00+00:00,1922.036376953125,-0.0030566139963618673,0.004306959623267223
2025-03-18 01:00:00+00:00,1901.8304443359375,-0.010568422819376195,0.0048537890767714285
2025-03-18 02:00:00+00:00,1914.18505859375,0.006475161023335087,0.005013718218211891
2025-03-18 03:00:00+00:00,1900.9249267578125,-0.0069514039087559985,0.005213021287946711
2025-03-18 04:00:00+00:00,1903.178466796875,0.0011847944545859445,0.005174683852051264
2025-03-18 05:00:00+00:00,1906.589599609375,0.001790730388090016,0.005115060761855624
2025-03-18 06:00:00+00:00,1898.712890625,-0.00413986549251123,0.0051837977365910065
2025-03-18 07:00:00+00:00,1904.988525390625,0.003299754514637485,0.005170874307396379
2025-03-18 08:00:00+00:00,1907.70068359375,0.0014227011497304576,0.0051713117297585535
2025-03-18 09:00:00+00:00,1903.1497802734375,-0.002388393628571279,0.005146399401273824
2025-03-18 10:00:00+00:00,1894.0421142578125,-0.004797062531423681,0.005217900529740397
2025-03-18 11:00:00+00:00,1892.7218017578125,-0.000697330270798301,0.00521763344477072
2025-03-18 12:00:00+00:00,1895.62158203125,0.0015308965138609294,0.005228505544567833
2025-03-18 13:00:00+00:00,1878.7764892578125,-0.008926034985319162,0.005436438612001381
2025-03-18 14:00:00+00:00,1891.9720458984375,0.0069989342344116655,0.005640576503805703
2025-03-18 15:00:00+00:00,1879.7637939453125,-0.00647356819556884,0.005382668659469647
2025-03-18 16:00:00+00:00,1887.8184814453125,0.004275792369124278,0.005471266221386737
2025-03-18 17:00:00+00:00,1878.688720703125,-0.004847875303426592,0.005150499627446237
2025-03-18 18:00:00+00:00,1888.1829833984375,0.00504093770430275,0.004882226665633391
2025-03-18 19:00:00+00:00,1906.9052734375,0.00986667010523898,0.005360870431391925
2025-03-18 20:00:00+00:00,1905.329833984375,-0.0008265175144858626,0.005317062892571138
2025-03-18 21:00:00+00:00,1910.0133056640625,0.002455073559933071,0.005257673325140726
2025-03-18 22:00:00+00:00,1918.1446533203125,0.0042481840991322,0.005294935637650361
2025-03-18 23:00:00+00:00,1932.5322265625,0.007472784990338114,0.0054889879705217765
2025-03-19 00:00:00+00:00,1943.012939453125,0.005408652456088274,0.0055490147583585215
2025-03-19 01:00:00+00:00,1933.329833984375,-0.0049960110215516215,0.005171578724931062
2025-03-19 02:00:00+00:00,1932.1614990234375,-0.0006044949507650963,0.00502680198432715
2025-03-19 03:00:00+00:00,1938.3677978515625,0.00320695371158593,0.0048045767522234524
2025-03-19 04:00:00+00:00,1932.947509765625,-0.0028002325809604223,0.0048597033018389245
2025-03-19 05:00:00+00:00,1939.3292236328125,0.0032961072176965734,0.004884761651836223
2025-03-19 06:00:00+00:00,1939.124755859375,-0.00010543777221961246,0.004778897710589605
2025-03-19 07:00:00+00:00,1931.52978515625,-0.003924390756165049,0.004846726704888209
2025-03-19 08:00:00+00:00,1940.8011474609375,0.004788526694661132,0.004920412050811976
2025-03-19 09:00:00+00:00,1943.0743408203125,0.0011705800692147703,0.00487619190824715
2025-03-19 10:00:00+00:00,1975.0098876953125,0.016301974260967328,0.005651345325180957
2025-03-19 11:00:00+00:00,2028.9769287109375,0.026958285242081076,0.007611460503320291
2025-03-19 12:00:00+00:00,2002.7786865234375,-0.012996130433318227,0.008273601506295664
2025-03-19 13:00:00+00:00,2016.428955078125,0.006792543334710145,0.007963362095776765
2025-03-19 14:00:00+00:00,2031.5050048828125,0.007448797169667939,0.007973838947205722
2025-03-19 15:00:00+00:00,2050.14013671875,0.009131250107220948,0.0078051875591150345
2025-03-19 16:00:00+00:00,2048.197265625,-0.0009481265442827498,0.007858618137338852
2025-03-19 17:00:00+00:00,2027.2080078125,-0.01030054288395191,0.008179618639539794
2025-03-19 18:00:00+00:00,2047.6639404296875,0.010040121365010752,0.00829220763969019
2025-03-19 19:00:00+00:00,2028.4315185546875,-0.009436758678878988,0.008567141074924702
2025-03-19 20:00:00+00:00,2032.4774169921875,0.001992607980329908,0.008537762602231108
2025-03-19 21:00:00+00:00,2039.8974609375,0.0036440909193637384,0.008539779483255917
2025-03-19 22:00:00+00:00,2049.608642578125,0.004749326519472355,0.008544235935874106
2025-03-19 23:00:00+00:00,2058.140625,0.004154097115213705,0.008491375363703552
2025-03-20 00:00:00+00:00,2035.9124755859375,-0.010858856632501504,0.008898902168228267
2025-03-20 01:00:00+00:00,2026.58447265625,-0.004592259116297577,0.008885579643744186
2025-03-20 02:00:00+00:00,2033.5977783203125,0.003454678733979124,0.008873210706025555
2025-03-20 03:00:00+00:00,2023.1563720703125,-0.005147676649742205,0.008992287167416426
2025-03-20 04:00:00+00:00,2021.488525390625,-0.000824718518685324,0.008957475461314618
2025-03-20 05:00:00+00:00,2018.5784912109375,-0.001440587332335621,0.008976761096390508
2025-03-20 06:00:00+00:00,2014.1484375,-0.0021970520549758218,0.009004844483208372
2025-03-20 07:00:00+00:00,2009.0245361328125,-0.002547195544998259,0.008972562011456194
2025-03-20 08:00:00+00:00,2021.1551513671875,0.006019906211972626,0.00899484763128947
2025-03-20 09:00:00+00:00,2005.3023681640625,-0.007874348624952874,0.00920461135404895
2025-03-20 10:00:00+00:00,1982.65087890625,-0.011360079446504098,0.00897521481435511
2025-03-20 11:00:00+00:00,1990.266357421875,0.0038337007240978726,0.006996462249577784
2025-03-20 12:00:00+00:00,1996.3564453125,0.0030552640314225,0.006531954386682516
2025-03-20 13:00:00+00:00,1982.4921875,-0.006969007973975241,0.006501445085086047
2025-03-20 14:00:00+00:00,2000.6357421875,0.009110267355681234,0.006600163247603369
2025-03-20 15:00:00+00:00,1972.047119140625,-0.014392851160860231,0.006829061315323996
2025-03-20 16:00:00+00:00,1957.8858642578125,-0.007206899576408845,0.006921242064067145
2025-03-20 17:00:00+00:00,1968.8123779296875,0.005565256711541959,0.0068391045612544955
2025-03-20 18:00:00+00:00,1969.747314453125,0.00047476063029169553,0.00642040664174673
2025-03-20 19:00:00+00:00,1975.827392578125,0.0030819758281790126,0.006264061880286279
2025-03-20 20:00:00+00:00,1978.125,0.001162182774277551,0.006248540561677911
2025-03-20 21:00:00+00:00,1975.0576171875,-0.0015518551633563566,0.0061654194066196955
2025-03-20 22:00:00+00:00,1974.761962890625,-0.00014970521636905405,0.006034552832205757
2025-03-20 23:00:00+00:00,1981.6956787109375,0.0035050156209804114,0.006009278664952079
2025-03-21 00:00:00+00:00,1990.528076171875,0.0044470868521919015,0.005789574515982904
2025-03-21 01:00:00+00:00,1992.7821044921875,0.001131736399459549,0.005750316963526662
2025-03-21 02:00:00+00:00,1985.1566162109375,-0.0038338939622097677,0.005713658573300501
2025-03-21 03:00:00+00:00,1977.074951171875,-0.00407935584226525,0.005684062018884697
2025-03-21 04:00:00+00:00,1982.6068115234375,0.0027940952238130565,0.005735572806387862
2025-03-21 05:00:00+00:00,1971.643798828125,-0.005544939795161608,0.005815843067615951
2025-03-21 06:00:00+00:00,1971.640380859375,-1.7335645083234614e-06,0.005813136434220635
2025-03-21 07:00:00+00:00,1975.4700927734375,0.001940514784882871,0.005829625055171064
2025-03-21 08:00:00+00:00,1973.7911376953125,-0.000850262913134994,0.005651157598555002
2025-03-21 09:00:00+00:00,1968.1578369140625,-0.002858131676672991,0.005475423354752402
2025-03-21 10:00:00+00:00,1967.7896728515625,-0.000187077730411941,0.004990148696172819
2025-03-21 11:00:00+00:00,1965.3341064453125,-0.0012486597743124749,0.004913758307939664
2025-03-21 12:00:00+00:00,1947.58837890625,-0.009070381163829756,0.005147427127618729
2025-03-21 13:00:00+00:00,1953.441162109375,0.00300063741278584,0.005048679584490527
2025-03-21 14:00:00+00:00,1950.6900634765625,-0.001409327161001367,0.00460476163077124
2025-03-21 15:00:00+00:00,1950.6268310546875,-3.241593727962653e-05,0.003624777057602481
2025-03-21 16:00:00+00:00,1965.082275390625,0.0073833421284774,0.003666419509251287
2025-03-21 17:00:00+00:00,1968.4517822265625,0.0017132215512783685,0.0034997083181893614
2025-03-21 18:00:00+00:00,1970.5908203125,0.00108607015055727,0.0035055915103526206
2025-03-21 19:00:00+00:00,1973.5206298828125,0.0014856629414240568,0.0034597709753347054
2025-03-21 20:00:00+00:00,1974.841796875,0.0006692227808380347,0.00345372782834374
2025-03-21 21:00:00+00:00,1972.8798828125,-0.0009939475896259965,0.0034451816641811787
2025-03-21 22:00:00+00:00,1965.515625,-0.003739729227636563,0.0035268502081077764
2025-03-21 23:00:00+00:00,1964.387939453125,-0.0005738998727737268,0.0034379289722001934
2025-03-22 00:00:00+00:00,1980.6041259765625,0.008221196691627736,0.003740623658966762
2025-03-22 01:00:00+00:00,1975.2205810546875,-0.0027218335716023938,0.0037632425539782673
2025-03-22 02:00:00+00:00,1981.4532470703125,0.0031504599274581467,0.0037536758000615163
2025-03-22 03:00:00+00:00,1985.7823486328125,0.002182428129793327,0.003680349455089934
2025-03-22 04:00:00+00:00,1989.3104248046875,0.001775091701934571,0.00365470657975809
2025-03-22 05:00:00+00:00,1986.258056640625,-0.0015355634184581973,0.0034705107957309256
2025-03-22 06:00:00+00:00,1987.93603515625,0.0008444371747212394,0.003471528527994396
2025-03-22 07:00:00+00:00,1984.2001953125,-0.0018810235744794515,0.0034826910973694953
2025-03-22 08:00:00+00:00,1988.0498046875,0.0019382519127399823,0.0034931944496084154
2025-03-22 09:00:00+00:00,1994.653564453125,0.003316222779115883,0.003477828811893996
2025-03-22 10:00:00+00:00,1996.0352783203125,0.0006924688828607763,0.0034742774654553826
2025-03-22 11:00:00+00:00,1989.26025390625,-0.0034000143206131643,0.0035507933536328587
2025-03-22 12:00:00+00:00,1994.42333984375,0.00259211792649907,0.00292669004432147
2025-03-22 13:00:00+00:00,1989.0513916015625,-0.002697118400816065,0.002986984755861025
2025-03-22 14:00:00+00:00,1984.6541748046875,-0.0022131577280767147,0.0030166412025947925
2025-03-22 15:00:00+00:00,1986.705078125,0.0010328471296672992,0.00301293558477703
2025-03-22 16:00:00+00:00,1983.9957275390625,-0.0013646714466865567,0.002689020469986781
2025-03-22 17:00:00+00:00,1993.294921875,0.0046761537441594395,0.002816948039552428
2025-03-22 18:00:00+00:00,1995.891845703125,0.0013019817553195701,0.0028191697969265025
2025-03-22 19:00:00+00:00,1994.803955078125,-0.0005452135197755624,0.0028197658140429894
2025-03-22 20:00:00+00:00,1994.7208251953125,-4.1674077692433766e-05,0.0028210629220730976
2025-03-22 21:00:00+00:00,1985.511962890625,-0.00462730660573459,0.0029923792715652424
2025-03-22 22:00:00+00:00,1984.5126953125,-0.0005034062431642627,0.0028746251495002833
2025-03-22 23:00:00+00:00,1979.736083984375,-0.0024098455499028462,0.0029256659004400338
2025-03-23 00:00:00+00:00,1984.898681640625,0.002604325936381616,0.00245296447053456
2025-03-23 01:00:00+00:00,1997.5780029296875,0.0063675773317218185,0.0026901306134327167
2025-03-23 02:00:00+00:00,2001.2176513671875,0.0018203728108311728,0.0026458224653424693
2025-03-23 03:00:00+00:00,2006.716552734375,0.002744009525870788,0.0026645631606890506
2025-03-23 04:00:00+00:00,2000.1337890625,-0.003285757656387283,0.0027528515521766943
2025-03-23 05:00:00+00:00,2000.1517333984375,8.971527575708114e-06,0.0027278176120963493
2025-03-23 06:00:00+00:00,2003.5831298828125,0.0017140981816768119,0.002741239983364691
2025-03-23 07:00:00+00:00,2010.6197509765625,0.003505865801958094,0.002772969935176259
2025-03-23 08:00:00+00:00,2009.5484619140625,-0.0005329573446317972,0.0027650930707501967
2025-03-23 09:00:00+00:00,2014.646728515625,0.0025338081717992834,0.0027342485904912725
2025-03-23 10:00:00+00:00,2012.7884521484375,-0.0009228088923596674,0.002746986469894707
2025-03-23 11:00:00+00:00,2007.0262451171875,-0.0028669037813442316,0.0027173546517884092
2025-03-23 12:00:00+00:00,2007.09814453125,3.582321178455959e-05,0.002676275585830965
2025-03-23 13:00:00+00:00,2018.4046630859375,0.005617458900043734,0.002811063920359327
2025-03-23 14:00:00+00:00,2005.06640625,-0.0066302480961022816,0.0031304216026470815
2025-03-23 15:00:00+00:00,2007.3048095703125,0.0011157509772288562,0.0031311655997683014
2025-03-23 16:00:00+00:00,1998.190185546875,-0.004551067853810957,0.003274821460112803
2025-03-23 17:00:00+00:00,1992.522705078125,-0.0028403367690367,0.0031962949803351986
2025-03-23 18:00:00+00:00,1997.9310302734375,0.002710633359252899,0.0032342603484345066
2025-03-23 19:00:00+00:00,1996.468017578125,-0.0007325320996763098,0.003235965979362509
2025-03-23 20:00:00+00:00,1992.9765625,-0.0017503468963884518,0.003256451819689741
2025-03-23 21:00:00+00:00,1996.094482421875,0.001563231399842033,0.0031192895674168578
2025-03-23 22:00:00+00:00,1986.904052734375,-0.004614837749439427,0.003270085086601855
2025-03-23 23:00:00+00:00,2002.6795654296875,0.007908391664539318,0.003594761951290469
2025-03-24 00:00:00+00:00,1998.1566162109375,-0.002261002920505557,0.003606927269531607
2025-03-24 01:00:00+00:00,1979.1796875,-0.009542604027884814,0.003889912786618722
2025-03-24 02:00:00+00:00,1992.5618896484375,0.006738732885572692,0.00413313225255021
2025-03-24 03:00:00+00:00,2013.631591796875,0.010518661423742024,0.004645270819322309
2025-03-24 04:00:00+00:00,2037.05029296875,0.01156297273666276,0.005132035134637784
2025-03-24 05:00:00+00:00,2048.594482421875,0.005651113011436187,0.005224435311183165
2025-03-24 06:00:00+00:00,2069.197265625,0.010006798005741627,0.005538692041734488
2025-03-24 07:00:00+00:00,2068.535888671875,-0.0003196808175368044,0.0055287689298221315
2025-03-24 08:00:00+00:00,2090.23779296875,0.010436779180736084,0.005826162889070243
2025-03-24 09:00:00+00:00,2092.7587890625,0.0012053542715308293,0.005823615174148244
2025-03-24 10:00:00+00:00,2094.65966796875,0.0009079002045424617,0.005801286102155337
2025-03-24 11:00:00+00:00,2092.27880859375,-0.0011372794918986498,0.00575313186897987
2025-03-24 12:00:00+00:00,2082.34033203125,-0.004761390202957119,0.005896229371149549
2025-03-24 13:00:00+00:00,2082.59765625,0.0001235668909364284,0.005837129437299405
2025-03-24 14:00:00+00:00,2079.55078125,-0.0014640878815421535,0.0056231292614818875
2025-03-24 15:00:00+00:00,2090.2646484375,0.005138784171625437,0.005670326987636467
2025-03-24 16:00:00+00:00,2076.83056640625,-0.006447718556900128,0.005773333742001039
2025-03-24 17:00:00+00:00,2088.384765625,0.005547962318438557,0.005746148891949779
2025-03-24 18:00:00+00:00,2098.52880859375,0.00484560411259206,0.005774763556817152
2025-03-24 19:00:00+00:00,2091.0859375,-0.0035530135225580167,0.005861827886597826
2025-03-24 20:00:00+00:00,2085.349365234375,-0.0027471158811081175,0.005892483515870405
2025-03-24 21:00:00+00:00,2083.603515625,-0.0008375483059299085,0.005918553482707712
2025-03-24 22:00:00+00:00,2076.985107421875,-0.0031814795382490734,0.005858059477017176
2025-03-24 23:00:00+00:00,2076.4306640625,-0.0002669818737989054,0.005726518620069937
2025-03-25 00:00:00+00:00,2087.45556640625,0.005295499202985034,0.005718077182974338
2025-03-25 01:00:00+00:00,2062.859375,-0.011852825489947302,0.0059331061594182135
2025-03-25 02:00:00+00:00,2063.4189453125,0.00027122276903896386,0.005841675703468032
2025-03-25 03:00:00+00:00,2044.25830078125,-0.009329254638891147,0.0059074501964817136
2025-03-25 04:00:00+00:00,2046.277587890625,0.000987297179811185,0.005431666211682759
2025-03-25 05:00:00+00:00,2048.8046875,0.0012342120427476873,0.005312036344687442
2025-03-25 06:00:00+00:00,2055.396240234375,0.0032121031683667698,0.004922547187813562
2025-03-25 07:00:00+00:00,2055.0458984375,-0.00017046428870863022,0.004922587590591907
2025-03-25 08:00:00+00:00,2061.4111328125,0.003092581508710836,0.004431698793336638
2025-03-25 09:00:00+00:00,2072.0625,0.005153723821404667,0.0045718735741672656
2025-03-25 10:00:00+00:00,2070.884765625,-0.0005685490696427989,0.004563236585025925
2025-03-25 11:00:00+00:00,2070.163330078125,-0.0003484313813801536,0.004561104081320723
2025-03-25 12:00:00+00:00,2059.27392578125,-0.0052740501252040595,0.004583354875438641
2025-03-25 13:00:00+00:00,2062.80078125,0.0017112044686389016,0.004603618194264719
2025-03-25 14:00:00+00:00,2074.831787109375,0.005815422015900283,0.004767223248127514
2025-03-25 15:00:00+00:00,2069.257568359375,-0.0026902036291533396,0.004660199892714207
2025-03-25 16:00:00+00:00,2068.77490234375,-0.0002332828566383752,0.004479929939368313
2025-03-25 17:00:00+00:00,2078.53271484375,0.004705621770161197,0.0044363389946209695
2025-03-25 18:00:00+00:00,2063.9208984375,-0.007054696743173605,0.004512610905496312
2025-03-25 19:00:00+00:00,2078.436767578125,0.007008534621441458,0.004731245257692002
2025-03-25 20:00:00+00:00,2064.676513671875,-0.0066424949390081756,0.0048848565224925335
2025-03-25 21:00:00+00:00,2064.8154296875,6.727995481418323e-05,0.004884946186352831
2025-03-25 22:00:00+00:00,2063.602783203125,-0.0005874630217760577,0.004848769742456173
2025-03-25 23:00:00+00:00,2068.474365234375,0.0023579348174561387,0.004878339456571511
2025-03-26 00:00:00+00:00,2070.69140625,0.00107125027121035,0.00474739664561446
2025-03-26 01:00:00+00:00,2074.980712890625,0.002069294458373226,0.004083051692190802
2025-03-26 02:00:00+00:00,2051.697998046875,-0.011284116610784763,0.004712499559070085
2025-03-26 03:00:00+00:00,2050.989013671875,-0.0003456195318006973,0.004297432819164985
2025-03-26 04:00:00+00:00,2052.7099609375,0.0008387298274843165,0.004296261528035855
2025-03-26 05:00:00+00:00,2060.539306640625,0.0038068955462397525,0.004356660959707738
2025-03-26 06:00:00+00:00,2068.265869140625,0.0037427639187121724,0.004373724712566934
2025-03-26 07:00:00+00:00,2070.28369140625,0.0009751350786056011,0.004375072760708788
2025-03-26 08:00:00+00:00,2065.011962890625,-0.00254962731186098,0.00437051676809986
2025-03-26 09:00:00+00:00,2062.43212890625,-0.0012500880753130196,0.004240370650320947
2025-03-26 10:00:00+00:00,2073.470947265625,0.005338057671334486,0.004386580630535818
2025-03-26 11:00:00+00:00,2069.751220703125,-0.0017955723401214695,0.004402242445976516
2025-03-26 12:00:00+00:00,2064.781494140625,-0.0024040099806704957,0.004290545970929587
2025-03-26 13:00:00+00:00,2030.1236572265625,-0.01692770075042649,0.005503730535591028
2025-03-26 14:00:00+00:00,2019.622802734375,-0.005185943431358176,0.005397612167054443
2025-03-26 15:00:00+00:00,2012.837890625,-0.003365150476668943,0.005407877303367429
2025-03-26 16:00:00+00:00,2014.4293212890625,0.0007903278641114257,0.0054194607862155676
2025-03-26 17:00:00+00:00,2006.940185546875,-0.0037246735907458576,0.005298031525206526
2025-03-26 18:00:00+00:00,1993.6583251953125,-0.006639961053135485,0.005279635821886331
2025-03-26 19:00:00+00:00,2004.2236328125,0.005285464815773903,0.005170292398583401
2025-03-26 20:00:00+00:00,2009.5250244140625,0.0026416176682313593,0.005117015548249811
2025-03-26 21:00:00+00:00,2009.8121337890625,0.00014286404160068035,0.005117806467871725
2025-03-26 22:00:00+00:00,2001.063232421875,-0.004362596413154704,0.005158421082278431
2025-03-26 23:00:00+00:00,2008.6927490234375,0.003805481353090804,0.005211028979471187
2025-03-27 00:00:00+00:00,2017.2979736328125,0.0042748422968123334,0.0053123701548324406
2025-03-27 01:00:00+00:00,2020.0511474609375,0.0013638524548219128,0.005296065065074128
2025-03-27 02:00:00+00:00,2031.2666015625,0.005536708521663299,0.004996750670187947
2025-03-27 03:00:00+00:00,2031.2738037109375,3.545637812320697e-06,0.0049974758257714524
2025-03-27 04:00:00+00:00,2030.7161865234375,-0.0002745537002027848,0.004990616207194038
2025-03-27 05:00:00+00:00,2022.7779541015625,-0.0039167406167373445,0.004953141703713233
2025-03-27 06:00:00+00:00,2023.636962890625,0.0004245777161207585,0.004867245866627657
2025-03-27 07:00:00+00:00,2027.4027099609375,0.001859151456957243,0.004885434840217267
2025-03-27 08:00:00+00:00,2026.2724609375,-0.0005576416486651273,0.004872599963965742
2025-03-27 09:00:00+00:00,2028.99853515625,0.0013444599051491745,0.004890675798159807
2025-03-27 10:00:00+00:00,2025.447998046875,-0.0017514291965158464,0.0047225321489139955
2025-03-27 11:00:00+00:00,2016.658935546875,-0.004348759939180421,0.004770303934092385
2025-03-27 12:00:00+00:00,2018.3582763671875,0.0008422967395347022,0.0047772305790859
2025-03-27 13:00:00+00:00,2003.5504150390625,-0.007363632232804698,0.00365283113978685
2025-03-27 14:00:00+00:00,2024.9725341796875,0.010635322837561332,0.004170554321178195
2025-03-27 15:00:00+00:00,2005.4505615234375,-0.00968738262114751,0.004579255974376424
2025-03-27 16:00:00+00:00,2001.6424560546875,-0.0019006829132607963,0.00458808555975632
2025-03-27 17:00:00+00:00,2000.0804443359375,-0.0007806696450309674,0.004530570277860504
2025-03-27 18:00:00+00:00,2010.883544921875,0.005386798155351492,0.0044449911431542885
2025-03-27 19:00:00+00:00,2005.76611328125,-0.0025481109108307495,0.004354151322411731
2025-03-27 20:00:00+00:00,2006.8701171875,0.0005502636524705818,0.004320452163442531
2025-03-27 21:00:00+00:00,2016.789306640625,0.004930441919803633,0.004438890940208111
2025-03-27 22:00:00+00:00,2008.2391357421875,-0.004248508492093462,0.004433912790018643
2025-03-27 23:00:00+00:00,2002.1781005859375,-0.0030226479758845553,0.004408091975149722
2025-03-28 00:00:00+00:00,2004.21533203125,0.0010169902957178458,0.004315569153791314
2025-03-28 01:00:00+00:00,2008.9649658203125,0.00236701850111224,0.004336898402994833
2025-03-28 02:00:00+00:00,2006.62060546875,-0.0011676307608411572,0.004161733528801917
2025-03-28 03:00:00+00:00,2000.6185302734375,-0.0029956184197711473,0.0041906131788079235
2025-03-28 04:00:00+00:00,1935.9898681640625,-0.03283764242969956,0.0077926880394896
2025-03-28 05:00:00+00:00,1918.707763671875,-0.008966835761833053,0.007914199807084249
2025-03-28 06:00:00+00:00,1915.7479248046875,-0.0015438120534003487,0.007895987760380505
2025-03-28 07:00:00+00:00,1908.2969970703125,-0.003896887884729031,0.00785200287791616
2025-03-28 08:00:00+00:00,1907.6387939453125,-0.00034497599937468145,0.007854436480184466
2025-03-28 09:00:00+00:00,1908.4473876953125,0.0004237817091193489,0.007837002062173618
2025-03-28 10:00:00+00:00,1907.5712890625,-0.0004591689519452931,0.007847175460881182
2025-03-28 11:00:00+00:00,1898.262451171875,-0.004891888132696217,0.007853524478217608
2025-03-28 12:00:00+00:00,1885.41015625,-0.006793581626146689,0.007866010372720165
2025-03-28 13:00:00+00:00,1887.4671630859375,0.001090418195795817,0.007843848241204963
2025-03-28 14:00:00+00:00,1887.2701416015625,-0.00010438950774628055,0.00735371905453777
2025-03-28 15:00:00+00:00,1872.6163330078125,-0.007794853854998544,0.007288010085912949
2025-03-28 16:00:00+00:00,1869.2288818359375,-0.0018105784193481475,0.007288546529790747
2025-03-28 17:00:00+00:00,1882.0137939453125,0.006816387376982515,0.0075429370972318974
2025-03-28 18:00:00+00:00,1877.1563720703125,-0.002584306835762759,0.007352025648443681
2025-03-28 19:00:00+00:00,1874.64892578125,-0.0013366614007547634,0.007358468599769713
2025-03-28 20:00:00+00:00,1877.095703125,0.0013043412772773576,0.007375062184717092
2025-03-28 21:00:00+00:00,1883.5718994140625,0.0034441771384426676,0.007313438256683914
2025-03-28 22:00:00+00:00,1899.8604736328125,0.008610527822577936,0.007668731438533768
2025-03-28 23:00:00+00:00,1895.3804931640625,-0.0023608422172589328,0.007667253116946019
2025-03-29 00:00:00+00:00,1902.28759765625,0.003637554385019337,0.007734670265876353
2025-03-29 01:00:00+00:00,1909.3817138671875,0.003722318922381938,0.007774118841087917
2025-03-29 02:00:00+00:00,1894.9364013671875,-0.007594202948570684,0.007850255053870226
2025-03-29 03:00:00+00:00,1900.0423583984375,0.0026909031304130733,0.007916594720177347
2025-03-29 04:00:00+00:00,1893.8289794921875,-0.003275485069496286,0.0044941510766719995
2025-03-29 05:00:00+00:00,1888.0498046875,-0.003056247771504413,0.004185201222243385
2025-03-29 06:00:00+00:00,1881.6256103515625,-0.0034083574036157054,0.004219271742866383
2025-03-29 07:00:00+00:00,1879.923583984375,-0.0009049603742559176,0.004166079332090838
2025-03-29 08:00:00+00:00,1883.5435791015625,0.0019237559817776601,0.004198304555189169
2025-03-29 09:00:00+00:00,1876.2999267578125,-0.003853171704953724,0.004246569849970465
2025-03-29 10:00:00+00:00,1865.1646728515625,-0.005952367842723461,0.004378569551480276
2025-03-29 11:00:00+00:00,1841.623291015625,-0.01270193956439318,0.004939584513551253
2025-03-29 12:00:00+00:00,1850.30810546875,0.004704762651387388,0.004937376672863682
2025-03-29 13:00:00+00:00,1857.46728515625,0.0038617164365364835,0.005014894362942276
2025-03-29 14:00:00+00:00,1847.144287109375,-0.0055730672779362,0.005111501635564371
2025-03-29 15:00:00+00:00,1837.251220703125,-0.005370265033375671,0.004991769480152418
2025-03-29 16:00:00+00:00,1819.952880859375,-0.009459941729395722,0.005294497723004398
2025-03-29 17:00:00+00:00,1817.3001708984375,-0.0014586339710314503,0.005017872530236409
2025-03-29 18:00:00+00:00,1818.34912109375,0.0005770359790911832,0.005028501330589401
2025-03-29 19:00:00+00:00,1826.64599609375,0.004552483096801635,0.005169676777933312
2025-03-29 20:00:00+00:00,1816.77880859375,-0.005416448617714265,0.005216672043980939
2025-03-29 21:00:00+00:00,1819.5972900390625,0.0015501597927519318,0.005154780476598147
2025-03-29 22:00:00+00:00,1817.5958251953125,-0.001100554731276085,0.004691933559874013
2025-03-29 23:00:00+00:00,1827.9091796875,0.0056581362489448225,0.004932896083444884
2025-03-30 00:00:00+00:00,1826.147705078125,-0.0009641200459487922,0.004812056473278894
2025-03-30 01:00:00+00:00,1834.887451171875,0.004774476246781369,0.004868089697715771
2025-03-30 02:00:00+00:00,1838.8812255859375,0.0021742120088339497,0.004757309232699918
2025-03-30 03:00:00+00:00,1832.85986328125,-0.003279843298744351,0.00469794609081072
2025-03-30 04:00:00+00:00,1841.6156005859375,0.00476571633829689,0.004850090976011193
2025-03-30 05:00:00+00:00,1837.9208984375,-0.0020082439139599085,0.004837022326368506
2025-03-30 06:00:00+00:00,1837.9515380859375,1.6670681024559877e-05,0.00481709419850748
2025-03-30 07:00:00+00:00,1836.6202392578125,-0.0007246008335353712,0.004817354621854046
2025-03-30 08:00:00+00:00,1846.946533203125,0.00560669678808564,0.0049698226900216115
2025-03-30 09:00:00+00:00,1843.6536865234375,-0.0017844509605032433,0.004932684840316462
2025-03-30 10:00:00+00:00,1830.165283203125,-0.007343020458679444,0.0050043299151909595
2025-03-30 11:00:00+00:00,1832.8017578125,0.0014395297774393273,0.004327466897792394
2025-03-30 12:00:00+00:00,1832.4129638671875,-0.0002121534350885204,0.004199667512011364
2025-03-30 13:00:00+00:00,1806.7254638671875,-0.014117586977609259,0.004943239548706726
2025-03-30 14:00:00+00:00,1812.18896484375,0.0030194165875022474,0.0049203811424711535
2025-03-30 15:00:00+00:00,1812.5687255859375,0.0002095371751769935,0.004825764316729903
2025-03-30 16:00:00+00:00,1796.054443359375,-0.00915274149745264,0.004801487675025653
2025-03-30 17:00:00+00:00,1803.4796142578125,0.004125634769101584,0.004890068318521205
2025-03-30 18:00:00+00:00,1823.3818359375,0.010975010610448036,0.005406202314747599
2025-03-30 19:00:00+00:00,1813.9793701171875,-0.005169949438825615,0.005423481858217223
2025-03-30 20:00:00+00:00,1814.447265625,0.00025790545455551547,0.0053128351717381455
2025-03-30 21:00:00+00:00,1803.406005859375,-0.006103782114219566,0.00544057277078608
2025-03-30 22:00:00+00:00,1803.436279296875,1.6786671058653708e-05,0.005438851472656365
2025-03-30 23:00:00+00:00,1805.76806640625,0.0012921337837700504,0.005301274750695847
2025-03-31 00:00:00+00:00,1787.609619140625,-0.010106703731874035,0.0056523526929463256
2025-03-31 01:00:00+00:00,1814.47216796875,0.014915289776281626,0.006420887271018091
2025-03-31 02:00:00+00:00,1812.329345703125,-0.0011816596562485627,0.0063973845977771055
2025-03-31 03:00:00+00:00,1798.2313232421875,-0.007809365581831808,0.006544809458459778
2025-03-31 04:00:00+00:00,1805.02734375,0.0037721569248094253,0.006511164113357893
2025-03-31 05:00:00+00:00,1808.6033935546875,0.00197920110382252,0.006530799302984257
2025-03-31 06:00:00+00:00,1803.4111328125,-0.002874996365997513,0.0065442403656839595
2025-03-31 07:00:00+00:00,1796.2152099609375,-0.003998155226151396,0.006576840679979298
2025-03-31 08:00:00+00:00,1796.36962890625,8.596537163827828e-05,0.006433368828206727
2025-03-31 09:00:00+00:00,1787.05908203125,-0.005196457681864484,0.0064853293017797485
2025-03-31 10:00:00+00:00,1803.80908203125,0.009329287916871619,0.006699187509587421
2025-03-31 11:00:00+00:00,1812.285400390625,0.004688115272015416,0.006774674641258883
2025-03-31 12:00:00+00:00,1835.1624755859375,0.012544319188115336,0.0072774647681589505
2025-03-31 13:00:00+00:00,1817.6217041015625,-0.00960412959011236,0.0069458609699062975
2025-03-31 14:00:00+00:00,1839.7738037109375,0.01211374074784257,0.007340351528762677
2025-03-31 15:00:00+00:00,1844.9891357421875,0.0028307576902863773,0.007353320939953199
2025-03-31 16:00:00+00:00,1840.718505859375,-0.002317401275043872,0.007080878129209025
2025-03-31 17:00:00+00:00,1825.9095458984375,-0.008077743515542324,0.007283683964386952
2025-03-31 18:00:00+00:00,1841.062744140625,0.008264739026073057,0.007133929459750475
2025-03-31 19:00:00+00:00,1830.7005615234375,-0.005644269123154389,0.007150674325727837
2025-03-31 20:00:00+00:00,1820.444091796875,-0.005618236295102805,0.007254958753811146
2025-03-31 21:00:00+00:00,1824.64208984375,0.0023033748414900595,0.007142598766697748
2025-03-31 22:00:00+00:00,1823.604248046875,-0.0005689538088985793,0.007145278318962581
2025-03-31 23:00:00+00:00,1823.110107421875,-0.00027100594116090534,0.007144519696092214
2025-04-01 00:00:00+00:00,1831.25439453125,0.004457300627194047,0.006824826131389466
2025-04-01 01:00:00+00:00,1826.3516845703125,-0.002680831555484567,0.006180230586001814
2025-04-01 02:00:00+00:00,1838.2647705078125,0.006501705184978968,0.006299511841636307
2025-04-01 03:00:00+00:00,1833.6168212890625,-0.0025316457434874148,0.0060818392085671925
2025-04-01 04:00:00+00:00,1838.010498046875,0.0023933141753821646,0.006059130166586458
2025-04-01 05:00:00+00:00,1841.6234130859375,0.0019637367669431906,0.006058995086120988
2025-04-01 06:00:00+00:00,1857.8521728515625,0.008773602361047192,0.0062200822191977164
2025-04-01 07:00:00+00:00,1853.95751953125,-0.002098520706799219,0.006162356986654871
2025-04-01 08:00:00+00:00,1885.137451171875,0.016678182628156266,0.006904160949992547
2025-04-01 09:00:00+00:00,1884.3970947265625,-0.00039281054242514403,0.006754170692722219
2025-04-01 10:00:00+00:00,1874.3172607421875,-0.005363460585045915,0.006746680174248127
2025-04-01 11:00:00+00:00,1862.2998046875,-0.006432287429370046,0.00690520750746765
2025-04-01 12:00:00+00:00,1866.233642578125,0.002110126893549512,0.006470370861973895
2025-04-01 13:00:00+00:00,1872.7470703125,0.003484069495545619,0.006105454377211766
2025-04-01 14:00:00+00:00,1880.9598388671875,0.004375824675779279,0.005697204851364845
2025-04-01 15:00:00+00:00,1920.4659423828125,0.020785635779291996,0.006990702682659768
2025-04-01 16:00:00+00:00,1916.031494140625,-0.002311718065959773,0.006990561816011975
2025-04-01 17:00:00+00:00,1915.6568603515625,-0.0001955450212004159,0.0066914051809194245
2025-04-01 18:00:00+00:00,1908.3470458984375,-0.003823125465277447,0.006654121387088506
2025-04-01 19:00:00+00:00,1907.885498046875,-0.00024188665051096987,0.006491478196273606
2025-04-01 20:00:00+00:00,1913.5562744140625,0.002967874884571471,0.006303302642028225
2025-04-01 21:00:00+00:00,1915.6717529296875,0.0011049113376056642,0.006306189892495396
2025-04-01 22:00:00+00:00,1912.0457763671875,-0.0018945899844274,0.006335666513829447
2025-04-01 23:00:00+00:00,1905.54638671875,-0.003404971327573059,0.006415724496189411
2025-04-02 00:00:00+00:00,1888.8441162109375,-0.008803721373051389,0.00674342820917995
2025-04-02 01:00:00+00:00,1893.0748291015625,0.0022373375614874458,0.006692040898872895
2025-04-02 02:00:00+00:00,1879.2960205078125,-0.007305151279547393,0.006834864225942159
2025-04-02 03:00:00+00:00,1875.836669921875,-0.0018424656861631352,0.006821166964210217
2025-04-02 04:00:00+00:00,1879.5150146484375,0.001958988777547463,0.006817742467365167
2025-04-02 05:00:00+00:00,1857.3338623046875,-0.01187172057902341,0.007294811336733058
2025-04-02 06:00:00+00:00,1855.18212890625,-0.0011591781123479698,0.007074806053187486
2025-04-02 07:00:00+00:00,1865.9197998046875,0.005771247822663523,0.007158097901503141
2025-04-02 08:00:00+00:00,1867.1551513671875,0.0006618413097792918,0.006250754326675456
2025-04-02 09:00:00+00:00,1878.8956298828125,0.006268210252299588,0.0063972215087465525
2025-04-02 10:00:00+00:00,1871.7369384765625,-0.003817329460464503,0.006349750382632984
2025-04-02 11:00:00+00:00,1868.2921142578125,-0.0018421381996437621,0.006217132019503186
2025-04-02 12:00:00+00:00,1871.08544921875,0.001494010932619792,0.0062098846867953104
2025-04-02 13:00:00+00:00,1877.7891845703125,0.0035764026017674534,0.006212095292162805
2025-04-02 14:00:00+00:00,1875.5330810546875,-0.0012021902877934574,0.006149668624638393
2025-04-02 15:00:00+00:00,1901.4351806640625,0.013716030367371106,0.0052008609334273075
2025-04-02 16:00:00+00:00,1900.594482421875,-0.0004422365580423665,0.005185193620086328
2025-04-02 17:00:00+00:00,1892.2059326171875,-0.004423414134509036,0.005251570570125656
2025-04-02 18:00:00+00:00,1898.98828125,0.003577952215422067,0.0052660385395942345
2025-04-02 19:00:00+00:00,1913.3050537109375,0.007510880463635355,0.005496415110223449
2025-04-02 20:00:00+00:00,1880.4754638671875,-0.01730749008490368,0.0065050088047842475
2025-04-02 21:00:00+00:00,1864.7958984375,-0.00837304190687989,0.006674476249227703
2025-04-02 22:00:00+00:00,1797.311279296875,-0.03685979482616554,0.00989137576678491
2025-04-02 23:00:00+00:00,1796.8587646484375,-0.0002518048090633646,0.009900856090576284
2025-04-03 00:00:00+00:00,1818.8885498046875,0.012185617986321765,0.010236274988998113
2025-04-03 01:00:00+00:00,1826.8521728515625,0.004368733993295526,0.010279918167895618
2025-04-03 02:00:00+00:00,1829.9906005859375,0.0017164689320116366,0.010222576215283314
2025-04-03 03:00:00+00:00,1824.064697265625,-0.003243469533088074,0.010230950784624701
2025-04-03 04:00:00+00:00,1836.1177978515625,0.006586089174788057,0.010335465970014595
2025-04-03 05:00:00+00:00,1823.4580078125,-0.006918747533775241,0.010156286939396719
2025-04-03 06:00:00+00:00,1815.3179931640625,-0.00447404744042465,0.010184353962546579
2025-04-03 07:00:00+00:00,1816.290771484375,0.0005357286021820264,0.010090772462777509
2025-04-03 08:00:00+00:00,1821.7930908203125,0.0030248470016477408,0.010120431964879797
2025-04-03 09:00:00+00:00,1811.1214599609375,-0.00587498627059811,0.010043221861629625
2025-04-03 10:00:00+00:00,1792.7767333984375,-0.01018057892962606,0.010189143910186162
2025-04-03 11:00:00+00:00,1793.8359375,0.0005906431664336559,0.010200758277609115
2025-04-03 12:00:00+00:00,1762.09765625,-0.017851359283275622,0.010690424777693617
2025-04-03 13:00:00+00:00,1782.3416748046875,0.011423097869887365,0.010999867053454779
2025-04-03 14:00:00+00:00,1757.69970703125,-0.013922077813084677,0.01125451335676437
2025-04-03 15:00:00+00:00,1781.6810302734375,0.01355134811045098,0.01124411260370506
2025-04-03 16:00:00+00:00,1771.973876953125,-0.005463207721371653,0.011246784424250936
2025-04-03 17:00:00+00:00,1776.2822265625,0.0024284333492188537,0.011293820522113081
2025-04-03 18:00:00+00:00,1786.9051513671875,0.0059626144520690105,0.01136113937201754
2025-04-03 19:00:00+00:00,1787.38525390625,0.00026864215691127773,0.011177410934791987
2025-04-03 20:00:00+00:00,1799.1153564453125,0.006541275543682657,0.01089142690133941
2025-04-03 21:00:00+00:00,1809.383056640625,0.00569085903918836,0.01090314373166582
2025-04-03 22:00:00+00:00,1810.50634765625,0.0006206217517842332,0.007834242362525076
2025-04-03 23:00:00+00:00,1815.65673828125,0.0028406853008862407,0.007850105711132111
2025-04-04 00:00:00+00:00,1809.91162109375,-0.003169225581584787,0.007467038763427368
2025-04-04 01:00:00+00:00,1774.10009765625,-0.019984708830622235,0.008413118826767268
2025-04-04 02:00:00+00:00,1788.3826904296875,0.008018379398412098,0.008604938372254201
2025-04-04 03:00:00+00:00,1792.243408203125,0.002156449270717015,0.008613182150807041
2025-04-04 04:00:00+00:00,1787.1796875,-0.0028293520747660374,0.008478681808755524
2025-04-04 05:00:00+00:00,1804.845947265625,0.009836456642895276,0.008668619492964654
2025-04-04 06:00:00+00:00,1800.569580078125,-0.002372192142865469,0.008636518225478253
2025-04-04 07:00:00+00:00,1817.1910400390625,0.009188876025520471,0.008852580712271305
2025-04-04 08:00:00+00:00,1827.803955078125,0.0058232974499515516,0.008912100927434687
2025-04-04 09:00:00+00:00,1830.5997314453125,0.0015284135655897378,0.008822629206473729
2025-04-04 10:00:00+00:00,1782.46044921875,-0.026648950581864773,0.010215493081975157
2025-04-04 11:00:00+00:00,1783.0810546875,0.00034811288795116765,0.010214755122251326
2025-04-04 12:00:00+00:00,1786.3133544921875,0.001811119936710748,0.009505608727622778
2025-04-04 13:00:00+00:00,1801.610595703125,0.008527122711644328,0.009379373466407468
2025-04-04 14:00:00+00:00,1789.4207763671875,-0.006789061354991014,0.009009961168725735
2025-04-04 15:00:00+00:00,1794.3846435546875,0.002770167339012052,0.0086033039112368
2025-04-04 16:00:00+00:00,1796.7764892578125,0.0013320739272594604,0.00851690847900831
2025-04-04 17:00:00+00:00,1822.3382568359375,0.014126212867365253,0.008950998904112571
2025-04-04 18:00:00+00:00,1805.0404052734375,-0.0095374562711826,0.009139576282879425
2025-04-04 19:00:00+00:00,1810.3594970703125,0.0029424659945353,0.009153926985028552
2025-04-04 20:00:00+00:00,1819.019287109375,0.004772059896641149,0.009110451602649781
2025-04-04 21:00:00+00:00,1817.9564208984375,-0.0005844780534854534,0.00904355673966229
2025-04-04 22:00:00+00:00,1819.17724609375,0.0006713117267258882,0.009043665903940231
2025-04-04 23:00:00+00:00,1815.37109375,-0.0020944301075189234,0.009037094531749485
2025-04-05 00:00:00+00:00,1823.54248046875,0.004491120927681117,0.009055794109009002
2025-04-05 01:00:00+00:00,1819.51513671875,-0.0022109699125267245,0.007987474902729655
2025-04-05 02:00:00+00:00,1815.010009765625,-0.002479074475402708,0.007876122543124095
2025-04-05 03:00:00+00:00,1810.09912109375,-0.002709375910474195,0.007897337934208336
2025-04-05 04:00:00+00:00,1807.9500732421875,-0.0011879595820109428,0.007875113621334463
2025-04-05 05:00:00+00:00,1810.3682861328125,0.0013366503499605631,0.00762320689821675
2025-04-05 06:00:00+00:00,1808.1221923828125,-0.0012414536126655663,0.007610571262622611
2025-04-05 07:00:00+00:00,1812.3134765625,0.0023153489995909617,0.00738250789008316
2025-04-05 08:00:00+00:00,1813.5372314453125,0.0006750167217731603,0.007276585772295008
2025-04-05 09:00:00+00:00,1820.1646728515625,0.0036477668942802755,0.00731284472759916
2025-04-05 10:00:00+00:00,1818.2413330078125,-0.0010572432102441153,0.004689678118823068
2025-04-05 11:00:00+00:00,1807.19677734375,-0.006092830435789574,0.004898009912796643
2025-04-05 12:00:00+00:00,1796.5692138671875,-0.005898049046952112,0.005062404186262858
2025-04-05 13:00:00+00:00,1786.21240234375,-0.005781452224025805,0.004883207997560392
2025-04-05 14:00:00+00:00,1791.4610595703125,0.0029341196439170592,0.00472728029894175
2025-04-05 15:00:00+00:00,1781.7232666015625,-0.00545049803609896,0.004818370928407545
2025-04-05 16:00:00+00:00,1784.085205078125,0.0013247704360782706,0.004818263926391781
2025-04-05 17:00:00+00:00,1787.3441162109375,0.0018249903577228202,0.003754242148719002
2025-04-05 18:00:00+00:00,1793.0478515625,0.003186098185835785,0.003343853784272206
2025-04-05 19:00:00+00:00,1780.75244140625,-0.00688088738062352,0.003528653090549904
2025-04-05 20:00:00+00:00,1789.6158447265625,0.004964990061372448,0.003541825613922922
2025-04-05 21:00:00+00:00,1789.6776123046875,3.451383848381565e-05,0.00354479648834184
2025-04-05 22:00:00+00:00,1796.27001953125,0.0036768047558033926,0.003645287645613333
2025-04-05 23:00:00+00:00,1806.060546875,0.005435676304346575,0.0038242700611200147
2025-04-06 00:00:00+00:00,1809.2930908203125,0.0017882315981596676,0.00371799962365588
2025-04-06 01:00:00+00:00,1809.6842041015625,0.0002161457510780083,0.003697475957426563
2025-04-06 02:00:00+00:00,1805.2662353515625,-0.002444277465813058,0.0036965606581518136
2025-04-06 03:00:00+00:00,1808.43212890625,0.001752163044907906,0.003678292377961221
2025-04-06 04:00:00+00:00,1808.77294921875,0.00018844400919905158,0.0036703110149296984
2025-04-06 05:00:00+00:00,1811.2530517578125,0.0013702127699759864,0.00367084125544557
2025-04-06 06:00:00+00:00,1800.4609375,-0.005976191032731587,0.0038637619664780055
2025-04-06 07:00:00+00:00,1797.517333984375,-0.0016362545575685716,0.003837043146481817
2025-04-06 08:00:00+00:00,1794.2310791015625,-0.0018298919756422085,0.0038422530957317254
2025-04-06 09:00:00+00:00,1789.498046875,-0.0026414021886425197,0.0037645971379037906
2025-04-06 10:00:00+00:00,1788.8460693359375,-0.0003644018155344232,0.0037644589896230944
2025-04-06 11:00:00+00:00,1789.103271484375,0.00014377070460220277,0.0035855069927226003
2025-04-06 12:00:00+00:00,1778.6199951171875,-0.005876748702081136,0.003584094233573733
2025-04-06 13:00:00+00:00,1748.8251953125,-0.016893534437173043,0.004813816638728948
2025-04-06 14:00:00+00:00,1767.3726806640625,0.01054983708649766,0.005302473510810975
2025-04-06 15:00:00+00:00,1759.408447265625,-0.004516439579071876,0.005268366868036535
2025-04-06 16:00:00+00:00,1738.3572998046875,-0.012037056314757795,0.005748511274176244
2025-04-06 17:00:00+00:00,1683.119140625,-0.03229188339968681,0.008539319732877549
2025-04-06 18:00:00+00:00,1616.423583984375,-0.04043265877600305,0.011428684882195754
2025-04-06 19:00:00+00:00,1626.8677978515625,0.006440525219620542,0.011620822765523982
2025-04-06 20:00:00+00:00,1576.1600341796875,-0.03166503896295595,0.012772651705545188
2025-04-06 21:00:00+00:00,1588.0125732421875,0.0074917496417586825,0.012996606307699079
2025-04-06 22:00:00+00:00,1575.10791015625,-0.008159496136894021,0.012877804578858901
2025-04-06 23:00:00+00:00,1572.94482421875,-0.0013742376385891724,0.012700767160784322
2025-04-07 00:00:00+00:00,1572.4805908203125,-0.0002951800412043457,0.012653978587305431
2025-04-07 01:00:00+00:00,1600.5592041015625,0.0176987041116982,0.01349342708512456
2025-04-07 02:00:00+00:00,1576.9989013671875,-0.014829459426754838,0.013622990901448953
2025-04-07 03:00:00+00:00,1540.2332763671875,-0.023589728206272392,0.014002539854876544
2025-04-07 04:00:00+00:00,1549.059814453125,0.005714292457390643,0.01416502353720882
2025-04-07 05:00:00+00:00,1537.783935546875,-0.007305798396879656,0.014066915892777879
2025-04-07 06:00:00+00:00,1432.3082275390625,-0.07105508910295756,0.01922428384016285
2025-04-07 07:00:00+00:00,1461.1844482421875,0.01996008466928169,0.02009560330709444
2025-04-07 08:00:00+00:00,1493.869873046875,0.02212261047511306,0.021021541490939114
2025-04-07 09:00:00+00:00,1482.7125244140625,-0.007496786178363585,0.02099475511974246
2025-04-07 10:00:00+00:00,1490.084716796875,0.004959778213753242,0.021104974907648125
2025-04-07 11:00:00+00:00,1481.6112060546875,-0.0057028268887188,0.02104519323729088
2025-04-07 12:00:00+00:00,1518.388427734375,0.024519379126346087,0.022059757583644667
2025-04-07 13:00:00+00:00,1549.2122802734375,0.020097067986019266,0.022594408675350616
2025-04-07 14:00:00+00:00,1568.4520263671875,0.012342567029464579,0.022651115901036037
2025-04-07 15:00:00+00:00,1555.7733154296875,-0.00811643153276209,0.022659863987779028
2025-04-07 16:00:00+00:00,1526.748291015625,-0.018832557212576827,0.022792056901358597
2025-04-07 17:00:00+00:00,1565.6497802734375,0.025160759125895008,0.02286273146144164
2025-04-07 18:00:00+00:00,1549.850830078125,-0.01014224524475225,0.021502941442714044
2025-04-07 19:00:00+00:00,1547.2901611328125,-0.0016535698801232641,0.021432214099644666
2025-04-07 20:00:00+00:00,1567.63232421875,0.013061289565906412,0.02068007901032952
2025-04-07 21:00:00+00:00,1570.051513671875,0.0015420227514832822,0.020619110047233744
2025-04-07 22:00:00+00:00,1580.5296630859375,0.006651590585235842,0.020600720234550497
2025-04-07 23:00:00+00:00,1553.4345703125,-0.01729168929651301,0.02090566557303858
2025-04-08 00:00:00+00:00,1546.1878662109375,-0.004675870983203573,0.020922733936758642
2025-04-08 01:00:00+00:00,1592.4334716796875,0.029470871182795153,0.02150283484836511
2025-04-08 02:00:00+00:00,1588.0186767578125,-0.002776207627941541,0.02128625527901667
2025-04-08 03:00:00+00:00,1583.8267822265625,-0.0026431911806534428,0.02068551453727845
2025-04-08 04:00:00+00:00,1599.257568359375,0.009695569022223918,0.020739494403388896
2025-04-08 05:00:00+00:00,1590.8231201171875,-0.0052879338923859254,0.020707032669888065
2025-04-08 06:00:00+00:00,1576.9022216796875,-0.008789264568392718,0.014069549989832508
2025-04-08 07:00:00+00:00,1570.2684326171875,-0.004215722384330055,0.013739304034882827
2025-04-08 08:00:00+00:00,1566.2471923828125,-0.0025641462810361295,0.013157186219456964
2025-04-08 09:00:00+00:00,1568.2176513671875,0.001257285911420432,0.013003739938833562
2025-04-08 10:00:00+00:00,1566.0435791015625,-0.001387295094086679,0.013012599744102184
2025-04-08 11:00:00+00:00,1588.252685546875,0.01408204657626102,0.013124877853723809
2025-04-08 12:00:00+00:00,1572.4951171875,-0.009970867586852346,0.012529021272802914
2025-04-08 13:00:00+00:00,1568.759033203125,-0.0023787223619416735,0.011899497897340712
2025-04-08 14:00:00+00:00,1533.3140869140625,-0.02285341936291547,0.012531447150654709
2025-04-08 15:00:00+00:00,1531.279541015625,-0.0013277755189477812,0.01243878765979323
2025-04-08 16:00:00+00:00,1485.6109619140625,-0.030277577408524214,0.013351620298972968
2025-04-08 17:00:00+00:00,1479.910400390625,-0.003844564141340034,0.01212391424572002
2025-04-08 18:00:00+00:00,1474.6441650390625,-0.003564829020337524,0.012013875602394999
2025-04-08 19:00:00+00:00,1466.662109375,-0.005427571639484817,0.012032836743307965
2025-04-08 20:00:00+00:00,1479.6663818359375,0.008827499680259487,0.011828208713529968
2025-04-08 21:00:00+00:00,1475.5174560546875,-0.002807898753369964,0.011798367854193538
2025-04-08 22:00:00+00:00,1467.585205078125,-0.005390413517204714,0.011643411836020943
2025-04-08 23:00:00+00:00,1471.2744140625,0.002510641133181178,0.011289468043185926
2025-04-09 00:00:00+00:00,1464.7763671875,-0.0044263931170102355,0.011287265504170627
2025-04-09 01:00:00+00:00,1433.3809814453125,-0.021666604085118037,0.00976173119819893
2025-04-09 02:00:00+00:00,1415.83935546875,-0.012313437039773206,0.009886737076930933
2025-04-09 03:00:00+00:00,1417.378662109375,0.001086613725123526,0.00995092202295547
2025-04-09 04:00:00+00:00,1439.5233154296875,0.015502874800415132,0.010375857864331097
2025-04-09 05:00:00+00:00,1457.0645751953125,0.01211181905314409,0.01090440826822521
2025-04-09 06:00:00+00:00,1459.1834716796875,0.0014531664132734444,0.010895340540766242
2025-04-09 07:00:00+00:00,1484.9669189453125,0.017515481902146968,0.011684510311635813
2025-04-09 08:00:00+00:00,1482.0313720703125,-0.0019787998137848453,0.011684605244803789
2025-04-09 09:00:00+00:00,1480.51416015625,-0.0010242624325616466,0.011663643351642028
2025-04-09 10:00:00+00:00,1494.031982421875,0.009089060769369812,0.011896820390813832
2025-04-09 11:00:00+00:00,1453.4425048828125,-0.027543609814804183,0.012476325769774378
2025-04-09 12:00:00+00:00,1463.9345703125,0.007192838220642753,0.012592375251249979
2025-04-09 13:00:00+00:00,1488.60888671875,0.016714328644990794,0.013219555657087078
2025-04-09 14:00:00+00:00,1472.6153564453125,-0.010802076760625386,0.012615423332372793
2025-04-09 15:00:00+00:00,1483.713134765625,0.007507846630034514,0.012754397524851966
2025-04-09 16:00:00+00:00,1501.3411865234375,0.011811012320769223,0.011423000279435304
2025-04-09 17:00:00+00:00,1632.2774658203125,0.08361742494607438,0.020411788514062855
2025-04-09 18:00:00+00:00,1628.512451171875,-0.00230926641545488,0.020392934998276192
2025-04-09 19:00:00+00:00,1642.033203125,0.00826824047710365,0.020305134163119683
2025-04-09 20:00:00+00:00,1663.2493896484375,0.012837920702798286,0.02035696165524449
2025-04-09 21:00:00+00:00,1670.5281982421875,0.004366710116660147,0.02029183607149702
2025-04-09 22:00:00+00:00,1671.1136474609375,0.00035039615361091907,0.020195518923714125
2025-04-09 23:00:00+00:00,1668.0291748046875,-0.0018474642731600656,0.02024227320977238
2025-04-10 00:00:00+00:00,1646.4383544921875,-0.013028412873029794,0.020495256648612466
2025-04-10 01:00:00+00:00,1636.5994873046875,-0.005993775958118778,0.019852533927065694
2025-04-10 02:00:00+00:00,1631.45947265625,-0.003145609641515579,0.0195807255613743
2025-04-10 03:00:00+00:00,1614.2957763671875,-0.010576186409656569,0.019848433709934655
2025-04-10 04:00:00+00:00,1618.09033203125,0.00234783672487392,0.019739236098222136
2025-04-10 05:00:00+00:00,1617.007568359375,-0.0006693854378715349,0.019707815211470865
2025-04-10 06:00:00+00:00,1615.6561279296875,-0.0008361157456436543,0.019727923590990466
2025-04-10 07:00:00+00:00,1594.366943359375,-0.01326438859698334,0.01982790038217396
2025-04-10 08:00:00+00:00,1590.6551513671875,-0.0023307804857641574,0.019831843435023706
2025-04-10 09:00:00+00:00,1604.4544677734375,0.008637827086176606,0.01984578329021778
2025-04-10 10:00:00+00:00,1594.0313720703125,-0.006517541812806505,0.01990514821694808
2025-04-10 11:00:00+00:00,1593.1943359375,-0.0005252443527629491,0.018856760705179984
2025-04-10 12:00:00+00:00,1591.1033935546875,-0.0013132834056123256,0.018870646602989493
2025-04-10 13:00:00+00:00,1567.7080078125,-0.01481304868510023,0.019005519257152468
2025-04-10 14:00:00+00:00,1565.34423828125,-0.001508924712438867,0.01882380988923462
2025-04-10 15:00:00+00:00,1495.0396728515625,-0.04595301685243211,0.021221402551111473
2025-04-10 16:00:00+00:00,1508.4683837890625,0.008942077174389633,0.021161838351206018
2025-04-10 17:00:00+00:00,1513.0943603515625,0.003061978564429384,0.011569920113390917
2025-04-10 18:00:00+00:00,1518.6480712890625,0.003663713046154821,0.011652939077724004
2025-04-10 19:00:00+00:00,1523.534912109375,0.003212722607620324,0.011486589089997562
2025-04-10 20:00:00+00:00,1528.102294921875,0.002993400534282595,0.01105976264562217
2025-04-10 21:00:00+00:00,1522.862060546875,-0.0034351365125419053,0.010931445611396058
2025-04-10 22:00:00+00:00,1524.9630126953125,0.0013786568656152234,0.010950647698515786
2025-04-10 23:00:00+00:00,1521.3065185546875,-0.002400638459050321,0.010946911548195186
2025-04-11 00:00:00+00:00,1507.21826171875,-0.009303776248519219,0.0108367792227047
2025-04-11 01:00:00+00:00,1543.1512451171875,0.02356084765665517,0.012160894144071462
2025-04-11 02:00:00+00:00,1533.9434814453125,-0.005984730385610008,0.012181748589141936
2025-04-11 03:00:00+00:00,1542.9879150390625,0.00587888287206543,0.01217449803701675
2025-04-11 04:00:00+00:00,1546.91357421875,0.0025409621021896885,0.012177479105597728
2025-04-11 05:00:00+00:00,1549.0550537109375,0.0013833989236180363,0.01219350939366654
2025-04-11 06:00:00+00:00,1551.377197265625,0.0014979485445410757,0.012210734304499652
2025-04-11 07:00:00+00:00,1552.21875,0.0005423081930115549,0.011964557436782151
2025-04-11 08:00:00+00:00,1548.978271484375,-0.0020898251046544128,0.011963595086833725
2025-04-11 09:00:00+00:00,1561.521484375,0.008065122562777713,0.011943869301102502
2025-04-11 10:00:00+00:00,1566.5379638671875,0.0032074094982955208,0.011918085949959205
2025-04-11 11:00:00+00:00,1557.4287109375,-0.0058318667870502685,0.011963359665089629
2025-04-11 12:00:00+00:00,1554.82763671875,-0.0016715042295983207,0.011964061221672474
2025-04-11 13:00:00+00:00,1568.8154296875,0.008956136261898841,0.011749411356891167
2025-04-11 14:00:00+00:00,1555.802490234375,-0.008329347792840112,0.011870100584502523
2025-04-11 15:00:00+00:00,1565.003173828125,0.0058963685925657585,0.006846689253615366
2025-04-11 16:00:00+00:00,1566.7794189453125,0.0011343350025294937,0.006681310079320796
2025-04-11 17:00:00+00:00,1579.3065185546875,0.007963651383733754,0.00680239227863229
2025-04-11 18:00:00+00:00,1562.2728271484375,-0.010844136948337049,0.0072575322717408795
2025-04-11 19:00:00+00:00,1565.99169921875,0.002377595494788474,0.007249360134198556
2025-04-11 20:00:00+00:00,1570.3536376953125,0.0027815440076564683,0.007247140494004499
2025-04-11 21:00:00+00:00,1573.1295166015625,0.001766117069208495,0.007181964633487458
2025-04-11 22:00:00+00:00,1566.0172119140625,-0.004531369491472256,0.0072816794141547765
2025-04-11 23:00:00+00:00,1567.750244140625,0.0011060376543800285,0.007243319335606158
2025-04-12 00:00:00+00:00,1561.636962890625,-0.003907019887322266,0.006980336405480168
2025-04-12 01:00:00+00:00,1554.3743896484375,-0.004661463371829603,0.00526482685317016
2025-04-12 02:00:00+00:00,1549.225341796875,-0.003318116394713528,0.00515334227437788
2025-04-12 03:00:00+00:00,1553.9193115234375,0.0030253009969407967,0.005053706223768657
2025-04-12 04:00:00+00:00,1566.7550048828125,0.008226277042864829,0.005291266263467928
2025-04-12 05:00:00+00:00,1567.625244140625,0.000555286347560886,0.0052881654736210105
2025-04-12 06:00:00+00:00,1572.9542236328125,0.003393631437280301,0.005317847622162278
2025-04-12 07:00:00+00:00,1580.4080810546875,0.004727570500573917,0.005384911081084671
2025-04-12 08:00:00+00:00,1591.8951416015625,0.007242126585683557,0.005506492046993243
2025-04-12 09:00:00+00:00,1597.5086669921875,0.0035201131772798436,0.005333360466596666
2025-04-12 10:00:00+00:00,1591.3511962890625,-0.003861868266302919,0.005398050177174203
2025-04-12 11:00:00+00:00,1593.9443359375,0.0016281944297308673,0.005220142527237054
2025-04-12 12:00:00+00:00,1606.3299560546875,0.007740387745540508,0.0053649386534652885
2025-04-12 13:00:00+00:00,1638.0906982421875,0.019579308719142458,0.006364252779658765
2025-04-12 14:00:00+00:00,1655.2100830078125,0.010396583916164355,0.006214484132947684
2025-04-12 15:00:00+00:00,1655.5546875,0.00020817213986426395,0.006190956299724285
2025-04-12 16:00:00+00:00,1642.3363037109375,-0.008016307761518326,0.006540577274729886
2025-04-12 17:00:00+00:00,1633.72607421875,-0.005256462377226022,0.006569810092743362
2025-04-12 18:00:00+00:00,1650.01318359375,0.009919936789933883,0.006244862647228814
2025-04-12 19:00:00+00:00,1642.074951171875,-0.004822621681020006,0.006410560723430601
2025-04-12 20:00:00+00:00,1650.362060546875,0.00503403821921156,0.00643928052569599
2025-04-12 21:00:00+00:00,1646.9176025390625,-0.0020892733481566515,0.006495054978127048
2025-04-12 22:00:00+00:00,1649.7576904296875,0.0017230017158830198,0.006349209631403435
2025-04-12 23:00:00+00:00,1643.217041015625,-0.003972492077108278,0.006469714152778378
2025-04-13 00:00:00+00:00,1642.98193359375,-0.00014308775828408547,0.006366127906682735
2025-04-13 01:00:00+00:00,1615.4754638671875,-0.016883524790579554,0.007345369409691965
2025-04-13 02:00:00+00:00,1626.31494140625,0.006687365054377478,0.007337646677871652
2025-04-13 03:00:00+00:00,1623.798828125,-0.0015483235125462248,0.0073698156177756
2025-04-13 04:00:00+00:00,1606.939697265625,-0.010436798744818484,0.007645348279657121
2025-04-13 05:00:00+00:00,1608.630126953125,0.001051402977159332,0.007644608489698994
2025-04-13 06:00:00+00:00,1616.6209716796875,0.004955186949916423,0.0076717900823942775
2025-04-13 07:00:00+00:00,1614.252197265625,-0.001466337249796646,0.007650040755049892
2025-04-13 08:00:00+00:00,1620.087158203125,0.0036081354653801235,0.0075540616071950225
2025-04-13 09:00:00+00:00,1626.4483642578125,0.003918770733481312,0.007560895469983474
2025-04-13 10:00:00+00:00,1616.8712158203125,-0.005905786363170875,0.007626305687764626
2025-04-13 11:00:00+00:00,1602.6534423828125,-0.008832276421595849,0.007863950840793747
2025-04-13 12:00:00+00:00,1602.584228515625,-4.318797811882451e-05,0.007699401284546187
2025-04-13 13:00:00+00:00,1570.21484375,-0.020405015976688087,0.007581671232016281
2025-04-13 14:00:00+00:00,1584.858154296875,0.00928245761645672,0.007507023614599897
2025-04-13 15:00:00+00:00,1586.3082275390625,0.000914536273820748,0.007516657330640575
2025-04-13 16:00:00+00:00,1595.0089111328125,0.005469876097134766,0.007534274162380219
2025-04-13 17:00:00+00:00,1640.44873046875,0.028090497411194626,0.0095598113898784
2025-04-13 18:00:00+00:00,1629.294677734375,-0.006822612424550527,0.009427440190878133
2025-04-13 19:00:00+00:00,1588.197998046875,-0.02554716916380607,0.010701164992514587
2025-04-13 20:00:00+00:00,1592.9451904296875,0.002984584864904738,0.01065575380397131
2025-04-13 21:00:00+00:00,1594.14453125,0.0007526244829365243,0.01066442256352748
2025-04-13 22:00:00+00:00,1586.68505859375,-0.004690277250284009,0.010664240074186133
2025-04-13 23:00:00+00:00,1597.0184326171875,0.006491440134589477,0.01077736323091663
2025-04-14 00:00:00+00:00,1610.819091796875,0.008604391101165969,0.010960602724957585
2025-04-14 01:00:00+00:00,1613.7783203125,0.0018354101105763562,0.010420831080426107
2025-04-14 02:00:00+00:00,1635.132568359375,0.013145670222599362,0.010682311987226897
2025-04-14 03:00:00+00:00,1627.7294921875,-0.0045377884433244545,0.01072125085207843
2025-04-14 04:00:00+00:00,1638.2427978515625,0.006438108498438365,0.010552142796768619
2025-04-14 05:00:00+00:00,1623.9560546875,-0.008759021230895458,0.010730644337911271
2025-04-14 06:00:00+00:00,1623.6514892578125,-0.00018756295301029175,0.010686883004096601
2025-04-14 07:00:00+00:00,1635.02392578125,0.006979819248640136,0.010769035294250296
2025-04-14 08:00:00+00:00,1636.8712158203125,0.0011291866978611629,0.010750127199927524
2025-04-14 09:00:00+00:00,1641.1826171875,0.0026304655584247797,0.010735152217848595
2025-04-14 10:00:00+00:00,1680.1983642578125,0.023494770404183685,0.011627580548940456
2025-04-14 11:00:00+00:00,1674.8248291015625,-0.003203280240629911,0.011463599243035473
2025-04-14 12:00:00+00:00,1675.037109375,0.00012673971502130105,0.011462440977412227
2025-04-14 13:00:00+00:00,1659.8109130859375,-0.009131631781448562,0.01071792476680222
2025-04-14 14:00:00+00:00,1673.8956298828125,0.008449934282414617,0.01069570873598977
2025-04-14 15:00:00+00:00,1628.2479248046875,-0.027649078434045994,0.012319836637392539
2025-04-14 16:00:00+00:00,1628.80224609375,0.0003403824106656169,0.012284945129614857
2025-04-14 17:00:00+00:00,1647.5189208984375,0.01142554558073261,0.011092826548310444
2025-04-14 18:00:00+00:00,1639.8359375,-0.004674273218473782,0.011042422080021718
2025-04-14 19:00:00+00:00,1632.665283203125,-0.004382376225056167,0.009648193158353116
2025-04-14 20:00:00+00:00,1636.842529296875,0.0025552765775337244,0.009645042503182717
2025-04-14 21:00:00+00:00,1625.552001953125,-0.006921647466144556,0.009784396062397904
2025-04-14 22:00:00+00:00,1620.7906494140625,-0.002933366230579223,0.00974793666799568
2025-04-14 23:00:00+00:00,1621.7137451171875,0.0005693720752511697,0.009674555910495219
2025-04-15 00:00:00+00:00,1630.03857421875,0.005120222250322049,0.009575472407080085
2025-04-15 01:00:00+00:00,1634.3201904296875,0.002623252512938964,0.009581618735149063
2025-04-15 02:00:00+00:00,1628.3199462890625,-0.003678156740480507,0.009227159196489993
2025-04-15 03:00:00+00:00,1638.1771240234375,0.0060353384332347835,0.009262090162136312
2025-04-15 04:00:00+00:00,1639.2408447265625,0.0006491211988327336,0.00916929540439721
2025-04-15 05:00:00+00:00,1639.611328125,0.00022598359455281128,0.008976438575034927
2025-04-15 06:00:00+00:00,1636.2491455078125,-0.0020527026867112426,0.008989808200323307
2025-04-15 07:00:00+00:00,1644.3311767578125,0.004927206047054849,0.008933301040985839
2025-04-15 08:00:00+00:00,1639.860107421875,-0.0027227842176454926,0.008951150716370485
2025-04-15 09:00:00+00:00,1647.4359130859375,0.004609149300008041,0.008984750956133242
2025-04-15 10:00:00+00:00,1632.7320556640625,-0.008965367658297146,0.007665423362684619
2025-04-15 11:00:00+00:00,1631.3990478515625,-0.0008167612417089039,0.007653696095172787
2025-04-15 12:00:00+00:00,1641.67041015625,0.006276308006254183,0.007797941427638506
2025-04-15 13:00:00+00:00,1629.888671875,-0.0072025532285997906,0.0077182761389289365
2025-04-15 14:00:00+00:00,1621.06982421875,-0.005425396416890682,0.007515571627525703
2025-04-15 15:00:00+00:00,1619.0120849609375,-0.0012701774783144414,0.005012018991814504
2025-04-15 16:00:00+00:00,1621.966064453125,0.001822894307827338,0.005028553072219275
2025-04-15 17:00:00+00:00,1616.1431884765625,-0.003596470531483085,0.004419865449095591
2025-04-15 18:00:00+00:00,1610.45654296875,-0.003524857043938456,0.004382139250720732
2025-04-15 19:00:00+00:00,1607.6300048828125,-0.001756658045558104,0.004319930723003196
2025-04-15 20:00:00+00:00,1595.1966552734375,-0.007764024335704573,0.004497567381550091
2025-04-15 21:00:00+00:00,1605.003173828125,0.006128710564126157,0.00454843522017401
2025-04-15 22:00:00+00:00,1590.405517578125,-0.009136707826734721,0.00485675243420606
2025-04-15 23:00:00+00:00,1587.3021240234375,-0.0019532284850283066,0.004853382610559127
2025-04-16 00:00:00+00:00,1580.0706787109375,-0.004566218331545863,0.004732790381473016
2025-04-16 01:00:00+00:00,1597.0316162109375,0.010677086888874011,0.005277086665671493
2025-04-16 02:00:00+00:00,1597.6143798828125,0.00036483771851500874,0.005251066618583968
2025-04-16 03:00:00+00:00,1591.774658203125,-0.0036619729583706995,0.005072849345257468
2025-04-16 04:00:00+00:00,1585.431396484375,-0.003992986314147164,0.005087864328307807
2025-04-16 05:00:00+00:00,1569.4560546875,-0.010127447388678733,0.005375617841920238
2025-04-16 06:00:00+00:00,1576.7633056640625,0.004645107844485383,0.005534631659560422
2025-04-16 07:00:00+00:00,1564.1474609375,-0.008033283024890031,0.005508098142936812
2025-04-16 08:00:00+00:00,1575.37451171875,0.007152107063917189,0.005818321189976441
2025-04-16 09:00:00+00:00,1569.336181640625,-0.0038403135219947848,0.005675641853965539
2025-04-16 10:00:00+00:00,1581.470703125,0.007702523145378386,0.005807535766653347
2025-04-16 11:00:00+00:00,1583.55029296875,0.0013141082764275551,0.005831946903167005
2025-04-16 12:00:00+00:00,1578.2081298828125,-0.003379238673614371,0.005620060610351915
2025-04-16 13:00:00+00:00,1571.3408203125,-0.004360827891085093,0.005526994989732655
2025-04-16 14:00:00+00:00,1590.5419921875,0.012145553172340574,0.006119738582257733
2025-04-16 15:00:00+00:00,1591.8338623046875,0.0008118903908392462,0.006127420185406326
2025-04-16 16:00:00+00:00,1591.8787841796875,2.8219804983176507e-05,0.006106137853504828
2025-04-16 17:00:00+00:00,1547.1412353515625,-0.028506080224885225,0.0083209896558282
2025-04-16 18:00:00+00:00,1566.57373046875,0.012482033603135182,0.008805625657557598
2025-04-16 19:00:00+00:00,1590.3897705078125,0.015088227563770268,0.009406114345740083
2025-04-16 20:00:00+00:00,1571.9229736328125,-0.011679431029509866,0.009571009222622714
2025-04-16 21:00:00+00:00,1594.932861328125,0.01453194829444556,0.009973580885993576
2025-04-16 22:00:00+00:00,1589.3743896484375,-0.003491168965342084,0.009820575595274689
2025-04-16 23:00:00+00:00,1577.55859375,-0.007462015007745627,0.00993130668442905
2025-04-17 00:00:00+00:00,1584.323486328125,0.004279035542106762,0.009928544852375359
2025-04-17 01:00:00+00:00,1588.32568359375,0.0025229385123778808,0.00968788833580051
2025-04-17 02:00:00+00:00,1591.0369873046875,0.0017055646988681184,0.009695316716049934
2025-04-17 03:00:00+00:00,1584.420654296875,-0.004167174202358941,0.009703768428140483
2025-04-17 04:00:00+00:00,1590.045654296875,0.003543906496616786,0.00969739700048354
2025-04-17 05:00:00+00:00,1598.40380859375,0.005242782448981317,0.00949659980908995
2025-04-17 06:00:00+00:00,1603.5194091796875,0.0031953326738933447,0.009475409792975148
2025-04-17 07:00:00+00:00,1601.13427734375,-0.0014885429189271725,0.009305767757252587
2025-04-17 08:00:00+00:00,1595.701904296875,-0.0033985965918045665,0.009250256213278078
2025-04-17 09:00:00+00:00,1594.4373779296875,-0.0007927719272076657,0.009208417836582175
2025-04-17 10:00:00+00:00,1593.1734619140625,-0.0007930178088641787,0.009088480296766862
2025-04-17 11:00:00+00:00,1593.6231689453125,0.00028223139806317495,0.009085950184830306
2025-04-17 12:00:00+00:00,1600.1748046875,0.0041027297194426585,0.009083861607395374
2025-04-17 13:00:00+00:00,1591.9715576171875,-0.0051396547635103595,0.009103634116976522
2025-04-17 14:00:00+00:00,1570.09912109375,-0.01383446962230736,0.009208092826240242
2025-04-17 15:00:00+00:00,1582.769287109375,0.008037274367663773,0.009370858528003952
2025-04-17 16:00:00+00:00,1605.4375,0.014220278917434903,0.009825158265068738
2025-04-17 17:00:00+00:00,1610.198486328125,0.0029611497241742715,0.0076696735267272375
2025-04-17 18:00:00+00:00,1603.48388671875,-0.0041787635496185905,0.00739714724423161
2025-04-17 19:00:00+00:00,1580.9951171875,-0.014124221491981193,0.007376467546277976
2025-04-17 20:00:00+00:00,1583.1068115234375,0.0013347829476036337,0.006966451115973207
2025-04-17 21:00:00+00:00,1589.8756103515625,0.004266527951310224,0.006341453939583501
2025-04-17 22:00:00+00:00,1580.644287109375,-0.005823240116450976,0.006412626604237508
2025-04-17 23:00:00+00:00,1582.433837890625,0.0011315249901944508,0.006228500300642895
2025-04-18 00:00:00+00:00,1579.0335693359375,-0.0021510706439874182,0.006180314348158967
2025-04-18 01:00:00+00:00,1582.2203369140625,0.0020161421714949765,0.006171682265206421
2025-04-18 02:00:00+00:00,1585.060302734375,0.0017933154049360692,0.006172861702583011
2025-04-18 03:00:00+00:00,1584.3514404296875,-0.000447314753620178,0.006114209909137687
2025-04-18 04:00:00+00:00,1580.9881591796875,-0.0021250689917169194,0.00608068538320143
2025-04-18 05:00:00+00:00,1580.9520263671875,-2.285483619626658e-05,0.005968288048007218
2025-04-18 06:00:00+00:00,1580.5469970703125,-0.0002562261105179714,0.005917814151588472
2025-04-18 07:00:00+00:00,1583.301025390625,0.001740936351145967,0.005933457109468653
2025-04-18 08:00:00+00:00,1585.9083251953125,0.0016453948631946443,0.005914391723398011
2025-04-18 09:00:00+00:00,1588.2554931640625,0.0014789207683521194,0.005923607243173738
2025-04-18 10:00:00+00:00,1583.814453125,-0.0028000914329941794,0.005947026557297473
2025-04-18 11:00:00+00:00,1590.21875,0.004035437033062186,0.006010515354054038
2025-04-18 12:00:00+00:00,1593.071533203125,0.0017923492443622632,0.005958737661720534
2025-04-18 13:00:00+00:00,1592.3665771484375,-0.0004426116859124399,0.005865346851949894
2025-04-18 14:00:00+00:00,1588.781005859375,-0.0022542637296150752,0.005103770725796798
2025-04-18 15:00:00+00:00,1582.612060546875,-0.003890374333243507,0.004914403395819976
2025-04-18 16:00:00+00:00,1585.774658203125,0.0019963463979224,0.0039060885937466715
2025-04-18 17:00:00+00:00,1591.8389892578125,0.003816913627651793,0.003942918099569461
2025-04-18 18:00:00+00:00,1593.876220703125,0.001278979185991866,0.0038770227928315673
2025-04-18 19:00:00+00:00,1591.943115234375,-0.0012135689454778286,0.0025299920709465572
2025-04-18 20:00:00+00:00,1592.9229736328125,0.0006153215877921355,0.002521291318795042
2025-04-18 21:00:00+00:00,1597.165283203125,0.0026596831996938313,0.0024298838446392954
2025-04-18 22:00:00+00:00,1592.7857666015625,-0.002745822293077983,0.002165554143836512
2025-04-18 23:00:00+00:00,1589.0869140625,-0.0023249542495473916,0.002223322146336128
2025-04-19 00:00:00+00:00,1586.76611328125,-0.0014615293430670553,0.0021962495848578604
2025-04-19 01:00:00+00:00,1589.67431640625,0.001831108753314024,0.0021899256477652075
2025-04-19 02:00:00+00:00,1591.9073486328125,0.0014037248314398363,0.002178985996914882
2025-04-19 03:00:00+00:00,1598.1240234375,0.003897568361820386,0.0023016743395916873
2025-04-19 04:00:00+00:00,1603.292724609375,0.003229011446878531,0.0023097299836814726
2025-04-19 05:00:00+00:00,1602.339599609375,-0.0005946564868876765,0.002319188672771055
2025-04-19 06:00:00+00:00,1596.4371337890625,-0.0036904560782372482,0.0024726036307208114
2025-04-19 07:00:00+00:00,1600.93212890625,0.0028116853007407153,0.0025069558283775085
2025-04-19 08:00:00+00:00,1602.529296875,0.0009971514488897877,0.002497117795909253
2025-04-19 09:00:00+00:00,1598.5823974609375,-0.002465956699429361,0.002554547977251433
2025-04-19 10:00:00+00:00,1596.7083740234375,-0.0011729909960608203,0.002490309649691091
2025-04-19 11:00:00+00:00,1596.1968994140625,-0.00032038195307892335,0.002364669570853263
2025-04-19 12:00:00+00:00,1597.0418701171875,0.0005292248928635601,0.0023406082526909967
2025-04-19 13:00:00+00:00,1604.4837646484375,0.004648976009369713,0.0025133126520280927
2025-04-19 14:00:00+00:00,1605.8111572265625,0.0008269599436029029,0.0024543228225570716
2025-04-19 15:00:00+00:00,1606.4755859375,0.0004136795831360086,0.0022744824675153723
2025-04-19 16:00:00+00:00,1599.561279296875,-0.00431331120078857,0.0024655439093476156
2025-04-19 17:00:00+00:00,1618.246826171875,0.011613965963269279,0.0033098840085030593
2025-04-19 18:00:00+00:00,1614.781982421875,-0.0021434050122294103,0.003356599589584525
2025-04-19 19:00:00+00:00,1614.50439453125,-0.00017191903034041055,0.003339590887892474
2025-04-19 20:00:00+00:00,1614.98486328125,0.0002975509222597635,0.003340100970591131
2025-04-19 21:00:00+00:00,1620.0787353515625,0.0031491660826885167,0.0033548575853500776
2025-04-19 22:00:00+00:00,1618.367919921875,-0.0010565655519164593,0.0032990069989475975
2025-04-19 23:00:00+00:00,1613.7952880859375,-0.0028294579155234054,0.0033204176120874168
2025-04-20 00:00:00+00:00,1610.443603515625,-0.002079055485832447,0.0033397701556358798
2025-04-20 01:00:00+00:00,1616.7490234375,0.003907686137395925,0.003398962394601632
2025-04-20 02:00:00+00:00,1615.8565673828125,-0.0005521589642089624,0.0034048903225892086
2025-04-20 03:00:00+00:00,1611.036865234375,-0.0029872109712347442,0.003406961655912742
2025-04-20 04:00:00+00:00,1614.2498779296875,0.0019923895231895726,0.003370450966455436
2025-04-20 05:00:00+00:00,1609.96044921875,-0.0026607639119957415,0.003419887282938664
2025-04-20 06:00:00+00:00,1605.32861328125,-0.002881133889681823,0.0033836797320657454
2025-04-20 07:00:00+00:00,1596.52099609375,-0.005501594688964726,0.0035303882399503324
2025-04-20 08:00:00+00:00,1589.73876953125,-0.0042571775715475125,0.0036202001955761465
2025-04-20 09:00:00+00:00,1591.181640625,0.000907203580512276,0.003599245605351831
2025-04-20 10:00:00+00:00,1573.5565185546875,-0.011138554539852347,0.004235743017508534
2025-04-20 11:00:00+00:00,1571.5086669921875,-0.0013022635342007634,0.004237579835377965
2025-04-20 12:00:00+00:00,1576.6466064453125,0.003264098221745151,0.0043068603756920044
2025-04-20 13:00:00+00:00,1577.889892578125,0.0007882528527236525,0.004174874417567334
2025-04-20 14:00:00+00:00,1580.5650634765625,0.0016939747917066807,0.004192343971023413
2025-04-20 15:00:00+00:00,1573.3377685546875,-0.004583088292426307,0.004260215174803324
2025-04-20 16:00:00+00:00,1580.7435302734375,0.004695995205353035,0.004339662353448814
2025-04-20 17:00:00+00:00,1579.6983642578125,-0.0006614050114541392,0.00349110974173035
2025-04-20 18:00:00+00:00,1581.4395751953125,0.0011016356432051143,0.0035078843838201685
2025-04-20 19:00:00+00:00,1586.08642578125,0.0029340588952495097,0.003591041761392282
2025-04-20 20:00:00+00:00,1587.046630859375,0.0006052094824224167,0.003595452765933427
2025-04-20 21:00:00+00:00,1588.193359375,0.0007222941062765455,0.0035149202531459837
2025-04-20 22:00:00+00:00,1581.2911376953125,-0.004355429153977557,0.003587979989533437
2025-04-20 23:00:00+00:00,1586.8194580078125,0.003489982913622479,0.003676057632119447
2025-04-21 00:00:00+00:00,1610.6282958984375,0.014892676767194036,0.00484596204484366
2025-04-21 01:00:00+00:00,1625.584228515625,0.009242927638476804,0.005145879263771401
2025-04-21 02:00:00+00:00,1632.009521484375,0.003944814359400462,0.005197881711119076
2025-04-21 03:00:00+00:00,1634.2884521484375,0.0013954213928147174,0.005149943314001081
2025-04-21 04:00:00+00:00,1640.1416015625,0.003575068364386063,0.0051786404109634586
2025-04-21 05:00:00+00:00,1648.201171875,0.004901913824831863,0.005197654353529225
2025-04-21 06:00:00+00:00,1647.9329833984375,-0.0001627291029554998,0.005139188053377899
2025-04-21 07:00:00+00:00,1645.48681640625,-0.0014854877851630357,0.004978037280362737
2025-04-21 08:00:00+00:00,1648.8831787109375,0.002061919889404187,0.0048387737484351405
2025-04-21 09:00:00+00:00,1642.267822265625,-0.004020092273284698,0.004968777480443805
2025-04-21 10:00:00+00:00,1635.4449462890625,-0.004163199348431984,0.004377360868246982
2025-04-21 11:00:00+00:00,1626.1162109375,-0.005720426716379161,0.004592653886281908
2025-04-21 12:00:00+00:00,1624.3106689453125,-0.0011109569571098685,0.004603226095011695
2025-04-21 13:00:00+00:00,1613.850830078125,-0.006460378983610992,0.0048645990848152154
2025-04-21 14:00:00+00:00,1629.7735595703125,0.009817941587037818,0.005191112821430002
2025-04-21 15:00:00+00:00,1623.3326416015625,-0.00395986235114858,0.005161998931234756
2025-04-21 16:00:00+00:00,1593.80712890625,-0.018355647437767155,0.00647970612690759
2025-04-21 17:00:00+00:00,1576.59375,-0.010858909461400683,0.0068709571007656905
2025-04-21 18:00:00+00:00,1569.7830810546875,-0.004329220527753105,0.006919539081404183
2025-04-21 19:00:00+00:00,1574.962646484375,0.0032941105972552178,0.006927260334155956
2025-04-21 20:00:00+00:00,1575.5740966796875,0.0003881562113605925,0.006926177949925494
2025-04-21 21:00:00+00:00,1579.051513671875,0.0022046472895336585,0.006942302795977829
2025-04-21 22:00:00+00:00,1577.9462890625,-0.000700174484486625,0.006887986557914058
2025-04-21 23:00:00+00:00,1579.609130859375,0.0010532464070802667,0.006850808309128372
2025-04-22 00:00:00+00:00,1566.016357421875,-0.008642388035516355,0.0062566837183225905
2025-04-22 01:00:00+00:00,1587.626708984375,0.013705222416128843,0.006634485226569942
2025-04-22 02:00:00+00:00,1576.4190673828125,-0.007084403493811906,0.006660135046558478
2025-04-22 03:00:00+00:00,1578.926513671875,0.0015893326118891864,0.0066638460077330245
2025-04-22 04:00:00+00:00,1577.865478515625,-0.0006722236997757877,0.006580864556742332
2025-04-22 05:00:00+00:00,1583.90380859375,0.0038195939494961493,0.006537847281211795
2025-04-22 06:00:00+00:00,1582.56787109375,-0.0008438020070324443,0.006532550745106407
2025-04-22 07:00:00+00:00,1618.823486328125,0.022650879751395615,0.008207883672969417
2025-04-22 08:00:00+00:00,1626.8802490234375,0.0049645808121758775,0.008271194863012064
2025-04-22 09:00:00+00:00,1624.480712890625,-0.0014760197939034554,0.008241167022316764
2025-04-22 10:00:00+00:00,1627.919921875,0.0021148749200763026,0.008217909097519141
2025-04-22 11:00:00+00:00,1630.9110107421875,0.00183568265366591,0.008141290742599993
2025-04-22 12:00:00+00:00,1636.20849609375,0.0032429116737545294,0.00816109088730058
2025-04-22 13:00:00+00:00,1639.2674560546875,0.001867796250030696,0.008037075794042399
2025-04-22 14:00:00+00:00,1670.5950927734375,0.018930437021130595,0.008678606487598337
2025-04-22 15:00:00+00:00,1697.7569580078125,0.01612803744176103,0.009133135697615384
2025-04-22 16:00:00+00:00,1691.0013427734375,-0.003987079386691595,0.008169976567044898
2025-04-22 17:00:00+00:00,1701.210693359375,0.006019306165206576,0.00768511557114546
2025-04-22 18:00:00+00:00,1704.9033203125,0.0021682353467704783,0.007522178028649951
2025-04-22 19:00:00+00:00,1698.1915283203125,-0.003944527551117672,0.007671930947863601
2025-04-22 20:00:00+00:00,1697.152587890625,-0.0006119794792830455,0.007690216211720314
2025-04-22 21:00:00+00:00,1751.7215576171875,0.03164715311473134,0.009642280639327403
2025-04-22 22:00:00+00:00,1744.9066162109375,-0.003898012426024087,0.009736361624479729
2025-04-22 23:00:00+00:00,1758.286865234375,0.007638923832911136,0.009736896296236799
2025-04-23 00:00:00+00:00,1751.9046630859375,-0.003636388003200359,0.009494502024870835
2025-04-23 01:00:00+00:00,1764.712890625,0.007284433965466553,0.009317766339006698
2025-04-23 02:00:00+00:00,1793.6661376953125,0.016273637976286264,0.009285211751020423
2025-04-23 03:00:00+00:00,1794.55712890625,0.0004966197268397004,0.00930725713895429
2025-04-23 04:00:00+00:00,1810.36767578125,0.0087716937838531,0.00924169424011659
2025-04-23 05:00:00+00:00,1796.9107666015625,-0.007461010742416278,0.009621978233103838
2025-04-23 06:00:00+00:00,1790.90478515625,-0.0033479909815752823,0.009704242107127838
2025-04-23 07:00:00+00:00,1788.2008056640625,-0.0015109808515116152,0.00904066097298621
2025-04-23 08:00:00+00:00,1791.4498291015625,0.0018152745399972958,0.00905111639272394
2025-04-23 09:00:00+00:00,1789.7470703125,-0.0009509440364239338,0.009037891375923918
2025-04-23 10:00:00+00:00,1805.393310546875,0.008704160260677824,0.009076965114741186
2025-04-23 11:00:00+00:00,1795.182861328125,-0.005671579270168774,0.009292781978772357
2025-04-23 12:00:00+00:00,1815.7431640625,0.011387951338228886,0.009411947466855313
2025-04-23 13:00:00+00:00,1786.715087890625,-0.016116053217323522,0.010291916878109372
2025-04-23 14:00:00+00:00,1787.5257568359375,0.00045361742223347574,0.00977236045401517
2025-04-23 15:00:00+00:00,1790.4725341796875,0.0016471656889298699,0.009352932202337757
2025-04-23 16:00:00+00:00,1794.5850830078125,0.0022942731030820996,0.009259235748147819
2025-04-23 17:00:00+00:00,1799.5072021484375,0.002739007141337852,0.009228837131346477
2025-04-23 18:00:00+00:00,1799.161865234375,-0.00019192479700481357,0.009243316119334452
2025-04-23 19:00:00+00:00,1787.2203369140625,-0.0066593975648286535,0.009338443705894685
2025-04-23 20:00:00+00:00,1797.3907470703125,0.005674499804027302,0.009346378712718052
2025-04-23 21:00:00+00:00,1789.5595703125,-0.004366488803839151,0.007055250594504911
2025-04-23 22:00:00+00:00,1803.7119140625,0.007877176545535096,0.007116939036564755
2025-04-23 23:00:00+00:00,1795.5235595703125,-0.004550059966433693,0.007085797128399683
2025-04-24 00:00:00+00:00,1790.7115478515625,-0.0026836024200914414,0.007062062220994887
2025-04-24 01:00:00+00:00,1797.4395751953125,0.0037501403915409792,0.006959527748117521
2025-04-24 02:00:00+00:00,1779.262939453125,-0.010163994432462999,0.006473495396318462
2025-04-24 03:00:00+00:00,1768.322509765625,-0.006167836985049722,0.006578319416259495
2025-04-24 04:00:00+00:00,1772.6748046875,0.002458232371891039,0.006307345305974298
2025-04-24 05:00:00+00:00,1769.6385498046875,-0.0017142783952347326,0.006153726524771484
2025-04-24 06:00:00+00:00,1767.248046875,-0.0013517556915363027,0.006128934775645054
2025-04-24 07:00:00+00:00,1755.964599609375,-0.006405225556818626,0.006242528557595608
2025-04-24 08:00:00+00:00,1735.1405029296875,-0.011929943698294787,0.006615560089359377
2025-04-24 09:00:00+00:00,1744.6248779296875,0.00545117124163213,0.006759056443576444
2025-04-24 10:00:00+00:00,1750.8690185546875,0.0035726838333198503,0.006513319670380978
2025-04-24 11:00:00+00:00,1754.3990478515625,0.0020141286905079117,0.0064767352192123175
2025-04-24 12:00:00+00:00,1757.5487060546875,0.0017936821776861865,0.0059568348989556125
2025-04-24 13:00:00+00:00,1750.9573974609375,-0.0037573349760342623,0.005097758025809182
2025-04-24 14:00:00+00:00,1766.6229248046875,0.00890704943614889,0.005469669924159745
2025-04-24 15:00:00+00:00,1765.9495849609375,-0.0003812178518873244,0.00545084807655366
2025-04-24 16:00:00+00:00,1774.6451416015625,0.004911928529155228,0.00553626903569152
2025-04-24 17:00:00+00:00,1755.7391357421875,-0.010710554494273406,0.005868523103480435
2025-04-24 18:00:00+00:00,1763.94287109375,0.004661642836964271,0.005981062781037316
2025-04-24 19:00:00+00:00,1766.500732421875,0.0014490313756253062,0.005864975073630483
2025-04-24 20:00:00+00:00,1763.5263671875,-0.0016851802291238543,0.005719469952533245
2025-04-24 21:00:00+00:00,1760.790283203125,-0.0015526893894514443,0.005671662895327725
2025-04-24 22:00:00+00:00,1760.0953369140625,-0.00039475653177503716,0.005372804158718744
2025-04-24 23:00:00+00:00,1769.231689453125,0.00517740230899585,0.005461105031485912
2025-04-25 00:00:00+00:00,1773.3092041015625,0.0023020292900690032,0.005473791307003419
2025-04-25 01:00:00+00:00,1766.1715087890625,-0.004033193322418068,0.005447296136429875
2025-04-25 02:00:00+00:00,1741.6239013671875,-0.01399625991843862,0.005781725440623878
2025-04-25 03:00:00+00:00,1758.8743896484375,0.009856098471380793,0.006064167250751599
2025-04-25 04:00:00+00:00,1766.400634765625,0.0042698833423639405,0.006110098213863292
2025-04-25 05:00:00+00:00,1767.34423828125,0.0005340530071933772,0.006102266363032326
2025-04-25 06:00:00+00:00,1777.0560302734375,0.005480090035664817,0.0061976995837973725
2025-04-25 07:00:00+00:00,1775.60107421875,-0.0008190805322534897,0.006040556507579325
2025-04-25 08:00:00+00:00,1776.7957763671875,0.0006726175276742115,0.005433645285199957
2025-04-25 09:00:00+00:00,1788.8916015625,0.006784594560052995,0.005487807848398411
2025-04-25 10:00:00+00:00,1771.917724609375,-0.009533790756850223,0.005864437559168934
2025-04-25 11:00:00+00:00,1789.09716796875,0.009648696878538799,0.006150350293551254
2025-04-25 12:00:00+00:00,1776.1363525390625,-0.007270700474910607,0.006362364079375875
2025-04-25 13:00:00+00:00,1771.6087646484375,-0.002552376339918945,0.0063324998238725215
2025-04-25 14:00:00+00:00,1806.419677734375,0.01945876733539111,0.007243202322312337
2025-04-25 15:00:00+00:00,1808.6754150390625,0.0012479547782585183,0.0072380293423229105
2025-04-25 16:00:00+00:00,1801.9669189453125,-0.0037159614232931525,0.007249337500642584
2025-04-25 17:00:00+00:00,1785.973876953125,-0.008914945270322727,0.007135509300631473
2025-04-25 18:00:00+00:00,1797.2757568359375,0.0063081942460751095,0.0071828994301033015
2025-04-25 19:00:00+00:00,1800.5076904296875,0.001796625344729638,0.0071846572431409975
2025-04-25 20:00:00+00:00,1800.4500732421875,-3.200103488366773e-05,0.007167754781404512
2025-04-25 21:00:00+00:00,1788.32373046875,-0.00675795666568945,0.007321150973390973
2025-04-25 22:00:00+00:00,1796.3033447265625,0.004452138128235481,0.007357937474623298
2025-04-25 23:00:00+00:00,1786.80078125,-0.005304108069913053,0.007400761522474835
2025-04-26 00:00:00+00:00,1797.3673095703125,0.005896240726012323,0.007476652478231091
2025-04-26 01:00:00+00:00,1807.8421630859375,0.005810970525152864,0.007483651473048507
2025-04-26 02:00:00+00:00,1810.1309814453125,0.0012652491178235627,0.006770970193155023
2025-04-26 03:00:00+00:00,1798.17333984375,-0.006627869664193195,0.006733823776112569
2025-04-26 04:00:00+00:00,1793.1214599609375,-0.0028134049119703007,0.0067358775203241435
2025-04-26 05:00:00+00:00,1796.053955078125,0.0016340777090088302,0.006738969479100251
2025-04-26 06:00:00+00:00,1803.6678466796875,0.004230272990646062,0.006704937692696283
2025-04-26 07:00:00+00:00,1802.0484619140625,-0.0008982319938176203,0.0067056953989862575
2025-04-26 08:00:00+00:00,1809.17822265625,0.003948669318698784,0.006740152467605041
2025-04-26 09:00:00+00:00,1803.1668701171875,-0.003328230240308411,0.006662314455019957
2025-04-26 10:00:00+00:00,1805.41357421875,0.0012452012233157078,0.006323058873606645
2025-04-26 11:00:00+00:00,1787.5504150390625,-0.009943493124309888,0.0063926662185134885
2025-04-26 12:00:00+00:00,1794.781982421875,0.004037356896845018,0.006251422013317369
2025-04-26 13:00:00+00:00,1789.390380859375,-0.0030085638093497596,0.00626158591481808
2025-04-26 14:00:00+00:00,1795.2081298828125,0.0032459725205762845,0.004828380785662702
2025-04-26 15:00:00+00:00,1801.2921142578125,0.003383283617637003,0.0048767954883243295
2025-04-26 16:00:00+00:00,1802.9190673828125,0.000902806829851095,0.00482161947532928
2025-04-26 17:00:00+00:00,1804.882568359375,0.0010884751262207884,0.0044321109861756485
2025-04-26 18:00:00+00:00,1804.9447021484375,3.442479897924086e-05,0.004252247233760786
2025-04-26 19:00:00+00:00,1810.2049560546875,0.002910118869710698,0.004276686662243371
2025-04-26 20:00:00+00:00,1808.0250244140625,-0.0012049714452404166,0.004286428371298761
2025-04-26 21:00:00+00:00,1813.06787109375,0.002785264054405081,0.004051536999697177
2025-04-26 22:00:00+00:00,1816.728271484375,0.002016863475325158,0.003980013759704642
2025-04-26 23:00:00+00:00,1822.1473388671875,0.00297843178451447,0.0038130614674894417
2025-04-27 00:00:00+00:00,1843.5443115234375,0.011674312905609129,0.004299179533038299
2025-04-27 01:00:00+00:00,1806.75732421875,-0.020156270049663826,0.005986987309259973
2025-04-27 02:00:00+00:00,1813.74560546875,0.003860397333952934,0.00603455052217637
2025-04-27 03:00:00+00:00,1809.686767578125,-0.0022403286002797675,0.005887061425287789
2025-04-27 04:00:00+00:00,1800.19775390625,-0.005257251566203506,0.005963281582469297
2025-04-27 05:00:00+00:00,1797.82861328125,-0.0013169113984248806,0.00596207756922036
2025-04-27 06:00:00+00:00,1801.611328125,0.002101836006660301,0.005912681289757373
2025-04-27 07:00:00+00:00,1804.300537109375,0.001491555857960852,0.005917852701272267
2025-04-27 08:00:00+00:00,1810.9501953125,0.003678674700177881,0.0059103750902340085
2025-04-27 09:00:00+00:00,1811.4097900390625,0.0002537543098352166,0.0058666660558862995
2025-04-27 10:00:00+00:00,1809.1376953125,-0.0012551112968551502,0.005869313474568333
2025-04-27 11:00:00+00:00,1807.9591064453125,-0.0006516767305344565,0.005471991810208115
2025-04-27 12:00:00+00:00,1797.348388671875,-0.00588618220426962,0.005565084097320231
2025-04-27 13:00:00+00:00,1798.8673095703125,0.000844732972775658,0.0055281820486522484
2025-04-27 14:00:00+00:00,1797.8323974609375,-0.0005754787567687447,0.005492155768867189
2025-04-27 15:00:00+00:00,1794.809814453125,-0.0016826522334713948,0.005456144866811355
2025-04-27 16:00:00+00:00,1794.4202880859375,-0.00021705288186526836,0.00545153445878762
2025-04-27 17:00:00+00:00,1799.24169921875,0.002683287433656322,0.005477541036501563
2025-04-27 18:00:00+00:00,1804.2261962890625,0.0027665018220975647,0.005509412855722896
2025-04-27 19:00:00+00:00,1807.594482421875,0.0018651463673841598,0.005489370356788124
2025-04-27 20:00:00+00:00,1803.8203125,-0.002090134482025167,0.005500359309541946
2025-04-27 21:00:00+00:00,1804.9114990234375,0.0006047479356648037,0.005468597105770477
2025-04-27 22:00:00+00:00,1795.1015625,-0.005449958451284329,0.005549514118418404
2025-04-27 23:00:00+00:00,1794.099853515625,-0.0005581793241879353,0.005499894816219262
2025-04-28 00:00:00+00:00,1773.8736572265625,-0.011337759594936896,0.005259221251440649
2025-04-28 01:00:00+00:00,1765.1390380859375,-0.004936199798255077,0.003572035249535439
2025-04-28 02:00:00+00:00,1772.92919921875,0.004403631133820199,0.0036055452376742786
2025-04-28 03:00:00+00:00,1785.07861328125,0.006829361779750424,0.003925366670199398
2025-04-28 04:00:00+00:00,1787.620849609375,0.0014231461580277937,0.0038138460425643735
2025-04-28 05:00:00+00:00,1795.3287353515625,0.004302543170105893,0.003919237324240685
2025-04-28 06:00:00+00:00,1804.72705078125,0.005221217302570181,0.00404372489441851
2025-04-28 07:00:00+00:00,1805.439208984375,0.0003945293158928302,0.004033167315088097
2025-04-28 08:00:00+00:00,1809.468994140625,0.002229537570027401,0.003986689620039571
2025-04-28 09:00:00+00:00,1808.3328857421875,-0.0006280655898275353,0.003987984730241402
2025-04-28 10:00:00+00:00,1816.1854248046875,0.004333017894061553,0.0040779513247076755
2025-04-28 11:00:00+00:00,1816.2994384765625,6.277447874042464e-05,0.004074359405824971
2025-04-28 12:00:00+00:00,1809.1494140625,-0.00394435777464316,0.003966261179406313
2025-04-28 13:00:00+00:00,1785.1334228515625,-0.013363638706940136,0.004841077066504736
2025-04-28 14:00:00+00:00,1782.5386962890625,-0.0014545770650120184,0.004846422209994311
2025-04-28 15:00:00+00:00,1761.081298828125,-0.01211058733517337,0.005405712558426864
2025-04-28 16:00:00+00:00,1758.0684814453125,-0.0017122420510632982,0.005407432418628998
2025-04-28 17:00:00+00:00,1772.0782470703125,0.007937256014353812,0.0056573848113870605
2025-04-28 18:00:00+00:00,1776.96923828125,0.0027562292854338083,0.0056571167473409
2025-04-28 19:00:00+00:00,1798.9581298828125,0.012298442608976027,0.006229455912727681
2025-04-28 20:00:00+00:00,1787.3056640625,-0.006498410321227258,0.006351420196797943
2025-04-28 21:00:00+00:00,1791.0048828125,0.002067579109946854,0.0063683101024800985
2025-04-28 22:00:00+00:00,1802.009521484375,0.006125593634797009,0.006401333121929599
2025-04-28 23:00:00+00:00,1798.762939453125,-0.0018032702406138345,0.006412442572039051
2025-04-29 00:00:00+00:00,1802.1407470703125,0.0018760893942103042,0.00593657787943881
2025-04-29 01:00:00+00:00,1799.029052734375,-0.0017281579505287262,0.005840462937790996
2025-04-29 02:00:00+00:00,1795.509765625,-0.001958130604066913,0.005813744154484351
2025-04-29 03:00:00+00:00,1802.4559326171875,0.0038611683404281925,0.005704395933791816
2025-04-29 04:00:00+00:00,1792.8585205078125,-0.005338857021304855,0.005817720031153492
2025-04-29 05:00:00+00:00,1795.72412109375,0.0015970657394400042,0.0057591073360518325
2025-04-29 06:00:00+00:00,1821.68603515625,0.014354114522227058,0.006386074488646872
2025-04-29 07:00:00+00:00,1821.5797119140625,-5.836699796229037e-05,0.006386728751398546
2025-04-29 08:00:00+00:00,1832.9925537109375,0.00624580830187038,0.0064893403370073766
2025-04-29 09:00:00+00:00,1833.488037109375,0.00027027738954594376,0.006484910175404877
2025-04-29 10:00:00+00:00,1826.192138671875,-0.0039871834437365606,0.006497692127164191
2025-04-29 11:00:00+00:00,1830.248046875,0.002218501964107596,0.006510183233889605
2025-04-29 12:00:00+00:00,1823.0675048828125,-0.00393097784023929,0.006509802852036273
2025-04-29 13:00:00+00:00,1817.5784912109375,-0.0030154087142347918,0.0058759582689036985
2025-04-29 14:00:00+00:00,1823.694091796875,0.0033590489021751656,0.0058795707106013935
2025-04-29 15:00:00+00:00,1815.9132080078125,-0.004275678666367152,0.0053130251001786465
2025-04-29 16:00:00+00:00,1816.235595703125,0.00017751899141896105,0.005280694720805587
2025-04-29 17:00:00+00:00,1827.079345703125,0.005952700875300902,0.005187885573547424
2025-04-29 18:00:00+00:00,1826.85693359375,-0.00012173836249407221,0.005185385412947632
2025-04-29 19:00:00+00:00,1823.9801025390625,-0.0015759846970181785,0.004632836177936771
2025-04-29 20:00:00+00:00,1810.586669921875,-0.0073700631083727704,0.004693719843155856
2025-04-29 21:00:00+00:00,1800.974365234375,-0.005323087324944025,0.004829565719094874
2025-04-29 22:00:00+00:00,1794.7474365234375,-0.003463524309775827,0.004716049251167339
2025-04-29 23:00:00+00:00,1798.9666748046875,0.0023481223542947253,0.004729585751908643
2025-04-30 00:00:00+00:00,1805.0574951171875,0.0033800140199076833,0.004765286248662429
2025-04-30 01:00:00+00:00,1798.2930908203125,-0.0037545124081998,0.004816162766691136
2025-04-30 02:00:00+00:00,1804.0089111328125,0.0031734291607072073,0.004840090253928107
2025-04-30 03:00:00+00:00,1809.2255859375,0.0028875393687211467,0.004812040213480021
2025-04-30 04:00:00+00:00,1812.87353515625,0.0020142742261844426,0.004679212917121831
2025-04-30 05:00:00+00:00,1805.66064453125,-0.003986642004681561,0.004758494468433601
2025-04-30 06:00:00+00:00,1804.3994140625,-0.0006987310457959921,0.003687367846894975
2025-04-30 07:00:00+00:00,1795.8963623046875,-0.004723538340098622,0.0037902536505344713
2025-04-30 08:00:00+00:00,1796.634033203125,0.00041066926516587576,0.00350932617513227
2025-04-30 09:00:00+00:00,1806.8399658203125,0.005664511473921321,0.003747815942827818
2025-04-30 10:00:00+00:00,1808.37939453125,0.0008516378402177585,0.003687915541585535
2025-04-30 11:00:00+00:00,1815.831298828125,0.004112296678618888,0.0037659993937288914
2025-04-30 12:00:00+00:00,1778.5028076171875,-0.020771487694349344,0.005592271629560707
2025-04-30 13:00:00+00:00,1743.5115966796875,-0.01987065255779239,0.006783743994041369
2025-04-30 14:00:00+00:00,1761.673583984375,0.010363018731507957,0.007152952737001382
2025-04-30 15:00:00+00:00,1764.911376953125,0.0018362205444384157,0.0071564663913926425
2025-04-30 16:00:00+00:00,1768.390380859375,0.0019692657287806487,0.0071806248835585215
2025-04-30 17:00:00+00:00,1776.8104248046875,0.0047501172650488335,0.0071332196807490506
2025-04-30 18:00:00+00:00,1782.62109375,0.0032649450210055636,0.0071879905489122264
2025-04-30 19:00:00+00:00,1787.52392578125,0.002746574767434365,0.007227534359012484
2025-04-30 20:00:00+00:00,1794.6883544921875,0.0040000076505773904,0.007153236454068022
2025-04-30 21:00:00+00:00,1793.730712890625,-0.000533740126955278,0.007075358556433074
2025-04-30 22:00:00+00:00,1795.867431640625,0.001190505965477217,0.007044819015366872
2025-04-30 23:00:00+00:00,1793.5863037109375,-0.0012710169318049707,0.007031674057672693
2025-05-01 00:00:00+00:00,1796.96337890625,0.0018810914704667397,0.007005799999224941
2025-05-01 01:00:00+00:00,1808.6815185546875,0.006499908470251858,0.0070909614978676766
2025-05-01 02:00:00+00:00,1808.4737548828125,-0.00011487683353221611,0.007063532652977316
2025-05-01 03:00:00+00:00,1808.1986083984375,-0.00015215449853806404,0.007038641114579969
2025-05-01 04:00:00+00:00,1810.15869140625,0.0010834105297690513,0.007029481733919173
2025-05-01 05:00:00+00:00,1813.586669921875,0.0018919538744318226,0.0069891018879087935
2025-05-01 06:00:00+00:00,1807.35107421875,-0.003444191702736508,0.007026520522509699
2025-05-01 07:00:00+00:00,1811.9892578125,0.0025630008273663804,0.006967652699159536
2025-05-01 08:00:00+00:00,1818.3701171875,0.0035152806026503168,0.0069971644906027235
2025-05-01 09:00:00+00:00,1820.8201904296875,0.001346493810578459,0.006913640766479802
2025-05-01 10:00:00+00:00,1845.4776611328125,0.013451085251020335,0.007415797507763851
2025-05-01 11:00:00+00:00,1845.57958984375,5.5230089393280286e-05,0.007384281318363032
2025-05-01 12:00:00+00:00,1849.7374267578125,0.002250328537434082,0.0058028683411099355
2025-05-01 13:00:00+00:00,1827.868896484375,-0.0118929467222598,0.004626599574808319
2025-05-01 14:00:00+00:00,1848.2059326171875,0.011064651597456409,0.004683810870429807
2025-05-01 15:00:00+00:00,1853.760498046875,0.0030008751846222117,0.004688093566816267
2025-05-01 16:00:00+00:00,1861.6646728515625,0.004254795273976884,0.004709620490664132
2025-05-01 17:00:00+00:00,1856.3651123046875,-0.002850737859621306,0.004781603337633578
2025-05-01 18:00:00+00:00,1856.4844970703125,6.430896924270986e-05,0.004784329867395065
2025-05-01 19:00:00+00:00,1842.59521484375,-0.0075096232476195394,0.0051314611413153305
2025-05-01 20:00:00+00:00,1840.81689453125,-0.0009655832135329579,0.0051164467770501544
2025-05-01 21:00:00+00:00,1844.9088134765625,0.002220415164157171,0.005110089561109331
2025-05-01 22:00:00+00:00,1839.79443359375,-0.0027760081744748998,0.005173223773569831
2025-05-01 23:00:00+00:00,1839.820068359375,1.3933397431506032e-05,0.005155241691202075
2025-05-02 00:00:00+00:00,1847.553466796875,0.004194535596840727,0.005192745601932994
2025-05-02 01:00:00+00:00,1844.092041015625,-0.0018752758293355575,0.005098629811869811
2025-05-02 02:00:00+00:00,1848.103271484375,0.002172816824342565,0.005102012164722424
2025-05-02 03:00:00+00:00,1848.4256591796875,0.0001744272544200544,0.005099509972950626
2025-05-02 04:00:00+00:00,1842.178466796875,-0.003385461098691068,0.0051742027762765866
2025-05-02 05:00:00+00:00,1832.772705078125,-0.005118861077004098,0.00530210797484849
2025-05-02 06:00:00+00:00,1832.427490234375,-0.00018837434594289051,0.005239731823813199
2025-05-02 07:00:00+00:00,1817.48388671875,-0.008188520471813017,0.005514693009990851
2025-05-02 08:00:00+00:00,1822.972900390625,0.0030155654372282397,0.005502269947080788
2025-05-02 09:00:00+00:00,1822.3955078125,-0.00031678147078587895,0.005496429102674061
2025-05-02 10:00:00+00:00,1829.500732421875,0.003891257093578282,0.004781931821959472
2025-05-02 11:00:00+00:00,1833.1373291015625,0.0019857806387772454,0.004805440243956511
2025-05-02 12:00:00+00:00,1840.21533203125,0.0038537065957360162,0.004853083646639388
2025-05-02 13:00:00+00:00,1833.0186767578125,-0.003918435070793665,0.004254908696808053
2025-05-02 14:00:00+00:00,1848.3980712890625,0.008355198583855783,0.003978801900980744
2025-05-02 15:00:00+00:00,1840.9801025390625,-0.004021262335573282,0.004006958159970141
2025-05-02 16:00:00+00:00,1852.514404296875,0.0062457595277663445,0.004124003444637856
2025-05-02 17:00:00+00:00,1852.908447265625,0.00021268448218772536,0.004085795397598582
2025-05-02 18:00:00+00:00,1849.105224609375,-0.0020546785243665505,0.00410544187936667
2025-05-02 19:00:00+00:00,1838.936767578125,-0.005514298817213282,0.003968169148206935
2025-05-02 20:00:00+00:00,1847.6842041015625,0.0047455124931855015,0.004082522772599664
2025-05-02 21:00:00+00:00,1839.4766845703125,-0.004451952781593275,0.00416217906739006
2025-05-02 22:00:00+00:00,1835.762451171875,-0.002021220674761513,0.00414407246495695
2025-05-02 23:00:00+00:00,1842.8648681640625,0.003861454396370883,0.004222012737801517
2025-05-03 00:00:00+00:00,1838.8372802734375,-0.0021878953456177064,0.004151264553747913
2025-05-03 01:00:00+00:00,1829.067626953125,-0.0053271154357269835,0.004270035649897189
2025-05-03 02:00:00+00:00,1834.6455078125,0.0030449355415501037,0.004295989309017217
2025-05-03 03:00:00+00:00,1835.6036376953125,0.0005221061931177811,0.004298260223143317
2025-05-03 04:00:00+00:00,1839.0975341796875,0.0019015954624895825,0.004268096210475375
2025-05-03 05:00:00+00:00,1834.3817138671875,-0.0025674966889113076,0.00416745566904149
2025-05-03 06:00:00+00:00,1827.8472900390625,-0.003568553881027356,0.004232005396376979
2025-05-03 07:00:00+00:00,1827.505615234375,-0.00018694490766657016,0.003866866676465496
2025-05-03 08:00:00+00:00,1825.888916015625,-0.0008850395490827497,0.0038264200058711045
2025-05-03 09:00:00+00:00,1825.0247802734375,-0.00047338054537017385,0.0038272356134656294
2025-05-03 10:00:00+00:00,1822.0433349609375,-0.0016349823378425039,0.003752220206817673
2025-05-03 11:00:00+00:00,1824.63720703125,0.001422593768713381,0.0037398915103768453
2025-05-03 12:00:00+00:00,1830.4776611328125,0.003195773201618695,0.0037112355109332374
2025-05-03 13:00:00+00:00,1834.918701171875,0.002423226179789306,0.0036619742081402365
2025-05-03 14:00:00+00:00,1834.8802490234375,-2.095599729614337e-05,0.003206123116776146
2025-05-03 15:00:00+00:00,1835.3465576171875,0.0002541034223908144,0.00310798225888341
2025-05-03 16:00:00+00:00,1827.674560546875,-0.004188896564396083,0.002900564713860682
2025-05-03 17:00:00+00:00,1824.6243896484375,-0.0016702748866671056,0.002904149607187635
2025-05-03 18:00:00+00:00,1826.0303955078125,0.0007702760253366768,0.0029016057882393725
2025-05-03 19:00:00+00:00,1839.0205078125,0.0070886691849962906,0.0030931642954308606
2025-05-03 20:00:00+00:00,1838.7049560546875,-0.00017160158455934587,0.0029234962937424403
2025-05-03 21:00:00+00:00,1840.1800537109375,0.0008019265246863834,0.002784921049058041
2025-05-03 22:00:00+00:00,1842.76513671875,0.0014038131433850682,0.0027636657844866894
2025-05-03 23:00:00+00:00,1833.3448486328125,-0.005125150631414403,0.002847677515369124
2025-05-04 00:00:00+00:00,1838.3228759765625,0.002711590899446928,0.002875635470925747
2025-05-04 01:00:00+00:00,1838.950927734375,0.00034158553180646984,0.0026434923437941393
2025-05-04 02:00:00+00:00,1834.6802978515625,-0.0023250193306752188,0.002621560074834135
2025-05-04 03:00:00+00:00,1833.814208984375,-0.00047217673716827595,0.002620819750371275
2025-05-04 04:00:00+00:00,1831.7132568359375,-0.001146330179268977,0.002596345399095362
2025-05-04 05:00:00+00:00,1847.8465576171875,0.008769203372574088,0.0031193361507590605
2025-05-04 06:00:00+00:00,1845.2274169921875,-0.0014184070409220485,0.0030329365097440993
2025-05-04 07:00:00+00:00,1840.518798828125,-0.0025550433751713526,0.0030906407580314336
2025-05-04 08:00:00+00:00,1832.235595703125,-0.004510629505390852,0.0032360466214378966
2025-05-04 09:00:00+00:00,1827.1695556640625,-0.0027687796600406535,0.003288598221684383
2025-05-04 10:00:00+00:00,1828.0428466796875,0.00047783326171760667,0.003269786349101268
2025-05-04 11:00:00+00:00,1828.088623046875,2.504087589246848e-05,0.0032583197031658805
2025-05-04 12:00:00+00:00,1830.939697265625,0.0015583780972226202,0.0032069531239214775
2025-05-04 13:00:00+00:00,1825.7308349609375,-0.0028489664474678445,0.003215059081552671
2025-05-04 14:00:00+00:00,1832.20458984375,0.0035395713099893693,0.003305010996495114
2025-05-04 15:00:00+00:00,1830.6856689453125,-0.0008293565344232836,0.0033079209435078446
2025-05-04 16:00:00+00:00,1827.8475341796875,-0.0015515154174523154,0.003208705635102969
2025-05-04 17:00:00+00:00,1829.24462890625,0.0007640468067113805,0.0031919126776738553
2025-05-04 18:00:00+00:00,1827.168701171875,-0.001135499611244469,0.0031983513944993437
2025-05-04 19:00:00+00:00,1828.8760986328125,0.0009340134919319699,0.0028333559512377943
2025-05-04 20:00:00+00:00,1835.8204345703125,0.0037898604626038124,0.0029499271130917558
2025-05-04 21:00:00+00:00,1835.704833984375,-6.297142332953992e-05,0.0029441479292926704
2025-05-04 22:00:00+00:00,1817.8238525390625,-0.00978841320189827,0.0035245479853440818
2025-05-04 23:00:00+00:00,1808.0111083984375,-0.005412694291681394,0.003541162901254543
2025-05-05 00:00:00+00:00,1817.708251953125,0.005349099427076223,0.00368572348855048
2025-05-05 01:00:00+00:00,1791.5128173828125,-0.014516093112971931,0.004661985244951903
2025-05-05 02:00:00+00:00,1799.535888671875,0.004468379738132346,0.004788199234144322
2025-05-05 03:00:00+00:00,1796.2403564453125,-0.0018330023475507,0.004792131315939052
2025-05-05 04:00:00+00:00,1805.332763671875,0.00504914171668975,0.00494074811076492
2025-05-05 05:00:00+00:00,1816.1646728515625,0.005982023552868664,0.004739498170760765
2025-05-05 06:00:00+00:00,1820.420166015625,0.0023403799416378403,0.004777388923406434
2025-05-05 07:00:00+00:00,1826.1749267578125,0.003156240478100631,0.004815986381900077
2025-05-05 08:00:00+00:00,1828.110107421875,0.0010591296666034487,0.004739154658400494
2025-05-05 09:00:00+00:00,1823.6739501953125,-0.002429584739264668,0.0047313301830017385
2025-05-05 10:00:00+00:00,1804.2138671875,-0.01072815402833459,0.00520330421768561
2025-05-05 11:00:00+00:00,1806.0582275390625,0.0010217293675483278,0.005212035920163233
2025-05-05 12:00:00+00:00,1804.48974609375,-0.0008688329613308286,0.0051937706629141996
2025-05-05 13:00:00+00:00,1807.101806640625,0.0014464874912766053,0.005187135115427319
2025-05-05 14:00:00+00:00,1804.0760498046875,-0.001675773204367911,0.005122565016232613
2025-05-05 15:00:00+00:00,1800.1544189453125,-0.002176127437443566,0.005132044354925985
2025-05-05 16:00:00+00:00,1807.7259521484375,0.004197225816709494,0.005223944242562823
2025-05-05 17:00:00+00:00,1814.6175537109375,0.0038050559624324674,0.00529140067872752
2025-05-05 18:00:00+00:00,1822.1395263671875,0.004136643287873335,0.005365618119020615
2025-05-05 19:00:00+00:00,1815.1666259765625,-0.003834106143717259,0.00541315730356684
2025-05-05 20:00:00+00:00,1809.3021240234375,-0.0032360643589130064,0.005371418099857331
2025-05-05 21:00:00+00:00,1816.4658203125,0.003951552179101994,0.005450991260697398
2025-05-05 22:00:00+00:00,1826.0142822265625,0.0052428474650015365,0.005187206144092131
2025-05-05 23:00:00+00:00,1819.8594970703125,-0.0033763050371931874,0.005107666790355871
2025-05-06 00:00:00+00:00,1813.2015380859375,-0.003665210341032784,0.005049200758755268
2025-05-06 01:00:00+00:00,1805.005615234375,-0.004530385642549931,0.004139366918750295
2025-05-06 02:00:00+00:00,1802.7652587890625,-0.0012419617606077734,0.004053330135508131
2025-05-06 03:00:00+00:00,1806.581787109375,0.00211480342244578,0.004052650350963111
2025-05-06 04:00:00+00:00,1806.6541748046875,4.0068069777458886e-05,0.003921013990733282
2025-05-06 05:00:00+00:00,1798.686279296875,-0.004420058844145284,0.0038078189569730287
2025-05-06 06:00:00+00:00,1805.2445068359375,0.003639489861139249,0.003857422304660889
2025-05-06 07:00:00+00:00,1806.2388916015625,0.0005506794195337401,0.003790572510440063
2025-05-06 08:00:00+00:00,1800.813232421875,-0.003008364218259,0.0038106976090705263
2025-05-06 09:00:00+00:00,1797.23291015625,-0.001990148711529506,0.003802706456281639
2025-05-06 10:00:00+00:00,1785.034423828125,-0.006810509848110729,0.003413601855268838
2025-05-06 11:00:00+00:00,1767.8660888671875,-0.00966448034746587,0.0038791219834843167
2025-05-06 12:00:00+00:00,1774.8526611328125,0.003944191913584746,0.004002736350558373
2025-05-06 13:00:00+00:00,1760.8934326171875,-0.007896099252245077,0.004233560362697819
2025-05-06 14:00:00+00:00,1768.88037109375,0.004525475314680954,0.004382202629235562
2025-05-06 15:00:00+00:00,1770.24169921875,0.0007693027621502865,0.004383842693751531
2025-05-06 16:00:00+00:00,1762.5709228515625,-0.004342595683663116,0.004315260159996527
2025-05-06 17:00:00+00:00,1767.2249755859375,0.0026370110710318205,0.004264362376447717
2025-05-06 18:00:00+00:00,1788.1566162109375,0.01177475999292557,0.004908719452514419
2025-05-06 19:00:00+00:00,1785.3970947265625,-0.0015444133521389446,0.004868959702812607
2025-05-06 20:00:00+00:00,1774.0384521484375,-0.006382293476094005,0.0049815711420055945
2025-05-06 21:00:00+00:00,1774.8914794921875,0.0004807236979081404,0.004886497087675338
2025-05-06 22:00:00+00:00,1809.836669921875,0.0194973208497567,0.006327599443260453
2025-05-06 23:00:00+00:00,1815.48974609375,0.0031186602832443456,0.006332357594449068
2025-05-07 00:00:00+00:00,1838.3519287109375,0.01251421545503127,0.006781615866790765
2025-05-07 01:00:00+00:00,1831.387939453125,-0.0037953630870605944,0.006759184811069026
2025-05-07 02:00:00+00:00,1824.52734375,-0.0037531524802707555,0.006808271152652767
2025-05-07 03:00:00+00:00,1825.9298095703125,0.0007683782224585107,0.006799928400302687
2025-05-07 04:00:00+00:00,1828.2049560546875,0.0012452451397093512,0.006801266631709309
2025-05-07 05:00:00+00:00,1827.9752197265625,-0.00012567013515867584,0.006722393278906085
2025-05-07 06:00:00+00:00,1830.3924560546875,0.0013214837294236248,0.006694513652529203
2025-05-07 07:00:00+00:00,1838.277587890625,0.004298638952789546,0.006737463929856396
2025-05-07 08:00:00+00:00,1840.9078369140625,0.001429799897442194,0.006691068833400864
2025-05-07 09:00:00+00:00,1844.047607421875,0.0017041027035776357,0.0066637069531995064
2025-05-07 10:00:00+00:00,1834.1063232421875,-0.00540559670666198,0.006597296509146776
2025-05-07 11:00:00+00:00,1835.6297607421875,0.000830270925565369,0.006185676200701766
2025-05-07 12:00:00+00:00,1830.5889892578125,-0.002749849370424353,0.006224636171000771
2025-05-07 13:00:00+00:00,1829.0889892578125,-0.0008197443014403814,0.005931360007625513
2025-05-07 14:00:00+00:00,1822.4486083984375,-0.0036370367286200924,0.0059890532150820176
2025-05-07 15:00:00+00:00,1818.496337890625,-0.00217101445831793,0.006029106430593914
2025-05-07 16:00:00+00:00,1812.7559814453125,-0.0031616427183837714,0.005987254202465361
2025-05-07 17:00:00+00:00,1795.0072021484375,-0.009839294645600178,0.006382882046372014
2025-05-07 18:00:00+00:00,1806.332763671875,0.0062896582757060214,0.006057113691971663
2025-05-07 19:00:00+00:00,1797.0858154296875,-0.005132331055566069,0.0061512864602405
2025-05-07 20:00:00+00:00,1796.781005859375,-0.00016962763853003112,0.005987632047256197
2025-05-07 21:00:00+00:00,1803.4937744140625,0.0037290355559981194,0.006023060022274597
2025-05-07 22:00:00+00:00,1817.486083984375,0.00772850430761312,0.004772514213844668
2025-05-07 23:00:00+00:00,1811.4205322265625,-0.00334291181773087,0.00478152665056795
2025-05-08 00:00:00+00:00,1824.5107421875,0.007200502721604482,0.004267778582567062
2025-05-08 01:00:00+00:00,1821.6837158203125,-0.0015506726074163816,0.004212424959646813
2025-05-08 02:00:00+00:00,1841.3436279296875,0.01073434568846492,0.004694738073423766
2025-05-08 03:00:00+00:00,1901.4769287109375,0.0321353774063999,0.00800556369915279
2025-05-08 04:00:00+00:00,1894.250732421875,-0.0038075466230887813,0.008083805138628709
2025-05-08 05:00:00+00:00,1897.217041015625,0.0015647286888478672,0.0080765795779987
2025-05-08 06:00:00+00:00,1909.531494140625,0.006469823770466292,0.008138403735404589
2025-05-08 07:00:00+00:00,1928.429443359375,0.009847990773111543,0.008290960109068001
2025-05-08 08:00:00+00:00,1935.687744140625,0.0037567749452893065,0.008297668185672406
2025-05-08 09:00:00+00:00,1939.841796875,0.0021437350851156276,0.008297260285148546
2025-05-08 10:00:00+00:00,1963.4036865234375,0.012073120149286135,0.008375609654848468
2025-05-08 11:00:00+00:00,1956.0797119140625,-0.003737218602159905,0.008474530663725341
2025-05-08 12:00:00+00:00,1960.705078125,0.002361818996436749,0.00839684636274515
2025-05-08 13:00:00+00:00,1975.0069580078125,0.00726777909780638,0.008404984419623812
2025-05-08 14:00:00+00:00,1993.7294921875,0.009435080059149439,0.008366257055340614
2025-05-08 15:00:00+00:00,2050.999267578125,0.028320120537454644,0.009646365657290662
2025-05-08 16:00:00+00:00,2048.4541015625,-0.0012417101078914129,0.009583379454717083
2025-05-08 17:00:00+00:00,2046.326416015625,-0.001039218453457296,0.009145554754089362
2025-05-08 18:00:00+00:00,2066.126220703125,0.009629269648794497,0.009184054018967696
2025-05-08 19:00:00+00:00,2127.5966796875,0.029317560221376607,0.01008212826436845
2025-05-08 20:00:00+00:00,2181.624755859375,0.02507687676092624,0.01060149109283223
2025-05-08 21:00:00+00:00,2178.498046875,-0.0014342300259929444,0.010745174625607944
2025-05-08 22:00:00+00:00,2179.31591796875,0.00037535842968555293,0.01085370499022895
2025-05-08 23:00:00+00:00,2207.06396484375,0.01265208110701333,0.010643853430101458
2025-05-09 00:00:00+00:00,2201.9443359375,-0.0023223504506998355,0.01085926985945515
2025-05-09 01:00:00+00:00,2207.606201171875,0.002568002474729026,0.010736353270650983
2025-05-09 02:00:00+00:00,2214.725341796875,0.003219635029896647,0.010762875357925326
2025-05-09 03:00:00+00:00,2204.022216796875,-0.004844425163563263,0.009706762842835361
2025-05-09 04:00:00+00:00,2214.72021484375,0.00484211022230955,0.009478788386249994
2025-05-09 05:00:00+00:00,2212.946533203125,-0.0008011812254312924,0.009544558362902907
2025-05-09 06:00:00+00:00,2252.80419921875,0.01785085052654007,0.009826026556162937
2025-05-09 07:00:00+00:00,2368.02099609375,0.04987883259644646,0.013176608939690769
2025-05-09 08:00:00+00:00,2415.123779296875,0.019695956582216262,0.013325039634273637
2025-05-09 09:00:00+00:00,2339.41455078125,-0.03184983406575971,0.015704243698994196
2025-05-09 10:00:00+00:00,2344.9638671875,0.0023692872381519017,0.015714464434506168
2025-05-09 11:00:00+00:00,2349.8134765625,0.002065959999733517,0.015579720354479515
2025-05-09 12:00:00+00:00,2338.556396484375,-0.004802138916425238,0.01575293769662424
2025-05-09 13:00:00+00:00,2371.972412109375,0.014188036008541564,0.015814716381334862
2025-05-09 14:00:00+00:00,2306.256103515625,-0.0280963751085154,0.01740431971559268
2025-05-09 15:00:00+00:00,2300.79638671875,-0.002370157216286936,0.016815757901022535
2025-05-09 16:00:00+00:00,2295.78369140625,-0.002181055138567758,0.016831489955806425
2025-05-09 17:00:00+00:00,2350.89404296875,0.02372143666297418,0.017215710961510474
2025-05-09 18:00:00+00:00,2342.713623046875,-0.003485774179296303,0.017296216328170525
2025-05-09 19:00:00+00:00,2328.153076171875,-0.006234643366031732,0.016654495310748384
2025-05-09 20:00:00+00:00,2339.6416015625,0.00492247383689813,0.016028931863805836
2025-05-09 21:00:00+00:00,2337.10595703125,-0.0010843624753918593,0.016024964273504427
2025-05-09 22:00:00+00:00,2334.52978515625,-0.001102899403252197,0.016038038836230582
2025-05-09 23:00:00+00:00,2345.613525390625,0.004736504940301574,0.0159089266563013
2025-05-10 00:00:00+00:00,2327.58251953125,-0.007716815286018844,0.01601829643003811
2025-05-10 01:00:00+00:00,2340.030029296875,0.0053335786307535235,0.016030160784680673
2025-05-10 02:00:00+00:00,2340.92578125,0.00038272182020636397,0.01603452305591249
2025-05-10 03:00:00+00:00,2340.643310546875,-0.00012067351690389927,0.0159717653576101
2025-05-10 04:00:00+00:00,2336.73193359375,-0.0016724669972754316,0.015985686967018596
2025-05-10 05:00:00+00:00,2352.767333984375,0.0068388806454452175,0.015998673374400946
2025-05-10 06:00:00+00:00,2361.040771484375,0.003510302418121293,0.015666832103929423
2025-05-10 07:00:00+00:00,2405.835693359375,0.018794798156555288,0.012496930093780563
2025-05-10 08:00:00+00:00,2380.27734375,-0.010680312964698506,0.01201408673539366
2025-05-10 09:00:00+00:00,2409.8359375,0.012341657577595005,0.010278377933257069
2025-05-10 10:00:00+00:00,2401.78662109375,-0.0033457835967297986,0.01031710446711718
2025-05-10 11:00:00+00:00,2383.569091796875,-0.0076139030818008,0.010461718328364095
2025-05-10 12:00:00+00:00,2407.850830078125,0.0101355951051309,0.010570490715692963
2025-05-10 13:00:00+00:00,2436.40673828125,0.011789727761777129,0.01045321874801457
2025-05-10 14:00:00+00:00,2435.6435546875,-0.000313290526205665,0.008417579386105316
2025-05-10 15:00:00+00:00,2437.7763671875,0.0008752837515981478,0.008365629847431702
2025-05-10 16:00:00+00:00,2462.13525390625,0.009942663979168565,0.008442064804563486
2025-05-10 17:00:00+00:00,2464.32275390625,0.0008880620276459157,0.00718888533886595
2025-05-10 18:00:00+00:00,2497.0107421875,0.01317728844607773,0.0074399940769607955
2025-05-10 19:00:00+00:00,2500.261474609375,0.001301002922941235,0.007203657906085909
2025-05-10 20:00:00+00:00,2492.802001953125,-0.0029879364606379627,0.007290958590758612
2025-05-10 21:00:00+00:00,2539.834228515625,0.01869143474857598,0.007940092507034237
2025-05-10 22:00:00+00:00,2581.59521484375,0.01630869365496152,0.00829211948707993
2025-05-10 23:00:00+00:00,2583.842529296875,0.0008701351971448017,0.008318587206973023
2025-05-11 00:00:00+00:00,2542.46728515625,-0.01614266172620013,0.008986880551765743
2025-05-11 01:00:00+00:00,2525.24853515625,-0.006795494014329796,0.009227626355026634
2025-05-11 02:00:00+00:00,2539.966796875,0.005811521200264733,0.009222765881444227
2025-05-11 03:00:00+00:00,2538.134521484375,-0.0007216380120323887,0.009233550303614195
2025-05-11 04:00:00+00:00,2542.382080078125,0.0016720975115377909,0.009179135725494869
2025-05-11 05:00:00+00:00,2556.6298828125,0.0055884708328395845,0.009162980732546917
2025-05-11 06:00:00+00:00,2522.764404296875,-0.013334653074757721,0.009783306106467587
2025-05-11 07:00:00+00:00,2474.4775390625,-0.019326007697519115,0.010154391839120315
2025-05-11 08:00:00+00:00,2482.59423828125,0.0032747988478510444,0.00984089505235823
2025-05-11 09:00:00+00:00,2516.233642578125,0.0134591199801591,0.00989566022054529
2025-05-11 10:00:00+00:00,2508.10400390625,-0.0032361064636201886,0.009893205473642742
2025-05-11 11:00:00+00:00,2532.9658203125,0.009863786398088326,0.009812692926084398
2025-05-11 12:00:00+00:00,2516.991943359375,-0.006326361913235022,0.009833489521092703
2025-05-11 13:00:00+00:00,2474.50732421875,-0.017023199974177748,0.010313948136391618
2025-05-11 14:00:00+00:00,2488.510986328125,0.005643218862556732,0.010361404698621705
2025-05-11 15:00:00+00:00,2464.07470703125,-0.009868169522555714,0.010591794721025843
2025-05-11 16:00:00+00:00,2470.428466796875,0.0025752393111264514,0.010409824097741523
2025-05-11 17:00:00+00:00,2492.6806640625,0.008967099366498822,0.010564540274683475
2025-05-11 18:00:00+00:00,2501.47021484375,0.0035199416555777817,0.010238651879939374
2025-05-11 19:00:00+00:00,2509.71484375,0.00329049366519226,0.010257052330234023
2025-05-11 20:00:00+00:00,2510.97119140625,0.0005004685310635197,0.010235238426635212
2025-05-11 21:00:00+00:00,2516.812255859375,0.002323515776782294,0.009473657266719771
2025-05-11 22:00:00+00:00,2502.759033203125,-0.0055993863079736896,0.008829326892187121
2025-05-11 23:00:00+00:00,2510.20458984375,0.002970523097899304,0.008862041119195146
2025-05-12 00:00:00+00:00,2531.23291015625,0.008342240586860896,0.008468216119317508
2025-05-12 01:00:00+00:00,2505.94873046875,-0.010039102753708456,0.008603121744239045
2025-05-12 02:00:00+00:00,2520.3408203125,0.005726740981147082,0.008600511781594822
2025-05-12 03:00:00+00:00,2518.9951171875,-0.0005340795587662556,0.008600219207276395
2025-05-12 04:00:00+00:00,2520.79541015625,0.0007144316953480108,0.008592815340556718
2025-05-12 05:00:00+00:00,2496.014892578125,-0.009879073603575065,0.008706930112637169
2025-05-12 06:00:00+00:00,2519.357421875,0.009308460620917702,0.008537365319177362
2025-05-12 07:00:00+00:00,2553.945556640625,0.013635562796328469,0.007932510474421247
2025-05-12 08:00:00+00:00,2575.25634765625,0.008309641164141467,0.008052208792068395
2025-05-12 09:00:00+00:00,2550.45556640625,-0.009677084942196405,0.007945800874649118
2025-05-12 10:00:00+00:00,2560.185302734375,0.0038076430461526805,0.007929448129447758
2025-05-12 11:00:00+00:00,2531.1826171875,-0.011393008604486122,0.008065593582876538
2025-05-12 12:00:00+00:00,2555.996826171875,0.009755663649710096,0.00818682666325027
2025-05-12 13:00:00+00:00,2561.8017578125,0.0022685277799890827,0.007273187148900454
2025-05-12 14:00:00+00:00,2505.499755859375,-0.022222604601953,0.008664857915649478
2025-05-12 15:00:00+00:00,2485.393310546875,-0.008057297089232323,0.008580084260185314
2025-05-12 16:00:00+00:00,2499.798583984375,0.005779241335730508,0.008640778966404914
2025-05-12 17:00:00+00:00,2475.784912109375,-0.009652680272853188,0.008682587129313786
2025-05-12 18:00:00+00:00,2440.39404296875,-0.014397962662908742,0.009101569961171065
2025-05-12 19:00:00+00:00,2460.143798828125,0.008060283757540703,0.00925086490462537
2025-05-12 20:00:00+00:00,2488.6181640625,0.011507799196740958,0.009586528584232583
2025-05-12 21:00:00+00:00,2479.9375,-0.003494243994355877,0.009588944598058046
2025-05-12 22:00:00+00:00,2487.634033203125,0.0030987130472924494,0.009556686165208581
2025-05-12 23:00:00+00:00,2495.56689453125,0.00318384433795078,0.009559912858045784
2025-05-13 00:00:00+00:00,2465.070556640625,-0.012295485163032027,0.009681438817026959
2025-05-13 01:00:00+00:00,2456.998291015625,-0.003280032487168918,0.009506944473364079
2025-05-13 02:00:00+00:00,2441.095703125,-0.006493400815231096,0.009468123822545601
2025-05-13 03:00:00+00:00,2426.87255859375,-0.005843581650582691,0.009510625143789987
2025-05-13 04:00:00+00:00,2457.61865234375,0.012589438084865711,0.009933194763744262
2025-05-13 05:00:00+00:00,2449.587158203125,-0.003273350098623128,0.009768282350070346
2025-05-13 06:00:00+00:00,2454.7421875,0.0021022369551519276,0.009553004901350835
2025-05-13 07:00:00+00:00,2460.52392578125,0.002352564770498434,0.009062223621671838
2025-05-13 08:00:00+00:00,2459.567626953125,-0.000388732132285617,0.008821381791800984
2025-05-13 09:00:00+00:00,2485.109375,0.010331099569250065,0.008999585488440563
2025-05-13 10:00:00+00:00,2483.829345703125,-0.0005152123610848408,0.008940545099007614
2025-05-13 11:00:00+00:00,2512.74462890625,0.011574173080938808,0.009037601095065127
2025-05-13 12:00:00+00:00,2525.045166015625,0.004883316713922207,0.008854661133843722
2025-05-13 13:00:00+00:00,2551.515625,0.010428595253571087,0.009118626958479165
2025-05-13 14:00:00+00:00,2544.364990234375,-0.002806439160881116,0.007849865899672478
2025-05-13 15:00:00+00:00,2566.568115234375,0.008688536601452274,0.007787042908874062
2025-05-13 16:00:00+00:00,2597.6689453125,0.012044840589968348,0.00804319041336596
2025-05-13 17:00:00+00:00,2608.252197265625,0.004065857412263795,0.007688353929108626
2025-05-13 18:00:00+00:00,2667.9794921875,0.022641100642783053,0.007931286953156832
2025-05-13 19:00:00+00:00,2686.003662109375,0.006733020068995172,0.007904253006164376
2025-05-13 20:00:00+00:00,2689.83251953125,0.0014244697717478183,0.007735139233400565
2025-05-13 21:00:00+00:00,2687.793701171875,-0.0007582596385044847,0.00765128812848879
2025-05-13 22:00:00+00:00,2682.90625,-0.0018200430355346374,0.007723945628951926
2025-05-13 23:00:00+00:00,2680.369140625,-0.0009461045273509763,0.0077690023664765216
2025-05-14 00:00:00+00:00,2698.46533203125,0.006728691791523499,0.0070832977294244875
2025-05-14 01:00:00+00:00,2671.564453125,-0.010018977550510458,0.007496412205380994
2025-05-14 02:00:00+00:00,2641.736328125,-0.011227837302122954,0.007825573266758342
2025-05-14 03:00:00+00:00,2644.173583984375,0.0009221708552056306,0.007600832746515633
2025-05-14 04:00:00+00:00,2666.071044921875,0.008247298038392178,0.007426566887270933
2025-05-14 05:00:00+00:00,2673.65185546875,0.0028394041344344313,0.0072916229777260965
2025-05-14 06:00:00+00:00,2674.90185546875,0.00046741608678313543,0.007314281465587907
2025-05-14 07:00:00+00:00,2647.46337890625,-0.010310724062770933,0.007844144170763725
2025-05-14 08:00:00+00:00,2612.658447265625,-0.013233700944863473,0.008499853393692544
2025-05-14 09:00:00+00:00,2608.316162109375,-0.0016634006032803334,0.008372025043969864
2025-05-14 10:00:00+00:00,2597.966064453125,-0.003976008537733114,0.008446990124400188
2025-05-14 11:00:00+00:00,2623.5029296875,0.009781564871702628,0.008364996530321354
2025-05-14 12:00:00+00:00,2613.260009765625,-0.003911933040609529,0.008416420793030512
2025-05-14 13:00:00+00:00,2603.2578125,-0.0038348223332076597,0.008255488762720064
2025-05-14 14:00:00+00:00,2583.637451171875,-0.00756539467712942,0.008402635202689242
2025-05-14 15:00:00+00:00,2596.11376953125,0.004817352013947879,0.008277605966209899
2025-05-14 16:00:00+00:00,2588.749755859375,-0.0028405833972080996,0.007923240672256972
2025-05-14 17:00:00+00:00,2587.998046875,-0.00029041746606285385,0.007872356473738575
2025-05-14 18:00:00+00:00,2606.087646484375,0.006965488756475489,0.006395917260013657
2025-05-14 19:00:00+00:00,2607.26708984375,0.0004524700271319269,0.006191935970600537
2025-05-14 20:00:00+00:00,2600.500732421875,-0.002598564859382994,0.006171097741806186
2025-05-14 21:00:00+00:00,2607.314208984375,0.0026166369299581898,0.0062247487935843384
2025-05-14 22:00:00+00:00,2594.583984375,-0.004894463347685364,0.006268115610940391
2025-05-14 23:00:00+00:00,2610.502197265625,0.0061164261113124995,0.006453147943166122
2025-05-15 00:00:00+00:00,2631.8515625,0.00814499907514945,0.006533828828339769
2025-05-15 01:00:00+00:00,2576.712890625,-0.021173101435441016,0.007522123450881859
2025-05-15 02:00:00+00:00,2590.083251953125,0.00517550559529414,0.007343494117028292
2025-05-15 03:00:00+00:00,2575.56396484375,-0.00562149319748382,0.007397172391830324
2025-05-15 04:00:00+00:00,2594.36962890625,0.007275043930141177,0.007346269589512799
2025-05-15 05:00:00+00:00,2568.30517578125,-0.010097352850658374,0.007514586069821342
2025-05-15 06:00:00+00:00,2572.5244140625,0.0016414623962422304,0.007532937929753845
2025-05-15 07:00:00+00:00,2530.63671875,-0.01641674051774128,0.00793157180719764
2025-05-15 08:00:00+00:00,2564.042724609375,0.01311426361718293,0.008113183353027366
2025-05-15 09:00:00+00:00,2538.5517578125,-0.009991457853961735,0.00832775102009792
2025-05-15 10:00:00+00:00,2540.66748046875,0.0008330897641393844,0.008314130997523884
2025-05-15 11:00:00+00:00,2553.64111328125,0.005093394175592183,0.008103956890087914
2025-05-15 12:00:00+00:00,2553.09423828125,-0.00021417792951542144,0.008083785573623393
2025-05-15 13:00:00+00:00,2528.43701171875,-0.00970472043583891,0.008261068852533705
2025-05-15 14:00:00+00:00,2499.555908203125,-0.0114882505280609,0.008429273907338676
2025-05-15 15:00:00+00:00,2564.81884765625,0.025774772057138167,0.010032174911131122
2025-05-15 16:00:00+00:00,2595.916748046875,0.012051877574953723,0.010337380629519728
2025-05-15 17:00:00+00:00,2573.411865234375,-0.008707136527178003,0.010493332011679467
2025-05-15 18:00:00+00:00,2521.90625,-0.02021752850791673,0.011130001283729485
2025-05-15 19:00:00+00:00,2530.991943359375,0.0035962344000301043,0.011170784615352626
2025-05-15 20:00:00+00:00,2537.58203125,0.002600373058425738,0.011193621347294675
2025-05-15 21:00:00+00:00,2539.46728515625,0.0007426573489476892,0.011173665145358202
2025-05-15 22:00:00+00:00,2544.059814453125,0.0018068283915064825,0.011158404882796897
2025-05-15 23:00:00+00:00,2543.35205078125,-0.00027824115490935046,0.011061515025182394
2025-05-16 00:00:00+00:00,2542.416748046875,-0.00036781174367768574,0.01088777064327969
2025-05-16 01:00:00+00:00,2565.54052734375,0.009054084056323351,0.010234624834936198
2025-05-16 02:00:00+00:00,2574.55517578125,0.0035075835939759304,0.010202282234452074
2025-05-16 03:00:00+00:00,2581.93994140625,0.0028642597368482826,0.01015498518134942
2025-05-16 04:00:00+00:00,2573.098388671875,-0.003430260199010577,0.010060937527336248
2025-05-16 05:00:00+00:00,2594.729736328125,0.008371591882062938,0.009988476035618013
2025-05-16 06:00:00+00:00,2596.34765625,0.00062334650474537,0.009985253187860952
2025-05-16 07:00:00+00:00,2600.829833984375,0.0017248511731782579,0.00932280554696248
2025-05-16 08:00:00+00:00,2574.24462890625,-0.010274417938391678,0.009238742744785568
2025-05-16 09:00:00+00:00,2613.163818359375,0.015005535083459157,0.009450512074681526
2025-05-16 10:00:00+00:00,2626.60498046875,0.005130452166149497,0.009483771779494608
2025-05-16 11:00:00+00:00,2620.876220703125,-0.002183433087964785,0.009476412019492418
2025-05-16 12:00:00+00:00,2599.114990234375,-0.008337698534059555,0.009667897797710493
2025-05-16 13:00:00+00:00,2608.152587890625,0.0034711512689045666,0.0094196556453484
2025-05-16 14:00:00+00:00,2584.557373046875,-0.0090878856760473,0.009289892993413313
2025-05-16 15:00:00+00:00,2593.280517578125,0.00336941903872771,0.007727659201158106
2025-05-16 16:00:00+00:00,2587.241943359375,-0.002331261759462701,0.007337453729564913
2025-05-16 17:00:00+00:00,2575.493896484375,-0.004551101399365917,0.007173675078153944
2025-05-16 18:00:00+00:00,2589.216796875,0.005314114768365498,0.0058018991235085976
2025-05-16 19:00:00+00:00,2591.00244140625,0.000689408891723577,0.005777759666675465
2025-05-16 20:00:00+00:00,2567.05224609375,-0.009286589184034166,0.006131181053173683
2025-05-16 21:00:00+00:00,2566.83349609375,-8.521810227870865e-05,0.006131974377539905
2025-05-16 22:00:00+00:00,2545.024169921875,-0.008532889577565974,0.006390047383554019
2025-05-16 23:00:00+00:00,2532.760009765625,-0.004830525902593582,0.006466263930736164
2025-05-17 00:00:00+00:00,2503.89990234375,-0.011460143740653597,0.0068648582446878825
2025-05-17 01:00:00+00:00,2476.420166015625,-0.011035441427904495,0.006856720378701484
2025-05-17 02:00:00+00:00,2491.587646484375,0.0061060804116270465,0.006958547195315077
2025-05-17 03:00:00+00:00,2496.919677734375,0.002137726952779515,0.006940907049859142
2025-05-17 04:00:00+00:00,2507.023681640625,0.004038422065419815,0.007012752185413684
2025-05-17 05:00:00+00:00,2477.944091796875,-0.011667044211295819,0.007030906686263551
2025-05-17 06:00:00+00:00,2494.08447265625,0.006492495908484332,0.007222630422127287
2025-05-17 07:00:00+00:00,2491.477294921875,-0.0010458913533047958,0.007187995986726847
2025-05-17 08:00:00+00:00,2481.31640625,-0.004086597362879545,0.006978346950879105
2025-05-17 09:00:00+00:00,2483.74169921875,0.0009769445231565341,0.006060005919555421
2025-05-17 10:00:00+00:00,2484.805908203125,0.0004283783047825318,0.005889125958434607
2025-05-17 11:00:00+00:00,2481.75732421875,-0.0012276434325259817,0.0058932662513962114
2025-05-17 12:00:00+00:00,2471.741455078125,-0.004043962958924867,0.005764914185598481
2025-05-17 13:00:00+00:00,2460.8720703125,-0.0044071575049243,0.005657570025365911
2025-05-17 14:00:00+00:00,2483.077392578125,0.00898288776962315,0.005927881307745778
2025-05-17 15:00:00+00:00,2477.905029296875,-0.002085218094150204,0.005830067913175739
2025-05-17 16:00:00+00:00,2465.5322265625,-0.005005759324966825,0.0058642047407728905
2025-05-17 17:00:00+00:00,2471.9267578125,0.0025902128383930223,0.005910534335689982
2025-05-17 18:00:00+00:00,2466.927978515625,-0.002024267272753144,0.005718034910306189
2025-05-17 19:00:00+00:00,2471.7060546875,0.0019349794419141124,0.005749224382110316
2025-05-17 20:00:00+00:00,2489.712890625,0.0072587762495676935,0.005824482601047485
2025-05-17 21:00:00+00:00,2486.664306640625,-0.0012252223836329333,0.0058190069347381235
2025-05-17 22:00:00+00:00,2462.78857421875,-0.009647901776786481,0.005883177946372172
2025-05-17 23:00:00+00:00,2475.73046875,0.005241216666440047,0.005983850146014888
2025-05-18 00:00:00+00:00,2484.31982421875,0.0034634181298083583,0.005607649699066898
2025-05-18 01:00:00+00:00,2484.847412109375,0.00021234459116231222,0.0051228521605154115
2025-05-18 02:00:00+00:00,2481.3310546875,-0.0014161222892118523,0.004969892886786609
2025-05-18 03:00:00+00:00,2478.095947265625,-0.0013046296999483812,0.004949972973306527
2025-05-18 04:00:00+00:00,2486.458984375,0.0033691016154144982,0.004926205839406723
2025-05-18 05:00:00+00:00,2512.125244140625,0.010269501987449673,0.004766284815591365
2025-05-18 06:00:00+00:00,2496.140869140625,-0.006383218827702003,0.004795318340679815
2025-05-18 07:00:00+00:00,2510.15478515625,0.005598531763664454,0.004920412688394678
2025-05-18 08:00:00+00:00,2518.653564453125,0.003380040278865637,0.004866008749668711
2025-05-18 09:00:00+00:00,2507.703369140625,-0.0043571170057363955,0.004969814414440597
2025-05-18 10:00:00+00:00,2505.4404296875,-0.0009028025916013305,0.004976907788302541
2025-05-18 11:00:00+00:00,2501.837158203125,-0.0014392140412006248,0.004980000117156539
2025-05-18 12:00:00+00:00,2508.38671875,0.002614479687344067,0.004910381339844146
2025-05-18 13:00:00+00:00,2536.57470703125,0.011174825429542514,0.005236990944357128
2025-05-18 14:00:00+00:00,2559.567138671875,0.009023527345966799,0.005239601705461498
2025-05-18 15:00:00+00:00,2578.764892578125,0.007472402763326503,0.00533628618768802
2025-05-18 16:00:00+00:00,2577.031494140625,-0.000672407664226425,0.005171626603313471
2025-05-18 17:00:00+00:00,2492.71630859375,-0.03326514996031797,0.008830785800212787
2025-05-18 18:00:00+00:00,2460.505126953125,-0.013006337851733347,0.009234412169761036
2025-05-18 19:00:00+00:00,2410.962646484375,-0.02034055890194208,0.010099053666318074
2025-05-18 20:00:00+00:00,2396.877685546875,-0.005859180113929542,0.009984901282627598
2025-05-18 21:00:00+00:00,2409.091552734375,0.005082801356906794,0.010077334069949796
2025-05-18 22:00:00+00:00,2447.238037109375,0.015710329481558507,0.01048730573783031
2025-05-18 23:00:00+00:00,2506.7529296875,0.02402820529258403,0.011562151758865631
2025-05-19 00:00:00+00:00,2442.87353515625,-0.025813237412005117,0.01272401518592924
2025-05-19 01:00:00+00:00,2430.60205078125,-0.005036040539888428,0.01275270411874636
2025-05-19 02:00:00+00:00,2402.216552734375,-0.011747109418044783,0.012943125413594528
2025-05-19 03:00:00+00:00,2386.6416015625,-0.006504684660054431,0.01298578488606036
2025-05-19 04:00:00+00:00,2364.790771484375,-0.009197640797336992,0.013031384145316969
2025-05-19 05:00:00+00:00,2378.786865234375,0.005901087928632607,0.012880878620986755
2025-05-19 06:00:00+00:00,2355.550537109375,-0.009816163374932076,0.012947401993745099
2025-05-19 07:00:00+00:00,2404.075927734375,0.020391126223286392,0.01367703447777637
2025-05-19 08:00:00+00:00,2402.466552734375,-0.0006696601836695332,0.013635277011354795
2025-05-19 09:00:00+00:00,2406.62060546875,0.0017275851449081402,0.013645484960354672
2025-05-19 10:00:00+00:00,2413.642333984375,0.002913423425463453,0.013677550079109145
2025-05-19 11:00:00+00:00,2420.0,0.0026305916915637818,0.013704254907982733
2025-05-19 12:00:00+00:00,2394.186279296875,-0.010724125158974451,0.01380507506794859
2025-05-19 13:00:00+00:00,2429.790771484375,0.014761736366018685,0.013971658259546365
2025-05-19 14:00:00+00:00,2449.29638671875,0.007995642839923394,0.013938599151628255
2025-05-19 15:00:00+00:00,2467.783447265625,0.007519563758066567,0.013939971584705033
2025-05-19 16:00:00+00:00,2504.942626953125,0.014945472888985732,0.014354864589004493
2025-05-19 17:00:00+00:00,2508.569091796875,0.001446676772556568,0.012626436156255529
2025-05-19 18:00:00+00:00,2487.957275390625,-0.008250505176332563,0.012445131051640287
2025-05-19 19:00:00+00:00,2514.39501953125,0.010570223262202843,0.011780361144122762
2025-05-19 20:00:00+00:00,2521.328857421875,0.0027538611894112903,0.011669137300320279
2025-05-19 21:00:00+00:00,2520.66943359375,-0.00026157241388199287,0.01166091396291697
2025-05-19 22:00:00+00:00,2504.237548828125,-0.006540198015517044,0.011395554394644791
2025-05-19 23:00:00+00:00,2529.35791015625,0.009981163596053291,0.010483420471514383
2025-05-20 00:00:00+00:00,2513.67333984375,-0.0062203147700753015,0.009015602167948307
2025-05-20 01:00:00+00:00,2546.250244140625,0.012876619134267289,0.00921693606058347
2025-05-20 02:00:00+00:00,2564.151611328125,0.007005883652168817,0.008791516860274838
2025-05-20 03:00:00+00:00,2553.480712890625,-0.00417025422159147,0.008697450928215682
2025-05-20 04:00:00+00:00,2571.4140625,0.0069985525919456565,0.008346061095876912
2025-05-20 05:00:00+00:00,2558.59765625,-0.004996648591740856,0.008504147964646297
2025-05-20 06:00:00+00:00,2546.187255859375,-0.004862271400076197,0.008234477786959293
2025-05-20 07:00:00+00:00,2532.388671875,-0.005434050070514437,0.007555521685399884
2025-05-20 08:00:00+00:00,2533.487548828125,0.00043383490732346215,0.00754085492893236
2025-05-20 09:00:00+00:00,2527.187255859375,-0.002489903606477859,0.007601544400020427
2025-05-20 10:00:00+00:00,2515.7900390625,-0.004520042639435475,0.007714868390966218
2025-05-20 11:00:00+00:00,2514.85302734375,-0.00037252165069840505,0.007723925809076006
2025-05-20 12:00:00+00:00,2485.144287109375,-0.011883642326125404,0.007807551365852315
2025-05-20 13:00:00+00:00,2478.22607421875,-0.0027877095067633086,0.0073235520651232155
2025-05-20 14:00:00+00:00,2470.113037109375,-0.0032790979746755,0.007204050796836186
2025-05-20 15:00:00+00:00,2484.182373046875,0.0056796668725402665,0.0071339157267517475
2025-05-20 16:00:00+00:00,2476.064697265625,-0.003273096244336858,0.0064407161274886065
2025-05-20 17:00:00+00:00,2499.601318359375,0.0094607622679474,0.0067456455608448035
2025-05-20 18:00:00+00:00,2451.253173828125,-0.019531853193758924,0.007665106372919068
2025-05-20 19:00:00+00:00,2503.542724609375,0.021107425286628786,0.008580962153084798
2025-05-20 20:00:00+00:00,2512.123291015625,0.0034215096261915067,0.008591962932367801
2025-05-20 21:00:00+00:00,2513.9326171875,0.0007199785609549128,0.00859375662404236
2025-05-20 22:00:00+00:00,2514.193359375,0.00010371346658729814,0.00848397481448028
2025-05-20 23:00:00+00:00,2523.771728515625,0.003802479975363531,0.008264059288628728
2025-05-21 00:00:00+00:00,2529.74560546875,0.002364246262939565,0.008172557392841081
2025-05-21 01:00:00+00:00,2535.126220703125,0.002124680522298523,0.007734133188076362
2025-05-21 02:00:00+00:00,2539.85205078125,0.001862404602069155,0.00759632045913122
2025-05-21 03:00:00+00:00,2545.6533203125,0.002281492840663051,0.007571092419958837
2025-05-21 04:00:00+00:00,2551.872314453125,0.0024400062585958823,0.0074405905338279
2025-05-21 05:00:00+00:00,2597.54833984375,0.017740723250719913,0.008225134069692238
2025-05-21 06:00:00+00:00,2599.185302734375,0.0006299968623964259,0.008141675758161557
2025-05-21 07:00:00+00:00,2552.972900390625,-0.017939527429212024,0.008924438209036484
2025-05-21 08:00:00+00:00,2539.19140625,-0.005412837041050859,0.00900115775104834
2025-05-21 09:00:00+00:00,2525.375,-0.005456119800606205,0.009058357284581486
2025-05-21 10:00:00+00:00,2529.308837890625,0.001556512261105336,0.009012201690981051
2025-05-21 11:00:00+00:00,2538.162109375,0.003494161321926061,0.00903561910123505
2025-05-21 12:00:00+00:00,2538.645263671875,0.000190337849294312,0.00865079488540333
2025-05-21 13:00:00+00:00,2554.212890625,0.006113531918019352,0.008677148431665546
2025-05-21 14:00:00+00:00,2573.97119140625,0.007705807059523694,0.008717023831138681
2025-05-21 15:00:00+00:00,2568.066650390625,-0.002296577268571255,0.008711387357172296
2025-05-21 16:00:00+00:00,2590.880126953125,0.00884429565015728,0.008780625916809502
2025-05-21 17:00:00+00:00,2460.997314453125,-0.051430955176828066,0.013838251051232583
2025-05-21 18:00:00+00:00,2476.156982421875,0.006141074270699007,0.013296765633711882
2025-05-21 19:00:00+00:00,2517.292724609375,0.016476253964556688,0.01301411018684683
2025-05-21 20:00:00+00:00,2506.86181640625,-0.004152309848418029,0.013025133301393729
2025-05-21 21:00:00+00:00,2506.776123046875,-3.418410360629575e-05,0.013024010564644892
2025-05-21 22:00:00+00:00,2537.324462890625,0.012112650339665623,0.013261452957184734
2025-05-21 23:00:00+00:00,2550.87890625,0.005327804114133278,0.013282199104006583
2025-05-22 00:00:00+00:00,2576.135498046875,0.009852438129016322,0.013416512450319518
2025-05-22 01:00:00+00:00,2575.89306640625,-9.411114001837502e-05,0.013414323843427584
2025-05-22 02:00:00+00:00,2594.86376953125,0.007337722057134132,0.013481967832222514
2025-05-22 03:00:00+00:00,2635.3505859375,0.015482204885292724,0.013806457060987057
2025-05-22 04:00:00+00:00,2628.927978515625,-0.0024400724733307485,0.013827053777150525
2025-05-22 05:00:00+00:00,2613.529052734375,-0.005874714843476928,0.013436479919649236
2025-05-22 06:00:00+00:00,2607.84814453125,-0.002176019938847314,0.013445285455908767
2025-05-22 07:00:00+00:00,2633.858642578125,0.009924519854816722,0.013012425842224448
2025-05-22 08:00:00+00:00,2663.80908203125,0.011307148772020686,0.013084804943258893
2025-05-22 09:00:00+00:00,2665.08984375,0.0004806853202692398,0.012993591446153908
2025-05-22 10:00:00+00:00,2653.472900390625,-0.004368459071553666,0.013063314106103435
2025-05-22 11:00:00+00:00,2660.016845703125,0.0024631452901049187,0.01305987071861459
2025-05-22 12:00:00+00:00,2658.311279296875,-0.0006413919655324825,0.013065855938510947
2025-05-22 13:00:00+00:00,2649.30322265625,-0.003394393201116254,0.01307728949531007
2025-05-22 14:00:00+00:00,2660.121337890625,0.004075066923590908,0.01302354617303619
2025-05-22 15:00:00+00:00,2661.953125,0.0006883733756382521,0.013001224924550223
2025-05-22 16:00:00+00:00,2644.8310546875,-0.0064529210710515435,0.013000290578019779
2025-05-22 17:00:00+00:00,2659.7587890625,0.005628248072100707,0.006724563567545259
2025-05-22 18:00:00+00:00,2661.063720703125,0.00049049997980315,0.006717351149092932
2025-05-22 19:00:00+00:00,2631.66015625,-0.011111052697521807,0.006671379254105905
2025-05-22 20:00:00+00:00,2641.13427734375,0.003593590233305466,0.006554654576478357
2025-05-22 21:00:00+00:00,2637.69775390625,-0.0013020016180188545,0.0065782911785720955
2025-05-22 22:00:00+00:00,2635.355712890625,-0.0008883054891737245,0.006246688009140907
2025-05-22 23:00:00+00:00,2661.590576171875,0.009905736766377788,0.006433231525304519
2025-05-23 00:00:00+00:00,2662.13671875,0.00020517301123283198,0.006203570168641963
2025-05-23 01:00:00+00:00,2674.10986328125,0.0044874855161377465,0.006227061394308516
2025-05-23 02:00:00+00:00,2700.69970703125,0.009894326608415974,0.006350849111436341
2025-05-23 03:00:00+00:00,2723.105224609375,0.008261965653472607,0.0058164247879449165
2025-05-23 04:00:00+00:00,2695.16162109375,-0.01031468255828332,0.006246594927652245
2025-05-23 05:00:00+00:00,2695.578857421875,0.00015479740886095307,0.006075444154562886
2025-05-23 06:00:00+00:00,2656.7216796875,-0.014520059237204008,0.006854066872705726
2025-05-23 07:00:00+00:00,2655.8037109375,-0.0003455865870329432,0.006572732669267929
2025-05-23 08:00:00+00:00,2668.0009765625,0.004582169212578041,0.006218936690909266
2025-05-23 09:00:00+00:00,2683.96923828125,0.005967263815446724,0.006334628671180475
2025-05-23 10:00:00+00:00,2670.9501953125,-0.004862470400023544,0.006351218938205671
2025-05-23 11:00:00+00:00,2559.0576171875,-0.04279521506348769,0.010819769163156032
2025-05-23 12:00:00+00:00,2548.39501953125,-0.004175315526142684,0.010830024431506822
2025-05-23 13:00:00+00:00,2583.271484375,0.013592855971258198,0.011264901702474994
2025-05-23 14:00:00+00:00,2577.06884765625,-0.0024039653614939867,0.011214219320472495
2025-05-23 15:00:00+00:00,2569.40869140625,-0.0029768562472775907,0.011210612921243583
2025-05-23 16:00:00+00:00,2566.921875,-0.0009683242028185613,0.011160502669604902
2025-05-23 17:00:00+00:00,2577.2177734375,0.004002967605619148,0.011121842484861366
2025-05-23 18:00:00+00:00,2558.782958984375,-0.007178695869139614,0.0111777895482148
2025-05-23 19:00:00+00:00,2563.781005859375,0.0019513854762220654,0.01101302742572107
2025-05-23 20:00:00+00:00,2541.489990234375,-0.008732604909038802,0.011072424720279118
2025-05-23 21:00:00+00:00,2530.73876953125,-0.004239255488438661,0.011085185480799923
2025-05-23 22:00:00+00:00,2540.5185546875,0.0038569517004304003,0.011142922806516242
2025-05-23 23:00:00+00:00,2525.816650390625,-0.00580377924862992,0.01090091081821126
2025-05-24 00:00:00+00:00,2517.708740234375,-0.003215178476492076,0.010890703150525953
2025-05-24 01:00:00+00:00,2525.068115234375,0.0029187808366868333,0.010852685360731038
2025-05-24 02:00:00+00:00,2539.176513671875,0.005571782554212698,0.01067436760770228
2025-05-24 03:00:00+00:00,2550.1904296875,0.004328213442745495,0.010530041656309084
2025-05-24 04:00:00+00:00,2560.1416015625,0.00389453538123678,0.010484617709396247
2025-05-24 05:00:00+00:00,2551.099365234375,-0.0035381801875371487,0.010476548133324836
2025-05-24 06:00:00+00:00,2546.334716796875,-0.0018694306776456096,0.010147831666707114
2025-05-24 07:00:00+00:00,2546.29443359375,-1.582019893310198e-05,0.01015006472447738
2025-05-24 08:00:00+00:00,2557.12548828125,0.00424463246808658,0.010141132732503225
2025-05-24 09:00:00+00:00,2553.853515625,-0.0012803703950813416,0.010007791952301786
2025-05-24 10:00:00+00:00,2570.871826171875,0.006641672273465729,0.01014284810101701
2025-05-24 11:00:00+00:00,2563.378662109375,-0.0029188951336584523,0.005124186938251051
2025-05-24 12:00:00+00:00,2559.26318359375,-0.0016067800658374953,0.005058055077381137
2025-05-24 13:00:00+00:00,2546.59375,-0.004962716253510911,0.004275955397903378
2025-05-24 14:00:00+00:00,2560.922607421875,0.005610905188036336,0.004438492208494517
2025-05-24 15:00:00+00:00,2555.517578125,-0.0021128093406808713,0.004418974072781305
2025-05-24 16:00:00+00:00,2558.19921875,0.0010488030437872313,0.0044234192697353986
2025-05-24 17:00:00+00:00,2559.964599609375,0.0006898493256714589,0.004339343081660955
2025-05-24 18:00:00+00:00,2549.034423828125,-0.004278799979027333,0.004176200394705366
2025-05-24 19:00:00+00:00,2555.55078125,0.0025531402454190403,0.004191201392182179
2025-05-24 20:00:00+00:00,2552.37109375,-0.001245002562110604,0.0037820157888181724
2025-05-24 21:00:00+00:00,2542.528564453125,-0.0038636841552616135,0.003763676385848406
2025-05-24 22:00:00+00:00,2525.63134765625,-0.0066680135186854275,0.003927872516796857
2025-05-24 23:00:00+00:00,2531.123046875,0.0021720261453487227,0.0037713895935873273
2025-05-25 00:00:00+00:00,2485.42333984375,-0.018220093168637333,0.005283342116959794
2025-05-25 01:00:00+00:00,2496.7421875,0.004543753943106031,0.005339676261415677
2025-05-25 02:00:00+00:00,2509.650390625,0.005156699770403792,0.005319891588883785
2025-05-25 03:00:00+00:00,2514.12451171875,0.0017811794372178723,0.00524452072000898
2025-05-25 04:00:00+00:00,2518.43212890625,0.001711900549601364,0.0051818620470360935
2025-05-25 05:00:00+00:00,2512.984619140625,-0.0021653987999829807,0.005156506198093845
2025-05-25 06:00:00+00:00,2506.499267578125,-0.002584072513291604,0.00516604591158199
2025-05-25 07:00:00+00:00,2493.884033203125,-0.005045717650312449,0.0052403962377016115
2025-05-25 08:00:00+00:00,2476.881103515625,-0.006841198702432035,0.005258828416939084
2025-05-25 09:00:00+00:00,2495.127197265625,0.007339559612360531,0.005548631083146402
2025-05-25 10:00:00+00:00,2491.323974609375,-0.0015254228960197489,0.005306726127741853
2025-05-25 11:00:00+00:00,2497.600830078125,0.0025163172533136935,0.005350855115525331
2025-05-25 12:00:00+00:00,2516.659912109375,0.007601987529890621,0.005634335636189742
2025-05-25 13:00:00+00:00,2516.292724609375,-0.00014591335430919088,0.005561186177674134
2025-05-25 14:00:00+00:00,2506.646240234375,-0.0038409768870957986,0.005443130412488305
2025-05-25 15:00:00+00:00,2511.561279296875,0.001958882973669468,0.0054668466058929825
2025-05-25 16:00:00+00:00,2511.42333984375,-5.492330302351049e-05,0.005455925854487707
2025-05-25 17:00:00+00:00,2514.216552734375,0.001111585086851367,0.0054615047868375255
2025-05-25 18:00:00+00:00,2516.49755859375,0.000906831899094775,0.005418289944344718
2025-05-25 19:00:00+00:00,2530.28271484375,0.005462964419592002,0.005521966715427736
2025-05-25 20:00:00+00:00,2523.50732421875,-0.002681312295089287,0.005539120838073051
2025-05-25 21:00:00+00:00,2517.496826171875,-0.0023846442953823392,0.005507906813867124
2025-05-25 22:00:00+00:00,2549.5810546875,0.012663968489988449,0.005949179247755709
2025-05-25 23:00:00+00:00,2552.116943359375,0.0009941352395609025,0.005938716312022887
2025-05-26 00:00:00+00:00,2571.272705078125,0.007477803678837518,0.004615253568067535
2025-05-26 01:00:00+00:00,2558.3828125,-0.005025647302858727,0.004744739326487135
2025-05-26 02:00:00+00:00,2554.1728515625,-0.0016469109250603427,0.004689527033276997
2025-05-26 03:00:00+00:00,2560.93115234375,0.0026424896575773364,0.004701180847732061
2025-05-26 04:00:00+00:00,2565.544921875,0.0017999774933659036,0.004701983543295289
2025-05-26 05:00:00+00:00,2570.57958984375,0.0019604935861035136,0.004665188651024281
2025-05-26 06:00:00+00:00,2585.14208984375,0.0056490786863084425,0.004697061254606333
2025-05-26 07:00:00+00:00,2580.60107421875,-0.0017581272047303656,0.004549976126733096
2025-05-26 08:00:00+00:00,2568.37255859375,-0.004749893663541407,0.004402434376367708
2025-05-26 09:00:00+00:00,2563.5693359375,-0.0018718933914288675,0.00427182699830641
2025-05-26 10:00:00+00:00,2559.975341796875,-0.001402932913115687,0.004268591524021108
2025-05-26 11:00:00+00:00,2567.00146484375,0.0027408461985887196,0.004272000636221858
2025-05-26 12:00:00+00:00,2570.886474609375,0.0015122986533924435,0.0040465239691055725
2025-05-26 13:00:00+00:00,2550.93505859375,-0.007790789585742054,0.0044155425608505125
2025-05-26 14:00:00+00:00,2550.41748046875,-0.0002029179998099607,0.00431893005831063
2025-05-26 15:00:00+00:00,2566.46435546875,0.0062721509393098675,0.004460101895115404
2025-05-26 16:00:00+00:00,2541.849853515625,-0.0096371097976867,0.004951242335766511
2025-05-26 17:00:00+00:00,2533.331787109375,-0.0033567564701120142,0.0050109655167293815
2025-05-26 18:00:00+00:00,2534.881103515625,0.0006113857045650683,0.005009812649982543
2025-05-26 19:00:00+00:00,2542.521728515625,0.003009661049241146,0.004924254466798183
2025-05-26 20:00:00+00:00,2562.8408203125,0.007959943642952699,0.005128287233869859
2025-05-26 21:00:00+00:00,2564.995849609375,0.0008405218662243993,0.005087556293983956
2025-05-26 22:00:00+00:00,2560.33349609375,-0.0018193386169665113,0.00443340971594219
2025-05-26 23:00:00+00:00,2564.129638671875,0.001481576966285897,0.004438437426643769
2025-05-27 00:00:00+00:00,2551.388427734375,-0.004981406426182758,0.004275299088540327
2025-05-27 01:00:00+00:00,2529.881103515625,-0.008465385481257123,0.004491951797287066
2025-05-27 02:00:00+00:00,2536.611328125,0.0026567605335985497,0.004528545641956643
2025-05-27 03:00:00+00:00,2549.9111328125,0.005229441174724395,0.004630947442305015
2025-05-27 04:00:00+00:00,2558.036865234375,0.003181606108540856,0.004665088567887984
2025-05-27 05:00:00+00:00,2570.34765625,0.004801049769610977,0.004755382678966526
2025-05-27 06:00:00+00:00,2569.774658203125,-0.00022295113392047517,0.004600430267150615
2025-05-27 07:00:00+00:00,2606.876220703125,0.01433444080212548,0.005462765090170906
2025-05-27 08:00:00+00:00,2633.237060546875,0.01006125661859281,0.005685163633982632
2025-05-27 09:00:00+00:00,2638.105224609375,0.001847030673836491,0.005652958527861444
2025-05-27 10:00:00+00:00,2637.95361328125,-5.747143192482438e-05,0.005632718178385697
2025-05-27 11:00:00+00:00,2651.239990234375,0.005023981307997944,0.005678084598883817
2025-05-27 12:00:00+00:00,2647.0888671875,-0.0015669559243881737,0.005708854889736065
2025-05-27 13:00:00+00:00,2656.06103515625,0.003383715978074964,0.005388971975009022
2025-05-27 14:00:00+00:00,2658.930908203125,0.0010799163409341934,0.005375802145640201
2025-05-27 15:00:00+00:00,2667.189697265625,0.0031012424589992086,0.005297874091413945
2025-05-27 16:00:00+00:00,2671.58935546875,0.0016481892791029283,0.004726817487585346
2025-05-27 17:00:00+00:00,2700.633544921875,0.010812832219319946,0.004900693806804918
2025-05-27 18:00:00+00:00,2681.469482421875,-0.007121433162607356,0.005280999763646216
2025-05-27 19:00:00+00:00,2686.105712890625,0.0017274957324373127,0.005280441699422043
2025-05-27 20:00:00+00:00,2668.768310546875,-0.006475395256236464,0.005426517497497634
2025-05-27 21:00:00+00:00,2661.595947265625,-0.0026911360135982517,0.005497899681528616
2025-05-27 22:00:00+00:00,2661.518798828125,-2.8986201194315907e-05,0.005462362818141979
2025-05-27 23:00:00+00:00,2663.94189453125,0.0009100042268125706,0.005464215409569994
2025-05-28 00:00:00+00:00,2658.70947265625,-0.001966096668576001,0.00533977103723839
2025-05-28 01:00:00+00:00,2639.1923828125,-0.007367889654375783,0.005252771776592775
2025-05-28 02:00:00+00:00,2639.666259765625,0.00017953765633195803,0.005258771427461993
2025-05-28 03:00:00+00:00,2647.116943359375,0.0028186094417659746,0.005210414043578353
2025-05-28 04:00:00+00:00,2648.166748046875,0.00039650555567317383,0.0052037114108910085
2025-05-28 05:00:00+00:00,2641.162841796875,-0.002648316851718752,0.005216843342433634
2025-05-28 06:00:00+00:00,2628.891845703125,-0.0046568846046966764,0.005343892611279258
2025-05-28 07:00:00+00:00,2636.49365234375,0.002887466425807638,0.004548831177841104
2025-05-28 08:00:00+00:00,2642.5556640625,0.0022966310863678824,0.004090053453717132
2025-05-28 09:00:00+00:00,2627.088134765625,-0.005870443736860053,0.004250816766329444
2025-05-28 10:00:00+00:00,2641.9072265625,0.005625030904307266,0.004412783446831817
2025-05-28 11:00:00+00:00,2656.52197265625,0.005516647522849668,0.0044379418506615455
2025-05-28 12:00:00+00:00,2666.874267578125,0.0038893621683384846,0.004489208718475008
2025-05-28 13:00:00+00:00,2658.980224609375,-0.00296442524341564,0.004487264041080045
2025-05-28 14:00:00+00:00,2629.225341796875,-0.011253419122990419,0.005036309990680877
2025-05-28 15:00:00+00:00,2628.049072265625,-0.0004474826528863,0.004978724187377154
2025-05-28 16:00:00+00:00,2639.71630859375,0.004429679214053236,0.005065341932619904
2025-05-28 17:00:00+00:00,2653.593017578125,0.005243124827559463,0.0046336979702413525
2025-05-28 18:00:00+00:00,2637.2041015625,-0.006195273818175111,0.004581739117463895
2025-05-28 19:00:00+00:00,2625.667724609375,-0.004384068551027432,0.004611071737425987
2025-05-28 20:00:00+00:00,2633.77978515625,0.003084760125280481,0.004524967560093901
2025-05-28 21:00:00+00:00,2650.607421875,0.006368834432348537,0.004712592219117866
2025-05-28 22:00:00+00:00,2650.056396484375,-0.00020790807019349888,0.004712497038289873
2025-05-28 23:00:00+00:00,2682.0185546875,0.011988781599661557,0.005326507835407377
2025-05-29 00:00:00+00:00,2714.97412109375,0.012212718451406628,0.005828962351496029
2025-05-29 01:00:00+00:00,2717.461669921875,0.0009158134942343388,0.0055587927143991986
2025-05-29 02:00:00+00:00,2771.623046875,0.019734851095697458,0.0067133112977756934
2025-05-29 03:00:00+00:00,2759.59716796875,-0.004348370662616452,0.006835121196750049
2025-05-29 04:00:00+00:00,2728.218505859375,-0.011435881212911187,0.007343601918450462
2025-05-29 05:00:00+00:00,2722.978271484375,-0.001922600193389693,0.007328369692665373
2025-05-29 06:00:00+00:00,2727.890380859375,0.0018023221684424053,0.0072189893530103175
2025-05-29 07:00:00+00:00,2732.1689453125,0.001567223018388427,0.007213305015321344
2025-05-29 08:00:00+00:00,2725.91455078125,-0.0022917924481106818,0.007251569943289502
2025-05-29 09:00:00+00:00,2733.024169921875,0.002604763864974962,0.007092114580163355
2025-05-29 10:00:00+00:00,2731.213623046875,-0.0006626896595127459,0.0070548199274936465
2025-05-29 11:00:00+00:00,2716.4052734375,-0.0054366453913478555,0.007129824272113398
2025-05-29 12:00:00+00:00,2693.48095703125,-0.008475022447045347,0.007349914488462478
2025-05-29 13:00:00+00:00,2659.223876953125,-0.012800088504468914,0.007806488341496207
2025-05-29 14:00:00+00:00,2674.196533203125,0.005614669173752633,0.007502317714626593
2025-05-29 15:00:00+00:00,2643.54931640625,-0.011526521567754083,0.007906392375323595
2025-05-29 16:00:00+00:00,2641.75048828125,-0.0006806910718141048,0.007857456774490247
2025-05-29 17:00:00+00:00,2658.91015625,0.0064745619702270924,0.007896886511161468
2025-05-29 18:00:00+00:00,2650.6845703125,-0.0030983880848092344,0.007814705094542369
2025-05-29 19:00:00+00:00,2653.92333984375,0.0012211156747324182,0.007754890677589262
2025-05-29 20:00:00+00:00,2644.2119140625,-0.0036659829136765636,0.00777741425132207
2025-05-29 21:00:00+00:00,2657.995361328125,0.005199147297805922,0.0077404228655582556
2025-05-29 22:00:00+00:00,2646.873779296875,-0.004192977444127821,0.00779025541865339
2025-05-29 23:00:00+00:00,2629.87451171875,-0.006443106795699559,0.007453062368707969
2025-05-30 00:00:00+00:00,2570.38818359375,-0.022879199174930902,0.008191165351502144
2025-05-30 01:00:00+00:00,2598.34130859375,0.010816351511316023,0.008598308479362694
2025-05-30 02:00:00+00:00,2627.849609375,0.01129258950733759,0.007812932817914082
2025-05-30 03:00:00+00:00,2630.603515625,0.0010474207666437462,0.007826630577191143
2025-05-30 04:00:00+00:00,2634.80517578125,0.001595948688628099,0.007591673155536942
2025-05-30 05:00:00+00:00,2641.9951171875,0.0027251157734200656,0.007638273343529727
2025-05-30 06:00:00+00:00,2620.92919921875,-0.008005446860622982,0.007729246003977131
2025-05-30 07:00:00+00:00,2623.069091796875,0.0008161302037674827,0.0077170938473892555
2025-05-30 08:00:00+00:00,2618.724365234375,-0.0016577255830765435,0.007716057721479964
2025-05-30 09:00:00+00:00,2616.87841796875,-0.0007051517918956875,0.007665717884429435
2025-05-30 10:00:00+00:00,2620.92333984375,0.001544511558906844,0.007693264350136316
2025-05-30 11:00:00+00:00,2624.14404296875,0.001228088523835889,0.007673439810463693
2025-05-30 12:00:00+00:00,2614.599365234375,-0.0036438846310088936,0.007543121035347499
2025-05-30 13:00:00+00:00,2579.138671875,-0.013655384284881824,0.007601909842240859
2025-05-30 14:00:00+00:00,2596.861083984375,0.006847945209430728,0.007654486921563468
2025-05-30 15:00:00+00:00,2598.8154296875,0.0007522969492631965,0.007339729522566266
2025-05-30 16:00:00+00:00,2543.113525390625,-0.02166660948998089,0.008495085573147447
2025-05-30 17:00:00+00:00,2548.587646484375,0.0021502138550800677,0.008361507507258647
2025-05-30 18:00:00+00:00,2577.50341796875,0.011281921379980667,0.008767253239570741
2025-05-30 19:00:00+00:00,2577.404541015625,-3.836225745404683e-05,0.008756102457985892
2025-05-30 20:00:00+00:00,2576.28759765625,-0.0004334536665399528,0.008741675813635915
2025-05-30 21:00:00+00:00,2569.758544921875,-0.0025375039620007564,0.008641971490846476
2025-05-30 22:00:00+00:00,2529.86279296875,-0.01564687386049618,0.00910632324416727
2025-05-30 23:00:00+00:00,2529.38427734375,-0.00018916475901517633,0.009059547519280568
2025-05-31 00:00:00+00:00,2520.0283203125,-0.003705764802212387,0.007871085650544436
2025-05-31 01:00:00+00:00,2491.84375,-0.01124724136204492,0.007739746841258164
2025-05-31 02:00:00+00:00,2489.38330078125,-0.0009878888851152022,0.00722954594457244
2025-05-31 03:00:00+00:00,2513.079345703125,0.009473822726685456,0.007592427899494792
2025-05-31 04:00:00+00:00,2524.5927734375,0.00457093971516313,0.007675887258671827
2025-05-31 05:00:00+00:00,2514.0947265625,-0.004166982796788574,0.007628777353901265
2025-05-31 06:00:00+00:00,2522.462890625,0.003322972712215424,0.0075957993602319045
2025-05-31 07:00:00+00:00,2524.193359375,0.0006857882653770246,0.00759404646025384
2025-05-31 08:00:00+00:00,2526.938720703125,0.001087028236417125,0.007613796734151442
2025-05-31 09:00:00+00:00,2523.8134765625,-0.0012375362787250667,0.007612196343779331
2025-05-31 10:00:00+00:00,2519.89453125,-0.0015539940437011724,0.007584384941207545
2025-05-31 11:00:00+00:00,2519.880615234375,-5.522474801156563e-06,0.007568280313269777
2025-05-31 12:00:00+00:00,2536.04052734375,0.006392491766957597,0.00773111132268869
2025-05-31 13:00:00+00:00,2532.532958984375,-0.0013840457985885284,0.0072683956079413
2025-05-31 14:00:00+00:00,2542.170166015625,0.003798140848554673,0.007155385990035304
2025-05-31 15:00:00+00:00,2537.107421875,-0.001993490503180565,0.007149986676611921
2025-05-31 16:00:00+00:00,2541.4140625,0.0016960218325683648,0.005646435169319326
2025-05-31 17:00:00+00:00,2527.52685546875,-0.005479346475282064,0.005732594322619143
2025-05-31 18:00:00+00:00,2541.02685546875,0.00532697597526106,0.0053215728522066725
2025-05-31 19:00:00+00:00,2538.5126953125,-0.000989916639657951,0.005320798785024921
2025-05-31 20:00:00+00:00,2542.500732421875,0.001569780511326276,0.0053397524960637705
2025-05-31 21:00:00+00:00,2542.468994140625,-1.248317412176582e-05,0.005323742460714069
2025-05-31 22:00:00+00:00,2533.524658203125,-0.003524175090571421,0.0042942259147168375
2025-05-31 23:00:00+00:00,2528.7314453125,-0.0018937067682995568,0.004312587185123237
